customer_id,company_name,signup_date,segment,industry,acquisition_channel,city,state
18,Account-000018,2025-08-18,SMB,Hospitality,Marketplace,Kochi,Kerala
19,Account-000019,2024-06-15,SMB,Retail,Partner,Bengaluru,Karnataka
23,Account-000023,2023-12-14,SMB,Healthcare,Paid Ads,Gurugram,Haryana
43,Account-000043,2025-04-07,Enterprise,Education,Outbound Sales,Chennai,Tamil Nadu
48,Account-000048,2023-03-01,SMB,Education,Organic Search,Indore,Madhya Pradesh
50,Account-000050,2025-02-13,SMB,Hospitality,Outbound Sales,Kochi,Kerala
58,Account-000058,2024-09-12,SMB,Financial Services,Paid Ads,Coimbatore,Tamil Nadu
119,Account-000119,2024-02-27,Mid-Market,Financial Services,Partner,Delhi,Delhi
155,Account-000155,2025-10-28,SMB,Manufacturing,Outbound Sales,Bengaluru,Karnataka
222,Account-000222,2023-10-05,SMB,Manufacturing,Partner,Chennai,Tamil Nadu
247,Account-000247,2024-12-07,SMB,Healthcare,Organic Search,Jaipur,Rajasthan
259,Account-000259,2025-01-20,Enterprise,Healthcare,Organic Search,Mumbai,Maharashtra
283,Account-000283,2025-10-03,Mid-Market,Healthcare,Paid Ads,Ahmedabad,Gujarat
290,Account-000290,2025-12-24,SMB,Education,Referral,Gurugram,Haryana
291,Account-000291,2025-11-16,SMB,Logistics,Paid Ads,Bengaluru,Karnataka
300,Account-000300,2025-08-22,Enterprise,Manufacturing,Marketplace,Hyderabad,Telangana
308,Account-000308,2025-11-30,SMB,Real Estate,Referral,Bengaluru,Karnataka
319,Account-000319,2025-08-27,Mid-Market,Manufacturing,Marketplace,Gurugram,Haryana
334,Account-000334,2023-10-18,Mid-Market,Manufacturing,Marketplace,Noida,Uttar Pradesh
335,Account-000335,2025-05-07,SMB,IT Services,Referral,Hyderabad,Telangana
341,Account-000341,2024-05-19,Mid-Market,Real Estate,Paid Ads,Coimbatore,Tamil Nadu
356,Account-000356,2022-12-23,SMB,Healthcare,Organic Search,Gurugram,Haryana
378,Account-000378,2026-05-12,SMB,Logistics,Outbound Sales,Kochi,Kerala
379,Account-000379,2023-08-06,SMB,Healthcare,Marketplace,Hyderabad,Telangana
460,Account-000460,2026-01-22,Mid-Market,Hospitality,Referral,Delhi,Delhi
508,Account-000508,2023-09-01,Enterprise,Education,Outbound Sales,Chennai,Tamil Nadu
531,Account-000531,2024-11-18,SMB,Financial Services,Marketplace,Coimbatore,Tamil Nadu
575,Account-000575,2025-03-11,Mid-Market,Real Estate,Organic Search,Gurugram,Haryana
668,Account-000668,2025-01-10,SMB,Manufacturing,Outbound Sales,Delhi,Delhi
685,Account-000685,2023-12-11,SMB,Agritech,Paid Ads,Coimbatore,Tamil Nadu
689,Account-000689,2024-01-03,SMB,IT Services,Partner,Kochi,Kerala
738,Account-000738,2024-01-04,Enterprise,Real Estate,Partner,Jaipur,Rajasthan
855,Account-000855,2024-03-27,SMB,Real Estate,Organic Search,Noida,Uttar Pradesh
874,Account-000874,2026-05-03,Mid-Market,Healthcare,Organic Search,Chennai,Tamil Nadu
895,Account-000895,2025-04-12,SMB,Logistics,Referral,Shivamogga,Karnataka
999,Account-000999,2026-02-24,Mid-Market,IT Services,Partner,Kochi,Kerala
1001,Account-001001,2024-03-05,SMB,IT Services,Referral,Coimbatore,Tamil Nadu
1004,Account-001004,2024-12-05,Mid-Market,Manufacturing,Organic Search,Gurugram,Haryana
1022,Account-001022,2025-08-08,Mid-Market,Logistics,Organic Search,Kolkata,West Bengal
1048,Account-001048,2023-02-05,Mid-Market,Financial Services,Referral,Coimbatore,Tamil Nadu
1054,Account-001054,2023-10-22,SMB,Hospitality,Paid Ads,Kolkata,West Bengal
1061,Account-001061,2024-03-20,SMB,Healthcare,Organic Search,Noida,Uttar Pradesh
1073,Account-001073,2025-05-20,SMB,Logistics,Outbound Sales,Delhi,Delhi
1074,Account-001074,2023-12-25,SMB,Education,Organic Search,Mumbai,Maharashtra
1092,Account-001092,2024-08-08,SMB,Education,Paid Ads,Ahmedabad,Gujarat
1107,Account-001107,2025-09-17,Mid-Market,Manufacturing,Organic Search,Ahmedabad,Gujarat
1125,Account-001125,2026-03-11,SMB,Education,Paid Ads,Coimbatore,Tamil Nadu
1167,Account-001167,2025-05-30,SMB,Financial Services,Organic Search,Coimbatore,Tamil Nadu
1188,Account-001188,2026-01-07,SMB,Agritech,Organic Search,Bengaluru,Karnataka
1227,Account-001227,2025-05-29,SMB,Healthcare,Outbound Sales,Kochi,Kerala
1237,Account-001237,2025-05-29,SMB,IT Services,Outbound Sales,Chennai,Tamil Nadu
1240,Account-001240,2024-02-25,SMB,Retail,Outbound Sales,Delhi,Delhi
1275,Account-001275,2025-10-02,Mid-Market,Real Estate,Marketplace,Mumbai,Maharashtra
1314,Account-001314,2023-11-05,SMB,Manufacturing,Organic Search,Chennai,Tamil Nadu
1345,Account-001345,2025-11-07,Enterprise,Real Estate,Organic Search,Delhi,Delhi
1362,Account-001362,2023-12-07,SMB,Healthcare,Referral,Coimbatore,Tamil Nadu
1385,Account-001385,2023-08-16,SMB,Hospitality,Referral,Coimbatore,Tamil Nadu
1387,Account-001387,2024-03-07,SMB,Retail,Paid Ads,Chennai,Tamil Nadu
1402,Account-001402,2025-03-08,Mid-Market,Retail,Referral,Kolkata,West Bengal
1406,Account-001406,2025-01-10,Mid-Market,Hospitality,Referral,Kolkata,West Bengal
1460,Account-001460,2025-04-26,SMB,Manufacturing,Paid Ads,Pune,Maharashtra
1489,Account-001489,2026-06-13,SMB,Logistics,Partner,Mumbai,Maharashtra
1806,Account-001806,2024-11-29,Mid-Market,Education,Outbound Sales,Ahmedabad,Gujarat
1807,Account-001807,2024-11-25,Mid-Market,Logistics,Paid Ads,Hyderabad,Telangana
1822,Account-001822,2025-04-08,SMB,Retail,Outbound Sales,Indore,Madhya Pradesh
1917,Account-001917,2024-10-15,Mid-Market,Retail,Organic Search,Mumbai,Maharashtra
1937,Account-001937,2025-12-30,Mid-Market,Hospitality,Marketplace,Shivamogga,Karnataka
1974,Account-001974,2023-09-19,SMB,Agritech,Partner,Kochi,Kerala
1983,Account-001983,2024-09-19,Enterprise,Financial Services,Outbound Sales,Kolkata,West Bengal
2044,Account-002044,2024-10-09,SMB,Manufacturing,Outbound Sales,Chennai,Tamil Nadu
2060,Account-002060,2025-10-30,SMB,Agritech,Partner,Bengaluru,Karnataka
2082,Account-002082,2024-06-04,Mid-Market,IT Services,Marketplace,Hyderabad,Telangana
2244,Account-002244,2022-12-25,SMB,Financial Services,Paid Ads,Pune,Maharashtra
2259,Account-002259,2025-04-11,SMB,Education,Paid Ads,Hyderabad,Telangana
2383,Account-002383,2024-05-15,SMB,Healthcare,Organic Search,Gurugram,Haryana
2529,Account-002529,2024-06-25,SMB,Agritech,Outbound Sales,Kolkata,West Bengal
2554,Account-002554,2023-07-11,Enterprise,Healthcare,Outbound Sales,Pune,Maharashtra
2555,Account-002555,2025-01-03,Mid-Market,Healthcare,Outbound Sales,Gurugram,Haryana
2575,Account-002575,2023-04-29,SMB,Retail,Paid Ads,Coimbatore,Tamil Nadu
2608,Account-002608,2023-01-25,Mid-Market,IT Services,Outbound Sales,Jaipur,Rajasthan
2620,Account-002620,2024-03-13,Mid-Market,Agritech,Partner,Shivamogga,Karnataka
2668,Account-002668,2026-03-03,SMB,Agritech,Referral,Delhi,Delhi
2698,Account-002698,2026-01-07,Mid-Market,Agritech,Paid Ads,Chennai,Tamil Nadu
2705,Account-002705,2024-08-06,Mid-Market,Logistics,Organic Search,Bengaluru,Karnataka
2713,Account-002713,2025-03-11,SMB,Agritech,Referral,Hyderabad,Telangana
2754,Account-002754,2024-10-28,SMB,Agritech,Paid Ads,Ahmedabad,Gujarat
2761,Account-002761,2024-05-09,SMB,IT Services,Outbound Sales,Indore,Madhya Pradesh
2768,Account-002768,2024-07-30,SMB,Real Estate,Partner,Noida,Uttar Pradesh
2803,Account-002803,2025-08-22,Enterprise,Real Estate,Marketplace,Gurugram,Haryana
2845,Account-002845,2025-09-24,Enterprise,Logistics,Organic Search,Gurugram,Haryana
2899,Account-002899,2025-08-04,SMB,Hospitality,Referral,Ahmedabad,Gujarat
2920,Account-002920,2026-03-05,Mid-Market,Logistics,Organic Search,Delhi,Delhi
2939,Account-002939,2024-12-07,Enterprise,IT Services,Partner,Shivamogga,Karnataka
3036,Account-003036,2026-04-27,Mid-Market,Education,Paid Ads,Jaipur,Rajasthan
3054,Account-003054,2024-05-02,SMB,IT Services,Organic Search,Pune,Maharashtra
3166,Account-003166,2026-05-02,Mid-Market,Logistics,Partner,Kolkata,West Bengal
3171,Account-003171,2024-05-30,Enterprise,IT Services,Organic Search,Ahmedabad,Gujarat
3225,Account-003225,2025-07-08,SMB,Retail,Organic Search,Delhi,Delhi
3262,Account-003262,2023-11-23,Mid-Market,Financial Services,Marketplace,Shivamogga,Karnataka
3263,Account-003263,2025-04-06,SMB,Logistics,Outbound Sales,Kochi,Kerala
3285,Account-003285,2023-11-13,Mid-Market,Education,Marketplace,Delhi,Delhi
3295,Account-003295,2022-11-14,Mid-Market,Retail,Partner,Bengaluru,Karnataka
3297,Account-003297,2026-02-16,SMB,IT Services,Paid Ads,Kolkata,West Bengal
3344,Account-003344,2025-07-24,SMB,Education,Referral,Chennai,Tamil Nadu
3421,Account-003421,2024-07-12,Mid-Market,Retail,Organic Search,Kochi,Kerala
3422,Account-003422,2024-08-21,Mid-Market,Logistics,Referral,Mumbai,Maharashtra
3470,Account-003470,2024-11-14,SMB,Education,Paid Ads,Bengaluru,Karnataka
3583,Account-003583,2024-03-27,SMB,Manufacturing,Paid Ads,Coimbatore,Tamil Nadu
3656,Account-003656,2024-11-05,SMB,Agritech,Partner,Ahmedabad,Gujarat
3669,Account-003669,2023-05-02,SMB,Agritech,Referral,Shivamogga,Karnataka
3685,Account-003685,2026-04-07,SMB,Logistics,Partner,Mumbai,Maharashtra
3805,Account-003805,2025-09-02,Mid-Market,IT Services,Paid Ads,Coimbatore,Tamil Nadu
3835,Account-003835,2025-01-18,SMB,Education,Outbound Sales,Bengaluru,Karnataka
3840,Account-003840,2025-06-02,SMB,Logistics,Outbound Sales,Kolkata,West Bengal
3958,Account-003958,2026-02-01,SMB,IT Services,Partner,Delhi,Delhi
3966,Account-003966,2025-03-10,SMB,Real Estate,Referral,Noida,Uttar Pradesh
4019,Account-004019,2024-12-07,Enterprise,Hospitality,Partner,Hyderabad,Telangana
4049,Account-004049,2025-02-11,SMB,Manufacturing,Outbound Sales,Mumbai,Maharashtra
4108,Account-004108,2025-11-19,Enterprise,Financial Services,Paid Ads,Gurugram,Haryana
4192,Account-004192,2026-05-05,Mid-Market,IT Services,Outbound Sales,Chennai,Tamil Nadu
4197,Account-004197,2026-01-10,Enterprise,Agritech,Partner,Hyderabad,Telangana
4281,Account-004281,2023-06-08,SMB,Agritech,Organic Search,Gurugram,Haryana
4306,Account-004306,2024-10-22,SMB,IT Services,Marketplace,Ahmedabad,Gujarat
4376,Account-004376,2025-07-31,SMB,IT Services,Outbound Sales,Gurugram,Haryana
4453,Account-004453,2025-04-15,Mid-Market,Manufacturing,Organic Search,Noida,Uttar Pradesh
4480,Account-004480,2026-03-08,SMB,Hospitality,Paid Ads,Bengaluru,Karnataka
4520,Account-004520,2025-08-19,SMB,Real Estate,Marketplace,Hyderabad,Telangana
4534,Account-004534,2024-11-23,SMB,IT Services,Outbound Sales,Chennai,Tamil Nadu
4562,Account-004562,2025-08-16,SMB,IT Services,Referral,Coimbatore,Tamil Nadu
4576,Account-004576,2025-03-31,SMB,IT Services,Paid Ads,Pune,Maharashtra
4613,Account-004613,2022-07-05,SMB,Healthcare,Outbound Sales,Jaipur,Rajasthan
4626,Account-004626,2024-04-29,Enterprise,Education,Referral,Coimbatore,Tamil Nadu
4654,Account-004654,2025-08-15,Enterprise,Agritech,Partner,Pune,Maharashtra
4719,Account-004719,2025-05-29,Enterprise,Logistics,Outbound Sales,Bengaluru,Karnataka
4759,Account-004759,2025-08-22,SMB,Hospitality,Outbound Sales,Delhi,Delhi
4788,Account-004788,2024-02-21,Mid-Market,Manufacturing,Outbound Sales,Chennai,Tamil Nadu
4796,Account-004796,2025-05-31,SMB,Healthcare,Outbound Sales,Kochi,Kerala
4810,Account-004810,2023-09-03,Mid-Market,IT Services,Outbound Sales,Gurugram,Haryana
4819,Account-004819,2022-06-24,Enterprise,Financial Services,Outbound Sales,Mumbai,Maharashtra
4858,Account-004858,2025-11-20,SMB,Financial Services,Organic Search,Bengaluru,Karnataka
4922,Account-004922,2024-04-02,SMB,Agritech,Referral,Pune,Maharashtra
4953,Account-004953,2025-08-26,Mid-Market,IT Services,Partner,Jaipur,Rajasthan
4988,Account-004988,2023-08-09,Mid-Market,Hospitality,Outbound Sales,Pune,Maharashtra
5009,Account-005009,2025-11-29,SMB,Financial Services,Paid Ads,Delhi,Delhi
5023,Account-005023,2024-05-03,SMB,Agritech,Referral,Coimbatore,Tamil Nadu
5036,Account-005036,2026-01-12,Enterprise,Real Estate,Outbound Sales,Coimbatore,Tamil Nadu
5046,Account-005046,2024-07-23,Mid-Market,IT Services,Organic Search,Delhi,Delhi
5161,Account-005161,2025-02-14,SMB,IT Services,Outbound Sales,Pune,Maharashtra
5199,Account-005199,2024-10-02,SMB,IT Services,Referral,Kolkata,West Bengal
5215,Account-005215,2024-09-21,Mid-Market,Hospitality,Partner,Hyderabad,Telangana
5217,Account-005217,2024-05-29,SMB,Healthcare,Partner,Jaipur,Rajasthan
5255,Account-005255,2025-04-18,Mid-Market,Financial Services,Paid Ads,Delhi,Delhi
5329,Account-005329,2024-10-29,Enterprise,Retail,Paid Ads,Coimbatore,Tamil Nadu
5367,Account-005367,2025-01-21,Mid-Market,Agritech,Outbound Sales,Bengaluru,Karnataka
5370,Account-005370,2023-09-27,Enterprise,Manufacturing,Referral,Chennai,Tamil Nadu
5398,Account-005398,2025-08-15,Mid-Market,Manufacturing,Paid Ads,Indore,Madhya Pradesh
5411,Account-005411,2024-09-27,Mid-Market,Financial Services,Outbound Sales,Jaipur,Rajasthan
5428,Account-005428,2025-06-22,SMB,Manufacturing,Paid Ads,Pune,Maharashtra
5468,Account-005468,2025-02-04,SMB,Hospitality,Referral,Shivamogga,Karnataka
5513,Account-005513,2024-09-11,Mid-Market,Real Estate,Outbound Sales,Pune,Maharashtra
5535,Account-005535,2024-05-22,Enterprise,Real Estate,Referral,Coimbatore,Tamil Nadu
5566,Account-005566,2024-01-17,SMB,Financial Services,Referral,Hyderabad,Telangana
5589,Account-005589,2025-03-24,Mid-Market,Retail,Outbound Sales,Chennai,Tamil Nadu
5610,Account-005610,2025-01-21,Mid-Market,Retail,Outbound Sales,Kolkata,West Bengal
5614,Account-005614,2025-01-13,Mid-Market,Healthcare,Paid Ads,Delhi,Delhi
5657,Account-005657,2024-06-14,SMB,Healthcare,Partner,Noida,Uttar Pradesh
5659,Account-005659,2025-08-05,Mid-Market,Real Estate,Marketplace,Noida,Uttar Pradesh
5678,Account-005678,2024-09-22,SMB,Real Estate,Outbound Sales,Shivamogga,Karnataka
5717,Account-005717,2023-12-31,Mid-Market,Financial Services,Referral,Indore,Madhya Pradesh
5747,Account-005747,2025-09-15,Mid-Market,Financial Services,Organic Search,Jaipur,Rajasthan
5749,Account-005749,2024-07-05,SMB,Retail,Paid Ads,Coimbatore,Tamil Nadu
5754,Account-005754,2024-03-25,SMB,Real Estate,Organic Search,Coimbatore,Tamil Nadu
5786,Account-005786,2023-01-06,SMB,Hospitality,Outbound Sales,Chennai,Tamil Nadu
5855,Account-005855,2025-04-13,SMB,Education,Outbound Sales,Bengaluru,Karnataka
5985,Account-005985,2023-10-06,SMB,Financial Services,Partner,Delhi,Delhi
6051,Account-006051,2023-11-12,SMB,IT Services,Organic Search,Noida,Uttar Pradesh
6058,Account-006058,2024-10-14,SMB,Manufacturing,Marketplace,Delhi,Delhi
6092,Account-006092,2023-01-05,Enterprise,Financial Services,Referral,Delhi,Delhi
6096,Account-006096,2024-03-10,SMB,Financial Services,Outbound Sales,Bengaluru,Karnataka
6100,Account-006100,2024-08-03,Mid-Market,Retail,Organic Search,Delhi,Delhi
6117,Account-006117,2023-05-25,Enterprise,Agritech,Organic Search,Shivamogga,Karnataka
6134,Account-006134,2024-08-13,SMB,Manufacturing,Referral,Mumbai,Maharashtra
6149,Account-006149,2024-06-28,Mid-Market,Retail,Referral,Delhi,Delhi
6209,Account-006209,2025-01-31,SMB,Real Estate,Paid Ads,Gurugram,Haryana
6250,Account-006250,2024-06-20,SMB,Agritech,Paid Ads,Ahmedabad,Gujarat
6293,Account-006293,2023-10-01,Enterprise,Agritech,Partner,Gurugram,Haryana
6298,Account-006298,2023-07-14,SMB,Agritech,Outbound Sales,Kolkata,West Bengal
6312,Account-006312,2025-09-03,SMB,IT Services,Organic Search,Hyderabad,Telangana
6317,Account-006317,2025-01-15,SMB,Education,Outbound Sales,Shivamogga,Karnataka
6330,Account-006330,2025-04-05,SMB,Retail,Referral,Delhi,Delhi
6359,Account-006359,2024-10-28,SMB,Logistics,Organic Search,Pune,Maharashtra
6362,Account-006362,2024-08-16,SMB,Hospitality,Outbound Sales,Hyderabad,Telangana
6392,Account-006392,2025-01-09,Enterprise,Retail,Organic Search,Gurugram,Haryana
6483,Account-006483,2025-02-23,SMB,IT Services,Referral,Hyderabad,Telangana
6487,Account-006487,2022-12-18,SMB,Healthcare,Partner,Bengaluru,Karnataka
6505,Account-006505,2026-02-12,SMB,Agritech,Partner,Gurugram,Haryana
6514,Account-006514,2024-06-27,SMB,Healthcare,Outbound Sales,Noida,Uttar Pradesh
6515,Account-006515,2024-09-23,Mid-Market,Manufacturing,Referral,Chennai,Tamil Nadu
6529,Account-006529,2025-04-17,Mid-Market,Financial Services,Marketplace,Chennai,Tamil Nadu
6545,Account-006545,2024-07-16,Mid-Market,Logistics,Paid Ads,Indore,Madhya Pradesh
6557,Account-006557,2024-08-21,Enterprise,Hospitality,Outbound Sales,Chennai,Tamil Nadu
6633,Account-006633,2026-01-31,SMB,Manufacturing,Organic Search,Noida,Uttar Pradesh
6653,Account-006653,2023-08-30,Mid-Market,Education,Organic Search,Mumbai,Maharashtra
6669,Account-006669,2022-10-22,SMB,IT Services,Referral,Chennai,Tamil Nadu
6670,Account-006670,2023-07-20,Enterprise,Retail,Outbound Sales,Hyderabad,Telangana
6687,Account-006687,2025-02-03,SMB,Retail,Referral,Kolkata,West Bengal
6693,Account-006693,2024-10-17,Enterprise,Hospitality,Outbound Sales,Coimbatore,Tamil Nadu
6744,Account-006744,2024-08-25,Mid-Market,Logistics,Paid Ads,Noida,Uttar Pradesh
6781,Account-006781,2025-12-06,SMB,Education,Outbound Sales,Kolkata,West Bengal
6786,Account-006786,2023-08-04,Mid-Market,Healthcare,Organic Search,Delhi,Delhi
6814,Account-006814,2023-01-14,SMB,Real Estate,Paid Ads,Mumbai,Maharashtra
6909,Account-006909,2024-11-30,SMB,Retail,Organic Search,Ahmedabad,Gujarat
6937,Account-006937,2024-12-25,SMB,Retail,Outbound Sales,Delhi,Delhi
6981,Account-006981,2025-06-06,Enterprise,Real Estate,Paid Ads,Hyderabad,Telangana
6997,Account-006997,2025-05-09,SMB,Manufacturing,Organic Search,Gurugram,Haryana
7039,Account-007039,2025-08-09,SMB,Financial Services,Organic Search,Jaipur,Rajasthan
7058,Account-007058,2024-06-05,Mid-Market,Real Estate,Outbound Sales,Indore,Madhya Pradesh
7071,Account-007071,2025-05-05,SMB,Education,Referral,Shivamogga,Karnataka
7225,Account-007225,2024-05-03,Mid-Market,Manufacturing,Organic Search,Chennai,Tamil Nadu
7227,Account-007227,2023-07-05,Mid-Market,Logistics,Partner,Gurugram,Haryana
7280,Account-007280,2025-11-22,Mid-Market,Hospitality,Paid Ads,Bengaluru,Karnataka
7319,Account-007319,2025-04-12,SMB,Manufacturing,Paid Ads,Jaipur,Rajasthan
7342,Account-007342,2024-06-11,Mid-Market,Healthcare,Referral,Coimbatore,Tamil Nadu
7357,Account-007357,2023-09-23,SMB,IT Services,Referral,Jaipur,Rajasthan
7359,Account-007359,2025-04-01,SMB,Logistics,Paid Ads,Hyderabad,Telangana
7407,Account-007407,2025-11-29,Enterprise,Manufacturing,Referral,Hyderabad,Telangana
7429,Account-007429,2023-06-10,Enterprise,Financial Services,Paid Ads,Coimbatore,Tamil Nadu
7430,Account-007430,2022-05-19,SMB,Healthcare,Organic Search,Kochi,Kerala
7486,Account-007486,2024-04-14,SMB,Retail,Referral,Delhi,Delhi
7497,Account-007497,2023-11-22,Mid-Market,IT Services,Organic Search,Coimbatore,Tamil Nadu
7498,Account-007498,2025-06-23,Mid-Market,Logistics,Referral,Indore,Madhya Pradesh
7526,Account-007526,2024-03-06,Enterprise,Hospitality,Paid Ads,Shivamogga,Karnataka
7609,Account-007609,2025-05-13,Enterprise,Hospitality,Organic Search,Indore,Madhya Pradesh
7663,Account-007663,2025-04-04,Mid-Market,Logistics,Outbound Sales,Ahmedabad,Gujarat
7710,Account-007710,2026-01-06,Mid-Market,Manufacturing,Outbound Sales,Bengaluru,Karnataka
7806,Account-007806,2025-03-10,Mid-Market,IT Services,Marketplace,Noida,Uttar Pradesh
7979,Account-007979,2024-03-24,Enterprise,Retail,Paid Ads,Hyderabad,Telangana
8004,Account-008004,2023-07-21,Enterprise,Education,Organic Search,Coimbatore,Tamil Nadu
8013,Account-008013,2024-05-03,SMB,Logistics,Outbound Sales,Hyderabad,Telangana
8039,Account-008039,2024-04-25,SMB,Logistics,Outbound Sales,Mumbai,Maharashtra
8085,Account-008085,2022-02-23,SMB,IT Services,Outbound Sales,Kolkata,West Bengal
8107,Account-008107,2024-01-10,Mid-Market,Real Estate,Paid Ads,Kochi,Kerala
8179,Account-008179,2024-07-19,Mid-Market,Agritech,Organic Search,Indore,Madhya Pradesh
8186,Account-008186,2024-06-16,Mid-Market,Agritech,Outbound Sales,Chennai,Tamil Nadu
8236,Account-008236,2025-07-09,SMB,Education,Paid Ads,Mumbai,Maharashtra
8339,Account-008339,2023-04-26,Mid-Market,Financial Services,Paid Ads,Noida,Uttar Pradesh
8340,Account-008340,2025-02-02,SMB,Retail,Paid Ads,Shivamogga,Karnataka
8359,Account-008359,2023-05-06,Enterprise,Financial Services,Paid Ads,Kolkata,West Bengal
8371,Account-008371,2026-03-01,SMB,Hospitality,Referral,Kolkata,West Bengal
8377,Account-008377,2023-03-12,SMB,Financial Services,Organic Search,Kolkata,West Bengal
8392,Account-008392,2024-03-14,SMB,Agritech,Outbound Sales,Hyderabad,Telangana
8400,Account-008400,2025-05-02,SMB,Hospitality,Organic Search,Ahmedabad,Gujarat
8424,Account-008424,2025-08-22,SMB,Healthcare,Partner,Mumbai,Maharashtra
8642,Account-008642,2024-09-24,SMB,Healthcare,Outbound Sales,Kochi,Kerala
8646,Account-008646,2023-03-22,SMB,Hospitality,Partner,Gurugram,Haryana
8712,Account-008712,2023-10-02,SMB,Retail,Outbound Sales,Ahmedabad,Gujarat
8727,Account-008727,2023-03-24,SMB,Real Estate,Organic Search,Kolkata,West Bengal
8775,Account-008775,2023-02-23,SMB,Retail,Referral,Ahmedabad,Gujarat
8799,Account-008799,2024-09-22,SMB,Real Estate,Paid Ads,Kolkata,West Bengal
8844,Account-008844,2023-11-02,SMB,Agritech,Organic Search,Hyderabad,Telangana
8874,Account-008874,2022-09-03,Mid-Market,Real Estate,Marketplace,Kochi,Kerala
8895,Account-008895,2024-05-23,Enterprise,Education,Organic Search,Mumbai,Maharashtra
8906,Account-008906,2026-04-11,SMB,Financial Services,Organic Search,Pune,Maharashtra
8924,Account-008924,2026-01-04,SMB,Logistics,Referral,Delhi,Delhi
8980,Account-008980,2026-06-09,Mid-Market,Education,Outbound Sales,Chennai,Tamil Nadu
8982,Account-008982,2023-04-08,Enterprise,Hospitality,Outbound Sales,Kolkata,West Bengal
9050,Account-009050,2026-01-01,SMB,IT Services,Paid Ads,Pune,Maharashtra
9057,Account-009057,2025-08-19,SMB,Hospitality,Outbound Sales,Noida,Uttar Pradesh
9083,Account-009083,2023-12-02,SMB,Education,Organic Search,Jaipur,Rajasthan
9104,Account-009104,2024-08-26,SMB,Education,Organic Search,Gurugram,Haryana
9112,Account-009112,2024-10-24,Mid-Market,IT Services,Paid Ads,Mumbai,Maharashtra
9122,Account-009122,2026-04-18,SMB,Hospitality,Outbound Sales,Mumbai,Maharashtra
9141,Account-009141,2024-07-24,SMB,Retail,Paid Ads,Hyderabad,Telangana
9157,Account-009157,2024-09-12,SMB,Education,Paid Ads,Indore,Madhya Pradesh
9229,Account-009229,2024-12-01,Mid-Market,Healthcare,Outbound Sales,Indore,Madhya Pradesh
9269,Account-009269,2025-03-12,SMB,Healthcare,Paid Ads,Hyderabad,Telangana
9272,Account-009272,2023-05-10,SMB,Logistics,Outbound Sales,Coimbatore,Tamil Nadu
9313,Account-009313,2025-10-02,SMB,Hospitality,Paid Ads,Delhi,Delhi
9365,Account-009365,2025-10-04,Mid-Market,Education,Paid Ads,Noida,Uttar Pradesh
9399,Account-009399,2024-09-01,SMB,Healthcare,Outbound Sales,Gurugram,Haryana
9434,Account-009434,2026-01-23,SMB,Retail,Partner,Mumbai,Maharashtra
9465,Account-009465,2025-01-26,SMB,Retail,Paid Ads,Bengaluru,Karnataka
9477,Account-009477,2024-02-16,Enterprise,Financial Services,Outbound Sales,Gurugram,Haryana
9505,Account-009505,2023-12-02,Mid-Market,Retail,Organic Search,Bengaluru,Karnataka
9518,Account-009518,2025-12-09,Mid-Market,Healthcare,Organic Search,Coimbatore,Tamil Nadu
9557,Account-009557,2022-04-28,Enterprise,IT Services,Paid Ads,Chennai,Tamil Nadu
9562,Account-009562,2025-04-13,Enterprise,Manufacturing,Paid Ads,Indore,Madhya Pradesh
9565,Account-009565,2024-09-08,Mid-Market,IT Services,Organic Search,Noida,Uttar Pradesh
9636,Account-009636,2024-06-04,Mid-Market,Logistics,Referral,Ahmedabad,Gujarat
9694,Account-009694,2025-10-15,Mid-Market,Healthcare,Organic Search,Indore,Madhya Pradesh
9703,Account-009703,2024-01-23,Mid-Market,Retail,Outbound Sales,Shivamogga,Karnataka
9720,Account-009720,2023-12-02,SMB,Healthcare,Marketplace,Coimbatore,Tamil Nadu
9724,Account-009724,2025-01-08,Mid-Market,Agritech,Referral,Delhi,Delhi
9768,Account-009768,2023-11-14,Enterprise,Real Estate,Referral,Pune,Maharashtra
9794,Account-009794,2026-03-23,SMB,Real Estate,Paid Ads,Coimbatore,Tamil Nadu
9803,Account-009803,2026-06-28,SMB,Real Estate,Referral,Jaipur,Rajasthan
9836,Account-009836,2022-12-02,Mid-Market,Healthcare,Partner,Noida,Uttar Pradesh
9855,Account-009855,2025-06-07,Mid-Market,Agritech,Organic Search,Delhi,Delhi
9866,Account-009866,2024-04-23,SMB,Real Estate,Partner,Chennai,Tamil Nadu
9913,Account-009913,2024-02-12,SMB,Retail,Organic Search,Hyderabad,Telangana
9947,Account-009947,2025-06-23,SMB,Manufacturing,Referral,Hyderabad,Telangana
9995,Account-009995,2025-03-11,Mid-Market,Logistics,Outbound Sales,Indore,Madhya Pradesh
10006,Account-010006,2023-11-21,Mid-Market,Manufacturing,Marketplace,Hyderabad,Telangana
10160,Account-010160,2025-04-09,SMB,IT Services,Referral,Gurugram,Haryana
10214,Account-010214,2023-05-30,SMB,Logistics,Organic Search,Kolkata,West Bengal
10238,Account-010238,2026-05-15,Mid-Market,Retail,Paid Ads,Kochi,Kerala
10246,Account-010246,2024-11-18,SMB,Logistics,Organic Search,Mumbai,Maharashtra
10268,Account-010268,2025-10-02,Mid-Market,IT Services,Outbound Sales,Delhi,Delhi
10289,Account-010289,2023-07-01,Mid-Market,Education,Marketplace,Kochi,Kerala
10299,Account-010299,2024-01-07,Enterprise,Logistics,Referral,Kochi,Kerala
10304,Account-010304,2025-10-17,SMB,Education,Partner,Indore,Madhya Pradesh
10316,Account-010316,2024-07-27,Mid-Market,Retail,Marketplace,Indore,Madhya Pradesh
10322,Account-010322,2025-06-29,SMB,Retail,Paid Ads,Coimbatore,Tamil Nadu
10330,Account-010330,2024-10-11,Enterprise,Agritech,Organic Search,Bengaluru,Karnataka
10376,Account-010376,2024-08-01,SMB,Retail,Paid Ads,Shivamogga,Karnataka
10429,Account-010429,2024-06-22,Mid-Market,IT Services,Outbound Sales,Indore,Madhya Pradesh
10432,Account-010432,2025-10-18,SMB,Healthcare,Outbound Sales,Shivamogga,Karnataka
10457,Account-010457,2022-12-12,SMB,Retail,Paid Ads,Kochi,Kerala
10490,Account-010490,2024-01-08,SMB,Healthcare,Referral,Indore,Madhya Pradesh
10516,Account-010516,2025-02-02,SMB,Real Estate,Referral,Mumbai,Maharashtra
10529,Account-010529,2024-11-20,SMB,Logistics,Organic Search,Noida,Uttar Pradesh
10539,Account-010539,2026-02-04,Mid-Market,Education,Outbound Sales,Ahmedabad,Gujarat
10578,Account-010578,2024-10-29,Mid-Market,Hospitality,Outbound Sales,Indore,Madhya Pradesh
10591,Account-010591,2025-06-04,SMB,Retail,Outbound Sales,Chennai,Tamil Nadu
10606,Account-010606,2025-12-26,Mid-Market,Agritech,Marketplace,Kolkata,West Bengal
10704,Account-010704,2025-12-29,SMB,Real Estate,Marketplace,Indore,Madhya Pradesh
10745,Account-010745,2024-11-19,SMB,Hospitality,Organic Search,Hyderabad,Telangana
10771,Account-010771,2024-03-25,Mid-Market,Agritech,Outbound Sales,Kochi,Kerala
10776,Account-010776,2024-08-24,SMB,Financial Services,Referral,Kochi,Kerala
10780,Account-010780,2025-07-09,SMB,Hospitality,Partner,Delhi,Delhi
10808,Account-010808,2025-12-27,SMB,Education,Organic Search,Kochi,Kerala
10855,Account-010855,2026-01-07,SMB,Hospitality,Outbound Sales,Kochi,Kerala
10883,Account-010883,2023-05-24,Enterprise,IT Services,Organic Search,Kochi,Kerala
10941,Account-010941,2024-01-04,Mid-Market,IT Services,Organic Search,Shivamogga,Karnataka
10973,Account-010973,2025-03-04,Mid-Market,IT Services,Paid Ads,Ahmedabad,Gujarat
10974,Account-010974,2024-04-17,Mid-Market,Education,Referral,Kolkata,West Bengal
11021,Account-011021,2025-12-23,SMB,Education,Marketplace,Chennai,Tamil Nadu
11068,Account-011068,2025-05-05,SMB,Hospitality,Outbound Sales,Indore,Madhya Pradesh
11117,Account-011117,2024-09-17,Enterprise,Financial Services,Outbound Sales,Gurugram,Haryana
11188,Account-011188,2025-10-18,Mid-Market,Hospitality,Outbound Sales,Indore,Madhya Pradesh
11225,Account-011225,2025-03-16,SMB,Real Estate,Organic Search,Hyderabad,Telangana
11261,Account-011261,2025-08-13,SMB,Financial Services,Paid Ads,Indore,Madhya Pradesh
11277,Account-011277,2022-09-15,Enterprise,Retail,Paid Ads,Delhi,Delhi
11348,Account-011348,2024-10-13,SMB,IT Services,Partner,Kochi,Kerala
11410,Account-011410,2026-01-19,SMB,IT Services,Organic Search,Mumbai,Maharashtra
11414,Account-011414,2026-03-24,Mid-Market,Retail,Outbound Sales,Kolkata,West Bengal
11425,Account-011425,2024-10-11,Mid-Market,Education,Paid Ads,Kolkata,West Bengal
11457,Account-011457,2024-11-19,SMB,Healthcare,Partner,Coimbatore,Tamil Nadu
11474,Account-011474,2025-08-30,SMB,Agritech,Partner,Kochi,Kerala
11478,Account-011478,2026-03-13,Mid-Market,Logistics,Partner,Noida,Uttar Pradesh
11496,Account-011496,2024-03-27,SMB,Agritech,Marketplace,Kochi,Kerala
11499,Account-011499,2025-12-25,SMB,Financial Services,Outbound Sales,Jaipur,Rajasthan
11527,Account-011527,2022-03-05,SMB,Manufacturing,Organic Search,Chennai,Tamil Nadu
11639,Account-011639,2025-12-09,SMB,Real Estate,Outbound Sales,Gurugram,Haryana
11650,Account-011650,2024-09-05,Mid-Market,IT Services,Referral,Jaipur,Rajasthan
11662,Account-011662,2025-11-21,SMB,IT Services,Outbound Sales,Gurugram,Haryana
11789,Account-011789,2025-08-19,Mid-Market,Agritech,Paid Ads,Coimbatore,Tamil Nadu
11833,Account-011833,2026-01-16,SMB,Education,Referral,Kolkata,West Bengal
11861,Account-011861,2025-02-08,SMB,IT Services,Paid Ads,Noida,Uttar Pradesh
11877,Account-011877,2023-10-21,SMB,IT Services,Outbound Sales,Ahmedabad,Gujarat
11883,Account-011883,2022-12-29,Mid-Market,IT Services,Outbound Sales,Coimbatore,Tamil Nadu
11941,Account-011941,2025-11-01,Mid-Market,IT Services,Marketplace,Delhi,Delhi
12008,Account-012008,2024-10-14,SMB,Agritech,Referral,Bengaluru,Karnataka
12050,Account-012050,2025-03-24,SMB,Manufacturing,Outbound Sales,Bengaluru,Karnataka
12095,Account-012095,2024-05-25,Mid-Market,Healthcare,Organic Search,Shivamogga,Karnataka
12103,Account-012103,2023-08-14,Mid-Market,IT Services,Referral,Jaipur,Rajasthan
12136,Account-012136,2024-10-14,SMB,Retail,Organic Search,Shivamogga,Karnataka
12148,Account-012148,2025-01-25,SMB,Manufacturing,Marketplace,Delhi,Delhi
12176,Account-012176,2024-01-16,Mid-Market,Agritech,Partner,Indore,Madhya Pradesh
12218,Account-012218,2024-05-07,SMB,Hospitality,Referral,Coimbatore,Tamil Nadu
12239,Account-012239,2025-01-06,SMB,Manufacturing,Organic Search,Chennai,Tamil Nadu
12244,Account-012244,2025-10-05,SMB,Logistics,Partner,Gurugram,Haryana
12276,Account-012276,2022-04-09,SMB,Healthcare,Outbound Sales,Hyderabad,Telangana
12321,Account-012321,2024-03-29,Mid-Market,Retail,Referral,Mumbai,Maharashtra
12357,Account-012357,2022-11-24,Mid-Market,Retail,Organic Search,Noida,Uttar Pradesh
12358,Account-012358,2023-09-24,Mid-Market,IT Services,Referral,Mumbai,Maharashtra
12375,Account-012375,2023-12-13,Mid-Market,Logistics,Outbound Sales,Indore,Madhya Pradesh
12392,Account-012392,2025-09-03,SMB,Education,Organic Search,Pune,Maharashtra
12436,Account-012436,2023-03-25,SMB,Healthcare,Partner,Hyderabad,Telangana
12473,Account-012473,2024-10-12,SMB,Financial Services,Outbound Sales,Delhi,Delhi
12586,Account-012586,2025-06-26,SMB,Healthcare,Organic Search,Chennai,Tamil Nadu
12587,Account-012587,2024-07-07,Mid-Market,Retail,Outbound Sales,Ahmedabad,Gujarat
12588,Account-012588,2024-07-20,SMB,Agritech,Paid Ads,Ahmedabad,Gujarat
12590,Account-012590,2023-03-19,Enterprise,Financial Services,Paid Ads,Noida,Uttar Pradesh
12592,Account-012592,2025-10-01,SMB,Real Estate,Referral,Mumbai,Maharashtra
12602,Account-012602,2024-11-23,SMB,Healthcare,Paid Ads,Pune,Maharashtra
12617,Account-012617,2023-02-21,Mid-Market,Financial Services,Organic Search,Chennai,Tamil Nadu
12673,Account-012673,2025-08-22,Mid-Market,Retail,Outbound Sales,Hyderabad,Telangana
12693,Account-012693,2025-08-27,SMB,IT Services,Outbound Sales,Kolkata,West Bengal
12720,Account-012720,2026-05-16,SMB,Retail,Paid Ads,Indore,Madhya Pradesh
12728,Account-012728,2025-04-12,Mid-Market,Logistics,Outbound Sales,Pune,Maharashtra
12734,Account-012734,2025-07-24,Mid-Market,Education,Partner,Ahmedabad,Gujarat
12772,Account-012772,2025-04-30,SMB,Education,Referral,Coimbatore,Tamil Nadu
12819,Account-012819,2025-04-26,SMB,Manufacturing,Organic Search,Kolkata,West Bengal
12832,Account-012832,2022-11-10,SMB,IT Services,Organic Search,Delhi,Delhi
12867,Account-012867,2022-11-01,SMB,Financial Services,Paid Ads,Pune,Maharashtra
12923,Account-012923,2023-04-16,Mid-Market,Education,Organic Search,Kochi,Kerala
12931,Account-012931,2024-03-17,SMB,IT Services,Partner,Bengaluru,Karnataka
12951,Account-012951,2023-11-15,Enterprise,Education,Paid Ads,Kochi,Kerala
12962,Account-012962,2024-09-05,Mid-Market,Manufacturing,Paid Ads,Jaipur,Rajasthan
12990,Account-012990,2022-12-21,SMB,Hospitality,Marketplace,Noida,Uttar Pradesh
13010,Account-013010,2023-12-02,Enterprise,Retail,Referral,Kochi,Kerala
13113,Account-013113,2025-06-09,SMB,Real Estate,Outbound Sales,Indore,Madhya Pradesh
13155,Account-013155,2023-02-21,SMB,IT Services,Referral,Hyderabad,Telangana
13213,Account-013213,2025-05-30,Mid-Market,Financial Services,Marketplace,Delhi,Delhi
13215,Account-013215,2023-04-18,SMB,Retail,Partner,Mumbai,Maharashtra
13230,Account-013230,2024-10-18,SMB,Education,Referral,Mumbai,Maharashtra
13240,Account-013240,2025-12-29,Mid-Market,Logistics,Partner,Kolkata,West Bengal
13254,Account-013254,2023-11-30,SMB,IT Services,Paid Ads,Jaipur,Rajasthan
13267,Account-013267,2026-04-23,Enterprise,IT Services,Marketplace,Kochi,Kerala
13308,Account-013308,2023-05-21,SMB,Logistics,Organic Search,Coimbatore,Tamil Nadu
13325,Account-013325,2025-12-11,SMB,Hospitality,Paid Ads,Shivamogga,Karnataka
13412,Account-013412,2024-12-05,SMB,Manufacturing,Organic Search,Bengaluru,Karnataka
13422,Account-013422,2024-01-11,Enterprise,Retail,Marketplace,Kolkata,West Bengal
13468,Account-013468,2023-01-19,SMB,Agritech,Partner,Gurugram,Haryana
13481,Account-013481,2024-11-30,SMB,Education,Outbound Sales,Noida,Uttar Pradesh
13513,Account-013513,2025-12-26,SMB,Retail,Paid Ads,Shivamogga,Karnataka
13539,Account-013539,2025-11-14,Mid-Market,Hospitality,Organic Search,Delhi,Delhi
13552,Account-013552,2023-06-03,SMB,Manufacturing,Paid Ads,Kolkata,West Bengal
13562,Account-013562,2025-07-05,SMB,Hospitality,Outbound Sales,Coimbatore,Tamil Nadu
13575,Account-013575,2024-07-17,Mid-Market,Manufacturing,Organic Search,Noida,Uttar Pradesh
13592,Account-013592,2025-11-08,Enterprise,Education,Partner,Delhi,Delhi
13618,Account-013618,2023-08-04,SMB,IT Services,Paid Ads,Noida,Uttar Pradesh
13637,Account-013637,2023-11-23,SMB,Retail,Paid Ads,Kochi,Kerala
13647,Account-013647,2025-06-26,SMB,Financial Services,Outbound Sales,Ahmedabad,Gujarat
13704,Account-013704,2024-07-20,SMB,Financial Services,Outbound Sales,Ahmedabad,Gujarat
13766,Account-013766,2025-04-19,SMB,Real Estate,Outbound Sales,Ahmedabad,Gujarat
13806,Account-013806,2025-01-11,Mid-Market,Real Estate,Organic Search,Bengaluru,Karnataka
13885,Account-013885,2026-01-07,Mid-Market,Retail,Marketplace,Jaipur,Rajasthan
13892,Account-013892,2026-01-12,Enterprise,Agritech,Paid Ads,Shivamogga,Karnataka
13997,Account-013997,2025-05-18,SMB,Manufacturing,Marketplace,Noida,Uttar Pradesh
14004,Account-014004,2025-07-18,Mid-Market,Education,Outbound Sales,Pune,Maharashtra
14020,Account-014020,2023-11-05,SMB,Retail,Outbound Sales,Kolkata,West Bengal
14225,Account-014225,2025-01-21,SMB,IT Services,Paid Ads,Noida,Uttar Pradesh
14249,Account-014249,2024-12-30,SMB,Retail,Marketplace,Bengaluru,Karnataka
14270,Account-014270,2024-11-27,Enterprise,Education,Marketplace,Gurugram,Haryana
14271,Account-014271,2024-06-24,SMB,IT Services,Organic Search,Chennai,Tamil Nadu
14279,Account-014279,2025-08-20,Mid-Market,Real Estate,Organic Search,Bengaluru,Karnataka
14289,Account-014289,2022-10-04,Mid-Market,Logistics,Partner,Mumbai,Maharashtra
14309,Account-014309,2025-06-01,SMB,Retail,Paid Ads,Jaipur,Rajasthan
14312,Account-014312,2026-05-17,SMB,IT Services,Referral,Ahmedabad,Gujarat
14362,Account-014362,2024-06-13,SMB,Hospitality,Marketplace,Jaipur,Rajasthan
14388,Account-014388,2024-03-05,SMB,Logistics,Partner,Jaipur,Rajasthan
14393,Account-014393,2026-02-22,SMB,Agritech,Referral,Delhi,Delhi
14532,Account-014532,2024-12-24,Mid-Market,IT Services,Outbound Sales,Gurugram,Haryana
14549,Account-014549,2025-04-01,SMB,Education,Organic Search,Noida,Uttar Pradesh
14642,Account-014642,2024-06-22,SMB,Manufacturing,Paid Ads,Indore,Madhya Pradesh
14674,Account-014674,2025-11-13,Enterprise,Hospitality,Organic Search,Jaipur,Rajasthan
14690,Account-014690,2024-04-26,Enterprise,Agritech,Partner,Mumbai,Maharashtra
14706,Account-014706,2024-12-06,Mid-Market,Retail,Outbound Sales,Kochi,Kerala
14732,Account-014732,2024-07-22,SMB,Real Estate,Outbound Sales,Bengaluru,Karnataka
14743,Account-014743,2025-06-15,SMB,Manufacturing,Referral,Indore,Madhya Pradesh
14778,Account-014778,2022-12-18,Mid-Market,Healthcare,Paid Ads,Hyderabad,Telangana
14803,Account-014803,2022-06-28,SMB,Healthcare,Partner,Jaipur,Rajasthan
14827,Account-014827,2025-08-06,SMB,Retail,Partner,Bengaluru,Karnataka
14837,Account-014837,2024-10-31,Mid-Market,Hospitality,Organic Search,Jaipur,Rajasthan
14970,Account-014970,2024-03-17,SMB,Education,Referral,Mumbai,Maharashtra
14977,Account-014977,2026-06-03,SMB,Agritech,Partner,Indore,Madhya Pradesh
15049,Account-015049,2024-02-15,SMB,Hospitality,Organic Search,Pune,Maharashtra
15186,Account-015186,2025-09-24,SMB,Agritech,Marketplace,Kolkata,West Bengal
15189,Account-015189,2022-04-09,SMB,Financial Services,Outbound Sales,Chennai,Tamil Nadu
15193,Account-015193,2025-03-02,Mid-Market,Real Estate,Paid Ads,Ahmedabad,Gujarat
15195,Account-015195,2025-12-15,SMB,Education,Partner,Indore,Madhya Pradesh
15207,Account-015207,2026-01-06,SMB,Financial Services,Paid Ads,Pune,Maharashtra
15256,Account-015256,2023-12-07,SMB,Real Estate,Organic Search,Gurugram,Haryana
15315,Account-015315,2025-09-28,SMB,Financial Services,Referral,Coimbatore,Tamil Nadu
15368,Account-015368,2025-08-05,SMB,IT Services,Paid Ads,Kochi,Kerala
15380,Account-015380,2025-06-19,SMB,Hospitality,Outbound Sales,Noida,Uttar Pradesh
15389,Account-015389,2024-10-19,SMB,Healthcare,Marketplace,Coimbatore,Tamil Nadu
15412,Account-015412,2024-05-08,Mid-Market,IT Services,Organic Search,Ahmedabad,Gujarat
15472,Account-015472,2022-08-11,SMB,Hospitality,Outbound Sales,Kochi,Kerala
15508,Account-015508,2022-06-19,Mid-Market,IT Services,Partner,Shivamogga,Karnataka
15612,Account-015612,2024-05-11,SMB,Logistics,Paid Ads,Shivamogga,Karnataka
15628,Account-015628,2024-06-09,Mid-Market,Financial Services,Paid Ads,Coimbatore,Tamil Nadu
15639,Account-015639,2025-07-20,SMB,Education,Paid Ads,Noida,Uttar Pradesh
15642,Account-015642,2023-09-24,SMB,Retail,Referral,Delhi,Delhi
15694,Account-015694,2025-04-29,SMB,Retail,Paid Ads,Delhi,Delhi
15741,Account-015741,2026-03-24,SMB,Education,Paid Ads,Shivamogga,Karnataka
15774,Account-015774,2025-11-17,Mid-Market,Healthcare,Paid Ads,Kochi,Kerala
15791,Account-015791,2024-08-22,SMB,Logistics,Organic Search,Delhi,Delhi
15858,Account-015858,2026-01-30,SMB,Education,Referral,Delhi,Delhi
15909,Account-015909,2025-02-01,Enterprise,Education,Paid Ads,Gurugram,Haryana
15962,Account-015962,2026-03-15,SMB,Education,Referral,Pune,Maharashtra
16009,Account-016009,2024-01-16,Mid-Market,IT Services,Organic Search,Mumbai,Maharashtra
16036,Account-016036,2024-11-25,Mid-Market,IT Services,Partner,Ahmedabad,Gujarat
16048,Account-016048,2025-01-08,SMB,Agritech,Organic Search,Kolkata,West Bengal
16073,Account-016073,2022-07-17,Mid-Market,Healthcare,Organic Search,Indore,Madhya Pradesh
16131,Account-016131,2025-03-30,Enterprise,Logistics,Paid Ads,Chennai,Tamil Nadu
16241,Account-016241,2025-08-20,SMB,Real Estate,Referral,Shivamogga,Karnataka
16280,Account-016280,2023-03-18,SMB,Retail,Outbound Sales,Chennai,Tamil Nadu
16284,Account-016284,2025-10-18,Enterprise,Healthcare,Paid Ads,Kochi,Kerala
16348,Account-016348,2025-07-06,Mid-Market,Manufacturing,Outbound Sales,Delhi,Delhi
16353,Account-016353,2023-04-21,SMB,IT Services,Outbound Sales,Bengaluru,Karnataka
16381,Account-016381,2024-06-13,SMB,Retail,Referral,Hyderabad,Telangana
16405,Account-016405,2024-05-27,Enterprise,Logistics,Partner,Pune,Maharashtra
16487,Account-016487,2025-08-14,Enterprise,IT Services,Organic Search,Kochi,Kerala
16664,Account-016664,2024-10-29,SMB,Hospitality,Organic Search,Shivamogga,Karnataka
16705,Account-016705,2023-04-11,SMB,Education,Organic Search,Ahmedabad,Gujarat
16712,Account-016712,2022-12-11,Enterprise,Manufacturing,Organic Search,Mumbai,Maharashtra
16769,Account-016769,2023-03-09,Mid-Market,Agritech,Outbound Sales,Ahmedabad,Gujarat
16799,Account-016799,2024-11-18,SMB,IT Services,Organic Search,Coimbatore,Tamil Nadu
16832,Account-016832,2023-03-07,SMB,Healthcare,Referral,Kochi,Kerala
16883,Account-016883,2026-01-24,SMB,Agritech,Paid Ads,Shivamogga,Karnataka
16905,Account-016905,2026-02-05,SMB,Retail,Marketplace,Noida,Uttar Pradesh
16933,Account-016933,2026-02-20,Enterprise,Education,Outbound Sales,Hyderabad,Telangana
16956,Account-016956,2026-04-09,Mid-Market,Retail,Paid Ads,Pune,Maharashtra
16963,Account-016963,2025-10-17,Mid-Market,Healthcare,Marketplace,Kolkata,West Bengal
16996,Account-016996,2025-01-24,SMB,Healthcare,Organic Search,Noida,Uttar Pradesh
17010,Account-017010,2026-02-01,SMB,Healthcare,Partner,Chennai,Tamil Nadu
17072,Account-017072,2024-11-18,Mid-Market,Financial Services,Outbound Sales,Bengaluru,Karnataka
17095,Account-017095,2022-03-31,Mid-Market,Logistics,Organic Search,Jaipur,Rajasthan
17147,Account-017147,2025-05-24,Mid-Market,IT Services,Referral,Pune,Maharashtra
17352,Account-017352,2025-06-08,SMB,Agritech,Outbound Sales,Pune,Maharashtra
17368,Account-017368,2024-03-17,SMB,Financial Services,Referral,Jaipur,Rajasthan
17378,Account-017378,2025-01-21,Enterprise,Healthcare,Marketplace,Pune,Maharashtra
17430,Account-017430,2022-11-13,Enterprise,Logistics,Organic Search,Kolkata,West Bengal
17432,Account-017432,2025-10-16,Mid-Market,Real Estate,Organic Search,Ahmedabad,Gujarat
17555,Account-017555,2022-12-26,Mid-Market,Agritech,Outbound Sales,Mumbai,Maharashtra
17565,Account-017565,2025-11-21,Mid-Market,Agritech,Paid Ads,Gurugram,Haryana
17606,Account-017606,2025-01-25,SMB,Retail,Partner,Pune,Maharashtra
17648,Account-017648,2024-01-21,SMB,Retail,Organic Search,Delhi,Delhi
17710,Account-017710,2026-02-14,SMB,Agritech,Organic Search,Chennai,Tamil Nadu
17724,Account-017724,2023-12-28,SMB,Education,Marketplace,Noida,Uttar Pradesh
17745,Account-017745,2025-12-31,Enterprise,IT Services,Organic Search,Hyderabad,Telangana
17774,Account-017774,2025-10-17,Enterprise,Logistics,Organic Search,Indore,Madhya Pradesh
17794,Account-017794,2024-08-21,Mid-Market,Education,Organic Search,Hyderabad,Telangana
17800,Account-017800,2024-02-11,Mid-Market,Real Estate,Organic Search,Ahmedabad,Gujarat
17818,Account-017818,2024-08-02,SMB,Hospitality,Paid Ads,Jaipur,Rajasthan
17819,Account-017819,2025-10-22,SMB,Healthcare,Referral,Bengaluru,Karnataka
17838,Account-017838,2025-04-09,SMB,Agritech,Organic Search,Chennai,Tamil Nadu
17862,Account-017862,2025-08-01,Mid-Market,Education,Referral,Gurugram,Haryana
17920,Account-017920,2024-07-16,Mid-Market,Hospitality,Outbound Sales,Coimbatore,Tamil Nadu
17923,Account-017923,2026-01-07,SMB,Education,Outbound Sales,Gurugram,Haryana
17929,Account-017929,2025-10-29,Mid-Market,Agritech,Marketplace,Noida,Uttar Pradesh
17960,Account-017960,2026-01-08,SMB,Retail,Organic Search,Delhi,Delhi
17974,Account-017974,2023-09-02,SMB,Hospitality,Organic Search,Gurugram,Haryana
17993,Account-017993,2023-02-10,Mid-Market,Manufacturing,Marketplace,Bengaluru,Karnataka
17998,Account-017998,2022-07-20,SMB,IT Services,Organic Search,Kochi,Kerala
18009,Account-018009,2025-11-10,Enterprise,Real Estate,Partner,Hyderabad,Telangana
18013,Account-018013,2024-05-08,SMB,Manufacturing,Organic Search,Bengaluru,Karnataka
18050,Account-018050,2025-11-18,SMB,Hospitality,Paid Ads,Kolkata,West Bengal
18057,Account-018057,2023-09-20,SMB,Retail,Referral,Delhi,Delhi
18088,Account-018088,2023-03-28,SMB,Logistics,Outbound Sales,Ahmedabad,Gujarat
18104,Account-018104,2024-06-29,Mid-Market,Education,Referral,Pune,Maharashtra
18130,Account-018130,2022-06-14,Mid-Market,Manufacturing,Paid Ads,Hyderabad,Telangana
18148,Account-018148,2025-09-06,Enterprise,Retail,Referral,Mumbai,Maharashtra
18211,Account-018211,2022-06-21,SMB,Hospitality,Partner,Hyderabad,Telangana
18219,Account-018219,2022-12-29,Mid-Market,Logistics,Partner,Mumbai,Maharashtra
18303,Account-018303,2024-05-21,Mid-Market,Agritech,Outbound Sales,Coimbatore,Tamil Nadu
18307,Account-018307,2025-02-14,Mid-Market,Healthcare,Partner,Indore,Madhya Pradesh
18349,Account-018349,2026-02-28,SMB,Financial Services,Referral,Shivamogga,Karnataka
18516,Account-018516,2026-02-16,SMB,Retail,Paid Ads,Jaipur,Rajasthan
18605,Account-018605,2025-10-06,SMB,Real Estate,Outbound Sales,Gurugram,Haryana
18606,Account-018606,2025-01-19,SMB,Hospitality,Partner,Bengaluru,Karnataka
18662,Account-018662,2024-02-27,SMB,Real Estate,Referral,Pune,Maharashtra
18682,Account-018682,2025-06-21,Mid-Market,Hospitality,Organic Search,Chennai,Tamil Nadu
18710,Account-018710,2023-09-20,SMB,Retail,Outbound Sales,Jaipur,Rajasthan
18720,Account-018720,2024-10-07,SMB,Real Estate,Organic Search,Gurugram,Haryana
18732,Account-018732,2024-05-07,SMB,Agritech,Referral,Delhi,Delhi
18752,Account-018752,2025-11-08,Enterprise,Education,Organic Search,Kolkata,West Bengal
18783,Account-018783,2025-12-15,SMB,Education,Partner,Kolkata,West Bengal
18808,Account-018808,2023-11-12,SMB,Financial Services,Outbound Sales,Hyderabad,Telangana
18811,Account-018811,2024-02-12,SMB,Financial Services,Paid Ads,Noida,Uttar Pradesh
18861,Account-018861,2025-11-18,SMB,Real Estate,Outbound Sales,Kochi,Kerala
18887,Account-018887,2025-08-04,Mid-Market,IT Services,Outbound Sales,Pune,Maharashtra
18901,Account-018901,2022-05-15,Mid-Market,Manufacturing,Outbound Sales,Shivamogga,Karnataka
18902,Account-018902,2025-01-16,Mid-Market,Real Estate,Referral,Kolkata,West Bengal
18914,Account-018914,2024-05-07,SMB,Financial Services,Organic Search,Chennai,Tamil Nadu
18943,Account-018943,2023-01-20,SMB,IT Services,Outbound Sales,Ahmedabad,Gujarat
18997,Account-018997,2025-08-13,SMB,Manufacturing,Outbound Sales,Pune,Maharashtra
19002,Account-019002,2024-05-26,Mid-Market,Hospitality,Partner,Shivamogga,Karnataka
19036,Account-019036,2024-05-12,Mid-Market,Real Estate,Referral,Noida,Uttar Pradesh
19073,Account-019073,2026-06-04,SMB,Hospitality,Paid Ads,Kochi,Kerala
19079,Account-019079,2023-08-18,Mid-Market,Logistics,Referral,Pune,Maharashtra
19095,Account-019095,2023-06-11,SMB,IT Services,Organic Search,Mumbai,Maharashtra
19107,Account-019107,2025-05-17,SMB,Education,Paid Ads,Noida,Uttar Pradesh
19198,Account-019198,2023-12-25,Mid-Market,IT Services,Organic Search,Jaipur,Rajasthan
19221,Account-019221,2026-03-23,SMB,Logistics,Outbound Sales,Hyderabad,Telangana
19266,Account-019266,2026-03-14,SMB,Education,Referral,Bengaluru,Karnataka
19444,Account-019444,2026-04-26,SMB,Real Estate,Organic Search,Kochi,Kerala
19456,Account-019456,2026-04-08,Mid-Market,Healthcare,Outbound Sales,Kolkata,West Bengal
19468,Account-019468,2022-10-26,SMB,Real Estate,Outbound Sales,Hyderabad,Telangana
19491,Account-019491,2025-09-22,SMB,Financial Services,Paid Ads,Mumbai,Maharashtra
19508,Account-019508,2025-12-18,SMB,Education,Referral,Shivamogga,Karnataka
19560,Account-019560,2024-10-21,SMB,Retail,Referral,Chennai,Tamil Nadu
19563,Account-019563,2025-01-20,SMB,Real Estate,Organic Search,Delhi,Delhi
19676,Account-019676,2025-04-16,Mid-Market,Logistics,Paid Ads,Ahmedabad,Gujarat
19694,Account-019694,2026-04-06,SMB,Healthcare,Organic Search,Shivamogga,Karnataka
19729,Account-019729,2023-12-07,Mid-Market,Hospitality,Paid Ads,Mumbai,Maharashtra
19746,Account-019746,2025-12-20,Mid-Market,Agritech,Organic Search,Chennai,Tamil Nadu
19769,Account-019769,2025-10-12,SMB,Education,Organic Search,Coimbatore,Tamil Nadu
19777,Account-019777,2024-05-28,SMB,Financial Services,Referral,Kochi,Kerala
19794,Account-019794,2025-06-24,SMB,Logistics,Organic Search,Mumbai,Maharashtra
19811,Account-019811,2025-02-10,SMB,Real Estate,Marketplace,Jaipur,Rajasthan
19926,Account-019926,2023-12-24,SMB,Real Estate,Referral,Hyderabad,Telangana
19943,Account-019943,2025-02-13,Enterprise,IT Services,Partner,Gurugram,Haryana
20071,Account-020071,2023-11-09,SMB,Hospitality,Referral,Ahmedabad,Gujarat
20082,Account-020082,2025-07-25,Mid-Market,IT Services,Outbound Sales,Ahmedabad,Gujarat
20131,Account-020131,2024-06-22,SMB,Healthcare,Organic Search,Bengaluru,Karnataka
20162,Account-020162,2024-01-22,Mid-Market,Financial Services,Organic Search,Bengaluru,Karnataka
20218,Account-020218,2026-01-08,SMB,IT Services,Referral,Noida,Uttar Pradesh
20244,Account-020244,2026-03-02,Mid-Market,Logistics,Paid Ads,Indore,Madhya Pradesh
20288,Account-020288,2026-02-01,Enterprise,Healthcare,Marketplace,Bengaluru,Karnataka
20296,Account-020296,2024-03-17,SMB,IT Services,Organic Search,Bengaluru,Karnataka
20335,Account-020335,2025-01-24,SMB,Healthcare,Referral,Coimbatore,Tamil Nadu
20357,Account-020357,2024-08-09,Enterprise,Real Estate,Paid Ads,Coimbatore,Tamil Nadu
20391,Account-020391,2025-03-13,Mid-Market,Financial Services,Paid Ads,Bengaluru,Karnataka
20402,Account-020402,2026-02-18,Mid-Market,Education,Organic Search,Hyderabad,Telangana
20457,Account-020457,2023-06-04,SMB,Healthcare,Outbound Sales,Bengaluru,Karnataka
20480,Account-020480,2024-11-21,SMB,Logistics,Organic Search,Chennai,Tamil Nadu
20493,Account-020493,2024-07-24,SMB,Manufacturing,Marketplace,Ahmedabad,Gujarat
20516,Account-020516,2022-03-09,SMB,Real Estate,Paid Ads,Coimbatore,Tamil Nadu
20574,Account-020574,2025-12-27,SMB,Logistics,Paid Ads,Kolkata,West Bengal
20595,Account-020595,2024-06-21,SMB,Retail,Organic Search,Indore,Madhya Pradesh
20597,Account-020597,2025-02-12,SMB,Logistics,Organic Search,Kolkata,West Bengal
20677,Account-020677,2025-08-22,Mid-Market,Agritech,Organic Search,Hyderabad,Telangana
20686,Account-020686,2023-02-21,Enterprise,Real Estate,Paid Ads,Jaipur,Rajasthan
20711,Account-020711,2024-06-30,Enterprise,Financial Services,Referral,Kolkata,West Bengal
20797,Account-020797,2025-05-25,SMB,Agritech,Paid Ads,Shivamogga,Karnataka
20821,Account-020821,2024-12-31,Mid-Market,Hospitality,Organic Search,Chennai,Tamil Nadu
20940,Account-020940,2022-09-08,SMB,IT Services,Partner,Jaipur,Rajasthan
20947,Account-020947,2025-04-20,SMB,Logistics,Organic Search,Noida,Uttar Pradesh
20987,Account-020987,2024-08-28,SMB,Manufacturing,Outbound Sales,Kochi,Kerala
20988,Account-020988,2026-04-03,SMB,Logistics,Organic Search,Coimbatore,Tamil Nadu
20992,Account-020992,2023-09-14,SMB,Logistics,Outbound Sales,Gurugram,Haryana
21026,Account-021026,2023-10-02,SMB,Real Estate,Organic Search,Ahmedabad,Gujarat
21126,Account-021126,2024-08-11,SMB,IT Services,Organic Search,Ahmedabad,Gujarat
21146,Account-021146,2024-11-09,SMB,Real Estate,Organic Search,Bengaluru,Karnataka
21156,Account-021156,2025-08-31,SMB,Healthcare,Outbound Sales,Pune,Maharashtra
21170,Account-021170,2025-03-11,SMB,Hospitality,Paid Ads,Ahmedabad,Gujarat
21189,Account-021189,2024-08-26,SMB,Agritech,Organic Search,Kolkata,West Bengal
21277,Account-021277,2025-12-02,SMB,Healthcare,Paid Ads,Delhi,Delhi
21287,Account-021287,2025-10-28,SMB,Agritech,Marketplace,Kolkata,West Bengal
21288,Account-021288,2025-06-28,SMB,Education,Referral,Pune,Maharashtra
21504,Account-021504,2023-10-18,SMB,Logistics,Paid Ads,Kolkata,West Bengal
21512,Account-021512,2024-09-20,SMB,Logistics,Outbound Sales,Chennai,Tamil Nadu
21526,Account-021526,2025-12-31,SMB,Agritech,Organic Search,Kochi,Kerala
21542,Account-021542,2024-07-29,SMB,Education,Partner,Shivamogga,Karnataka
21561,Account-021561,2025-03-08,SMB,Healthcare,Paid Ads,Pune,Maharashtra
21608,Account-021608,2026-06-15,SMB,Logistics,Outbound Sales,Shivamogga,Karnataka
21682,Account-021682,2024-02-20,Mid-Market,Retail,Outbound Sales,Chennai,Tamil Nadu
21751,Account-021751,2023-07-31,Mid-Market,Financial Services,Organic Search,Kolkata,West Bengal
21783,Account-021783,2025-05-10,SMB,Education,Marketplace,Noida,Uttar Pradesh
21823,Account-021823,2025-03-24,SMB,Retail,Organic Search,Kolkata,West Bengal
22031,Account-022031,2024-12-23,Mid-Market,Logistics,Partner,Ahmedabad,Gujarat
22041,Account-022041,2024-12-04,SMB,Retail,Organic Search,Gurugram,Haryana
22106,Account-022106,2025-12-05,SMB,IT Services,Partner,Jaipur,Rajasthan
22110,Account-022110,2024-10-11,SMB,Education,Referral,Delhi,Delhi
22139,Account-022139,2023-09-13,SMB,Logistics,Paid Ads,Jaipur,Rajasthan
22154,Account-022154,2023-06-10,SMB,IT Services,Partner,Delhi,Delhi
22199,Account-022199,2026-06-25,SMB,Healthcare,Outbound Sales,Chennai,Tamil Nadu
22215,Account-022215,2024-10-15,SMB,Retail,Organic Search,Indore,Madhya Pradesh
22217,Account-022217,2024-08-13,SMB,Healthcare,Referral,Kolkata,West Bengal
22290,Account-022290,2026-01-12,Mid-Market,Real Estate,Marketplace,Hyderabad,Telangana
22291,Account-022291,2025-12-01,SMB,Healthcare,Paid Ads,Ahmedabad,Gujarat
22293,Account-022293,2025-12-30,Mid-Market,Financial Services,Outbound Sales,Shivamogga,Karnataka
22297,Account-022297,2025-04-15,Mid-Market,Agritech,Marketplace,Kochi,Kerala
22340,Account-022340,2025-01-10,SMB,Financial Services,Marketplace,Indore,Madhya Pradesh
22343,Account-022343,2025-06-21,SMB,Real Estate,Organic Search,Pune,Maharashtra
22350,Account-022350,2025-10-29,Mid-Market,Manufacturing,Organic Search,Hyderabad,Telangana
22372,Account-022372,2024-01-06,SMB,Financial Services,Paid Ads,Pune,Maharashtra
22416,Account-022416,2024-11-22,SMB,Real Estate,Outbound Sales,Gurugram,Haryana
22447,Account-022447,2026-05-02,Mid-Market,Logistics,Outbound Sales,Gurugram,Haryana
22475,Account-022475,2022-09-28,SMB,IT Services,Partner,Mumbai,Maharashtra
22485,Account-022485,2024-07-20,Mid-Market,Real Estate,Outbound Sales,Hyderabad,Telangana
22487,Account-022487,2024-08-25,SMB,Education,Marketplace,Hyderabad,Telangana
22492,Account-022492,2025-10-19,Mid-Market,Retail,Outbound Sales,Indore,Madhya Pradesh
22541,Account-022541,2025-01-30,SMB,Manufacturing,Organic Search,Noida,Uttar Pradesh
22573,Account-022573,2024-11-09,SMB,Retail,Organic Search,Noida,Uttar Pradesh
22593,Account-022593,2025-10-19,SMB,Manufacturing,Partner,Shivamogga,Karnataka
22599,Account-022599,2026-02-04,SMB,Real Estate,Paid Ads,Gurugram,Haryana
22603,Account-022603,2023-11-26,Enterprise,IT Services,Paid Ads,Jaipur,Rajasthan
22605,Account-022605,2025-08-28,SMB,Education,Paid Ads,Ahmedabad,Gujarat
22662,Account-022662,2025-07-10,SMB,Agritech,Partner,Kochi,Kerala
22676,Account-022676,2023-07-05,SMB,Hospitality,Organic Search,Pune,Maharashtra
22710,Account-022710,2022-11-03,SMB,Manufacturing,Organic Search,Indore,Madhya Pradesh
22756,Account-022756,2024-08-05,SMB,Manufacturing,Referral,Pune,Maharashtra
22768,Account-022768,2025-08-19,SMB,Manufacturing,Partner,Mumbai,Maharashtra
22825,Account-022825,2024-09-27,Mid-Market,Agritech,Outbound Sales,Delhi,Delhi
22836,Account-022836,2023-12-05,SMB,Real Estate,Marketplace,Bengaluru,Karnataka
22914,Account-022914,2024-12-07,SMB,Manufacturing,Outbound Sales,Coimbatore,Tamil Nadu
22915,Account-022915,2022-11-13,SMB,Education,Outbound Sales,Mumbai,Maharashtra
22949,Account-022949,2023-08-03,Enterprise,Manufacturing,Organic Search,Mumbai,Maharashtra
22999,Account-022999,2023-03-26,Mid-Market,Manufacturing,Partner,Ahmedabad,Gujarat
23108,Account-023108,2024-09-07,SMB,Manufacturing,Paid Ads,Kolkata,West Bengal
23130,Account-023130,2025-06-21,Mid-Market,Healthcare,Paid Ads,Hyderabad,Telangana
23169,Account-023169,2023-11-30,SMB,Real Estate,Organic Search,Gurugram,Haryana
23219,Account-023219,2025-08-20,SMB,Agritech,Referral,Shivamogga,Karnataka
23338,Account-023338,2024-12-14,Enterprise,Education,Referral,Bengaluru,Karnataka
23467,Account-023467,2024-09-24,Mid-Market,Hospitality,Organic Search,Chennai,Tamil Nadu
23469,Account-023469,2025-03-10,Enterprise,Real Estate,Outbound Sales,Pune,Maharashtra
23484,Account-023484,2025-06-22,SMB,Healthcare,Outbound Sales,Indore,Madhya Pradesh
23490,Account-023490,2023-04-30,SMB,Manufacturing,Referral,Ahmedabad,Gujarat
23508,Account-023508,2023-08-28,SMB,Education,Marketplace,Chennai,Tamil Nadu
23512,Account-023512,2024-08-21,SMB,IT Services,Paid Ads,Ahmedabad,Gujarat
23518,Account-023518,2025-04-14,Enterprise,Logistics,Organic Search,Coimbatore,Tamil Nadu
23538,Account-023538,2026-02-09,SMB,Real Estate,Partner,Noida,Uttar Pradesh
23713,Account-023713,2025-03-23,Mid-Market,Retail,Organic Search,Hyderabad,Telangana
23757,Account-023757,2024-11-16,SMB,Financial Services,Partner,Ahmedabad,Gujarat
23892,Account-023892,2025-08-05,SMB,Financial Services,Partner,Shivamogga,Karnataka
23924,Account-023924,2026-06-17,Mid-Market,Real Estate,Paid Ads,Indore,Madhya Pradesh
23931,Account-023931,2024-04-08,Mid-Market,Manufacturing,Referral,Jaipur,Rajasthan
23959,Account-023959,2024-01-16,SMB,Financial Services,Partner,Noida,Uttar Pradesh
24011,Account-024011,2024-10-10,SMB,Education,Partner,Coimbatore,Tamil Nadu
24061,Account-024061,2025-07-22,SMB,Financial Services,Organic Search,Bengaluru,Karnataka
24087,Account-024087,2025-11-23,SMB,Financial Services,Organic Search,Kochi,Kerala
24117,Account-024117,2025-10-28,SMB,Manufacturing,Referral,Shivamogga,Karnataka
24180,Account-024180,2026-05-13,SMB,IT Services,Partner,Kochi,Kerala
24199,Account-024199,2023-06-05,Mid-Market,IT Services,Outbound Sales,Chennai,Tamil Nadu
24222,Account-024222,2026-05-02,Enterprise,Retail,Partner,Pune,Maharashtra
24244,Account-024244,2024-07-31,Mid-Market,Financial Services,Partner,Hyderabad,Telangana
24261,Account-024261,2025-06-14,Mid-Market,Manufacturing,Outbound Sales,Kolkata,West Bengal
24298,Account-024298,2025-04-22,Mid-Market,IT Services,Partner,Chennai,Tamil Nadu
24468,Account-024468,2026-01-29,Mid-Market,Agritech,Organic Search,Bengaluru,Karnataka
24478,Account-024478,2026-06-13,Mid-Market,Education,Outbound Sales,Delhi,Delhi
24484,Account-024484,2024-12-04,SMB,Agritech,Marketplace,Gurugram,Haryana
24530,Account-024530,2023-01-11,SMB,Healthcare,Referral,Ahmedabad,Gujarat
24563,Account-024563,2024-10-01,SMB,Hospitality,Referral,Bengaluru,Karnataka
24595,Account-024595,2024-09-07,SMB,Manufacturing,Paid Ads,Ahmedabad,Gujarat
24618,Account-024618,2026-03-29,Enterprise,IT Services,Outbound Sales,Coimbatore,Tamil Nadu
24630,Account-024630,2023-08-15,SMB,Retail,Outbound Sales,Ahmedabad,Gujarat
24703,Account-024703,2023-09-27,SMB,Healthcare,Outbound Sales,Noida,Uttar Pradesh
24712,Account-024712,2024-09-22,Mid-Market,Agritech,Partner,Hyderabad,Telangana
24733,Account-024733,2024-05-19,SMB,Healthcare,Paid Ads,Kolkata,West Bengal
24772,Account-024772,2024-01-19,SMB,Agritech,Outbound Sales,Delhi,Delhi
24829,Account-024829,2024-10-03,SMB,Manufacturing,Outbound Sales,Indore,Madhya Pradesh
24838,Account-024838,2024-09-21,SMB,Hospitality,Outbound Sales,Jaipur,Rajasthan
24845,Account-024845,2025-03-05,SMB,Manufacturing,Outbound Sales,Hyderabad,Telangana
24848,Account-024848,2025-04-17,SMB,Financial Services,Organic Search,Ahmedabad,Gujarat
24880,Account-024880,2025-12-04,SMB,Hospitality,Partner,Bengaluru,Karnataka
24948,Account-024948,2024-01-24,SMB,Financial Services,Paid Ads,Kochi,Kerala
24957,Account-024957,2024-12-28,Mid-Market,Retail,Outbound Sales,Ahmedabad,Gujarat
24976,Account-024976,2025-10-21,SMB,Hospitality,Organic Search,Ahmedabad,Gujarat
25035,Account-025035,2024-02-26,SMB,Financial Services,Organic Search,Ahmedabad,Gujarat
25075,Account-025075,2025-06-10,Enterprise,IT Services,Organic Search,Kochi,Kerala
25138,Account-025138,2025-02-01,Mid-Market,Financial Services,Organic Search,Hyderabad,Telangana
25145,Account-025145,2023-02-16,SMB,Real Estate,Paid Ads,Kolkata,West Bengal
25235,Account-025235,2023-05-09,SMB,Manufacturing,Organic Search,Gurugram,Haryana
25247,Account-025247,2025-03-02,SMB,Retail,Partner,Bengaluru,Karnataka
25256,Account-025256,2024-03-21,Mid-Market,Education,Organic Search,Noida,Uttar Pradesh
25274,Account-025274,2025-01-03,Enterprise,Logistics,Outbound Sales,Shivamogga,Karnataka
25308,Account-025308,2024-10-17,Enterprise,IT Services,Outbound Sales,Shivamogga,Karnataka
25319,Account-025319,2023-08-28,SMB,Manufacturing,Partner,Coimbatore,Tamil Nadu
25328,Account-025328,2026-05-10,Mid-Market,Hospitality,Organic Search,Shivamogga,Karnataka
25330,Account-025330,2026-02-28,SMB,IT Services,Paid Ads,Hyderabad,Telangana
25336,Account-025336,2023-04-23,SMB,IT Services,Referral,Delhi,Delhi
25380,Account-025380,2025-11-20,SMB,Financial Services,Marketplace,Delhi,Delhi
25448,Account-025448,2026-02-13,SMB,Real Estate,Outbound Sales,Delhi,Delhi
25560,Account-025560,2024-03-22,SMB,Manufacturing,Organic Search,Noida,Uttar Pradesh
25577,Account-025577,2023-08-28,Mid-Market,Real Estate,Organic Search,Kochi,Kerala
25586,Account-025586,2025-12-21,SMB,Logistics,Outbound Sales,Chennai,Tamil Nadu
25613,Account-025613,2025-02-26,Mid-Market,Financial Services,Outbound Sales,Kolkata,West Bengal
25666,Account-025666,2023-08-12,Mid-Market,Healthcare,Marketplace,Ahmedabad,Gujarat
25679,Account-025679,2024-03-22,Mid-Market,Manufacturing,Outbound Sales,Kochi,Kerala
25686,Account-025686,2025-01-01,SMB,Manufacturing,Marketplace,Mumbai,Maharashtra
25687,Account-025687,2024-07-26,SMB,Real Estate,Paid Ads,Kolkata,West Bengal
25694,Account-025694,2023-06-01,Mid-Market,Manufacturing,Organic Search,Indore,Madhya Pradesh
25696,Account-025696,2026-03-29,SMB,Retail,Referral,Chennai,Tamil Nadu
25759,Account-025759,2025-01-04,SMB,Agritech,Referral,Shivamogga,Karnataka
25790,Account-025790,2026-03-07,Mid-Market,Agritech,Referral,Bengaluru,Karnataka
25818,Account-025818,2025-04-02,Mid-Market,IT Services,Paid Ads,Pune,Maharashtra
25858,Account-025858,2026-01-15,SMB,IT Services,Organic Search,Noida,Uttar Pradesh
25909,Account-025909,2025-08-15,SMB,Logistics,Organic Search,Mumbai,Maharashtra
25919,Account-025919,2023-05-20,Mid-Market,Real Estate,Paid Ads,Shivamogga,Karnataka
25920,Account-025920,2025-06-18,SMB,Education,Marketplace,Ahmedabad,Gujarat
25951,Account-025951,2025-08-15,SMB,Retail,Partner,Ahmedabad,Gujarat
25988,Account-025988,2023-10-31,SMB,Education,Paid Ads,Bengaluru,Karnataka
26035,Account-026035,2025-11-15,Mid-Market,Education,Referral,Chennai,Tamil Nadu
26042,Account-026042,2024-10-25,SMB,Logistics,Outbound Sales,Bengaluru,Karnataka
26147,Account-026147,2025-05-11,Mid-Market,Manufacturing,Referral,Hyderabad,Telangana
26243,Account-026243,2025-11-04,SMB,Agritech,Partner,Jaipur,Rajasthan
26260,Account-026260,2024-12-10,SMB,Agritech,Marketplace,Kolkata,West Bengal
26277,Account-026277,2025-04-15,Mid-Market,Retail,Organic Search,Gurugram,Haryana
26312,Account-026312,2025-08-12,Mid-Market,Education,Organic Search,Coimbatore,Tamil Nadu
26445,Account-026445,2023-12-05,SMB,Education,Outbound Sales,Jaipur,Rajasthan
26507,Account-026507,2024-04-02,SMB,Retail,Paid Ads,Kolkata,West Bengal
26521,Account-026521,2024-10-08,SMB,Logistics,Marketplace,Kochi,Kerala
26568,Account-026568,2023-10-22,Enterprise,Logistics,Outbound Sales,Chennai,Tamil Nadu
26592,Account-026592,2023-05-11,SMB,IT Services,Organic Search,Pune,Maharashtra
26659,Account-026659,2025-12-12,SMB,Manufacturing,Referral,Noida,Uttar Pradesh
26664,Account-026664,2024-11-20,Enterprise,Manufacturing,Referral,Shivamogga,Karnataka
26685,Account-026685,2025-01-09,SMB,Education,Outbound Sales,Kolkata,West Bengal
26714,Account-026714,2025-01-22,Mid-Market,IT Services,Partner,Ahmedabad,Gujarat
26734,Account-026734,2025-08-31,Mid-Market,IT Services,Organic Search,Ahmedabad,Gujarat
26744,Account-026744,2025-05-20,Mid-Market,Healthcare,Referral,Gurugram,Haryana
26817,Account-026817,2023-01-11,Mid-Market,Agritech,Organic Search,Indore,Madhya Pradesh
26835,Account-026835,2025-03-05,Enterprise,Healthcare,Outbound Sales,Mumbai,Maharashtra
26865,Account-026865,2025-01-02,Enterprise,Retail,Outbound Sales,Kolkata,West Bengal
26878,Account-026878,2024-10-21,SMB,Manufacturing,Paid Ads,Delhi,Delhi
26911,Account-026911,2024-06-22,SMB,Education,Paid Ads,Gurugram,Haryana
26965,Account-026965,2025-05-15,Enterprise,Healthcare,Outbound Sales,Ahmedabad,Gujarat
27087,Account-027087,2025-12-31,SMB,Hospitality,Partner,Delhi,Delhi
27133,Account-027133,2024-02-03,SMB,Education,Marketplace,Ahmedabad,Gujarat
27248,Account-027248,2025-06-17,Mid-Market,Healthcare,Marketplace,Mumbai,Maharashtra
27277,Account-027277,2025-11-23,SMB,Manufacturing,Organic Search,Bengaluru,Karnataka
27292,Account-027292,2026-06-10,SMB,Retail,Partner,Mumbai,Maharashtra
27315,Account-027315,2025-05-02,SMB,Retail,Referral,Kolkata,West Bengal
27322,Account-027322,2025-10-28,Mid-Market,Real Estate,Paid Ads,Ahmedabad,Gujarat
27337,Account-027337,2024-01-31,Mid-Market,Real Estate,Organic Search,Hyderabad,Telangana
27373,Account-027373,2026-05-12,SMB,Logistics,Referral,Pune,Maharashtra
27381,Account-027381,2025-11-21,SMB,Real Estate,Partner,Coimbatore,Tamil Nadu
27387,Account-027387,2023-11-11,Mid-Market,Agritech,Organic Search,Hyderabad,Telangana
27392,Account-027392,2025-01-26,SMB,Financial Services,Referral,Coimbatore,Tamil Nadu
27422,Account-027422,2026-01-12,SMB,Real Estate,Organic Search,Pune,Maharashtra
27489,Account-027489,2023-07-12,Mid-Market,Hospitality,Outbound Sales,Mumbai,Maharashtra
27545,Account-027545,2023-01-13,SMB,Real Estate,Referral,Shivamogga,Karnataka
27558,Account-027558,2026-01-17,SMB,Manufacturing,Marketplace,Hyderabad,Telangana
27588,Account-027588,2024-05-25,SMB,Financial Services,Paid Ads,Bengaluru,Karnataka
27670,Account-027670,2026-03-27,SMB,Agritech,Outbound Sales,Chennai,Tamil Nadu
27689,Account-027689,2024-11-01,SMB,Healthcare,Outbound Sales,Shivamogga,Karnataka
27708,Account-027708,2023-09-21,Enterprise,Healthcare,Referral,Bengaluru,Karnataka
27750,Account-027750,2025-09-26,SMB,Financial Services,Partner,Delhi,Delhi
27778,Account-027778,2025-06-17,Mid-Market,Financial Services,Paid Ads,Ahmedabad,Gujarat
27791,Account-027791,2023-02-04,Mid-Market,Hospitality,Organic Search,Gurugram,Haryana
27834,Account-027834,2026-01-01,Mid-Market,Retail,Outbound Sales,Noida,Uttar Pradesh
27940,Account-027940,2025-06-04,SMB,Education,Organic Search,Pune,Maharashtra
27963,Account-027963,2025-05-08,SMB,Education,Referral,Coimbatore,Tamil Nadu
27998,Account-027998,2025-03-07,Mid-Market,Financial Services,Paid Ads,Indore,Madhya Pradesh
28017,Account-028017,2025-02-03,SMB,IT Services,Outbound Sales,Coimbatore,Tamil Nadu
28082,Account-028082,2024-03-15,SMB,Agritech,Referral,Noida,Uttar Pradesh
28136,Account-028136,2024-11-29,SMB,Agritech,Referral,Gurugram,Haryana
28203,Account-028203,2024-07-04,SMB,Healthcare,Partner,Pune,Maharashtra
28234,Account-028234,2025-03-16,SMB,Logistics,Paid Ads,Bengaluru,Karnataka
28239,Account-028239,2023-11-25,SMB,Agritech,Referral,Ahmedabad,Gujarat
28276,Account-028276,2024-05-14,SMB,Logistics,Referral,Shivamogga,Karnataka
28278,Account-028278,2024-08-15,Mid-Market,Hospitality,Paid Ads,Pune,Maharashtra
28284,Account-028284,2025-10-21,Mid-Market,Hospitality,Paid Ads,Indore,Madhya Pradesh
28370,Account-028370,2024-11-10,Mid-Market,Healthcare,Paid Ads,Delhi,Delhi
28382,Account-028382,2025-03-14,Mid-Market,Healthcare,Paid Ads,Indore,Madhya Pradesh
28397,Account-028397,2024-03-24,Mid-Market,Manufacturing,Partner,Pune,Maharashtra
28412,Account-028412,2023-12-01,SMB,Retail,Referral,Hyderabad,Telangana
28440,Account-028440,2024-09-29,SMB,Logistics,Partner,Gurugram,Haryana
28453,Account-028453,2025-05-03,SMB,Hospitality,Organic Search,Kochi,Kerala
28485,Account-028485,2025-09-04,Enterprise,Hospitality,Marketplace,Kolkata,West Bengal
28508,Account-028508,2025-10-11,SMB,Healthcare,Outbound Sales,Ahmedabad,Gujarat
28546,Account-028546,2026-05-29,Mid-Market,Real Estate,Organic Search,Kochi,Kerala
28551,Account-028551,2026-05-07,SMB,Real Estate,Partner,Shivamogga,Karnataka
28572,Account-028572,2025-03-07,SMB,Logistics,Outbound Sales,Mumbai,Maharashtra
28585,Account-028585,2025-12-11,Enterprise,Hospitality,Organic Search,Hyderabad,Telangana
28641,Account-028641,2025-04-16,Mid-Market,Education,Organic Search,Chennai,Tamil Nadu
28689,Account-028689,2025-10-20,SMB,IT Services,Paid Ads,Bengaluru,Karnataka
28746,Account-028746,2025-09-14,SMB,Education,Organic Search,Gurugram,Haryana
28826,Account-028826,2023-01-28,Mid-Market,Healthcare,Outbound Sales,Jaipur,Rajasthan
28898,Account-028898,2025-06-30,Mid-Market,Real Estate,Organic Search,Jaipur,Rajasthan
28899,Account-028899,2024-09-24,SMB,Manufacturing,Organic Search,Kochi,Kerala
28909,Account-028909,2022-10-16,SMB,Healthcare,Paid Ads,Mumbai,Maharashtra
28977,Account-028977,2025-05-04,SMB,Education,Referral,Noida,Uttar Pradesh
28987,Account-028987,2024-04-10,Mid-Market,Manufacturing,Organic Search,Indore,Madhya Pradesh
29000,Account-029000,2026-04-06,SMB,Logistics,Paid Ads,Noida,Uttar Pradesh
29074,Account-029074,2025-09-10,Mid-Market,Manufacturing,Referral,Mumbai,Maharashtra
29124,Account-029124,2022-09-13,Enterprise,Manufacturing,Referral,Indore,Madhya Pradesh
29141,Account-029141,2025-11-28,Enterprise,Manufacturing,Referral,Noida,Uttar Pradesh
29155,Account-029155,2024-06-03,Mid-Market,Healthcare,Paid Ads,Chennai,Tamil Nadu
29175,Account-029175,2025-10-23,SMB,Education,Referral,Bengaluru,Karnataka
29218,Account-029218,2024-07-27,SMB,Healthcare,Organic Search,Pune,Maharashtra
29251,Account-029251,2025-03-13,Mid-Market,Education,Marketplace,Mumbai,Maharashtra
29261,Account-029261,2025-12-01,SMB,Agritech,Paid Ads,Jaipur,Rajasthan
29302,Account-029302,2023-04-20,Enterprise,Healthcare,Outbound Sales,Shivamogga,Karnataka
29303,Account-029303,2024-06-18,Mid-Market,Education,Organic Search,Chennai,Tamil Nadu
29327,Account-029327,2024-03-23,SMB,Retail,Organic Search,Hyderabad,Telangana
29331,Account-029331,2023-02-22,SMB,Education,Paid Ads,Noida,Uttar Pradesh
29367,Account-029367,2023-08-09,Mid-Market,Manufacturing,Referral,Bengaluru,Karnataka
29404,Account-029404,2026-03-03,SMB,Financial Services,Referral,Kolkata,West Bengal
29499,Account-029499,2024-01-04,Mid-Market,Agritech,Organic Search,Indore,Madhya Pradesh
29520,Account-029520,2026-05-21,SMB,Financial Services,Paid Ads,Kolkata,West Bengal
29526,Account-029526,2024-10-13,SMB,Healthcare,Paid Ads,Jaipur,Rajasthan
29546,Account-029546,2025-10-23,Mid-Market,Agritech,Partner,Hyderabad,Telangana
29667,Account-029667,2022-11-02,Enterprise,Real Estate,Outbound Sales,Kochi,Kerala
29679,Account-029679,2024-07-05,SMB,Education,Paid Ads,Noida,Uttar Pradesh
29688,Account-029688,2024-09-30,SMB,Logistics,Partner,Pune,Maharashtra
29690,Account-029690,2026-04-07,SMB,Hospitality,Partner,Coimbatore,Tamil Nadu
29721,Account-029721,2024-04-14,SMB,Agritech,Organic Search,Noida,Uttar Pradesh
29723,Account-029723,2025-02-05,SMB,Logistics,Organic Search,Noida,Uttar Pradesh
29769,Account-029769,2024-07-20,SMB,Education,Paid Ads,Chennai,Tamil Nadu
29805,Account-029805,2024-03-09,SMB,Manufacturing,Paid Ads,Jaipur,Rajasthan
29832,Account-029832,2024-08-24,SMB,Hospitality,Marketplace,Hyderabad,Telangana
29835,Account-029835,2025-12-23,SMB,Retail,Paid Ads,Shivamogga,Karnataka
29841,Account-029841,2025-03-03,Enterprise,IT Services,Paid Ads,Indore,Madhya Pradesh
29897,Account-029897,2023-08-21,SMB,Agritech,Paid Ads,Delhi,Delhi
29918,Account-029918,2024-07-25,SMB,Healthcare,Marketplace,Kochi,Kerala
29922,Account-029922,2024-04-28,Enterprise,Manufacturing,Paid Ads,Kochi,Kerala
29926,Account-029926,2024-05-05,SMB,Education,Paid Ads,Hyderabad,Telangana
29939,Account-029939,2022-01-06,SMB,Financial Services,Outbound Sales,Ahmedabad,Gujarat
29955,Account-029955,2026-03-15,SMB,Healthcare,Organic Search,Chennai,Tamil Nadu
29986,Account-029986,2024-12-24,Mid-Market,Manufacturing,Partner,Noida,Uttar Pradesh
30070,Account-030070,2026-04-12,SMB,Logistics,Organic Search,Delhi,Delhi
30111,Account-030111,2025-09-06,Enterprise,Retail,Partner,Kochi,Kerala
30229,Account-030229,2024-02-16,Enterprise,Education,Organic Search,Gurugram,Haryana
30263,Account-030263,2025-07-13,SMB,Agritech,Organic Search,Kolkata,West Bengal
30318,Account-030318,2026-05-17,Enterprise,Education,Marketplace,Noida,Uttar Pradesh
30344,Account-030344,2025-07-20,SMB,Healthcare,Organic Search,Kolkata,West Bengal
30372,Account-030372,2024-07-21,Enterprise,Retail,Partner,Pune,Maharashtra
30382,Account-030382,2024-07-29,SMB,Agritech,Outbound Sales,Bengaluru,Karnataka
30410,Account-030410,2025-02-05,Mid-Market,Agritech,Outbound Sales,Mumbai,Maharashtra
30484,Account-030484,2025-03-17,SMB,Real Estate,Outbound Sales,Ahmedabad,Gujarat
30489,Account-030489,2025-12-07,SMB,Financial Services,Outbound Sales,Pune,Maharashtra
30559,Account-030559,2025-09-18,SMB,Real Estate,Outbound Sales,Kolkata,West Bengal
30593,Account-030593,2023-07-25,SMB,Retail,Outbound Sales,Mumbai,Maharashtra
30601,Account-030601,2025-09-01,Enterprise,Financial Services,Outbound Sales,Gurugram,Haryana
30607,Account-030607,2024-10-07,SMB,Agritech,Marketplace,Coimbatore,Tamil Nadu
30716,Account-030716,2025-02-17,SMB,Manufacturing,Outbound Sales,Hyderabad,Telangana
30736,Account-030736,2025-12-11,Mid-Market,Logistics,Organic Search,Noida,Uttar Pradesh
30738,Account-030738,2024-08-29,SMB,Financial Services,Paid Ads,Jaipur,Rajasthan
30795,Account-030795,2025-04-11,SMB,Agritech,Referral,Gurugram,Haryana
30798,Account-030798,2025-07-08,Mid-Market,Hospitality,Marketplace,Hyderabad,Telangana
30800,Account-030800,2025-09-12,SMB,Manufacturing,Referral,Pune,Maharashtra
30819,Account-030819,2024-08-16,Enterprise,Real Estate,Organic Search,Bengaluru,Karnataka
30820,Account-030820,2025-02-09,SMB,Logistics,Outbound Sales,Hyderabad,Telangana
30839,Account-030839,2025-07-09,Enterprise,Education,Referral,Pune,Maharashtra
30843,Account-030843,2024-12-18,SMB,Education,Marketplace,Noida,Uttar Pradesh
30866,Account-030866,2025-02-04,SMB,IT Services,Marketplace,Pune,Maharashtra
30867,Account-030867,2025-06-18,SMB,Retail,Partner,Gurugram,Haryana
30905,Account-030905,2024-05-14,Mid-Market,Hospitality,Organic Search,Jaipur,Rajasthan
30920,Account-030920,2025-10-27,SMB,Healthcare,Paid Ads,Noida,Uttar Pradesh
31005,Account-031005,2023-02-20,SMB,Retail,Organic Search,Noida,Uttar Pradesh
31051,Account-031051,2026-05-11,SMB,Healthcare,Outbound Sales,Gurugram,Haryana
31113,Account-031113,2023-11-12,SMB,Manufacturing,Paid Ads,Kolkata,West Bengal
31125,Account-031125,2024-07-09,SMB,Healthcare,Paid Ads,Hyderabad,Telangana
31126,Account-031126,2025-01-20,SMB,Real Estate,Outbound Sales,Delhi,Delhi
31158,Account-031158,2026-05-12,SMB,Logistics,Partner,Kolkata,West Bengal
31160,Account-031160,2024-08-05,SMB,Real Estate,Outbound Sales,Kochi,Kerala
31179,Account-031179,2022-05-03,SMB,Real Estate,Organic Search,Coimbatore,Tamil Nadu
31201,Account-031201,2025-11-18,SMB,IT Services,Outbound Sales,Ahmedabad,Gujarat
31239,Account-031239,2025-04-15,Mid-Market,IT Services,Organic Search,Pune,Maharashtra
31245,Account-031245,2026-01-17,Mid-Market,Logistics,Marketplace,Delhi,Delhi
31267,Account-031267,2025-05-05,Mid-Market,Hospitality,Organic Search,Hyderabad,Telangana
31286,Account-031286,2023-03-28,Enterprise,IT Services,Marketplace,Coimbatore,Tamil Nadu
31324,Account-031324,2023-09-19,SMB,Real Estate,Referral,Pune,Maharashtra
31331,Account-031331,2023-02-17,SMB,Manufacturing,Paid Ads,Gurugram,Haryana
31348,Account-031348,2024-06-18,SMB,Real Estate,Outbound Sales,Indore,Madhya Pradesh
31352,Account-031352,2026-02-13,SMB,Education,Organic Search,Gurugram,Haryana
31359,Account-031359,2025-11-02,SMB,Hospitality,Referral,Shivamogga,Karnataka
31392,Account-031392,2024-02-07,SMB,Healthcare,Outbound Sales,Kolkata,West Bengal
31417,Account-031417,2025-10-20,SMB,IT Services,Partner,Kochi,Kerala
31459,Account-031459,2025-04-11,Enterprise,Logistics,Partner,Shivamogga,Karnataka
31468,Account-031468,2023-06-28,SMB,Retail,Organic Search,Pune,Maharashtra
31544,Account-031544,2025-06-12,Mid-Market,Manufacturing,Partner,Shivamogga,Karnataka
31551,Account-031551,2025-12-02,SMB,Healthcare,Paid Ads,Shivamogga,Karnataka
31563,Account-031563,2024-06-28,SMB,Healthcare,Paid Ads,Mumbai,Maharashtra
31595,Account-031595,2024-06-29,SMB,Real Estate,Paid Ads,Shivamogga,Karnataka
31623,Account-031623,2025-03-28,Enterprise,Manufacturing,Outbound Sales,Bengaluru,Karnataka
31626,Account-031626,2026-06-10,Mid-Market,Logistics,Organic Search,Gurugram,Haryana
31691,Account-031691,2024-02-10,SMB,Real Estate,Referral,Gurugram,Haryana
31701,Account-031701,2025-06-07,SMB,Manufacturing,Partner,Pune,Maharashtra
31726,Account-031726,2024-07-03,SMB,IT Services,Paid Ads,Mumbai,Maharashtra
31730,Account-031730,2025-03-30,SMB,Manufacturing,Referral,Gurugram,Haryana
31775,Account-031775,2025-07-21,Mid-Market,Healthcare,Referral,Jaipur,Rajasthan
31786,Account-031786,2024-04-21,Mid-Market,Real Estate,Paid Ads,Jaipur,Rajasthan
31811,Account-031811,2023-04-21,SMB,Retail,Referral,Shivamogga,Karnataka
31852,Account-031852,2024-06-01,Mid-Market,Real Estate,Organic Search,Chennai,Tamil Nadu
31933,Account-031933,2025-06-26,Mid-Market,Logistics,Organic Search,Chennai,Tamil Nadu
31969,Account-031969,2025-06-27,SMB,IT Services,Organic Search,Shivamogga,Karnataka
31977,Account-031977,2025-03-16,Mid-Market,Manufacturing,Outbound Sales,Kochi,Kerala
31983,Account-031983,2025-03-17,Mid-Market,Healthcare,Organic Search,Delhi,Delhi
32003,Account-032003,2025-12-05,Mid-Market,Hospitality,Outbound Sales,Indore,Madhya Pradesh
32005,Account-032005,2025-05-06,SMB,Healthcare,Outbound Sales,Shivamogga,Karnataka
32019,Account-032019,2025-03-14,SMB,Hospitality,Referral,Hyderabad,Telangana
32021,Account-032021,2025-08-06,SMB,Real Estate,Organic Search,Indore,Madhya Pradesh
32121,Account-032121,2025-07-21,Mid-Market,Manufacturing,Paid Ads,Gurugram,Haryana
32137,Account-032137,2025-07-29,Mid-Market,Agritech,Partner,Shivamogga,Karnataka
32171,Account-032171,2025-01-02,Mid-Market,Real Estate,Partner,Hyderabad,Telangana
32211,Account-032211,2022-10-21,SMB,Retail,Organic Search,Kolkata,West Bengal
32258,Account-032258,2026-01-05,Mid-Market,Real Estate,Partner,Kolkata,West Bengal
32302,Account-032302,2024-07-12,Enterprise,Logistics,Referral,Ahmedabad,Gujarat
32392,Account-032392,2025-05-02,SMB,IT Services,Referral,Jaipur,Rajasthan
32405,Account-032405,2025-07-11,SMB,Healthcare,Outbound Sales,Shivamogga,Karnataka
32422,Account-032422,2025-10-29,Enterprise,Logistics,Organic Search,Indore,Madhya Pradesh
32430,Account-032430,2024-09-20,Mid-Market,IT Services,Referral,Coimbatore,Tamil Nadu
32453,Account-032453,2024-09-20,SMB,Financial Services,Organic Search,Kolkata,West Bengal
32521,Account-032521,2024-02-11,SMB,Education,Paid Ads,Mumbai,Maharashtra
32529,Account-032529,2024-09-18,SMB,Real Estate,Organic Search,Bengaluru,Karnataka
32531,Account-032531,2024-05-10,Enterprise,Education,Partner,Indore,Madhya Pradesh
32536,Account-032536,2024-10-11,SMB,Education,Organic Search,Pune,Maharashtra
32544,Account-032544,2026-04-08,SMB,Financial Services,Paid Ads,Ahmedabad,Gujarat
32601,Account-032601,2024-03-17,SMB,Real Estate,Organic Search,Pune,Maharashtra
32617,Account-032617,2025-10-07,SMB,Agritech,Organic Search,Indore,Madhya Pradesh
32628,Account-032628,2024-01-11,SMB,Financial Services,Paid Ads,Ahmedabad,Gujarat
32670,Account-032670,2024-05-12,Mid-Market,IT Services,Outbound Sales,Kochi,Kerala
32673,Account-032673,2023-08-04,SMB,Healthcare,Paid Ads,Pune,Maharashtra
32775,Account-032775,2025-11-27,SMB,IT Services,Organic Search,Kolkata,West Bengal
32811,Account-032811,2024-06-23,Mid-Market,Hospitality,Paid Ads,Mumbai,Maharashtra
32896,Account-032896,2023-11-25,Enterprise,Agritech,Outbound Sales,Bengaluru,Karnataka
32903,Account-032903,2024-12-14,Mid-Market,Hospitality,Partner,Jaipur,Rajasthan
32920,Account-032920,2024-03-04,SMB,Financial Services,Paid Ads,Bengaluru,Karnataka
32926,Account-032926,2025-01-29,SMB,Education,Organic Search,Kochi,Kerala
32935,Account-032935,2024-06-04,Mid-Market,Financial Services,Partner,Shivamogga,Karnataka
32995,Account-032995,2024-08-12,Mid-Market,Manufacturing,Referral,Shivamogga,Karnataka
33018,Account-033018,2024-02-16,SMB,Real Estate,Organic Search,Chennai,Tamil Nadu
33021,Account-033021,2023-05-06,SMB,Financial Services,Referral,Bengaluru,Karnataka
33032,Account-033032,2026-06-05,Mid-Market,Manufacturing,Organic Search,Ahmedabad,Gujarat
33037,Account-033037,2026-04-25,Mid-Market,Agritech,Outbound Sales,Ahmedabad,Gujarat
33086,Account-033086,2025-11-04,SMB,Hospitality,Organic Search,Noida,Uttar Pradesh
33130,Account-033130,2025-09-17,SMB,Healthcare,Organic Search,Gurugram,Haryana
33137,Account-033137,2025-06-12,Mid-Market,Hospitality,Marketplace,Bengaluru,Karnataka
33138,Account-033138,2025-10-23,SMB,Real Estate,Paid Ads,Kochi,Kerala
33202,Account-033202,2025-06-07,Mid-Market,Education,Partner,Mumbai,Maharashtra
33208,Account-033208,2024-09-02,Mid-Market,Retail,Outbound Sales,Pune,Maharashtra
33231,Account-033231,2026-01-15,SMB,IT Services,Partner,Jaipur,Rajasthan
33280,Account-033280,2026-05-03,Mid-Market,Financial Services,Partner,Bengaluru,Karnataka
33284,Account-033284,2025-08-03,SMB,Healthcare,Outbound Sales,Gurugram,Haryana
33289,Account-033289,2025-03-14,SMB,IT Services,Organic Search,Noida,Uttar Pradesh
33350,Account-033350,2023-01-07,SMB,Logistics,Outbound Sales,Shivamogga,Karnataka
33351,Account-033351,2025-10-07,SMB,Agritech,Marketplace,Indore,Madhya Pradesh
33372,Account-033372,2022-06-19,Mid-Market,Healthcare,Partner,Gurugram,Haryana
33383,Account-033383,2023-09-08,Mid-Market,Financial Services,Paid Ads,Ahmedabad,Gujarat
33400,Account-033400,2025-03-19,Mid-Market,Retail,Referral,Mumbai,Maharashtra
33450,Account-033450,2025-11-12,SMB,Healthcare,Organic Search,Coimbatore,Tamil Nadu
33472,Account-033472,2024-02-14,Enterprise,IT Services,Outbound Sales,Shivamogga,Karnataka
33586,Account-033586,2026-03-27,Enterprise,Retail,Organic Search,Shivamogga,Karnataka
33626,Account-033626,2026-04-20,Mid-Market,Logistics,Paid Ads,Jaipur,Rajasthan
33627,Account-033627,2026-04-15,SMB,Real Estate,Outbound Sales,Noida,Uttar Pradesh
33723,Account-033723,2026-03-16,SMB,Healthcare,Outbound Sales,Gurugram,Haryana
33729,Account-033729,2026-01-14,Mid-Market,IT Services,Paid Ads,Bengaluru,Karnataka
33774,Account-033774,2023-07-14,SMB,Financial Services,Organic Search,Delhi,Delhi
33776,Account-033776,2024-11-21,SMB,IT Services,Paid Ads,Chennai,Tamil Nadu
33778,Account-033778,2023-01-19,SMB,IT Services,Marketplace,Bengaluru,Karnataka
33794,Account-033794,2024-10-03,Mid-Market,Manufacturing,Organic Search,Indore,Madhya Pradesh
33796,Account-033796,2022-12-23,Mid-Market,Manufacturing,Outbound Sales,Delhi,Delhi
33856,Account-033856,2024-01-26,SMB,Real Estate,Referral,Chennai,Tamil Nadu
33870,Account-033870,2024-10-10,Enterprise,Healthcare,Referral,Shivamogga,Karnataka
33871,Account-033871,2022-08-28,Enterprise,Manufacturing,Referral,Indore,Madhya Pradesh
33919,Account-033919,2025-06-16,Mid-Market,Education,Outbound Sales,Hyderabad,Telangana
33925,Account-033925,2023-12-25,SMB,Logistics,Marketplace,Gurugram,Haryana
33928,Account-033928,2026-05-15,SMB,IT Services,Paid Ads,Gurugram,Haryana
33931,Account-033931,2023-02-24,SMB,Agritech,Marketplace,Bengaluru,Karnataka
33945,Account-033945,2024-11-16,Mid-Market,IT Services,Organic Search,Coimbatore,Tamil Nadu
33971,Account-033971,2023-09-28,Mid-Market,Agritech,Outbound Sales,Coimbatore,Tamil Nadu
33975,Account-033975,2023-10-21,SMB,Hospitality,Paid Ads,Kochi,Kerala
33986,Account-033986,2024-05-18,Enterprise,Financial Services,Outbound Sales,Shivamogga,Karnataka
33997,Account-033997,2026-06-24,SMB,Real Estate,Organic Search,Coimbatore,Tamil Nadu
34001,Account-034001,2025-01-21,SMB,Real Estate,Outbound Sales,Mumbai,Maharashtra
34013,Account-034013,2024-08-30,Enterprise,Real Estate,Marketplace,Jaipur,Rajasthan
34038,Account-034038,2025-08-08,Mid-Market,Retail,Partner,Kochi,Kerala
34048,Account-034048,2023-07-22,SMB,Logistics,Referral,Hyderabad,Telangana
34076,Account-034076,2024-12-12,SMB,Agritech,Paid Ads,Kochi,Kerala
34092,Account-034092,2025-12-15,SMB,IT Services,Partner,Chennai,Tamil Nadu
34201,Account-034201,2024-11-17,SMB,Hospitality,Partner,Noida,Uttar Pradesh
34261,Account-034261,2023-06-09,SMB,Retail,Marketplace,Hyderabad,Telangana
34265,Account-034265,2025-07-22,SMB,Education,Outbound Sales,Kochi,Kerala
34268,Account-034268,2024-03-04,SMB,IT Services,Outbound Sales,Noida,Uttar Pradesh
34291,Account-034291,2025-11-16,SMB,Real Estate,Referral,Ahmedabad,Gujarat
34441,Account-034441,2025-06-05,Mid-Market,Healthcare,Partner,Bengaluru,Karnataka
34482,Account-034482,2023-05-03,SMB,Agritech,Organic Search,Noida,Uttar Pradesh
34499,Account-034499,2024-12-20,Mid-Market,Hospitality,Referral,Ahmedabad,Gujarat
34505,Account-034505,2026-04-12,Enterprise,Agritech,Partner,Gurugram,Haryana
34534,Account-034534,2025-12-29,SMB,Retail,Outbound Sales,Noida,Uttar Pradesh
34559,Account-034559,2025-08-02,Mid-Market,Retail,Marketplace,Pune,Maharashtra
34615,Account-034615,2025-02-17,Mid-Market,Education,Outbound Sales,Shivamogga,Karnataka
34721,Account-034721,2022-10-19,Mid-Market,Healthcare,Organic Search,Noida,Uttar Pradesh
34735,Account-034735,2023-11-27,Mid-Market,Retail,Marketplace,Kolkata,West Bengal
34744,Account-034744,2025-01-23,SMB,Logistics,Marketplace,Shivamogga,Karnataka
34781,Account-034781,2026-02-28,SMB,Education,Outbound Sales,Pune,Maharashtra
34795,Account-034795,2023-09-14,SMB,Agritech,Organic Search,Pune,Maharashtra
34863,Account-034863,2024-06-30,SMB,Education,Partner,Shivamogga,Karnataka
34879,Account-034879,2023-11-01,SMB,Healthcare,Outbound Sales,Coimbatore,Tamil Nadu
34889,Account-034889,2024-11-04,SMB,IT Services,Paid Ads,Shivamogga,Karnataka
34955,Account-034955,2026-04-09,Mid-Market,Real Estate,Organic Search,Bengaluru,Karnataka
34969,Account-034969,2025-09-04,Mid-Market,Logistics,Organic Search,Bengaluru,Karnataka
34988,Account-034988,2023-09-03,SMB,Retail,Referral,Bengaluru,Karnataka
35003,Account-035003,2025-02-03,Mid-Market,IT Services,Organic Search,Indore,Madhya Pradesh
35042,Account-035042,2025-11-29,SMB,Healthcare,Organic Search,Mumbai,Maharashtra
35046,Account-035046,2023-04-09,SMB,Financial Services,Paid Ads,Chennai,Tamil Nadu
35057,Account-035057,2024-10-10,SMB,Real Estate,Marketplace,Mumbai,Maharashtra
35071,Account-035071,2025-08-25,Mid-Market,Retail,Referral,Mumbai,Maharashtra
35096,Account-035096,2025-11-07,SMB,Real Estate,Outbound Sales,Noida,Uttar Pradesh
35118,Account-035118,2023-10-28,SMB,Healthcare,Outbound Sales,Gurugram,Haryana
35136,Account-035136,2024-03-26,SMB,Real Estate,Marketplace,Bengaluru,Karnataka
35266,Account-035266,2025-06-16,SMB,Manufacturing,Referral,Indore,Madhya Pradesh
35270,Account-035270,2026-04-27,Enterprise,Manufacturing,Organic Search,Pune,Maharashtra
35343,Account-035343,2024-01-03,SMB,Manufacturing,Referral,Kochi,Kerala
35346,Account-035346,2025-03-16,SMB,Hospitality,Outbound Sales,Pune,Maharashtra
35381,Account-035381,2026-03-17,SMB,Agritech,Marketplace,Pune,Maharashtra
35411,Account-035411,2025-01-24,SMB,Manufacturing,Organic Search,Jaipur,Rajasthan
35412,Account-035412,2024-10-28,Enterprise,Financial Services,Organic Search,Chennai,Tamil Nadu
35439,Account-035439,2025-05-04,SMB,Healthcare,Paid Ads,Hyderabad,Telangana
35528,Account-035528,2024-07-19,SMB,Agritech,Organic Search,Ahmedabad,Gujarat
35550,Account-035550,2024-11-18,SMB,Agritech,Outbound Sales,Coimbatore,Tamil Nadu
35710,Account-035710,2023-07-15,SMB,Logistics,Outbound Sales,Mumbai,Maharashtra
35732,Account-035732,2026-06-04,SMB,Education,Organic Search,Delhi,Delhi
35763,Account-035763,2026-01-13,Enterprise,Retail,Referral,Kolkata,West Bengal
35815,Account-035815,2025-03-07,SMB,Hospitality,Organic Search,Coimbatore,Tamil Nadu
35860,Account-035860,2022-12-17,SMB,Education,Outbound Sales,Bengaluru,Karnataka
35912,Account-035912,2025-10-28,SMB,Real Estate,Referral,Noida,Uttar Pradesh
35927,Account-035927,2026-02-14,SMB,Real Estate,Outbound Sales,Jaipur,Rajasthan
35933,Account-035933,2024-09-07,Enterprise,IT Services,Paid Ads,Kochi,Kerala
36017,Account-036017,2025-01-09,Mid-Market,Education,Partner,Delhi,Delhi
36021,Account-036021,2023-09-21,SMB,Agritech,Referral,Coimbatore,Tamil Nadu
36072,Account-036072,2025-12-27,SMB,Agritech,Organic Search,Chennai,Tamil Nadu
36076,Account-036076,2025-08-03,SMB,Healthcare,Referral,Kochi,Kerala
36077,Account-036077,2024-10-12,SMB,Agritech,Partner,Hyderabad,Telangana
36081,Account-036081,2025-11-26,SMB,Logistics,Outbound Sales,Indore,Madhya Pradesh
36117,Account-036117,2026-04-13,Mid-Market,Manufacturing,Organic Search,Mumbai,Maharashtra
36158,Account-036158,2024-10-31,SMB,Retail,Outbound Sales,Ahmedabad,Gujarat
36173,Account-036173,2024-11-16,SMB,Healthcare,Paid Ads,Bengaluru,Karnataka
36196,Account-036196,2022-11-27,Mid-Market,Real Estate,Organic Search,Indore,Madhya Pradesh
36197,Account-036197,2023-08-28,SMB,Hospitality,Referral,Gurugram,Haryana
36206,Account-036206,2024-08-04,SMB,Healthcare,Paid Ads,Kolkata,West Bengal
36240,Account-036240,2026-04-15,SMB,IT Services,Organic Search,Shivamogga,Karnataka
36351,Account-036351,2026-04-16,SMB,Real Estate,Organic Search,Ahmedabad,Gujarat
36413,Account-036413,2023-08-01,Enterprise,Real Estate,Outbound Sales,Mumbai,Maharashtra
36587,Account-036587,2026-01-20,SMB,Real Estate,Partner,Kochi,Kerala
36599,Account-036599,2025-11-19,SMB,Financial Services,Outbound Sales,Jaipur,Rajasthan
36602,Account-036602,2025-07-09,Enterprise,IT Services,Paid Ads,Gurugram,Haryana
36773,Account-036773,2024-12-16,SMB,Logistics,Marketplace,Bengaluru,Karnataka
36783,Account-036783,2025-10-08,SMB,Manufacturing,Organic Search,Jaipur,Rajasthan
36791,Account-036791,2022-11-08,SMB,Education,Organic Search,Kochi,Kerala
36815,Account-036815,2025-05-19,Mid-Market,Logistics,Referral,Chennai,Tamil Nadu
36833,Account-036833,2024-08-11,Mid-Market,Logistics,Paid Ads,Shivamogga,Karnataka
36886,Account-036886,2025-04-14,SMB,Agritech,Paid Ads,Hyderabad,Telangana
36906,Account-036906,2025-01-31,SMB,Agritech,Paid Ads,Chennai,Tamil Nadu
36920,Account-036920,2024-08-28,SMB,Healthcare,Outbound Sales,Shivamogga,Karnataka
36980,Account-036980,2022-12-11,Mid-Market,Retail,Outbound Sales,Hyderabad,Telangana
36984,Account-036984,2025-02-11,Mid-Market,Logistics,Paid Ads,Coimbatore,Tamil Nadu
36995,Account-036995,2024-12-16,Enterprise,Education,Paid Ads,Coimbatore,Tamil Nadu
37105,Account-037105,2025-07-17,SMB,IT Services,Paid Ads,Delhi,Delhi
37109,Account-037109,2023-07-09,Mid-Market,Hospitality,Organic Search,Pune,Maharashtra
37116,Account-037116,2025-02-26,Enterprise,Real Estate,Outbound Sales,Hyderabad,Telangana
37134,Account-037134,2024-02-22,SMB,Real Estate,Outbound Sales,Kochi,Kerala
37179,Account-037179,2023-09-04,SMB,Retail,Outbound Sales,Shivamogga,Karnataka
37285,Account-037285,2024-11-23,Mid-Market,Financial Services,Marketplace,Pune,Maharashtra
37335,Account-037335,2024-12-05,SMB,Real Estate,Outbound Sales,Kochi,Kerala
37398,Account-037398,2023-05-25,SMB,IT Services,Outbound Sales,Jaipur,Rajasthan
37419,Account-037419,2025-11-01,SMB,Real Estate,Outbound Sales,Pune,Maharashtra
37424,Account-037424,2024-10-06,Mid-Market,Retail,Organic Search,Ahmedabad,Gujarat
37460,Account-037460,2023-09-25,Enterprise,Healthcare,Partner,Gurugram,Haryana
37476,Account-037476,2024-06-18,SMB,Manufacturing,Referral,Pune,Maharashtra
37487,Account-037487,2025-05-05,Enterprise,Agritech,Partner,Hyderabad,Telangana
37500,Account-037500,2023-03-17,SMB,Agritech,Outbound Sales,Ahmedabad,Gujarat
37545,Account-037545,2025-10-13,SMB,Logistics,Marketplace,Coimbatore,Tamil Nadu
37563,Account-037563,2022-05-12,Mid-Market,Financial Services,Referral,Kochi,Kerala
37605,Account-037605,2024-04-07,Mid-Market,Retail,Organic Search,Delhi,Delhi
37672,Account-037672,2023-04-09,Mid-Market,Hospitality,Organic Search,Ahmedabad,Gujarat
37747,Account-037747,2025-06-17,SMB,Financial Services,Marketplace,Jaipur,Rajasthan
37748,Account-037748,2025-11-08,SMB,Healthcare,Paid Ads,Noida,Uttar Pradesh
37767,Account-037767,2025-12-20,Mid-Market,Agritech,Outbound Sales,Noida,Uttar Pradesh
37940,Account-037940,2023-11-09,SMB,Real Estate,Referral,Ahmedabad,Gujarat
37982,Account-037982,2024-05-29,Mid-Market,Retail,Partner,Chennai,Tamil Nadu
38022,Account-038022,2025-07-10,SMB,Agritech,Organic Search,Gurugram,Haryana
38086,Account-038086,2025-02-04,Mid-Market,IT Services,Organic Search,Gurugram,Haryana
38095,Account-038095,2025-02-28,SMB,Education,Paid Ads,Ahmedabad,Gujarat
38111,Account-038111,2024-09-22,SMB,Agritech,Outbound Sales,Kochi,Kerala
38189,Account-038189,2025-11-20,SMB,Hospitality,Paid Ads,Shivamogga,Karnataka
38197,Account-038197,2025-08-23,SMB,Financial Services,Organic Search,Mumbai,Maharashtra
38198,Account-038198,2024-03-11,SMB,Financial Services,Referral,Kochi,Kerala
38211,Account-038211,2024-10-21,SMB,Education,Outbound Sales,Pune,Maharashtra
38227,Account-038227,2023-05-15,SMB,Logistics,Paid Ads,Hyderabad,Telangana
38252,Account-038252,2023-12-01,Mid-Market,Manufacturing,Organic Search,Kolkata,West Bengal
38268,Account-038268,2025-07-02,SMB,IT Services,Organic Search,Pune,Maharashtra
38270,Account-038270,2024-02-22,Mid-Market,Real Estate,Organic Search,Delhi,Delhi
38306,Account-038306,2025-06-07,SMB,Retail,Outbound Sales,Gurugram,Haryana
38326,Account-038326,2025-12-29,SMB,Retail,Organic Search,Kochi,Kerala
38367,Account-038367,2026-04-11,Mid-Market,IT Services,Paid Ads,Gurugram,Haryana
38373,Account-038373,2025-11-23,SMB,Healthcare,Outbound Sales,Coimbatore,Tamil Nadu
38423,Account-038423,2025-10-22,SMB,Financial Services,Paid Ads,Ahmedabad,Gujarat
38452,Account-038452,2026-01-08,SMB,Hospitality,Organic Search,Gurugram,Haryana
38480,Account-038480,2026-06-04,SMB,Healthcare,Outbound Sales,Ahmedabad,Gujarat
38485,Account-038485,2025-10-22,Mid-Market,Manufacturing,Marketplace,Indore,Madhya Pradesh
38612,Account-038612,2025-03-05,Mid-Market,Education,Partner,Delhi,Delhi
38661,Account-038661,2026-01-07,SMB,IT Services,Paid Ads,Kolkata,West Bengal
38664,Account-038664,2023-09-27,SMB,Financial Services,Organic Search,Jaipur,Rajasthan
38677,Account-038677,2026-02-25,SMB,Hospitality,Organic Search,Indore,Madhya Pradesh
38700,Account-038700,2025-10-02,SMB,Logistics,Partner,Kolkata,West Bengal
38728,Account-038728,2023-05-09,SMB,Healthcare,Organic Search,Bengaluru,Karnataka
38766,Account-038766,2023-07-06,Mid-Market,Healthcare,Referral,Delhi,Delhi
38770,Account-038770,2024-01-13,Enterprise,Financial Services,Organic Search,Delhi,Delhi
38775,Account-038775,2025-10-20,SMB,Agritech,Organic Search,Shivamogga,Karnataka
38812,Account-038812,2023-06-22,SMB,Manufacturing,Paid Ads,Gurugram,Haryana
38823,Account-038823,2024-12-05,Mid-Market,Agritech,Outbound Sales,Coimbatore,Tamil Nadu
38848,Account-038848,2023-06-25,Enterprise,Education,Outbound Sales,Shivamogga,Karnataka
38868,Account-038868,2025-12-29,Enterprise,Education,Partner,Coimbatore,Tamil Nadu
38906,Account-038906,2024-03-11,Mid-Market,IT Services,Marketplace,Kolkata,West Bengal
38939,Account-038939,2025-03-01,Mid-Market,Logistics,Organic Search,Pune,Maharashtra
39017,Account-039017,2025-07-16,SMB,Real Estate,Marketplace,Kolkata,West Bengal
39037,Account-039037,2023-07-31,SMB,Real Estate,Partner,Chennai,Tamil Nadu
39040,Account-039040,2025-11-09,Mid-Market,Logistics,Partner,Kolkata,West Bengal
39062,Account-039062,2023-10-05,SMB,Healthcare,Outbound Sales,Bengaluru,Karnataka
39135,Account-039135,2026-04-30,Mid-Market,Healthcare,Partner,Coimbatore,Tamil Nadu
39190,Account-039190,2024-09-10,SMB,Retail,Outbound Sales,Bengaluru,Karnataka
39196,Account-039196,2023-09-14,SMB,Hospitality,Marketplace,Kolkata,West Bengal
39248,Account-039248,2023-11-09,Mid-Market,Healthcare,Organic Search,Jaipur,Rajasthan
39346,Account-039346,2025-10-30,Mid-Market,Manufacturing,Marketplace,Coimbatore,Tamil Nadu
39375,Account-039375,2025-10-21,Mid-Market,Retail,Referral,Hyderabad,Telangana
39416,Account-039416,2023-06-20,Mid-Market,Logistics,Organic Search,Delhi,Delhi
39454,Account-039454,2026-03-17,Enterprise,Financial Services,Outbound Sales,Pune,Maharashtra
39486,Account-039486,2025-11-07,SMB,Hospitality,Organic Search,Chennai,Tamil Nadu
39515,Account-039515,2024-11-06,SMB,Real Estate,Marketplace,Pune,Maharashtra
39535,Account-039535,2025-12-10,SMB,IT Services,Paid Ads,Delhi,Delhi
39541,Account-039541,2025-09-06,Mid-Market,Hospitality,Paid Ads,Kolkata,West Bengal
39592,Account-039592,2026-03-09,Mid-Market,Logistics,Marketplace,Indore,Madhya Pradesh
39666,Account-039666,2023-12-12,SMB,Agritech,Organic Search,Jaipur,Rajasthan
39685,Account-039685,2025-12-21,Enterprise,Manufacturing,Outbound Sales,Shivamogga,Karnataka
39715,Account-039715,2024-09-27,Enterprise,Financial Services,Organic Search,Ahmedabad,Gujarat
39739,Account-039739,2025-03-17,SMB,Financial Services,Partner,Mumbai,Maharashtra
39810,Account-039810,2025-09-26,Enterprise,Education,Organic Search,Hyderabad,Telangana
39869,Account-039869,2024-02-24,SMB,Manufacturing,Organic Search,Delhi,Delhi
39896,Account-039896,2026-04-14,SMB,Agritech,Organic Search,Hyderabad,Telangana
39899,Account-039899,2025-08-23,SMB,Logistics,Marketplace,Shivamogga,Karnataka
39965,Account-039965,2025-09-24,Enterprise,Manufacturing,Paid Ads,Kochi,Kerala
39980,Account-039980,2026-04-24,Enterprise,Logistics,Marketplace,Noida,Uttar Pradesh
40017,Account-040017,2024-01-10,Mid-Market,Real Estate,Referral,Shivamogga,Karnataka
40026,Account-040026,2026-03-25,Mid-Market,Logistics,Paid Ads,Noida,Uttar Pradesh
40093,Account-040093,2025-04-18,SMB,Healthcare,Paid Ads,Coimbatore,Tamil Nadu
40154,Account-040154,2026-01-15,Enterprise,Education,Organic Search,Gurugram,Haryana
40163,Account-040163,2026-01-13,Mid-Market,Hospitality,Organic Search,Coimbatore,Tamil Nadu
40166,Account-040166,2024-02-06,SMB,Agritech,Organic Search,Mumbai,Maharashtra
40219,Account-040219,2024-12-23,SMB,Hospitality,Paid Ads,Jaipur,Rajasthan
40270,Account-040270,2025-06-26,SMB,Logistics,Partner,Indore,Madhya Pradesh
40330,Account-040330,2026-04-28,SMB,Hospitality,Paid Ads,Jaipur,Rajasthan
40485,Account-040485,2023-12-07,SMB,Logistics,Paid Ads,Chennai,Tamil Nadu
40544,Account-040544,2026-04-28,Mid-Market,IT Services,Organic Search,Kochi,Kerala
40555,Account-040555,2025-04-25,Mid-Market,Retail,Partner,Mumbai,Maharashtra
40595,Account-040595,2025-11-15,Mid-Market,Agritech,Outbound Sales,Kolkata,West Bengal
40659,Account-040659,2025-07-16,SMB,IT Services,Organic Search,Hyderabad,Telangana
40736,Account-040736,2025-04-05,Mid-Market,Healthcare,Partner,Ahmedabad,Gujarat
40757,Account-040757,2023-12-19,SMB,Logistics,Marketplace,Pune,Maharashtra
40776,Account-040776,2026-03-21,SMB,Logistics,Paid Ads,Chennai,Tamil Nadu
40809,Account-040809,2025-10-13,Enterprise,Education,Partner,Kolkata,West Bengal
40826,Account-040826,2025-04-17,SMB,Financial Services,Partner,Kolkata,West Bengal
40843,Account-040843,2024-12-24,SMB,Healthcare,Organic Search,Bengaluru,Karnataka
40849,Account-040849,2025-10-23,SMB,Logistics,Outbound Sales,Chennai,Tamil Nadu
40857,Account-040857,2025-02-09,SMB,Logistics,Organic Search,Gurugram,Haryana
40882,Account-040882,2026-05-29,SMB,Agritech,Marketplace,Bengaluru,Karnataka
40892,Account-040892,2023-01-03,Mid-Market,Hospitality,Paid Ads,Indore,Madhya Pradesh
40936,Account-040936,2024-07-03,SMB,Financial Services,Outbound Sales,Hyderabad,Telangana
41021,Account-041021,2025-05-03,SMB,Manufacturing,Marketplace,Bengaluru,Karnataka
41075,Account-041075,2026-03-26,SMB,IT Services,Marketplace,Jaipur,Rajasthan
41106,Account-041106,2026-03-15,Mid-Market,IT Services,Paid Ads,Shivamogga,Karnataka
41112,Account-041112,2024-11-12,SMB,Financial Services,Organic Search,Kochi,Kerala
41124,Account-041124,2024-08-31,SMB,Real Estate,Partner,Shivamogga,Karnataka
41128,Account-041128,2025-07-27,Mid-Market,Hospitality,Paid Ads,Gurugram,Haryana
41165,Account-041165,2026-02-12,Mid-Market,Retail,Organic Search,Kolkata,West Bengal
41168,Account-041168,2025-09-13,SMB,Logistics,Organic Search,Coimbatore,Tamil Nadu
41180,Account-041180,2024-03-29,SMB,Agritech,Referral,Delhi,Delhi
41209,Account-041209,2024-11-26,Mid-Market,Logistics,Partner,Mumbai,Maharashtra
41212,Account-041212,2025-10-20,SMB,Manufacturing,Outbound Sales,Kolkata,West Bengal
41280,Account-041280,2026-03-22,SMB,Healthcare,Paid Ads,Bengaluru,Karnataka
41289,Account-041289,2025-04-16,SMB,Healthcare,Paid Ads,Jaipur,Rajasthan
41296,Account-041296,2025-09-04,SMB,Healthcare,Referral,Coimbatore,Tamil Nadu
41324,Account-041324,2023-12-14,SMB,Manufacturing,Organic Search,Bengaluru,Karnataka
41404,Account-041404,2024-06-01,SMB,Retail,Organic Search,Kolkata,West Bengal
41475,Account-041475,2023-12-03,Mid-Market,Hospitality,Organic Search,Ahmedabad,Gujarat
41508,Account-041508,2025-01-12,SMB,Financial Services,Partner,Coimbatore,Tamil Nadu
41531,Account-041531,2024-04-29,Mid-Market,Education,Marketplace,Coimbatore,Tamil Nadu
41542,Account-041542,2024-06-24,Mid-Market,Logistics,Outbound Sales,Indore,Madhya Pradesh
41554,Account-041554,2024-07-02,SMB,Healthcare,Referral,Mumbai,Maharashtra
41601,Account-041601,2024-06-21,SMB,Healthcare,Referral,Chennai,Tamil Nadu
41660,Account-041660,2022-04-18,SMB,Real Estate,Referral,Indore,Madhya Pradesh
41686,Account-041686,2025-05-30,SMB,Logistics,Paid Ads,Noida,Uttar Pradesh
41704,Account-041704,2024-05-07,SMB,Healthcare,Organic Search,Ahmedabad,Gujarat
41709,Account-041709,2023-12-25,Mid-Market,IT Services,Paid Ads,Hyderabad,Telangana
41717,Account-041717,2023-06-03,SMB,Education,Marketplace,Jaipur,Rajasthan
41724,Account-041724,2025-06-18,SMB,IT Services,Partner,Bengaluru,Karnataka
41740,Account-041740,2023-12-30,SMB,IT Services,Marketplace,Chennai,Tamil Nadu
41776,Account-041776,2024-04-11,SMB,Education,Organic Search,Delhi,Delhi
41834,Account-041834,2024-09-09,SMB,Retail,Marketplace,Bengaluru,Karnataka
41845,Account-041845,2025-12-26,Mid-Market,Retail,Paid Ads,Mumbai,Maharashtra
41853,Account-041853,2025-07-31,Enterprise,Financial Services,Referral,Pune,Maharashtra
41859,Account-041859,2025-02-13,SMB,Agritech,Marketplace,Indore,Madhya Pradesh
41868,Account-041868,2025-03-17,SMB,Agritech,Paid Ads,Jaipur,Rajasthan
41869,Account-041869,2025-06-22,Mid-Market,Real Estate,Partner,Bengaluru,Karnataka
41876,Account-041876,2024-12-23,Enterprise,Agritech,Organic Search,Kochi,Kerala
41888,Account-041888,2022-11-26,Mid-Market,Hospitality,Partner,Mumbai,Maharashtra
41897,Account-041897,2025-09-11,Mid-Market,Hospitality,Organic Search,Shivamogga,Karnataka
41946,Account-041946,2025-06-19,SMB,Real Estate,Referral,Noida,Uttar Pradesh
41955,Account-041955,2025-07-18,SMB,Hospitality,Partner,Jaipur,Rajasthan
41956,Account-041956,2022-08-11,SMB,Hospitality,Outbound Sales,Kolkata,West Bengal
41961,Account-041961,2025-04-16,SMB,Hospitality,Outbound Sales,Coimbatore,Tamil Nadu
41970,Account-041970,2023-08-10,Mid-Market,IT Services,Organic Search,Shivamogga,Karnataka
41985,Account-041985,2025-04-06,SMB,Retail,Outbound Sales,Shivamogga,Karnataka
42017,Account-042017,2024-12-25,SMB,Hospitality,Referral,Coimbatore,Tamil Nadu
42058,Account-042058,2024-07-17,SMB,Retail,Outbound Sales,Delhi,Delhi
42060,Account-042060,2025-04-08,Mid-Market,Hospitality,Outbound Sales,Coimbatore,Tamil Nadu
42105,Account-042105,2023-11-03,SMB,Logistics,Organic Search,Pune,Maharashtra
42111,Account-042111,2025-02-19,SMB,Agritech,Referral,Bengaluru,Karnataka
42170,Account-042170,2022-10-08,SMB,Hospitality,Organic Search,Hyderabad,Telangana
42176,Account-042176,2024-08-06,SMB,IT Services,Partner,Hyderabad,Telangana
42196,Account-042196,2025-02-16,SMB,IT Services,Partner,Kolkata,West Bengal
42253,Account-042253,2025-06-27,SMB,Retail,Paid Ads,Noida,Uttar Pradesh
42264,Account-042264,2023-12-30,SMB,Real Estate,Paid Ads,Mumbai,Maharashtra
42269,Account-042269,2024-12-28,SMB,Hospitality,Referral,Chennai,Tamil Nadu
42342,Account-042342,2026-05-07,SMB,Agritech,Partner,Jaipur,Rajasthan
42382,Account-042382,2025-12-04,Mid-Market,IT Services,Outbound Sales,Chennai,Tamil Nadu
42398,Account-042398,2024-01-01,Enterprise,Agritech,Outbound Sales,Kolkata,West Bengal
42428,Account-042428,2023-12-20,SMB,Education,Outbound Sales,Kochi,Kerala
42446,Account-042446,2023-04-01,SMB,Healthcare,Paid Ads,Gurugram,Haryana
42484,Account-042484,2025-10-09,SMB,Financial Services,Partner,Delhi,Delhi
42536,Account-042536,2023-11-29,SMB,Healthcare,Referral,Mumbai,Maharashtra
42560,Account-042560,2025-11-05,Enterprise,IT Services,Partner,Bengaluru,Karnataka
42606,Account-042606,2026-05-20,SMB,Financial Services,Paid Ads,Ahmedabad,Gujarat
42620,Account-042620,2023-08-29,SMB,Education,Organic Search,Kolkata,West Bengal
42635,Account-042635,2025-03-11,SMB,Education,Outbound Sales,Bengaluru,Karnataka
42704,Account-042704,2023-02-22,Mid-Market,Retail,Outbound Sales,Mumbai,Maharashtra
42719,Account-042719,2025-02-12,Enterprise,Real Estate,Organic Search,Jaipur,Rajasthan
42762,Account-042762,2025-05-15,SMB,Healthcare,Referral,Coimbatore,Tamil Nadu
42805,Account-042805,2025-11-01,SMB,Healthcare,Organic Search,Chennai,Tamil Nadu
42832,Account-042832,2025-10-31,Mid-Market,Education,Referral,Indore,Madhya Pradesh
42868,Account-042868,2023-05-16,SMB,Agritech,Partner,Bengaluru,Karnataka
42887,Account-042887,2026-04-25,SMB,Healthcare,Partner,Noida,Uttar Pradesh
42914,Account-042914,2025-01-02,SMB,Healthcare,Referral,Bengaluru,Karnataka
42955,Account-042955,2024-12-09,SMB,Healthcare,Organic Search,Indore,Madhya Pradesh
42960,Account-042960,2025-09-22,SMB,Education,Organic Search,Noida,Uttar Pradesh
42962,Account-042962,2026-04-06,SMB,Education,Organic Search,Coimbatore,Tamil Nadu
43041,Account-043041,2023-07-25,Enterprise,Healthcare,Partner,Gurugram,Haryana
43162,Account-043162,2024-11-03,SMB,Agritech,Referral,Kochi,Kerala
43165,Account-043165,2023-05-07,Mid-Market,Hospitality,Referral,Mumbai,Maharashtra
43194,Account-043194,2023-09-12,SMB,Agritech,Partner,Jaipur,Rajasthan
43202,Account-043202,2024-07-05,Mid-Market,Education,Partner,Gurugram,Haryana
43203,Account-043203,2026-06-22,SMB,Hospitality,Organic Search,Coimbatore,Tamil Nadu
43248,Account-043248,2026-03-24,SMB,Logistics,Organic Search,Delhi,Delhi
43251,Account-043251,2026-02-02,SMB,Agritech,Outbound Sales,Gurugram,Haryana
43280,Account-043280,2023-06-11,Mid-Market,Financial Services,Paid Ads,Kolkata,West Bengal
43331,Account-043331,2026-02-28,Mid-Market,Hospitality,Partner,Coimbatore,Tamil Nadu
43358,Account-043358,2024-10-07,Mid-Market,IT Services,Outbound Sales,Gurugram,Haryana
43428,Account-043428,2025-03-25,SMB,Agritech,Organic Search,Jaipur,Rajasthan
43444,Account-043444,2024-05-31,SMB,Agritech,Marketplace,Jaipur,Rajasthan
43477,Account-043477,2026-01-31,Mid-Market,Agritech,Organic Search,Ahmedabad,Gujarat
43533,Account-043533,2024-11-29,Mid-Market,Real Estate,Organic Search,Chennai,Tamil Nadu
43540,Account-043540,2023-09-26,SMB,Logistics,Outbound Sales,Delhi,Delhi
43556,Account-043556,2024-11-21,SMB,Hospitality,Partner,Jaipur,Rajasthan
43624,Account-043624,2025-03-06,SMB,Logistics,Outbound Sales,Kolkata,West Bengal
43645,Account-043645,2025-10-06,SMB,Manufacturing,Paid Ads,Bengaluru,Karnataka
43663,Account-043663,2025-05-09,Mid-Market,Agritech,Organic Search,Indore,Madhya Pradesh
43665,Account-043665,2023-08-26,SMB,Healthcare,Marketplace,Kolkata,West Bengal
43687,Account-043687,2025-07-13,SMB,Logistics,Organic Search,Pune,Maharashtra
43702,Account-043702,2024-10-24,SMB,IT Services,Partner,Noida,Uttar Pradesh
43777,Account-043777,2024-02-08,Mid-Market,Logistics,Organic Search,Delhi,Delhi
43819,Account-043819,2024-11-27,SMB,IT Services,Organic Search,Noida,Uttar Pradesh
43871,Account-043871,2026-03-09,Mid-Market,Logistics,Paid Ads,Jaipur,Rajasthan
43882,Account-043882,2023-11-21,SMB,Logistics,Referral,Noida,Uttar Pradesh
44058,Account-044058,2024-02-03,SMB,Hospitality,Marketplace,Noida,Uttar Pradesh
44132,Account-044132,2025-06-22,SMB,IT Services,Paid Ads,Kochi,Kerala
44154,Account-044154,2026-03-27,SMB,Education,Outbound Sales,Delhi,Delhi
44211,Account-044211,2024-11-02,SMB,Real Estate,Organic Search,Ahmedabad,Gujarat
44225,Account-044225,2026-04-10,Mid-Market,Agritech,Paid Ads,Mumbai,Maharashtra
44258,Account-044258,2025-04-03,SMB,Hospitality,Paid Ads,Chennai,Tamil Nadu
44356,Account-044356,2025-09-24,SMB,Agritech,Organic Search,Indore,Madhya Pradesh
44365,Account-044365,2025-07-10,SMB,IT Services,Outbound Sales,Pune,Maharashtra
44430,Account-044430,2024-10-30,Mid-Market,Retail,Organic Search,Mumbai,Maharashtra
44453,Account-044453,2026-05-11,SMB,Real Estate,Paid Ads,Coimbatore,Tamil Nadu
44458,Account-044458,2024-01-15,Mid-Market,Hospitality,Paid Ads,Chennai,Tamil Nadu
44474,Account-044474,2025-02-05,SMB,Agritech,Paid Ads,Pune,Maharashtra
44476,Account-044476,2024-06-13,SMB,Retail,Paid Ads,Noida,Uttar Pradesh
44484,Account-044484,2024-04-16,SMB,Education,Organic Search,Pune,Maharashtra
44491,Account-044491,2024-08-17,Mid-Market,Financial Services,Outbound Sales,Pune,Maharashtra
44541,Account-044541,2025-02-28,SMB,Logistics,Referral,Shivamogga,Karnataka
44570,Account-044570,2024-09-14,Enterprise,IT Services,Partner,Coimbatore,Tamil Nadu
44577,Account-044577,2024-06-03,SMB,Healthcare,Partner,Indore,Madhya Pradesh
44580,Account-044580,2026-03-11,Mid-Market,Agritech,Referral,Coimbatore,Tamil Nadu
44611,Account-044611,2025-08-06,SMB,Real Estate,Organic Search,Indore,Madhya Pradesh
44620,Account-044620,2025-07-04,Mid-Market,Retail,Organic Search,Delhi,Delhi
44643,Account-044643,2025-08-06,SMB,Manufacturing,Organic Search,Hyderabad,Telangana
44670,Account-044670,2025-04-23,Mid-Market,Retail,Marketplace,Hyderabad,Telangana
44692,Account-044692,2025-05-20,Mid-Market,Healthcare,Organic Search,Noida,Uttar Pradesh
44722,Account-044722,2023-10-27,SMB,Education,Outbound Sales,Coimbatore,Tamil Nadu
44799,Account-044799,2025-08-31,SMB,Education,Organic Search,Jaipur,Rajasthan
44851,Account-044851,2024-04-11,SMB,IT Services,Marketplace,Kochi,Kerala
44979,Account-044979,2023-12-30,SMB,Financial Services,Partner,Indore,Madhya Pradesh
45066,Account-045066,2025-06-12,SMB,Logistics,Paid Ads,Mumbai,Maharashtra
45081,Account-045081,2025-08-26,SMB,Healthcare,Outbound Sales,Ahmedabad,Gujarat
45151,Account-045151,2025-04-19,SMB,Logistics,Partner,Bengaluru,Karnataka
45220,Account-045220,2026-03-09,SMB,Hospitality,Organic Search,Gurugram,Haryana
45231,Account-045231,2024-01-25,Enterprise,IT Services,Referral,Chennai,Tamil Nadu
45232,Account-045232,2025-09-07,SMB,Retail,Marketplace,Kolkata,West Bengal
45236,Account-045236,2023-02-28,SMB,Logistics,Outbound Sales,Coimbatore,Tamil Nadu
45290,Account-045290,2024-09-23,SMB,Retail,Organic Search,Kolkata,West Bengal
45332,Account-045332,2025-04-04,SMB,Retail,Organic Search,Mumbai,Maharashtra
45344,Account-045344,2024-07-06,Mid-Market,Retail,Outbound Sales,Shivamogga,Karnataka
45395,Account-045395,2022-11-22,SMB,Education,Organic Search,Delhi,Delhi
45424,Account-045424,2025-04-04,SMB,Healthcare,Paid Ads,Noida,Uttar Pradesh
45451,Account-045451,2026-03-03,Mid-Market,Hospitality,Organic Search,Mumbai,Maharashtra
45507,Account-045507,2024-05-13,SMB,Manufacturing,Outbound Sales,Noida,Uttar Pradesh
45509,Account-045509,2026-05-26,Enterprise,Real Estate,Outbound Sales,Ahmedabad,Gujarat
45541,Account-045541,2023-09-17,Mid-Market,Retail,Partner,Coimbatore,Tamil Nadu
45547,Account-045547,2025-09-25,SMB,Retail,Referral,Gurugram,Haryana
45556,Account-045556,2022-11-26,SMB,Real Estate,Paid Ads,Kochi,Kerala
45588,Account-045588,2025-05-09,SMB,Agritech,Outbound Sales,Hyderabad,Telangana
45606,Account-045606,2024-06-18,Mid-Market,IT Services,Marketplace,Gurugram,Haryana
45607,Account-045607,2025-12-28,Mid-Market,Retail,Paid Ads,Noida,Uttar Pradesh
45608,Account-045608,2022-03-29,SMB,Education,Referral,Gurugram,Haryana
45638,Account-045638,2026-05-23,Mid-Market,Agritech,Marketplace,Noida,Uttar Pradesh
45702,Account-045702,2023-07-21,SMB,Hospitality,Organic Search,Delhi,Delhi
45708,Account-045708,2024-12-24,SMB,Retail,Organic Search,Kolkata,West Bengal
45757,Account-045757,2024-08-01,Mid-Market,Real Estate,Referral,Gurugram,Haryana
45827,Account-045827,2025-08-26,SMB,Logistics,Organic Search,Hyderabad,Telangana
45831,Account-045831,2024-10-29,SMB,Agritech,Organic Search,Delhi,Delhi
45909,Account-045909,2022-12-11,Mid-Market,Retail,Partner,Bengaluru,Karnataka
45983,Account-045983,2024-06-19,Enterprise,Hospitality,Organic Search,Coimbatore,Tamil Nadu
46011,Account-046011,2025-08-24,Enterprise,Healthcare,Partner,Noida,Uttar Pradesh
46059,Account-046059,2025-05-26,SMB,Hospitality,Referral,Mumbai,Maharashtra
46063,Account-046063,2025-10-10,Mid-Market,Healthcare,Organic Search,Pune,Maharashtra
46074,Account-046074,2022-08-01,Mid-Market,Retail,Outbound Sales,Jaipur,Rajasthan
46088,Account-046088,2024-12-26,SMB,Retail,Organic Search,Kolkata,West Bengal
46114,Account-046114,2023-06-08,SMB,Healthcare,Paid Ads,Jaipur,Rajasthan
46158,Account-046158,2024-12-18,Mid-Market,Hospitality,Paid Ads,Pune,Maharashtra
46214,Account-046214,2026-06-06,SMB,Manufacturing,Partner,Kolkata,West Bengal
46227,Account-046227,2023-09-26,SMB,Education,Paid Ads,Kochi,Kerala
46302,Account-046302,2023-12-29,Mid-Market,Education,Outbound Sales,Mumbai,Maharashtra
46382,Account-046382,2025-01-23,SMB,Retail,Partner,Mumbai,Maharashtra
46452,Account-046452,2023-11-27,Mid-Market,Retail,Referral,Noida,Uttar Pradesh
46487,Account-046487,2022-04-02,SMB,Real Estate,Partner,Mumbai,Maharashtra
46503,Account-046503,2023-11-12,Enterprise,Agritech,Paid Ads,Kochi,Kerala
46607,Account-046607,2024-10-31,SMB,Agritech,Referral,Kolkata,West Bengal
46659,Account-046659,2024-05-10,SMB,Retail,Organic Search,Coimbatore,Tamil Nadu
46708,Account-046708,2023-11-19,SMB,Healthcare,Referral,Mumbai,Maharashtra
46731,Account-046731,2024-05-08,SMB,Real Estate,Organic Search,Bengaluru,Karnataka
46734,Account-046734,2025-09-10,Mid-Market,Manufacturing,Outbound Sales,Pune,Maharashtra
46740,Account-046740,2025-05-01,Mid-Market,Real Estate,Organic Search,Ahmedabad,Gujarat
46772,Account-046772,2025-12-18,Mid-Market,Financial Services,Referral,Coimbatore,Tamil Nadu
46791,Account-046791,2025-12-26,SMB,Financial Services,Paid Ads,Pune,Maharashtra
46829,Account-046829,2023-09-24,Enterprise,Manufacturing,Referral,Pune,Maharashtra
46847,Account-046847,2024-11-04,Mid-Market,Hospitality,Referral,Indore,Madhya Pradesh
46887,Account-046887,2021-12-22,SMB,Agritech,Outbound Sales,Kolkata,West Bengal
46898,Account-046898,2025-09-01,SMB,Hospitality,Paid Ads,Gurugram,Haryana
46903,Account-046903,2023-06-06,SMB,Retail,Paid Ads,Gurugram,Haryana
46968,Account-046968,2024-04-19,SMB,IT Services,Organic Search,Delhi,Delhi
47029,Account-047029,2026-02-14,SMB,Hospitality,Referral,Indore,Madhya Pradesh
47036,Account-047036,2024-06-27,SMB,Agritech,Paid Ads,Ahmedabad,Gujarat
47046,Account-047046,2023-04-25,Mid-Market,Real Estate,Partner,Kochi,Kerala
47074,Account-047074,2024-11-24,Enterprise,Manufacturing,Organic Search,Indore,Madhya Pradesh
47100,Account-047100,2026-01-31,Mid-Market,Agritech,Outbound Sales,Delhi,Delhi
47208,Account-047208,2025-03-25,SMB,Manufacturing,Partner,Coimbatore,Tamil Nadu
47280,Account-047280,2022-09-23,SMB,Agritech,Partner,Bengaluru,Karnataka
47297,Account-047297,2024-10-28,Enterprise,Real Estate,Outbound Sales,Mumbai,Maharashtra
47391,Account-047391,2026-05-01,SMB,Education,Paid Ads,Coimbatore,Tamil Nadu
47413,Account-047413,2025-02-08,SMB,Education,Marketplace,Bengaluru,Karnataka
47460,Account-047460,2025-07-31,SMB,Logistics,Organic Search,Chennai,Tamil Nadu
47514,Account-047514,2026-01-08,SMB,Real Estate,Organic Search,Coimbatore,Tamil Nadu
47517,Account-047517,2024-11-05,Mid-Market,Retail,Organic Search,Bengaluru,Karnataka
47522,Account-047522,2025-06-03,SMB,Manufacturing,Outbound Sales,Gurugram,Haryana
47527,Account-047527,2024-03-27,SMB,Logistics,Paid Ads,Pune,Maharashtra
47666,Account-047666,2023-08-06,SMB,Financial Services,Organic Search,Bengaluru,Karnataka
47675,Account-047675,2025-07-23,Mid-Market,Healthcare,Outbound Sales,Kochi,Kerala
47676,Account-047676,2025-05-12,Mid-Market,Agritech,Organic Search,Gurugram,Haryana
47771,Account-047771,2025-04-12,SMB,Logistics,Organic Search,Hyderabad,Telangana
47832,Account-047832,2023-10-09,Mid-Market,Retail,Referral,Ahmedabad,Gujarat
47858,Account-047858,2024-02-08,Enterprise,Financial Services,Partner,Kolkata,West Bengal
47863,Account-047863,2024-10-11,SMB,Manufacturing,Paid Ads,Ahmedabad,Gujarat
47872,Account-047872,2026-05-19,Mid-Market,IT Services,Referral,Shivamogga,Karnataka
47874,Account-047874,2023-08-12,Enterprise,Healthcare,Paid Ads,Jaipur,Rajasthan
47879,Account-047879,2024-10-29,Enterprise,Hospitality,Outbound Sales,Kolkata,West Bengal
47889,Account-047889,2022-11-23,Enterprise,Real Estate,Partner,Kolkata,West Bengal
47913,Account-047913,2023-04-19,SMB,Agritech,Referral,Chennai,Tamil Nadu
47922,Account-047922,2025-09-12,SMB,Financial Services,Partner,Noida,Uttar Pradesh
47989,Account-047989,2023-10-12,SMB,IT Services,Organic Search,Gurugram,Haryana
48026,Account-048026,2026-05-04,Mid-Market,IT Services,Outbound Sales,Gurugram,Haryana
48050,Account-048050,2025-05-08,SMB,Healthcare,Referral,Pune,Maharashtra
48107,Account-048107,2025-04-01,Enterprise,Hospitality,Paid Ads,Kochi,Kerala
48123,Account-048123,2025-09-09,SMB,Education,Outbound Sales,Kolkata,West Bengal
48159,Account-048159,2025-09-12,SMB,Real Estate,Partner,Noida,Uttar Pradesh
48223,Account-048223,2024-12-25,SMB,Retail,Organic Search,Delhi,Delhi
48299,Account-048299,2023-07-09,SMB,Education,Paid Ads,Noida,Uttar Pradesh
48337,Account-048337,2023-02-28,SMB,IT Services,Referral,Kolkata,West Bengal
48355,Account-048355,2025-01-16,SMB,Logistics,Organic Search,Pune,Maharashtra
48384,Account-048384,2026-05-22,Enterprise,Agritech,Organic Search,Noida,Uttar Pradesh
48427,Account-048427,2025-02-20,SMB,Agritech,Outbound Sales,Jaipur,Rajasthan
48428,Account-048428,2023-07-06,SMB,Logistics,Organic Search,Gurugram,Haryana
48442,Account-048442,2025-11-20,SMB,IT Services,Outbound Sales,Noida,Uttar Pradesh
48538,Account-048538,2023-09-25,SMB,Healthcare,Organic Search,Kochi,Kerala
48567,Account-048567,2024-04-08,SMB,Hospitality,Outbound Sales,Ahmedabad,Gujarat
48591,Account-048591,2025-12-05,SMB,Manufacturing,Organic Search,Coimbatore,Tamil Nadu
48593,Account-048593,2024-10-11,Enterprise,Healthcare,Outbound Sales,Gurugram,Haryana
48639,Account-048639,2024-03-09,SMB,Financial Services,Referral,Noida,Uttar Pradesh
48644,Account-048644,2025-08-27,SMB,Hospitality,Organic Search,Chennai,Tamil Nadu
48808,Account-048808,2024-09-10,Mid-Market,Logistics,Referral,Noida,Uttar Pradesh
48925,Account-048925,2024-09-24,Mid-Market,Real Estate,Organic Search,Noida,Uttar Pradesh
48989,Account-048989,2025-04-25,SMB,Healthcare,Organic Search,Jaipur,Rajasthan
49009,Account-049009,2025-06-23,SMB,Hospitality,Partner,Shivamogga,Karnataka
49068,Account-049068,2026-03-02,SMB,Healthcare,Outbound Sales,Ahmedabad,Gujarat
49099,Account-049099,2025-08-31,Mid-Market,Hospitality,Referral,Gurugram,Haryana
49104,Account-049104,2026-01-13,SMB,IT Services,Organic Search,Ahmedabad,Gujarat
49130,Account-049130,2024-03-30,SMB,Education,Paid Ads,Gurugram,Haryana
49144,Account-049144,2025-02-03,SMB,Retail,Partner,Chennai,Tamil Nadu
49168,Account-049168,2025-06-20,Mid-Market,IT Services,Outbound Sales,Shivamogga,Karnataka
49176,Account-049176,2025-06-28,SMB,Hospitality,Referral,Hyderabad,Telangana
49214,Account-049214,2024-07-30,SMB,Agritech,Partner,Chennai,Tamil Nadu
49249,Account-049249,2022-07-07,Enterprise,Healthcare,Referral,Ahmedabad,Gujarat
49313,Account-049313,2025-05-27,SMB,Logistics,Outbound Sales,Coimbatore,Tamil Nadu
49323,Account-049323,2023-09-23,Mid-Market,Financial Services,Outbound Sales,Chennai,Tamil Nadu
49353,Account-049353,2026-01-02,Mid-Market,Manufacturing,Outbound Sales,Hyderabad,Telangana
49358,Account-049358,2026-06-07,Enterprise,Retail,Referral,Chennai,Tamil Nadu
49454,Account-049454,2025-12-28,SMB,Logistics,Referral,Hyderabad,Telangana
49489,Account-049489,2025-01-03,SMB,Education,Referral,Pune,Maharashtra
49517,Account-049517,2025-07-16,Mid-Market,Healthcare,Paid Ads,Bengaluru,Karnataka
49598,Account-049598,2024-11-18,Enterprise,Retail,Paid Ads,Delhi,Delhi
49606,Account-049606,2024-02-21,SMB,Retail,Paid Ads,Jaipur,Rajasthan
49617,Account-049617,2023-02-16,Mid-Market,Real Estate,Marketplace,Ahmedabad,Gujarat
49639,Account-049639,2025-10-30,Mid-Market,Retail,Partner,Kolkata,West Bengal
49642,Account-049642,2025-03-08,SMB,Financial Services,Organic Search,Bengaluru,Karnataka
49707,Account-049707,2025-06-01,Enterprise,Real Estate,Organic Search,Chennai,Tamil Nadu
49714,Account-049714,2025-04-13,SMB,Retail,Outbound Sales,Delhi,Delhi
49720,Account-049720,2025-11-12,SMB,Education,Outbound Sales,Kochi,Kerala
49783,Account-049783,2025-04-04,SMB,Retail,Partner,Gurugram,Haryana
49791,Account-049791,2023-11-21,Enterprise,Logistics,Marketplace,Jaipur,Rajasthan
49794,Account-049794,2026-02-09,Mid-Market,Agritech,Referral,Delhi,Delhi
49808,Account-049808,2025-08-15,SMB,Healthcare,Partner,Mumbai,Maharashtra
49872,Account-049872,2023-06-13,SMB,Real Estate,Organic Search,Chennai,Tamil Nadu
49884,Account-049884,2024-02-26,Enterprise,Agritech,Outbound Sales,Kolkata,West Bengal
49913,Account-049913,2023-12-22,SMB,Manufacturing,Outbound Sales,Chennai,Tamil Nadu
49931,Account-049931,2025-09-15,Enterprise,IT Services,Partner,Gurugram,Haryana
49980,Account-049980,2024-04-27,Mid-Market,Financial Services,Paid Ads,Mumbai,Maharashtra
