invoice_id,customer_id,invoice_date,amount,days_late,status
9,23,2024-07-01,5683.0,12,Failed
19,48,2024-07-01,1950.0,0,Paid
37,119,2024-07-01,58864.0,3,Paid Late
71,222,2024-07-01,802.0,0,Paid
106,356,2024-07-01,2917.0,21,Failed
117,379,2024-07-01,12923.0,0,Paid
201,685,2024-07-01,2323.0,0,Paid
203,689,2024-07-01,2363.0,17,Paid Late
245,855,2024-07-01,3712.0,0,Paid
294,1048,2024-07-01,22042.0,0,Paid
295,1054,2024-07-01,2814.0,0,Paid
299,1061,2024-07-01,1560.0,0,Paid
375,1314,2024-07-01,5652.0,0,Paid
388,1362,2024-07-01,5518.0,0,Paid
398,1385,2024-07-01,1186.0,0,Paid
568,2082,2024-07-01,42635.0,0,Paid
702,2554,2024-07-01,1633986.0,0,Paid
708,2575,2024-07-01,734.0,0,Paid
723,2620,2024-07-01,25733.0,0,Paid
765,2761,2024-07-01,1572.0,6,Paid Late
767,2768,2024-07-01,4274.0,0,Paid
845,3054,2024-07-01,768.0,15,Failed
882,3171,2024-07-01,137615.0,11,Paid Late
910,3285,2024-07-01,106645.0,0,Paid
937,3421,2024-07-01,33627.0,24,Paid Late
1258,4613,2024-07-01,74790.0,6,Paid Late
1261,4626,2024-07-01,55699.0,0,Paid
1309,4788,2024-07-01,24028.0,0,Paid
1316,4810,2024-07-01,31839.0,0,Paid
1319,4819,2024-07-01,201004.0,29,Failed
1347,4922,2024-07-01,5161.0,0,Paid
1374,5023,2024-07-01,3089.0,0,Paid
1382,5046,2024-07-01,37180.0,8,Paid Late
1534,5566,2024-07-01,4498.0,0,Paid
1548,5657,2024-07-01,565.0,0,Paid
1565,5717,2024-07-01,26526.0,0,Paid
1576,5749,2024-07-01,2339.0,0,Paid
1577,5754,2024-07-01,2141.0,0,Paid
1591,5786,2024-07-01,2540.0,0,Paid
1640,5985,2024-07-01,1160.0,0,Paid
1669,6092,2024-07-01,101329.0,18,Paid Late
1671,6096,2024-07-01,11021.0,0,Paid
1687,6149,2024-07-01,67102.0,0,Paid
1724,6298,2024-07-01,71334.0,0,Paid
1779,6487,2024-07-01,1884.0,0,Paid
1795,6545,2024-07-01,20610.0,8,Paid Late
1826,6670,2024-07-01,1433203.0,0,Paid
1862,6786,2024-07-01,36689.0,0,Paid
1873,6814,2024-07-01,3057.0,0,Paid
1939,7058,2024-07-01,32192.0,0,Paid
1983,7227,2024-07-01,9399.0,0,Paid
2038,7430,2024-07-01,1527.0,0,Paid
2058,7497,2024-07-01,25703.0,0,Paid
2195,8004,2024-07-01,1365228.0,0,Paid
2204,8039,2024-07-01,1664.0,0,Paid
2211,8085,2024-07-01,6348.0,0,Paid
2236,8179,2024-07-01,26592.0,0,Paid
2279,8339,2024-07-01,26320.0,0,Paid
2284,8359,2024-07-01,220148.0,0,Paid
2291,8392,2024-07-01,1838.0,0,Paid
2378,8712,2024-07-01,2689.0,0,Paid
2382,8727,2024-07-01,7372.0,0,Paid
2392,8775,2024-07-01,792.0,0,Paid
2468,9083,2024-07-01,2033.0,0,Paid
2487,9141,2024-07-01,2243.0,0,Paid
2528,9272,2024-07-01,819.0,10,Paid Late
2583,9505,2024-07-01,53713.0,0,Paid
2622,9636,2024-07-01,13035.0,0,Paid
2645,9703,2024-07-01,49695.0,0,Paid
2670,9768,2024-07-01,52055.0,19,Paid Late
2693,9836,2024-07-01,65536.0,22,Paid Late
2698,9866,2024-07-01,3231.0,0,Paid
2777,10214,2024-07-01,793.0,23,Paid Late
2795,10289,2024-07-01,697982.0,0,Paid
2804,10316,2024-07-01,751270.0,0,Paid
2835,10429,2024-07-01,66036.0,0,Paid
2841,10457,2024-07-01,1080.0,14,Paid Late
2932,10771,2024-07-01,32562.0,0,Paid
3230,11883,2024-07-01,58642.0,0,Paid
3281,12103,2024-07-01,59923.0,0,Paid
3301,12176,2024-07-01,35863.0,25,Failed
3326,12321,2024-07-01,37080.0,10,Failed
3337,12375,2024-07-01,104352.0,0,Paid
3406,12587,2024-07-01,490298.0,0,Paid
3407,12588,2024-07-01,2872.0,0,Paid
3490,12867,2024-07-01,4871.0,0,Paid
3524,12990,2024-07-01,819.0,0,Paid
3562,13155,2024-07-01,548.0,0,Paid
3581,13215,2024-07-01,6555.0,0,Paid
3634,13468,2024-07-01,2412.0,0,Paid
3665,13575,2024-07-01,294948.0,30,Paid Late
3677,13618,2024-07-01,1123.0,0,Paid
3682,13637,2024-07-01,6831.0,0,Paid
3703,13704,2024-07-01,21697.0,0,Paid
3849,14271,2024-07-01,2516.0,0,Paid
3878,14388,2024-07-01,1751.0,0,Paid
3963,14732,2024-07-01,3217.0,0,Paid
4030,14970,2024-07-01,1083.0,0,Paid
4054,15049,2024-07-01,2516.0,0,Paid
4093,15189,2024-07-01,2021.0,8,Failed
4149,15412,2024-07-01,17265.0,0,Paid
4164,15472,2024-07-01,4929.0,0,Paid
4195,15612,2024-07-01,3224.0,0,Paid
4340,16073,2024-07-01,58235.0,0,Paid
4396,16280,2024-07-01,6627.0,0,Paid
4415,16353,2024-07-01,1827.0,0,Paid
4423,16381,2024-07-01,1626.0,0,Paid
4508,16705,2024-07-01,2323.0,0,Paid
4512,16712,2024-07-01,186033.0,0,Paid
4528,16769,2024-07-01,57793.0,0,Paid
4617,17095,2024-07-01,59975.0,18,Paid Late
4681,17368,2024-07-01,4124.0,0,Paid
4728,17555,2024-07-01,17564.0,0,Paid
4771,17724,2024-07-01,1174.0,0,Paid
4795,17800,2024-07-01,24447.0,0,Paid
4829,17920,2024-07-01,1036757.0,21,Paid Late
4842,17974,2024-07-01,3368.0,0,Paid
4847,17993,2024-07-01,69976.0,0,Paid
4849,17998,2024-07-01,30704.0,0,Paid
4852,18013,2024-07-01,1593.0,0,Paid
4869,18057,2024-07-01,4592.0,0,Paid
4878,18088,2024-07-01,5906.0,0,Paid
4885,18104,2024-07-01,21997.0,10,Paid Late
4890,18130,2024-07-01,64675.0,0,Paid
4945,18303,2024-07-01,14574.0,0,Paid
5023,18662,2024-07-01,2596.0,24,Paid Late
5064,18808,2024-07-01,1511.0,0,Paid
5066,18811,2024-07-01,2122.0,0,Paid
5081,18901,2024-07-01,14528.0,0,Paid
5084,18914,2024-07-01,2872.0,0,Paid
5107,19002,2024-07-01,61612.0,0,Paid
5115,19036,2024-07-01,71415.0,12,Failed
5131,19095,2024-07-01,6210.0,0,Paid
5242,19468,2024-07-01,2707.0,0,Paid
5307,19729,2024-07-01,9228.0,0,Paid
5316,19777,2024-07-01,2420.0,0,Paid
5403,20071,2024-07-01,3153.0,29,Paid Late
5423,20131,2024-07-01,1199.0,0,Paid
5430,20162,2024-07-01,40616.0,28,Paid Late
5465,20296,2024-07-01,3103.0,0,Paid
5523,20493,2024-07-01,4592.0,0,Paid
5531,20516,2024-07-01,4545.0,0,Paid
5553,20595,2024-07-01,2141.0,59,Paid Late
5641,20940,2024-07-01,2141.0,0,Paid
5666,21026,2024-07-01,1560.0,0,Paid
5809,21504,2024-07-01,3523.0,0,Paid
5822,21542,2024-07-01,2596.0,0,Paid
5857,21682,2024-07-01,57704.0,0,Paid
5875,21751,2024-07-01,15747.0,0,Paid
5973,22139,2024-07-01,1560.0,0,Paid
5978,22154,2024-07-01,2435.0,0,Paid
6063,22485,2024-07-01,11423.0,0,Paid
6105,22676,2024-07-01,3655.0,0,Paid
6158,22915,2024-07-01,1430.0,0,Paid
6190,22999,2024-07-01,56625.0,0,Paid
6237,23169,2024-07-01,2372.0,0,Paid
6314,23508,2024-07-01,3072.0,16,Paid Late
6441,23931,2024-07-01,26037.0,0,Paid
6510,24199,2024-07-01,17951.0,22,Failed
6521,24244,2024-07-01,165456.0,0,Paid
6641,24703,2024-07-01,2219.0,0,Paid
6649,24733,2024-07-01,7831.0,0,Paid
6662,24772,2024-07-01,1080.0,0,Paid
6710,24948,2024-07-01,3368.0,8,Paid Late
6733,25035,2024-07-01,2033.0,0,Paid
6766,25145,2024-07-01,2372.0,0,Paid
6790,25256,2024-07-01,61877.0,0,Paid
6805,25319,2024-07-01,810.0,0,Paid
6810,25336,2024-07-01,1269.0,0,Paid
6870,25560,2024-07-01,4358.0,12,Paid Late
6900,25666,2024-07-01,70736.0,0,Paid
6906,25687,2024-07-01,29365.0,10,Paid Late
6909,25694,2024-07-01,18422.0,0,Paid
6972,25919,2024-07-01,21319.0,0,Paid
7129,26507,2024-07-01,924.0,0,Paid
7216,26817,2024-07-01,32605.0,0,Paid
7244,26911,2024-07-01,751.0,0,Paid
7306,27133,2024-07-01,6792.0,0,Paid
7355,27337,2024-07-01,44664.0,0,Paid
7402,27489,2024-07-01,194605.0,0,Paid
7416,27545,2024-07-01,1102.0,0,Paid
7483,27791,2024-07-01,48865.0,0,Paid
7568,28082,2024-07-01,4824.0,0,Paid
7596,28203,2024-07-01,7512.0,0,Paid
7607,28239,2024-07-01,2672.0,0,Paid
7852,29155,2024-07-01,32696.0,4,Paid Late
7870,29218,2024-07-01,49594.0,0,Paid
7897,29302,2024-07-01,110674.0,10,Paid Late
7914,29367,2024-07-01,10306.0,0,Paid
7951,29499,2024-07-01,30077.0,0,Paid
7991,29667,2024-07-01,82879.0,0,Paid
7998,29679,2024-07-01,4452.0,0,Paid
8026,29769,2024-07-01,57618.0,0,Paid
8039,29805,2024-07-01,2243.0,0,Paid
8068,29918,2024-07-01,27454.0,33,Paid Late
8071,29926,2024-07-01,13277.0,0,Paid
8149,30229,2024-07-01,215516.0,5,Paid Late
8193,30372,2024-07-01,2235190.0,10,Paid Late
8196,30382,2024-07-01,101423.0,9,Paid Late
8249,30593,2024-07-01,28933.0,0,Paid
8394,31125,2024-07-01,34992.0,0,Paid
8412,31179,2024-07-01,4982.0,0,Paid
8452,31324,2024-07-01,4217.0,0,Paid
8453,31331,2024-07-01,2755.0,0,Paid
8470,31392,2024-07-01,2275.0,0,Paid
8494,31468,2024-07-01,5451.0,26,Paid Late
8522,31563,2024-07-01,1609.0,0,Paid
8563,31691,2024-07-01,2251.0,0,Paid
8570,31726,2024-07-01,2898.0,0,Paid
8593,31811,2024-07-01,2872.0,0,Paid
8692,32211,2024-07-01,6693.0,0,Paid
8718,32302,2024-07-01,187657.0,0,Paid
8771,32521,2024-07-01,827.0,0,Paid
8859,32811,2024-07-01,29200.0,22,Failed
8883,32920,2024-07-01,1324.0,0,Paid
9000,33372,2024-07-01,34162.0,0,Paid
9108,33774,2024-07-01,1789.0,49,Paid Late
9109,33778,2024-07-01,1990.0,0,Paid
9114,33796,2024-07-01,17556.0,0,Paid
9162,33975,2024-07-01,4170.0,0,Paid
9175,34048,2024-07-01,26590.0,0,Paid
9234,34261,2024-07-01,3416.0,51,Failed
9294,34482,2024-07-01,5351.0,0,Paid
9359,34721,2024-07-01,21805.0,16,Failed
9363,34735,2024-07-01,51574.0,0,Paid
9378,34795,2024-07-01,3430.0,0,Paid
9398,34863,2024-07-01,4965.0,0,Paid
9404,34879,2024-07-01,2190.0,0,Paid
9529,35343,2024-07-01,4639.0,42,Paid Late
9579,35528,2024-07-01,8197.0,0,Paid
9630,35710,2024-07-01,26395.0,0,Paid
9664,35860,2024-07-01,1186.0,0,Paid
9706,36021,2024-07-01,810.0,0,Paid
9747,36197,2024-07-01,5842.0,0,Paid
9906,36791,2024-07-01,4083.0,0,Paid
9946,36980,2024-07-01,19507.0,0,Paid
9975,37109,2024-07-01,666997.0,0,Paid
9981,37134,2024-07-01,3223.0,0,Paid
9994,37179,2024-07-01,2019.0,0,Paid
10063,37460,2024-07-01,281043.0,0,Paid
10078,37500,2024-07-01,7512.0,0,Paid
10109,37605,2024-07-01,31843.0,8,Paid Late
10128,37672,2024-07-01,30109.0,0,Paid
10195,37940,2024-07-01,5969.0,0,Paid
10207,37982,2024-07-01,27170.0,0,Paid
10262,38198,2024-07-01,819.0,0,Paid
10273,38227,2024-07-01,2339.0,0,Paid
10400,38766,2024-07-01,62413.0,0,Paid
10414,38812,2024-07-01,2396.0,0,Paid
10437,38906,2024-07-01,101271.0,28,Paid Late
10470,39037,2024-07-01,16589.0,23,Failed
10478,39062,2024-07-01,6553.0,16,Failed
10679,39869,2024-07-01,3614.0,0,Paid
10750,40166,2024-07-01,3308.0,29,Paid Late
10831,40485,2024-07-01,2902.0,0,Paid
10908,40757,2024-07-01,9177.0,0,Paid
10938,40892,2024-07-01,30093.0,0,Paid
10951,40936,2024-07-01,23706.0,0,Paid
11112,41531,2024-07-01,95639.0,0,Paid
11113,41542,2024-07-01,35417.0,0,Paid
11118,41554,2024-07-01,5822.0,0,Paid
11136,41660,2024-07-01,4498.0,0,Paid
11147,41704,2024-07-01,1223.0,5,Paid Late
11149,41709,2024-07-01,59497.0,0,Paid
11150,41717,2024-07-01,1046.0,0,Paid
11158,41740,2024-07-01,3504.0,0,Paid
11170,41776,2024-07-01,1690.0,0,Paid
11200,41888,2024-07-01,37287.0,0,Paid
11217,41956,2024-07-01,3196.0,0,Paid
11219,41970,2024-07-01,15914.0,0,Paid
11241,42058,2024-07-01,5335.0,0,Paid
11254,42105,2024-07-01,2931.0,0,Paid
11292,42264,2024-07-01,9584.0,0,Paid
11327,42398,2024-07-01,287332.0,0,Paid
11334,42428,2024-07-01,2868.0,0,Paid
11341,42446,2024-07-01,759.0,3,Paid Late
11390,42620,2024-07-01,2872.0,0,Paid
11447,42868,2024-07-01,1137.0,0,Paid
11494,43041,2024-07-01,210808.0,0,Paid
11535,43165,2024-07-01,24803.0,0,Paid
11548,43194,2024-07-01,1481.0,0,Paid
11550,43202,2024-07-01,216983.0,0,Paid
11608,43444,2024-07-01,6287.0,0,Paid
11669,43665,2024-07-01,2122.0,0,Paid
11930,44722,2024-07-01,13425.0,0,Paid
11992,44979,2024-07-01,2119.0,0,Paid
12091,45344,2024-07-01,38339.0,0,Paid
12109,45395,2024-07-01,3651.0,0,Paid
12141,45507,2024-07-01,2195.0,7,Paid Late
12147,45541,2024-07-01,58108.0,34,Paid Late
12164,45606,2024-07-01,30648.0,0,Paid
12165,45608,2024-07-01,542.0,0,Paid
12192,45702,2024-07-01,1770.0,0,Paid
12240,45909,2024-07-01,15775.0,0,Paid
12267,45983,2024-07-01,252276.0,16,Failed
12294,46074,2024-07-01,90483.0,0,Paid
12413,46503,2024-07-01,145189.0,0,Paid
12452,46659,2024-07-01,1256.0,0,Paid
12467,46708,2024-07-01,4639.0,0,Paid
12475,46731,2024-07-01,4452.0,0,Paid
12523,46903,2024-07-01,13610.0,0,Paid
12565,47036,2024-07-01,3334.0,0,Paid
12711,47527,2024-07-01,4452.0,0,Paid
12749,47666,2024-07-01,1713.0,0,Paid
12811,47889,2024-07-01,203288.0,0,Paid
12818,47913,2024-07-01,3231.0,24,Failed
12840,47989,2024-07-01,6831.0,27,Paid Late
12937,48299,2024-07-01,36742.0,0,Paid
12944,48337,2024-07-01,3162.0,0,Paid
12977,48428,2024-07-01,13208.0,14,Paid Late
13011,48567,2024-07-01,1269.0,0,Paid
13166,49130,2024-07-01,4001.0,18,Paid Late
13195,49214,2024-07-01,2076.0,0,Paid
13205,49249,2024-07-01,714658.0,0,Paid
13285,49606,2024-07-01,1102.0,15,Paid Late
13290,49617,2024-07-01,11164.0,0,Paid
13346,49872,2024-07-01,5842.0,0,Paid
13360,49913,2024-07-01,3547.0,10,Paid Late
13382,49980,2024-07-01,70024.0,0,Paid
13399,23,2024-08-01,5683.0,0,Paid
13408,48,2024-08-01,1950.0,0,Paid
13425,119,2024-08-01,58864.0,0,Paid
13461,222,2024-08-01,802.0,0,Paid
13502,356,2024-08-01,2917.0,15,Paid Late
13514,379,2024-08-01,12923.0,0,Paid
13605,685,2024-08-01,2323.0,21,Paid Late
13607,689,2024-08-01,2363.0,5,Paid Late
13654,855,2024-08-01,3712.0,0,Paid
13708,1048,2024-08-01,22042.0,0,Paid
13709,1054,2024-08-01,2814.0,0,Paid
13713,1061,2024-08-01,1560.0,0,Paid
13723,1092,2024-08-01,1046.0,0,Paid
13795,1314,2024-08-01,5652.0,0,Paid
13809,1362,2024-08-01,5518.0,0,Paid
13821,1385,2024-08-01,1186.0,0,Paid
14003,2082,2024-08-01,42635.0,0,Paid
14144,2575,2024-08-01,734.0,0,Paid
14155,2620,2024-08-01,25733.0,0,Paid
14183,2705,2024-08-01,661165.0,0,Paid
14200,2761,2024-08-01,1572.0,24,Failed
14201,2768,2024-08-01,4274.0,0,Paid
14277,3054,2024-08-01,768.0,0,Paid
14313,3171,2024-08-01,137615.0,0,Paid
14342,3285,2024-08-01,106645.0,0,Paid
14372,3421,2024-08-01,33627.0,0,Paid
14373,3422,2024-08-01,9439.0,0,Paid
14723,4626,2024-08-01,55699.0,23,Failed
14774,4788,2024-08-01,24028.0,2,Failed
14781,4810,2024-08-01,31839.0,22,Paid Late
14784,4819,2024-08-01,201004.0,8,Paid Late
14818,4922,2024-08-01,5161.0,0,Paid
14837,4988,2024-08-01,507146.0,0,Paid
14849,5023,2024-08-01,3089.0,0,Paid
14857,5046,2024-08-01,37180.0,26,Paid Late
15016,5566,2024-08-01,4498.0,0,Paid
15034,5657,2024-08-01,565.0,0,Paid
15051,5717,2024-08-01,26526.0,0,Paid
15063,5749,2024-08-01,2339.0,0,Paid
15064,5754,2024-08-01,2141.0,0,Paid
15078,5786,2024-08-01,2540.0,0,Paid
15135,5985,2024-08-01,1160.0,12,Failed
15163,6092,2024-08-01,101329.0,0,Paid
15165,6096,2024-08-01,11021.0,0,Paid
15168,6100,2024-08-01,296039.0,18,Paid Late
15177,6134,2024-08-01,20347.0,0,Paid
15181,6149,2024-08-01,67102.0,0,Paid
15237,6362,2024-08-01,1123.0,0,Paid
15273,6487,2024-08-01,1884.0,19,Paid Late
15291,6545,2024-08-01,20610.0,0,Paid
15293,6557,2024-08-01,1434866.0,0,Paid
15317,6653,2024-08-01,128455.0,0,Paid
15344,6744,2024-08-01,31650.0,0,Paid
15359,6786,2024-08-01,36689.0,0,Paid
15370,6814,2024-08-01,3057.0,0,Paid
15443,7058,2024-08-01,32192.0,0,Paid
15490,7227,2024-08-01,9399.0,0,Paid
15546,7430,2024-08-01,1527.0,0,Paid
15564,7497,2024-08-01,25703.0,0,Paid
15717,8039,2024-08-01,1664.0,15,Paid Late
15730,8085,2024-08-01,6348.0,0,Paid
15761,8179,2024-08-01,26592.0,19,Paid Late
15805,8339,2024-08-01,26320.0,0,Paid
15810,8359,2024-08-01,220148.0,0,Paid
15819,8392,2024-08-01,1838.0,0,Paid
15908,8712,2024-08-01,2689.0,0,Paid
15911,8727,2024-08-01,7372.0,0,Paid
15922,8775,2024-08-01,792.0,0,Paid
16002,9083,2024-08-01,2033.0,0,Paid
16009,9104,2024-08-01,36126.0,43,Failed
16022,9141,2024-08-01,2243.0,25,Paid Late
16063,9272,2024-08-01,819.0,24,Paid Late
16122,9505,2024-08-01,53713.0,0,Paid
16161,9636,2024-08-01,13035.0,0,Paid
16183,9703,2024-08-01,49695.0,0,Paid
16208,9768,2024-08-01,52055.0,0,Paid
16231,9836,2024-08-01,65536.0,0,Paid
16238,9866,2024-08-01,3231.0,0,Paid
16332,10214,2024-08-01,793.0,0,Paid
16371,10376,2024-08-01,38426.0,0,Paid
16388,10429,2024-08-01,66036.0,0,Paid
16394,10457,2024-08-01,1080.0,0,Paid
16481,10771,2024-08-01,32562.0,0,Paid
16485,10776,2024-08-01,22658.0,0,Paid
16792,11883,2024-08-01,58642.0,0,Paid
16846,12103,2024-08-01,59923.0,0,Paid
16867,12176,2024-08-01,35863.0,20,Paid Late
16897,12321,2024-08-01,37080.0,0,Paid
16908,12375,2024-08-01,104352.0,12,Paid Late
16979,12588,2024-08-01,2872.0,5,Paid Late
17071,12867,2024-08-01,4871.0,0,Paid
17106,12990,2024-08-01,819.0,0,Paid
17153,13155,2024-08-01,548.0,20,Paid Late
17173,13215,2024-08-01,6555.0,0,Paid
17231,13468,2024-08-01,2412.0,0,Paid
17273,13618,2024-08-01,1123.0,0,Paid
17278,13637,2024-08-01,6831.0,0,Paid
17450,14271,2024-08-01,2516.0,0,Paid
17481,14388,2024-08-01,1751.0,0,Paid
17574,14732,2024-08-01,3217.0,0,Paid
17645,14970,2024-08-01,1083.0,0,Paid
17669,15049,2024-08-01,2516.0,5,Paid Late
17714,15189,2024-08-01,2021.0,0,Paid
17774,15412,2024-08-01,17265.0,0,Paid
17791,15472,2024-08-01,4929.0,32,Paid Late
17821,15612,2024-08-01,3224.0,0,Paid
17874,15791,2024-08-01,819.0,0,Paid
17964,16073,2024-08-01,58235.0,10,Paid Late
18020,16280,2024-08-01,6627.0,0,Paid
18043,16353,2024-08-01,1827.0,0,Paid
18052,16381,2024-08-01,1626.0,0,Paid
18139,16705,2024-08-01,2323.0,10,Paid Late
18143,16712,2024-08-01,186033.0,0,Paid
18160,16769,2024-08-01,57793.0,0,Paid
18246,17095,2024-08-01,59975.0,10,Paid Late
18309,17368,2024-08-01,4124.0,0,Paid
18353,17555,2024-08-01,17564.0,0,Paid
18396,17724,2024-08-01,1174.0,0,Paid
18417,17794,2024-08-01,111942.0,11,Paid Late
18420,17800,2024-08-01,24447.0,0,Paid
18428,17818,2024-08-01,6348.0,0,Paid
18468,17974,2024-08-01,3368.0,0,Paid
18474,17993,2024-08-01,69976.0,0,Paid
18478,18013,2024-08-01,1593.0,43,Paid Late
18495,18057,2024-08-01,4592.0,0,Paid
18503,18088,2024-08-01,5906.0,0,Paid
18510,18104,2024-08-01,21997.0,0,Paid
18516,18130,2024-08-01,64675.0,0,Paid
18574,18303,2024-08-01,14574.0,0,Paid
18657,18662,2024-08-01,2596.0,33,Paid Late
18697,18808,2024-08-01,1511.0,0,Paid
18699,18811,2024-08-01,2122.0,0,Paid
18718,18901,2024-08-01,14528.0,0,Paid
18721,18914,2024-08-01,2872.0,15,Paid Late
18746,19002,2024-08-01,61612.0,0,Paid
18753,19036,2024-08-01,71415.0,40,Paid Late
18768,19079,2024-08-01,248292.0,0,Paid
18772,19095,2024-08-01,6210.0,0,Paid
18883,19468,2024-08-01,2707.0,30,Failed
18962,19729,2024-08-01,9228.0,0,Paid
18973,19777,2024-08-01,2420.0,20,Paid Late
19059,20071,2024-08-01,3153.0,40,Paid Late
19080,20131,2024-08-01,1199.0,0,Paid
19087,20162,2024-08-01,40616.0,0,Paid
19122,20296,2024-08-01,3103.0,0,Paid
19139,20357,2024-08-01,1243523.0,0,Paid
19181,20493,2024-08-01,4592.0,0,Paid
19189,20516,2024-08-01,4545.0,0,Paid
19210,20595,2024-08-01,2141.0,0,Paid
19310,20940,2024-08-01,2141.0,0,Paid
19326,20987,2024-08-01,1808.0,0,Paid
19339,21026,2024-08-01,1560.0,0,Paid
19373,21126,2024-08-01,4264.0,0,Paid
19387,21189,2024-08-01,10044.0,3,Paid Late
19491,21504,2024-08-01,3523.0,0,Paid
19504,21542,2024-08-01,2596.0,0,Paid
19539,21682,2024-08-01,57704.0,4,Paid Late
19558,21751,2024-08-01,15747.0,13,Failed
19663,22139,2024-08-01,1560.0,0,Paid
19667,22154,2024-08-01,2435.0,0,Paid
19684,22217,2024-08-01,73775.0,0,Paid
19755,22485,2024-08-01,11423.0,12,Paid Late
19756,22487,2024-08-01,2315.0,0,Paid
19811,22676,2024-08-01,3655.0,0,Paid
19835,22756,2024-08-01,692.0,0,Paid
19867,22915,2024-08-01,1430.0,9,Paid Late
19879,22949,2024-08-01,980564.0,0,Paid
19902,22999,2024-08-01,56625.0,0,Paid
19948,23169,2024-08-01,2372.0,0,Paid
20032,23508,2024-08-01,3072.0,0,Paid
20033,23512,2024-08-01,67900.0,0,Paid
20160,23931,2024-08-01,26037.0,14,Paid Late
20232,24199,2024-08-01,17951.0,0,Paid
20347,24630,2024-08-01,50101.0,21,Paid Late
20373,24703,2024-08-01,2219.0,0,Paid
20384,24733,2024-08-01,7831.0,0,Paid
20400,24772,2024-08-01,1080.0,0,Paid
20450,24948,2024-08-01,3368.0,0,Paid
20472,25035,2024-08-01,2033.0,0,Paid
20510,25145,2024-08-01,2372.0,0,Paid
20539,25256,2024-08-01,61877.0,8,Failed
20553,25319,2024-08-01,810.0,1,Paid Late
20561,25336,2024-08-01,1269.0,21,Failed
20625,25560,2024-08-01,4358.0,0,Paid
20629,25577,2024-08-01,1136430.0,0,Paid
20654,25666,2024-08-01,70736.0,0,Paid
20662,25694,2024-08-01,18422.0,0,Paid
20721,25919,2024-08-01,21319.0,0,Paid
20881,26507,2024-08-01,924.0,0,Paid
20971,26817,2024-08-01,32605.0,0,Paid
20997,26911,2024-08-01,751.0,0,Paid
21065,27133,2024-08-01,6792.0,0,Paid
21118,27337,2024-08-01,44664.0,0,Paid
21182,27545,2024-08-01,1102.0,0,Paid
21252,27791,2024-08-01,48865.0,0,Paid
21334,28082,2024-08-01,4824.0,0,Paid
21370,28203,2024-08-01,7512.0,0,Paid
21381,28239,2024-08-01,2672.0,0,Paid
21395,28278,2024-08-01,570380.0,0,Paid
21639,29155,2024-08-01,32696.0,0,Paid
21680,29302,2024-08-01,110674.0,0,Paid
21697,29367,2024-08-01,10306.0,0,Paid
21735,29499,2024-08-01,30077.0,25,Paid Late
21776,29667,2024-08-01,82879.0,0,Paid
21783,29679,2024-08-01,4452.0,0,Paid
21824,29805,2024-08-01,2243.0,0,Paid
21833,29832,2024-08-01,2171.0,0,Paid
21854,29897,2024-08-01,13208.0,0,Paid
21861,29926,2024-08-01,13277.0,0,Paid
21946,30229,2024-08-01,215516.0,9,Paid Late
22090,30738,2024-08-01,69498.0,0,Paid
22108,30819,2024-08-01,157296.0,0,Paid
22211,31160,2024-08-01,2251.0,0,Paid
22220,31179,2024-08-01,4982.0,0,Paid
22265,31324,2024-08-01,4217.0,0,Paid
22266,31331,2024-08-01,2755.0,11,Failed
22285,31392,2024-08-01,2275.0,0,Paid
22313,31468,2024-08-01,5451.0,0,Paid
22341,31563,2024-08-01,1609.0,15,Failed
22380,31691,2024-08-01,2251.0,0,Paid
22389,31726,2024-08-01,2898.0,0,Paid
22413,31811,2024-08-01,2872.0,0,Paid
22523,32211,2024-08-01,6693.0,0,Paid
22546,32302,2024-08-01,187657.0,0,Paid
22600,32521,2024-08-01,827.0,0,Paid
22654,32673,2024-08-01,34517.0,16,Paid Late
22692,32811,2024-08-01,29200.0,21,Failed
22719,32920,2024-08-01,1324.0,0,Paid
22743,32995,2024-08-01,23894.0,0,Paid
22844,33372,2024-08-01,34162.0,0,Paid
22955,33774,2024-08-01,1789.0,0,Paid
22956,33778,2024-08-01,1990.0,0,Paid
22961,33796,2024-08-01,17556.0,0,Paid
22986,33871,2024-08-01,2607336.0,0,Paid
23012,33975,2024-08-01,4170.0,0,Paid
23021,34013,2024-08-01,2246573.0,0,Paid
23087,34261,2024-08-01,3416.0,0,Paid
23155,34482,2024-08-01,5351.0,0,Paid
23221,34721,2024-08-01,21805.0,0,Paid
23224,34735,2024-08-01,51574.0,0,Paid
23240,34795,2024-08-01,3430.0,0,Paid
23262,34863,2024-08-01,4965.0,0,Paid
23268,34879,2024-08-01,2190.0,0,Paid
23407,35343,2024-08-01,4639.0,5,Failed
23548,35860,2024-08-01,1186.0,0,Paid
23592,36021,2024-08-01,810.0,0,Paid
23632,36197,2024-08-01,5842.0,0,Paid
23634,36206,2024-08-01,24052.0,10,Paid Late
23687,36413,2024-08-01,1485702.0,14,Paid Late
23791,36791,2024-08-01,4083.0,7,Failed
23801,36833,2024-08-01,440186.0,0,Paid
23819,36920,2024-08-01,3877.0,0,Paid
23841,36980,2024-08-01,19507.0,0,Paid
23876,37134,2024-08-01,3223.0,0,Paid
23888,37179,2024-08-01,2019.0,0,Paid
23962,37460,2024-08-01,281043.0,0,Paid
23979,37500,2024-08-01,7512.0,0,Paid
24011,37605,2024-08-01,31843.0,9,Failed
24028,37672,2024-08-01,30109.0,0,Paid
24101,37940,2024-08-01,5969.0,0,Paid
24113,37982,2024-08-01,27170.0,0,Paid
24173,38198,2024-08-01,819.0,26,Paid Late
24183,38227,2024-08-01,2339.0,0,Paid
24319,38766,2024-08-01,62413.0,0,Paid
24335,38812,2024-08-01,2396.0,20,Failed
24357,38906,2024-08-01,101271.0,0,Paid
24399,39062,2024-08-01,6553.0,0,Paid
24610,39869,2024-08-01,3614.0,0,Paid
24691,40166,2024-08-01,3308.0,0,Paid
24772,40485,2024-08-01,2902.0,0,Paid
24851,40757,2024-08-01,9177.0,0,Paid
24884,40892,2024-08-01,30093.0,23,Paid Late
24947,41124,2024-08-01,51862.0,24,Paid Late
25070,41531,2024-08-01,95639.0,0,Paid
25073,41542,2024-08-01,35417.0,0,Paid
25079,41554,2024-08-01,5822.0,19,Paid Late
25098,41660,2024-08-01,4498.0,0,Paid
25109,41704,2024-08-01,1223.0,11,Failed
25111,41709,2024-08-01,59497.0,2,Failed
25112,41717,2024-08-01,1046.0,0,Paid
25120,41740,2024-08-01,3504.0,0,Paid
25130,41776,2024-08-01,1690.0,0,Paid
25165,41888,2024-08-01,37287.0,0,Paid
25182,41956,2024-08-01,3196.0,0,Paid
25185,41970,2024-08-01,15914.0,0,Paid
25207,42058,2024-08-01,5335.0,0,Paid
25221,42105,2024-08-01,2931.0,0,Paid
25242,42176,2024-08-01,3541.0,21,Paid Late
25258,42264,2024-08-01,9584.0,7,Paid Late
25294,42398,2024-08-01,287332.0,17,Paid Late
25302,42428,2024-08-01,2868.0,0,Paid
25308,42446,2024-08-01,759.0,0,Paid
25357,42620,2024-08-01,2872.0,0,Paid
25421,42868,2024-08-01,1137.0,0,Paid
25470,43041,2024-08-01,210808.0,0,Paid
25512,43165,2024-08-01,24803.0,0,Paid
25525,43194,2024-08-01,1481.0,0,Paid
25584,43444,2024-08-01,6287.0,0,Paid
25646,43665,2024-08-01,2122.0,0,Paid
25856,44491,2024-08-01,403412.0,24,Paid Late
25916,44722,2024-08-01,13425.0,0,Paid
25979,44979,2024-08-01,2119.0,0,Paid
26076,45344,2024-08-01,38339.0,0,Paid
26094,45395,2024-08-01,3651.0,23,Failed
26131,45507,2024-08-01,2195.0,0,Paid
26138,45541,2024-08-01,58108.0,0,Paid
26157,45606,2024-08-01,30648.0,0,Paid
26158,45608,2024-08-01,542.0,22,Failed
26187,45702,2024-08-01,1770.0,24,Paid Late
26197,45757,2024-08-01,15747.0,34,Paid Late
26239,45909,2024-08-01,15775.0,0,Paid
26264,45983,2024-08-01,252276.0,0,Paid
26293,46074,2024-08-01,90483.0,0,Paid
26419,46503,2024-08-01,145189.0,5,Paid Late
26461,46659,2024-08-01,1256.0,0,Paid
26476,46708,2024-08-01,4639.0,18,Paid Late
26483,46731,2024-08-01,4452.0,20,Paid Late
26533,46903,2024-08-01,13610.0,0,Paid
26578,47036,2024-08-01,3334.0,1,Paid Late
26723,47527,2024-08-01,4452.0,0,Paid
26763,47666,2024-08-01,1713.0,0,Paid
26820,47874,2024-08-01,1282835.0,0,Paid
26823,47889,2024-08-01,203288.0,0,Paid
26829,47913,2024-08-01,3231.0,43,Failed
26850,47989,2024-08-01,6831.0,29,Paid Late
26954,48337,2024-08-01,3162.0,40,Paid Late
27021,48567,2024-08-01,1269.0,0,Paid
27184,49130,2024-08-01,4001.0,0,Paid
27213,49214,2024-08-01,2076.0,0,Paid
27315,49606,2024-08-01,1102.0,0,Paid
27319,49617,2024-08-01,11164.0,0,Paid
27383,49872,2024-08-01,5842.0,0,Paid
27396,49913,2024-08-01,3547.0,0,Paid
27420,49980,2024-08-01,70024.0,0,Paid
27438,23,2024-09-01,5683.0,0,Paid
27448,48,2024-09-01,1950.0,0,Paid
27452,58,2024-09-01,5139.0,0,Paid
27468,119,2024-09-01,58864.0,0,Paid
27503,222,2024-09-01,802.0,0,Paid
27548,356,2024-09-01,2917.0,0,Paid
27561,379,2024-09-01,12923.0,0,Paid
27597,508,2024-09-01,2483816.0,17,Paid Late
27651,685,2024-09-01,2323.0,0,Paid
27653,689,2024-09-01,2363.0,0,Paid
27706,855,2024-09-01,3712.0,0,Paid
27762,1048,2024-09-01,22042.0,0,Paid
27763,1054,2024-09-01,2814.0,0,Paid
27767,1061,2024-09-01,1560.0,0,Paid
27775,1092,2024-09-01,1046.0,0,Paid
27851,1314,2024-09-01,5652.0,0,Paid
27867,1362,2024-09-01,5518.0,34,Paid Late
27877,1385,2024-09-01,1186.0,0,Paid
28033,1974,2024-09-01,40532.0,0,Paid
28036,1983,2024-09-01,647546.0,0,Paid
28062,2082,2024-09-01,42635.0,0,Paid
28204,2575,2024-09-01,734.0,0,Paid
28217,2620,2024-09-01,25733.0,0,Paid
28261,2761,2024-09-01,1572.0,0,Paid
28262,2768,2024-09-01,4274.0,28,Paid Late
28340,3054,2024-09-01,768.0,65,Failed
28378,3171,2024-09-01,137615.0,0,Paid
28408,3285,2024-09-01,106645.0,0,Paid
28437,3421,2024-09-01,33627.0,0,Paid
28438,3422,2024-09-01,9439.0,45,Paid Late
28784,4626,2024-09-01,55699.0,0,Paid
28830,4788,2024-09-01,24028.0,0,Paid
28837,4810,2024-09-01,31839.0,0,Paid
28840,4819,2024-09-01,201004.0,14,Paid Late
28876,4922,2024-09-01,5161.0,12,Paid Late
28905,5023,2024-09-01,3089.0,0,Paid
28914,5046,2024-09-01,37180.0,16,Paid Late
28969,5215,2024-09-01,870016.0,22,Failed
29013,5370,2024-09-01,1028678.0,0,Paid
29028,5411,2024-09-01,66539.0,18,Paid Late
29068,5513,2024-09-01,56636.0,14,Paid Late
29084,5566,2024-09-01,4498.0,0,Paid
29104,5657,2024-09-01,565.0,0,Paid
29113,5678,2024-09-01,44237.0,39,Failed
29120,5717,2024-09-01,26526.0,0,Paid
29132,5749,2024-09-01,2339.0,0,Paid
29134,5754,2024-09-01,2141.0,0,Paid
29149,5786,2024-09-01,2540.0,0,Paid
29205,5985,2024-09-01,1160.0,0,Paid
29236,6092,2024-09-01,101329.0,0,Paid
29239,6096,2024-09-01,11021.0,0,Paid
29254,6149,2024-09-01,67102.0,0,Paid
29316,6362,2024-09-01,1123.0,3,Paid Late
29356,6487,2024-09-01,1884.0,0,Paid
29364,6515,2024-09-01,121770.0,0,Paid
29376,6545,2024-09-01,20610.0,0,Paid
29426,6744,2024-09-01,31650.0,0,Paid
29441,6786,2024-09-01,36689.0,22,Paid Late
29451,6814,2024-09-01,3057.0,0,Paid
29526,7058,2024-09-01,32192.0,0,Paid
29570,7227,2024-09-01,9399.0,12,Paid Late
29609,7357,2024-09-01,81994.0,0,Paid
29629,7430,2024-09-01,1527.0,21,Failed
29648,7497,2024-09-01,25703.0,0,Paid
29798,8039,2024-09-01,1664.0,20,Paid Late
29809,8085,2024-09-01,6348.0,0,Paid
29841,8179,2024-09-01,26592.0,0,Paid
29886,8339,2024-09-01,26320.0,0,Paid
29892,8359,2024-09-01,220148.0,0,Paid
29902,8392,2024-09-01,1838.0,0,Paid
29976,8642,2024-09-01,71636.0,0,Paid
29996,8712,2024-09-01,2689.0,0,Paid
29999,8727,2024-09-01,7372.0,0,Paid
30015,8775,2024-09-01,792.0,0,Paid
30025,8799,2024-09-01,7671.0,0,Paid
30046,8874,2024-09-01,256856.0,0,Paid
30099,9083,2024-09-01,2033.0,0,Paid
30118,9141,2024-09-01,2243.0,0,Paid
30124,9157,2024-09-01,7372.0,0,Paid
30163,9272,2024-09-01,819.0,49,Paid Late
30195,9399,2024-09-01,1310.0,0,Paid
30224,9505,2024-09-01,53713.0,0,Paid
30240,9565,2024-09-01,39102.0,0,Paid
30263,9636,2024-09-01,13035.0,0,Paid
30283,9703,2024-09-01,49695.0,0,Paid
30307,9768,2024-09-01,52055.0,0,Paid
30332,9836,2024-09-01,65536.0,5,Paid Late
30340,9866,2024-09-01,3231.0,8,Paid Late
30422,10214,2024-09-01,793.0,0,Paid
30479,10429,2024-09-01,66036.0,0,Paid
30486,10457,2024-09-01,1080.0,24,Failed
30577,10771,2024-09-01,32562.0,12,Failed
30674,11117,2024-09-01,1773371.0,0,Paid
30720,11277,2024-09-01,1385921.0,0,Paid
30834,11650,2024-09-01,359640.0,0,Paid
30892,11883,2024-09-01,58642.0,0,Paid
30947,12103,2024-09-01,59923.0,0,Paid
30969,12176,2024-09-01,35863.0,16,Paid Late
31000,12321,2024-09-01,37080.0,0,Paid
31011,12358,2024-09-01,207781.0,34,Paid Late
31014,12375,2024-09-01,104352.0,0,Paid
31091,12588,2024-09-01,2872.0,8,Failed
31184,12867,2024-09-01,4871.0,0,Paid
31215,12962,2024-09-01,350287.0,23,Paid Late
31222,12990,2024-09-01,819.0,0,Paid
31270,13155,2024-09-01,548.0,0,Paid
31289,13215,2024-09-01,6555.0,0,Paid
31347,13468,2024-09-01,2412.0,0,Paid
31392,13618,2024-09-01,1123.0,0,Paid
31397,13637,2024-09-01,6831.0,0,Paid
31574,14271,2024-09-01,2516.0,0,Paid
31607,14388,2024-09-01,1751.0,0,Paid
31698,14732,2024-09-01,3217.0,0,Paid
31767,14970,2024-09-01,1083.0,0,Paid
31791,15049,2024-09-01,2516.0,0,Paid
31837,15189,2024-09-01,2021.0,0,Paid
31898,15412,2024-09-01,17265.0,0,Paid
31915,15472,2024-09-01,4929.0,6,Paid Late
31947,15612,2024-09-01,3224.0,26,Paid Late
31957,15642,2024-09-01,35737.0,0,Paid
32002,15791,2024-09-01,819.0,0,Paid
32094,16073,2024-09-01,58235.0,9,Failed
32151,16280,2024-09-01,6627.0,0,Paid
32173,16353,2024-09-01,1827.0,3,Paid Late
32181,16381,2024-09-01,1626.0,0,Paid
32274,16705,2024-09-01,2323.0,13,Paid Late
32278,16712,2024-09-01,186033.0,0,Paid
32294,16769,2024-09-01,57793.0,0,Paid
32381,17095,2024-09-01,59975.0,0,Paid
32447,17368,2024-09-01,4124.0,0,Paid
32496,17555,2024-09-01,17564.0,6,Failed
32537,17724,2024-09-01,1174.0,0,Paid
32563,17800,2024-09-01,24447.0,0,Paid
32571,17818,2024-09-01,6348.0,0,Paid
32611,17974,2024-09-01,3368.0,0,Paid
32616,17993,2024-09-01,69976.0,0,Paid
32621,18013,2024-09-01,1593.0,0,Paid
32638,18057,2024-09-01,4592.0,0,Paid
32646,18088,2024-09-01,5906.0,0,Paid
32652,18104,2024-09-01,21997.0,0,Paid
32659,18130,2024-09-01,64675.0,0,Paid
32714,18303,2024-09-01,14574.0,0,Paid
32803,18662,2024-09-01,2596.0,6,Paid Late
32820,18710,2024-09-01,35618.0,0,Paid
32845,18808,2024-09-01,1511.0,0,Paid
32847,18811,2024-09-01,2122.0,0,Paid
32864,18901,2024-09-01,14528.0,0,Paid
32867,18914,2024-09-01,2872.0,9,Paid Late
32891,19002,2024-09-01,61612.0,0,Paid
32898,19036,2024-09-01,71415.0,37,Paid Late
32915,19095,2024-09-01,6210.0,0,Paid
33039,19468,2024-09-01,2707.0,0,Paid
33118,19729,2024-09-01,9228.0,0,Paid
33130,19777,2024-09-01,2420.0,7,Failed
33217,20071,2024-09-01,3153.0,17,Paid Late
33239,20131,2024-09-01,1199.0,0,Paid
33246,20162,2024-09-01,40616.0,0,Paid
33284,20296,2024-09-01,3103.0,0,Paid
33342,20493,2024-09-01,4592.0,0,Paid
33349,20516,2024-09-01,4545.0,0,Paid
33367,20595,2024-09-01,2141.0,54,Paid Late
33469,20940,2024-09-01,2141.0,0,Paid
33484,20987,2024-09-01,1808.0,0,Paid
33486,20992,2024-09-01,10519.0,0,Paid
33498,21026,2024-09-01,1560.0,0,Paid
33531,21126,2024-09-01,4264.0,0,Paid
33658,21504,2024-09-01,3523.0,0,Paid
33662,21512,2024-09-01,5108.0,0,Paid
33673,21542,2024-09-01,2596.0,0,Paid
33708,21682,2024-09-01,57704.0,0,Paid
33728,21751,2024-09-01,15747.0,15,Failed
33834,22139,2024-09-01,1560.0,7,Failed
33837,22154,2024-09-01,2435.0,0,Paid
33918,22475,2024-09-01,61376.0,0,Paid
33921,22485,2024-09-01,11423.0,0,Paid
33923,22487,2024-09-01,2315.0,0,Paid
33980,22676,2024-09-01,3655.0,0,Paid
34004,22756,2024-09-01,692.0,23,Failed
34018,22825,2024-09-01,351011.0,0,Paid
34037,22915,2024-09-01,1430.0,0,Paid
34071,22999,2024-09-01,56625.0,0,Paid
34105,23108,2024-09-01,12280.0,0,Paid
34121,23169,2024-09-01,2372.0,6,Paid Late
34210,23467,2024-09-01,40244.0,0,Paid
34217,23508,2024-09-01,3072.0,12,Paid Late
34347,23931,2024-09-01,26037.0,0,Paid
34426,24199,2024-09-01,17951.0,0,Paid
34536,24595,2024-09-01,3614.0,0,Paid
34572,24703,2024-09-01,2219.0,16,Failed
34575,24712,2024-09-01,53107.0,0,Paid
34582,24733,2024-09-01,7831.0,0,Paid
34595,24772,2024-09-01,1080.0,3,Paid Late
34613,24838,2024-09-01,1751.0,12,Paid Late
34646,24948,2024-09-01,3368.0,0,Paid
34672,25035,2024-09-01,2033.0,0,Paid
34708,25145,2024-09-01,2372.0,0,Paid
34735,25256,2024-09-01,61877.0,0,Paid
34747,25319,2024-09-01,810.0,0,Paid
34753,25336,2024-09-01,1269.0,34,Paid Late
34820,25560,2024-09-01,4358.0,17,Paid Late
34850,25666,2024-09-01,70736.0,25,Failed
34858,25694,2024-09-01,18422.0,14,Paid Late
34917,25919,2024-09-01,21319.0,0,Paid
35078,26507,2024-09-01,924.0,0,Paid
35162,26817,2024-09-01,32605.0,0,Paid
35192,26911,2024-09-01,751.0,0,Paid
35257,27133,2024-09-01,6792.0,0,Paid
35313,27337,2024-09-01,44664.0,0,Paid
35373,27545,2024-09-01,1102.0,0,Paid
35421,27708,2024-09-01,1718323.0,0,Paid
35446,27791,2024-09-01,48865.0,9,Paid Late
35531,28082,2024-09-01,4824.0,0,Paid
35568,28203,2024-09-01,7512.0,0,Paid
35578,28239,2024-09-01,2672.0,0,Paid
35639,28440,2024-09-01,1338.0,0,Paid
35772,28899,2024-09-01,4523.0,7,Paid Late
35836,29124,2024-09-01,1931299.0,16,Paid Late
35850,29155,2024-09-01,32696.0,36,Failed
35890,29302,2024-09-01,110674.0,18,Failed
35910,29367,2024-09-01,10306.0,0,Paid
35949,29499,2024-09-01,30077.0,0,Paid
35992,29667,2024-09-01,82879.0,0,Paid
35999,29679,2024-09-01,4452.0,3,Failed
36004,29688,2024-09-01,25088.0,0,Paid
36044,29805,2024-09-01,2243.0,0,Paid
36054,29832,2024-09-01,2171.0,0,Paid
36080,29926,2024-09-01,13277.0,0,Paid
36163,30229,2024-09-01,215516.0,31,Paid Late
36324,30819,2024-09-01,157296.0,0,Paid
36429,31160,2024-09-01,2251.0,0,Paid
36436,31179,2024-09-01,4982.0,0,Paid
36478,31324,2024-09-01,4217.0,0,Paid
36480,31331,2024-09-01,2755.0,0,Paid
36499,31392,2024-09-01,2275.0,14,Paid Late
36520,31468,2024-09-01,5451.0,0,Paid
36545,31563,2024-09-01,1609.0,0,Paid
36591,31691,2024-09-01,2251.0,0,Paid
36601,31726,2024-09-01,2898.0,0,Paid
36629,31811,2024-09-01,2872.0,0,Paid
36738,32211,2024-09-01,6693.0,11,Paid Late
36767,32302,2024-09-01,187657.0,0,Paid
36804,32430,2024-09-01,27135.0,0,Paid
36813,32453,2024-09-01,785.0,0,Paid
36827,32521,2024-09-01,827.0,0,Paid
36831,32529,2024-09-01,2098.0,30,Failed
36922,32811,2024-09-01,29200.0,0,Paid
36948,32920,2024-09-01,1324.0,56,Paid Late
36973,32995,2024-09-01,23894.0,0,Paid
37029,33208,2024-09-01,56683.0,0,Paid
37081,33372,2024-09-01,34162.0,0,Paid
37084,33383,2024-09-01,382374.0,0,Paid
37208,33774,2024-09-01,1789.0,0,Paid
37209,33778,2024-09-01,1990.0,0,Paid
37214,33796,2024-09-01,17556.0,0,Paid
37263,33971,2024-09-01,168253.0,0,Paid
37264,33975,2024-09-01,4170.0,25,Failed
37337,34261,2024-09-01,3416.0,0,Paid
37404,34482,2024-09-01,5351.0,31,Paid Late
37475,34721,2024-09-01,21805.0,0,Paid
37478,34735,2024-09-01,51574.0,0,Paid
37495,34795,2024-09-01,3430.0,0,Paid
37516,34863,2024-09-01,4965.0,0,Paid
37523,34879,2024-09-01,2190.0,0,Paid
37557,34988,2024-09-01,23522.0,0,Paid
37662,35343,2024-09-01,4639.0,0,Paid
37806,35860,2024-09-01,1186.0,0,Paid
37826,35933,2024-09-01,282345.0,0,Paid
37850,36021,2024-09-01,810.0,0,Paid
37895,36197,2024-09-01,5842.0,0,Paid
38058,36791,2024-09-01,4083.0,0,Paid
38082,36920,2024-09-01,3877.0,0,Paid
38101,36980,2024-09-01,19507.0,0,Paid
38141,37134,2024-09-01,3223.0,0,Paid
38154,37179,2024-09-01,2019.0,0,Paid
38227,37460,2024-09-01,281043.0,0,Paid
38241,37500,2024-09-01,7512.0,14,Paid Late
38275,37605,2024-09-01,31843.0,10,Paid Late
38292,37672,2024-09-01,30109.0,0,Paid
38369,37940,2024-09-01,5969.0,0,Paid
38380,37982,2024-09-01,27170.0,0,Paid
38413,38111,2024-09-01,14148.0,6,Paid Late
38442,38198,2024-09-01,819.0,0,Paid
38453,38227,2024-09-01,2339.0,0,Paid
38570,38664,2024-09-01,75082.0,0,Paid
38599,38766,2024-09-01,62413.0,0,Paid
38616,38812,2024-09-01,2396.0,0,Paid
38636,38906,2024-09-01,101271.0,0,Paid
38678,39062,2024-09-01,6553.0,0,Paid
38707,39190,2024-09-01,106369.0,0,Paid
38709,39196,2024-09-01,20347.0,0,Paid
38842,39715,2024-09-01,1619482.0,0,Paid
38891,39869,2024-09-01,3614.0,0,Paid
38972,40166,2024-09-01,3308.0,0,Paid
39058,40485,2024-09-01,2902.0,0,Paid
39138,40757,2024-09-01,9177.0,0,Paid
39173,40892,2024-09-01,30093.0,19,Paid Late
39361,41531,2024-09-01,95639.0,6,Paid Late
39365,41542,2024-09-01,35417.0,0,Paid
39370,41554,2024-09-01,5822.0,0,Paid
39388,41660,2024-09-01,4498.0,12,Paid Late
39398,41704,2024-09-01,1223.0,0,Paid
39400,41709,2024-09-01,59497.0,0,Paid
39402,41717,2024-09-01,1046.0,0,Paid
39411,41740,2024-09-01,3504.0,15,Failed
39423,41776,2024-09-01,1690.0,0,Paid
39442,41834,2024-09-01,2872.0,0,Paid
39458,41888,2024-09-01,37287.0,0,Paid
39476,41956,2024-09-01,3196.0,0,Paid
39480,41970,2024-09-01,15914.0,0,Paid
39500,42058,2024-09-01,5335.0,0,Paid
39515,42105,2024-09-01,2931.0,0,Paid
39539,42176,2024-09-01,3541.0,0,Paid
39553,42264,2024-09-01,9584.0,0,Paid
39589,42398,2024-09-01,287332.0,0,Paid
39596,42428,2024-09-01,2868.0,0,Paid
39601,42446,2024-09-01,759.0,0,Paid
39657,42620,2024-09-01,2872.0,0,Paid
39716,42868,2024-09-01,1137.0,0,Paid
39759,43041,2024-09-01,210808.0,0,Paid
39798,43165,2024-09-01,24803.0,11,Paid Late
39811,43194,2024-09-01,1481.0,0,Paid
39873,43444,2024-09-01,6287.0,0,Paid
39901,43540,2024-09-01,11297.0,0,Paid
39939,43665,2024-09-01,2122.0,0,Paid
40178,44570,2024-09-01,965380.0,0,Paid
40218,44722,2024-09-01,13425.0,0,Paid
40284,44979,2024-09-01,2119.0,0,Paid
40367,45290,2024-09-01,56992.0,0,Paid
40381,45344,2024-09-01,38339.0,6,Paid Late
40398,45395,2024-09-01,3651.0,0,Paid
40437,45507,2024-09-01,2195.0,0,Paid
40444,45541,2024-09-01,58108.0,0,Paid
40463,45606,2024-09-01,30648.0,0,Paid
40464,45608,2024-09-01,542.0,28,Failed
40493,45702,2024-09-01,1770.0,0,Paid
40506,45757,2024-09-01,15747.0,0,Paid
40550,45909,2024-09-01,15775.0,3,Failed
40575,45983,2024-09-01,252276.0,0,Paid
40602,46074,2024-09-01,90483.0,0,Paid
40649,46227,2024-09-01,23177.0,0,Paid
40734,46503,2024-09-01,145189.0,0,Paid
40780,46659,2024-09-01,1256.0,0,Paid
40798,46708,2024-09-01,4639.0,0,Paid
40806,46731,2024-09-01,4452.0,8,Failed
40833,46829,2024-09-01,1498295.0,0,Paid
40855,46903,2024-09-01,13610.0,0,Paid
40901,47036,2024-09-01,3334.0,0,Paid
40981,47280,2024-09-01,23177.0,10,Paid Late
41055,47527,2024-09-01,4452.0,0,Paid
41100,47666,2024-09-01,1713.0,0,Paid
41163,47889,2024-09-01,203288.0,0,Paid
41169,47913,2024-09-01,3231.0,9,Paid Late
41191,47989,2024-09-01,6831.0,0,Paid
41295,48337,2024-09-01,3162.0,39,Failed
41356,48538,2024-09-01,8381.0,0,Paid
41361,48567,2024-09-01,1269.0,0,Paid
41436,48808,2024-09-01,59255.0,0,Paid
41470,48925,2024-09-01,167368.0,0,Paid
41530,49130,2024-09-01,4001.0,0,Paid
41559,49214,2024-09-01,2076.0,0,Paid
41593,49323,2024-09-01,356260.0,6,Paid Late
41661,49606,2024-09-01,1102.0,7,Paid Late
41665,49617,2024-09-01,11164.0,8,Paid Late
41732,49872,2024-09-01,5842.0,31,Paid Late
41749,49913,2024-09-01,3547.0,0,Paid
41770,49980,2024-09-01,70024.0,0,Paid
41788,23,2024-10-01,5683.0,0,Paid
41798,48,2024-10-01,1950.0,0,Paid
41802,58,2024-10-01,5139.0,0,Paid
41818,119,2024-10-01,58864.0,0,Paid
41852,222,2024-10-01,802.0,0,Paid
41890,334,2024-10-01,313384.0,0,Paid
41899,356,2024-10-01,2917.0,0,Paid
41908,379,2024-10-01,12923.0,0,Paid
41997,685,2024-10-01,2323.0,10,Failed
41999,689,2024-10-01,2363.0,0,Paid
42053,855,2024-10-01,3712.0,0,Paid
42108,1048,2024-10-01,22042.0,0,Paid
42109,1054,2024-10-01,2814.0,16,Paid Late
42114,1061,2024-10-01,1560.0,0,Paid
42124,1092,2024-10-01,1046.0,12,Paid Late
42202,1314,2024-10-01,5652.0,0,Paid
42219,1362,2024-10-01,5518.0,0,Paid
42229,1385,2024-10-01,1186.0,0,Paid
42381,1917,2024-10-01,74436.0,0,Paid
42410,2044,2024-10-01,5486.0,0,Paid
42424,2082,2024-10-01,42635.0,0,Paid
42565,2575,2024-10-01,734.0,0,Paid
42577,2620,2024-10-01,25733.0,33,Paid Late
42613,2754,2024-10-01,1558.0,0,Paid
42617,2761,2024-10-01,1572.0,0,Paid
42618,2768,2024-10-01,4274.0,0,Paid
42703,3054,2024-10-01,768.0,0,Paid
42741,3171,2024-10-01,137615.0,0,Paid
42775,3285,2024-10-01,106645.0,0,Paid
42805,3421,2024-10-01,33627.0,0,Paid
42806,3422,2024-10-01,9439.0,1,Paid Late
43068,4306,2024-10-01,39377.0,12,Failed
43172,4626,2024-10-01,55699.0,28,Failed
43223,4788,2024-10-01,24028.0,0,Paid
43231,4810,2024-10-01,31839.0,0,Paid
43234,4819,2024-10-01,201004.0,19,Paid Late
43268,4922,2024-10-01,5161.0,0,Paid
43297,5023,2024-10-01,3089.0,0,Paid
43305,5046,2024-10-01,37180.0,0,Paid
43357,5199,2024-10-01,5451.0,0,Paid
43396,5329,2024-10-01,1674691.0,0,Paid
43421,5411,2024-10-01,66539.0,0,Paid
43462,5513,2024-10-01,56636.0,0,Paid
43480,5566,2024-10-01,4498.0,0,Paid
43505,5657,2024-10-01,565.0,0,Paid
43521,5717,2024-10-01,26526.0,0,Paid
43533,5749,2024-10-01,2339.0,0,Paid
43535,5754,2024-10-01,2141.0,0,Paid
43549,5786,2024-10-01,2540.0,48,Paid Late
43604,5985,2024-10-01,1160.0,0,Paid
43628,6058,2024-10-01,62683.0,47,Paid Late
43638,6092,2024-10-01,101329.0,0,Paid
43640,6096,2024-10-01,11021.0,0,Paid
43657,6149,2024-10-01,67102.0,0,Paid
43694,6293,2024-10-01,1083629.0,0,Paid
43715,6359,2024-10-01,5918.0,7,Paid Late
43717,6362,2024-10-01,1123.0,0,Paid
43763,6487,2024-10-01,1884.0,0,Paid
43781,6545,2024-10-01,20610.0,0,Paid
43812,6669,2024-10-01,26298.0,0,Paid
43817,6693,2024-10-01,98223.0,25,Paid Late
43831,6744,2024-10-01,31650.0,0,Paid
43844,6786,2024-10-01,36689.0,0,Paid
43853,6814,2024-10-01,3057.0,0,Paid
43932,7058,2024-10-01,32192.0,0,Paid
43985,7227,2024-10-01,9399.0,0,Paid
44042,7430,2024-10-01,1527.0,10,Paid Late
44059,7497,2024-10-01,25703.0,0,Paid
44222,8039,2024-10-01,1664.0,17,Paid Late
44235,8085,2024-10-01,6348.0,0,Paid
44267,8179,2024-10-01,26592.0,0,Paid
44313,8339,2024-10-01,26320.0,53,Paid Late
44318,8359,2024-10-01,220148.0,0,Paid
44328,8392,2024-10-01,1838.0,0,Paid
44422,8712,2024-10-01,2689.0,0,Paid
44426,8727,2024-10-01,7372.0,0,Paid
44439,8775,2024-10-01,792.0,0,Paid
44449,8799,2024-10-01,7671.0,0,Paid
44536,9083,2024-10-01,2033.0,0,Paid
44546,9112,2024-10-01,34660.0,0,Paid
44556,9141,2024-10-01,2243.0,0,Paid
44561,9157,2024-10-01,7372.0,0,Paid
44598,9272,2024-10-01,819.0,0,Paid
44633,9399,2024-10-01,1310.0,25,Failed
44664,9505,2024-10-01,53713.0,54,Failed
44680,9565,2024-10-01,39102.0,0,Paid
44702,9636,2024-10-01,13035.0,0,Paid
44722,9703,2024-10-01,49695.0,0,Paid
44745,9768,2024-10-01,52055.0,0,Paid
44767,9836,2024-10-01,65536.0,0,Paid
44775,9866,2024-10-01,3231.0,0,Paid
44866,10214,2024-10-01,793.0,10,Paid Late
44893,10330,2024-10-01,143673.0,0,Paid
44924,10429,2024-10-01,66036.0,0,Paid
44932,10457,2024-10-01,1080.0,0,Paid
44972,10578,2024-10-01,534341.0,0,Paid
45027,10771,2024-10-01,32562.0,0,Paid
45191,11348,2024-10-01,7927.0,0,Paid
45217,11425,2024-10-01,21761.0,0,Paid
45340,11877,2024-10-01,33037.0,0,Paid
45341,11883,2024-10-01,58642.0,0,Paid
45373,12008,2024-10-01,827.0,0,Paid
45394,12103,2024-10-01,59923.0,0,Paid
45405,12136,2024-10-01,32670.0,0,Paid
45415,12176,2024-10-01,35863.0,12,Failed
45447,12321,2024-10-01,37080.0,0,Paid
45459,12375,2024-10-01,104352.0,0,Paid
45490,12473,2024-10-01,12679.0,0,Paid
45534,12588,2024-10-01,2872.0,0,Paid
45623,12867,2024-10-01,4871.0,0,Paid
45667,12990,2024-10-01,819.0,0,Paid
45715,13155,2024-10-01,548.0,0,Paid
45735,13215,2024-10-01,6555.0,0,Paid
45739,13230,2024-10-01,1810.0,0,Paid
45799,13468,2024-10-01,2412.0,0,Paid
45842,13618,2024-10-01,1123.0,0,Paid
45847,13637,2024-10-01,6831.0,0,Paid
46040,14271,2024-10-01,2516.0,0,Paid
46048,14289,2024-10-01,769705.0,0,Paid
46073,14388,2024-10-01,1751.0,0,Paid
46165,14732,2024-10-01,3217.0,0,Paid
46197,14837,2024-10-01,22166.0,0,Paid
46238,14970,2024-10-01,1083.0,0,Paid
46263,15049,2024-10-01,2516.0,0,Paid
46308,15189,2024-10-01,2021.0,0,Paid
46366,15389,2024-10-01,1846.0,0,Paid
46373,15412,2024-10-01,17265.0,14,Paid Late
46391,15472,2024-10-01,4929.0,10,Failed
46421,15612,2024-10-01,3224.0,0,Paid
46480,15791,2024-10-01,819.0,0,Paid
46575,16073,2024-10-01,58235.0,10,Failed
46631,16280,2024-10-01,6627.0,31,Paid Late
46657,16353,2024-10-01,1827.0,0,Paid
46664,16381,2024-10-01,1626.0,0,Paid
46743,16664,2024-10-01,21697.0,16,Paid Late
46753,16705,2024-10-01,2323.0,35,Failed
46757,16712,2024-10-01,186033.0,0,Paid
46777,16769,2024-10-01,57793.0,0,Paid
46863,17095,2024-10-01,59975.0,1,Paid Late
46938,17368,2024-10-01,4124.0,4,Paid Late
46992,17555,2024-10-01,17564.0,0,Paid
47034,17724,2024-10-01,1174.0,0,Paid
47061,17800,2024-10-01,24447.0,0,Paid
47070,17818,2024-10-01,6348.0,0,Paid
47113,17974,2024-10-01,3368.0,13,Failed
47119,17993,2024-10-01,69976.0,0,Paid
47122,18013,2024-10-01,1593.0,0,Paid
47142,18057,2024-10-01,4592.0,0,Paid
47151,18088,2024-10-01,5906.0,14,Paid Late
47157,18104,2024-10-01,21997.0,24,Paid Late
47164,18130,2024-10-01,64675.0,0,Paid
47217,18303,2024-10-01,14574.0,0,Paid
47303,18662,2024-10-01,2596.0,5,Paid Late
47321,18720,2024-10-01,122818.0,0,Paid
47342,18808,2024-10-01,1511.0,0,Paid
47344,18811,2024-10-01,2122.0,0,Paid
47365,18901,2024-10-01,14528.0,0,Paid
47369,18914,2024-10-01,2872.0,0,Paid
47395,19002,2024-10-01,61612.0,0,Paid
47401,19036,2024-10-01,71415.0,0,Paid
47418,19095,2024-10-01,6210.0,0,Paid
47544,19468,2024-10-01,2707.0,23,Paid Late
47571,19560,2024-10-01,3651.0,0,Paid
47625,19729,2024-10-01,9228.0,0,Paid
47638,19777,2024-10-01,2420.0,0,Paid
47729,20071,2024-10-01,3153.0,0,Paid
47750,20131,2024-10-01,1199.0,0,Paid
47758,20162,2024-10-01,40616.0,0,Paid
47795,20296,2024-10-01,3103.0,0,Paid
47851,20493,2024-10-01,4592.0,0,Paid
47857,20516,2024-10-01,4545.0,0,Paid
47877,20595,2024-10-01,2141.0,0,Paid
47984,20940,2024-10-01,2141.0,0,Paid
48000,20987,2024-10-01,1808.0,0,Paid
48011,21026,2024-10-01,1560.0,0,Paid
48041,21126,2024-10-01,4264.0,0,Paid
48173,21504,2024-10-01,3523.0,0,Paid
48185,21542,2024-10-01,2596.0,0,Paid
48222,21682,2024-10-01,57704.0,8,Failed
48244,21751,2024-10-01,15747.0,0,Paid
48342,22110,2024-10-01,1200.0,0,Paid
48354,22139,2024-10-01,1560.0,0,Paid
48357,22154,2024-10-01,2435.0,0,Paid
48374,22215,2024-10-01,2119.0,9,Paid Late
48443,22485,2024-10-01,11423.0,0,Paid
48445,22487,2024-10-01,2315.0,8,Failed
48502,22676,2024-10-01,3655.0,0,Paid
48530,22756,2024-10-01,692.0,8,Paid Late
48565,22915,2024-10-01,1430.0,0,Paid
48599,22999,2024-10-01,56625.0,0,Paid
48654,23169,2024-10-01,2372.0,0,Paid
48746,23467,2024-10-01,40244.0,0,Paid
48754,23508,2024-10-01,3072.0,0,Paid
48880,23931,2024-10-01,26037.0,0,Paid
48910,24011,2024-10-01,2048.0,24,Failed
48955,24199,2024-10-01,17951.0,17,Paid Late
49054,24563,2024-10-01,1846.0,0,Paid
49066,24595,2024-10-01,3614.0,0,Paid
49103,24703,2024-10-01,2219.0,0,Paid
49106,24712,2024-10-01,53107.0,0,Paid
49112,24733,2024-10-01,7831.0,0,Paid
49124,24772,2024-10-01,1080.0,0,Paid
49143,24829,2024-10-01,7671.0,18,Failed
49145,24838,2024-10-01,1751.0,21,Paid Late
49175,24948,2024-10-01,3368.0,0,Paid
49200,25035,2024-10-01,2033.0,0,Paid
49235,25145,2024-10-01,2372.0,15,Paid Late
49259,25256,2024-10-01,61877.0,0,Paid
49268,25308,2024-10-01,1608422.0,5,Paid Late
49272,25319,2024-10-01,810.0,0,Paid
49279,25336,2024-10-01,1269.0,0,Paid
49345,25560,2024-10-01,4358.0,10,Paid Late
49372,25666,2024-10-01,70736.0,29,Failed
49380,25694,2024-10-01,18422.0,8,Paid Late
49444,25919,2024-10-01,21319.0,16,Paid Late
49466,25988,2024-10-01,13856.0,0,Paid
49480,26042,2024-10-01,35629.0,0,Paid
49615,26507,2024-10-01,924.0,0,Paid
49621,26521,2024-10-01,10336.0,0,Paid
49635,26568,2024-10-01,1431886.0,0,Paid
49702,26817,2024-10-01,32605.0,0,Paid
49721,26878,2024-10-01,22712.0,17,Paid Late
49733,26911,2024-10-01,751.0,0,Paid
49803,27133,2024-10-01,6792.0,0,Paid
49864,27337,2024-10-01,44664.0,0,Paid
49922,27545,2024-10-01,1102.0,0,Paid
50000,27791,2024-10-01,48865.0,13,Paid Late
50087,28082,2024-10-01,4824.0,0,Paid
50127,28203,2024-10-01,7512.0,0,Paid
50139,28239,2024-10-01,2672.0,0,Paid
50194,28440,2024-10-01,1338.0,0,Paid
50327,28899,2024-10-01,4523.0,36,Failed
50331,28909,2024-10-01,16319.0,5,Failed
50406,29155,2024-10-01,32696.0,20,Paid Late
50444,29302,2024-10-01,110674.0,25,Failed
50465,29367,2024-10-01,10306.0,0,Paid
50506,29499,2024-10-01,30077.0,0,Paid
50514,29526,2024-10-01,18263.0,0,Paid
50555,29667,2024-10-01,82879.0,0,Paid
50563,29679,2024-10-01,4452.0,0,Paid
50606,29805,2024-10-01,2243.0,6,Paid Late
50615,29832,2024-10-01,2171.0,18,Paid Late
50640,29926,2024-10-01,13277.0,0,Paid
50728,30229,2024-10-01,215516.0,7,Paid Late
50831,30607,2024-10-01,5054.0,0,Paid
50892,30819,2024-10-01,157296.0,0,Paid
50996,31160,2024-10-01,2251.0,0,Paid
51004,31179,2024-10-01,4982.0,0,Paid
51047,31324,2024-10-01,4217.0,0,Paid
51050,31331,2024-10-01,2755.0,0,Paid
51069,31392,2024-10-01,2275.0,0,Paid
51092,31468,2024-10-01,5451.0,0,Paid
51118,31563,2024-10-01,1609.0,0,Paid
51162,31691,2024-10-01,2251.0,0,Paid
51172,31726,2024-10-01,2898.0,0,Paid
51202,31811,2024-10-01,2872.0,0,Paid
51319,32211,2024-10-01,6693.0,0,Paid
51346,32302,2024-10-01,187657.0,0,Paid
51386,32430,2024-10-01,27135.0,0,Paid
51393,32453,2024-10-01,785.0,0,Paid
51411,32521,2024-10-01,827.0,0,Paid
51414,32529,2024-10-01,2098.0,0,Paid
51417,32536,2024-10-01,12101.0,0,Paid
51509,32811,2024-10-01,29200.0,0,Paid
51536,32920,2024-10-01,1324.0,10,Paid Late
51561,32995,2024-10-01,23894.0,0,Paid
51615,33208,2024-10-01,56683.0,0,Paid
51670,33372,2024-10-01,34162.0,0,Paid
51794,33774,2024-10-01,1789.0,19,Paid Late
51795,33778,2024-10-01,1990.0,0,Paid
51799,33794,2024-10-01,59261.0,0,Paid
51801,33796,2024-10-01,17556.0,0,Paid
51827,33870,2024-10-01,1058162.0,0,Paid
51855,33975,2024-10-01,4170.0,0,Paid
51930,34261,2024-10-01,3416.0,0,Paid
51998,34482,2024-10-01,5351.0,0,Paid
52070,34721,2024-10-01,21805.0,0,Paid
52073,34735,2024-10-01,51574.0,0,Paid
52090,34795,2024-10-01,3430.0,0,Paid
52112,34863,2024-10-01,4965.0,0,Paid
52119,34879,2024-10-01,2190.0,0,Paid
52170,35057,2024-10-01,83711.0,0,Paid
52188,35118,2024-10-01,21492.0,23,Paid Late
52260,35343,2024-10-01,4639.0,0,Paid
52280,35412,2024-10-01,1091794.0,0,Paid
52408,35860,2024-10-01,1186.0,0,Paid
52429,35933,2024-10-01,282345.0,0,Paid
52455,36021,2024-10-01,810.0,0,Paid
52479,36077,2024-10-01,64465.0,0,Paid
52495,36158,2024-10-01,519.0,12,Failed
52505,36197,2024-10-01,5842.0,0,Paid
52669,36791,2024-10-01,4083.0,0,Paid
52694,36920,2024-10-01,3877.0,0,Paid
52712,36980,2024-10-01,19507.0,0,Paid
52754,37134,2024-10-01,3223.0,0,Paid
52768,37179,2024-10-01,2019.0,0,Paid
52838,37424,2024-10-01,116696.0,0,Paid
52848,37460,2024-10-01,281043.0,0,Paid
52865,37500,2024-10-01,7512.0,0,Paid
52898,37605,2024-10-01,31843.0,5,Paid Late
52916,37672,2024-10-01,30109.0,0,Paid
52991,37940,2024-10-01,5969.0,0,Paid
53007,37982,2024-10-01,27170.0,0,Paid
53070,38198,2024-10-01,819.0,0,Paid
53076,38211,2024-10-01,3467.0,0,Paid
53083,38227,2024-10-01,2339.0,0,Paid
53229,38766,2024-10-01,62413.0,0,Paid
53245,38812,2024-10-01,2396.0,0,Paid
53270,38906,2024-10-01,101271.0,0,Paid
53316,39062,2024-10-01,6553.0,15,Paid Late
53530,39869,2024-10-01,3614.0,57,Failed
53614,40166,2024-10-01,3308.0,0,Paid
53703,40485,2024-10-01,2902.0,0,Paid
53783,40757,2024-10-01,9177.0,0,Paid
53816,40892,2024-10-01,30093.0,0,Paid
54012,41531,2024-10-01,95639.0,43,Paid Late
54016,41542,2024-10-01,35417.0,0,Paid
54021,41554,2024-10-01,5822.0,0,Paid
54040,41660,2024-10-01,4498.0,0,Paid
54049,41704,2024-10-01,1223.0,0,Paid
54051,41709,2024-10-01,59497.0,34,Failed
54053,41717,2024-10-01,1046.0,0,Paid
54061,41740,2024-10-01,3504.0,22,Paid Late
54073,41776,2024-10-01,1690.0,0,Paid
54093,41834,2024-10-01,2872.0,0,Paid
54110,41888,2024-10-01,37287.0,0,Paid
54128,41956,2024-10-01,3196.0,0,Paid
54132,41970,2024-10-01,15914.0,0,Paid
54154,42058,2024-10-01,5335.0,12,Paid Late
54167,42105,2024-10-01,2931.0,0,Paid
54186,42170,2024-10-01,24570.0,0,Paid
54190,42176,2024-10-01,3541.0,0,Paid
54204,42264,2024-10-01,9584.0,0,Paid
54238,42398,2024-10-01,287332.0,0,Paid
54244,42428,2024-10-01,2868.0,0,Paid
54249,42446,2024-10-01,759.0,0,Paid
54308,42620,2024-10-01,2872.0,0,Paid
54367,42868,2024-10-01,1137.0,0,Paid
54418,43041,2024-10-01,210808.0,0,Paid
54463,43165,2024-10-01,24803.0,0,Paid
54476,43194,2024-10-01,1481.0,0,Paid
54519,43358,2024-10-01,58231.0,0,Paid
54541,43444,2024-10-01,6287.0,0,Paid
54607,43665,2024-10-01,2122.0,6,Paid Late
54613,43702,2024-10-01,2784.0,0,Paid
54828,44430,2024-10-01,310673.0,0,Paid
54897,44722,2024-10-01,13425.0,0,Paid
54961,44979,2024-10-01,2119.0,0,Paid
55063,45344,2024-10-01,38339.0,0,Paid
55082,45395,2024-10-01,3651.0,0,Paid
55119,45507,2024-10-01,2195.0,17,Failed
55130,45541,2024-10-01,58108.0,0,Paid
55147,45606,2024-10-01,30648.0,0,Paid
55148,45608,2024-10-01,542.0,0,Paid
55180,45702,2024-10-01,1770.0,0,Paid
55191,45757,2024-10-01,15747.0,0,Paid
55213,45831,2024-10-01,1338.0,0,Paid
55239,45909,2024-10-01,15775.0,0,Paid
55264,45983,2024-10-01,252276.0,0,Paid
55290,46074,2024-10-01,90483.0,0,Paid
55426,46503,2024-10-01,145189.0,0,Paid
55452,46607,2024-10-01,2856.0,0,Paid
55469,46659,2024-10-01,1256.0,0,Paid
55489,46708,2024-10-01,4639.0,0,Paid
55498,46731,2024-10-01,4452.0,0,Paid
55544,46903,2024-10-01,13610.0,0,Paid
55588,47036,2024-10-01,3334.0,0,Paid
55674,47297,2024-10-01,1150502.0,13,Paid Late
55744,47527,2024-10-01,4452.0,0,Paid
55786,47666,2024-10-01,1713.0,0,Paid
55832,47832,2024-10-01,348052.0,26,Failed
55843,47863,2024-10-01,1884.0,0,Paid
55848,47879,2024-10-01,673564.0,4,Failed
55851,47889,2024-10-01,203288.0,0,Paid
55858,47913,2024-10-01,3231.0,23,Failed
55882,47989,2024-10-01,6831.0,44,Failed
55988,48337,2024-10-01,3162.0,0,Paid
56059,48567,2024-10-01,1269.0,0,Paid
56074,48593,2024-10-01,1911600.0,13,Failed
56142,48808,2024-10-01,59255.0,0,Paid
56240,49130,2024-10-01,4001.0,14,Paid Late
56270,49214,2024-10-01,2076.0,16,Paid Late
56375,49606,2024-10-01,1102.0,0,Paid
56379,49617,2024-10-01,11164.0,0,Paid
56447,49872,2024-10-01,5842.0,13,Paid Late
56464,49913,2024-10-01,3547.0,6,Paid Late
56488,49980,2024-10-01,70024.0,0,Paid
56509,23,2024-11-01,5683.0,0,Paid
56519,48,2024-11-01,1950.0,0,Paid
56522,58,2024-11-01,5139.0,6,Failed
56538,119,2024-11-01,58864.0,0,Paid
56570,222,2024-11-01,802.0,7,Failed
56613,356,2024-11-01,2917.0,0,Paid
56622,379,2024-11-01,12923.0,0,Paid
56669,531,2024-11-01,2922.0,0,Paid
56717,685,2024-11-01,2323.0,0,Paid
56719,689,2024-11-01,2363.0,27,Paid Late
56779,855,2024-11-01,3712.0,0,Paid
56835,1048,2024-11-01,22042.0,0,Paid
56837,1054,2024-11-01,2814.0,0,Paid
56841,1061,2024-11-01,1560.0,0,Paid
56853,1092,2024-11-01,1046.0,0,Paid
56938,1314,2024-11-01,5652.0,32,Paid Late
56956,1362,2024-11-01,5518.0,0,Paid
56966,1385,2024-11-01,1186.0,21,Failed
57087,1806,2024-11-01,59603.0,0,Paid
57088,1807,2024-11-01,536911.0,0,Paid
57125,1917,2024-11-01,74436.0,0,Paid
57169,2082,2024-11-01,42635.0,0,Paid
57333,2575,2024-11-01,734.0,0,Paid
57347,2620,2024-11-01,25733.0,0,Paid
57389,2754,2024-11-01,1558.0,0,Paid
57392,2761,2024-11-01,1572.0,0,Paid
57393,2768,2024-11-01,4274.0,0,Paid
57481,3054,2024-11-01,768.0,22,Failed
57519,3171,2024-11-01,137615.0,0,Paid
57547,3262,2024-11-01,336388.0,0,Paid
57553,3285,2024-11-01,106645.0,0,Paid
57556,3295,2024-11-01,339120.0,0,Paid
57591,3421,2024-11-01,33627.0,0,Paid
57592,3422,2024-11-01,9439.0,0,Paid
57606,3470,2024-11-01,27875.0,0,Paid
57666,3656,2024-11-01,2489.0,0,Paid
57925,4534,2024-11-01,4634.0,0,Paid
57954,4626,2024-11-01,55699.0,5,Paid Late
58002,4788,2024-11-01,24028.0,0,Paid
58010,4810,2024-11-01,31839.0,0,Paid
58013,4819,2024-11-01,201004.0,6,Paid Late
58047,4922,2024-11-01,5161.0,6,Paid Late
58080,5023,2024-11-01,3089.0,0,Paid
58088,5046,2024-11-01,37180.0,10,Paid Late
58140,5199,2024-11-01,5451.0,0,Paid
58203,5411,2024-11-01,66539.0,0,Paid
58242,5513,2024-11-01,56636.0,0,Paid
58263,5566,2024-11-01,4498.0,22,Failed
58286,5657,2024-11-01,565.0,0,Paid
58301,5717,2024-11-01,26526.0,0,Paid
58312,5749,2024-11-01,2339.0,0,Paid
58314,5754,2024-11-01,2141.0,0,Paid
58327,5786,2024-11-01,2540.0,0,Paid
58387,5985,2024-11-01,1160.0,0,Paid
58410,6051,2024-11-01,28804.0,0,Paid
58421,6092,2024-11-01,101329.0,0,Paid
58423,6096,2024-11-01,11021.0,0,Paid
58438,6149,2024-11-01,67102.0,0,Paid
58500,6362,2024-11-01,1123.0,0,Paid
58546,6487,2024-11-01,1884.0,0,Paid
58564,6545,2024-11-01,20610.0,0,Paid
58600,6693,2024-11-01,98223.0,0,Paid
58613,6744,2024-11-01,31650.0,0,Paid
58627,6786,2024-11-01,36689.0,17,Paid Late
58636,6814,2024-11-01,3057.0,0,Paid
58668,6909,2024-11-01,36515.0,0,Paid
58716,7058,2024-11-01,32192.0,0,Paid
58765,7227,2024-11-01,9399.0,0,Paid
58822,7430,2024-11-01,1527.0,0,Paid
58841,7497,2024-11-01,25703.0,0,Paid
59005,8039,2024-11-01,1664.0,0,Paid
59020,8085,2024-11-01,6348.0,0,Paid
59052,8179,2024-11-01,26592.0,0,Paid
59099,8339,2024-11-01,26320.0,0,Paid
59103,8359,2024-11-01,220148.0,1,Paid Late
59116,8392,2024-11-01,1838.0,0,Paid
59218,8712,2024-11-01,2689.0,0,Paid
59221,8727,2024-11-01,7372.0,0,Paid
59236,8775,2024-11-01,792.0,0,Paid
59245,8799,2024-11-01,7671.0,0,Paid
59258,8844,2024-11-01,81994.0,0,Paid
59324,9083,2024-11-01,2033.0,0,Paid
59335,9112,2024-11-01,34660.0,0,Paid
59346,9141,2024-11-01,2243.0,0,Paid
59351,9157,2024-11-01,7372.0,0,Paid
59393,9272,2024-11-01,819.0,3,Paid Late
59426,9399,2024-11-01,1310.0,0,Paid
59458,9505,2024-11-01,53713.0,0,Paid
59476,9565,2024-11-01,39102.0,0,Paid
59496,9636,2024-11-01,13035.0,0,Paid
59514,9703,2024-11-01,49695.0,0,Paid
59536,9768,2024-11-01,52055.0,11,Paid Late
59559,9836,2024-11-01,65536.0,0,Paid
59567,9866,2024-11-01,3231.0,0,Paid
59605,10006,2024-11-01,722844.0,0,Paid
59658,10214,2024-11-01,793.0,0,Paid
59666,10246,2024-11-01,1495.0,17,Paid Late
59688,10330,2024-11-01,143673.0,0,Paid
59719,10429,2024-11-01,66036.0,0,Paid
59727,10457,2024-11-01,1080.0,0,Paid
59748,10529,2024-11-01,75946.0,3,Paid Late
59823,10745,2024-11-01,15433.0,0,Paid
59830,10771,2024-11-01,32562.0,18,Paid Late
60022,11425,2024-11-01,21761.0,0,Paid
60033,11457,2024-11-01,4877.0,0,Paid
60154,11883,2024-11-01,58642.0,0,Paid
60187,12008,2024-11-01,827.0,0,Paid
60210,12103,2024-11-01,59923.0,0,Paid
60233,12176,2024-11-01,35863.0,16,Paid Late
60261,12321,2024-11-01,37080.0,0,Paid
60273,12357,2024-11-01,513184.0,0,Paid
60277,12375,2024-11-01,104352.0,0,Paid
60350,12588,2024-11-01,2872.0,0,Paid
60354,12602,2024-11-01,519.0,0,Paid
60434,12832,2024-11-01,37444.0,0,Paid
60448,12867,2024-11-01,4871.0,0,Paid
60483,12951,2024-11-01,2510190.0,10,Paid Late
60493,12990,2024-11-01,819.0,0,Paid
60542,13155,2024-11-01,548.0,0,Paid
60560,13215,2024-11-01,6555.0,0,Paid
60564,13230,2024-11-01,1810.0,0,Paid
60572,13254,2024-11-01,62003.0,1,Paid Late
60623,13468,2024-11-01,2412.0,0,Paid
60627,13481,2024-11-01,7149.0,0,Paid
60670,13618,2024-11-01,1123.0,0,Paid
60677,13637,2024-11-01,6831.0,0,Paid
60797,14020,2024-11-01,16319.0,0,Paid
60876,14270,2024-11-01,134854.0,10,Paid Late
60877,14271,2024-11-01,2516.0,24,Failed
60908,14388,2024-11-01,1751.0,0,Paid
61007,14732,2024-11-01,3217.0,0,Paid
61038,14837,2024-11-01,22166.0,0,Paid
61079,14970,2024-11-01,1083.0,0,Paid
61104,15049,2024-11-01,2516.0,0,Paid
61149,15189,2024-11-01,2021.0,0,Paid
61211,15389,2024-11-01,1846.0,0,Paid
61217,15412,2024-11-01,17265.0,0,Paid
61236,15472,2024-11-01,4929.0,0,Paid
61269,15612,2024-11-01,3224.0,14,Paid Late
61337,15791,2024-11-01,819.0,0,Paid
61415,16036,2024-11-01,26440.0,5,Paid Late
61433,16073,2024-11-01,58235.0,11,Failed
61493,16280,2024-11-01,6627.0,0,Paid
61520,16353,2024-11-01,1827.0,0,Paid
61529,16381,2024-11-01,1626.0,0,Paid
61625,16705,2024-11-01,2323.0,23,Paid Late
61631,16712,2024-11-01,186033.0,0,Paid
61647,16769,2024-11-01,57793.0,0,Paid
61663,16799,2024-11-01,10940.0,0,Paid
61740,17072,2024-11-01,38010.0,5,Failed
61743,17095,2024-11-01,59975.0,0,Paid
61817,17368,2024-11-01,4124.0,0,Paid
61836,17430,2024-11-01,2922545.0,0,Paid
61873,17555,2024-11-01,17564.0,0,Paid
61917,17724,2024-11-01,1174.0,0,Paid
61944,17800,2024-11-01,24447.0,0,Paid
61949,17818,2024-11-01,6348.0,0,Paid
61989,17974,2024-11-01,3368.0,0,Paid
61997,17993,2024-11-01,69976.0,0,Paid
62000,18013,2024-11-01,1593.0,0,Paid
62018,18057,2024-11-01,4592.0,0,Paid
62026,18088,2024-11-01,5906.0,0,Paid
62033,18104,2024-11-01,21997.0,0,Paid
62040,18130,2024-11-01,64675.0,0,Paid
62096,18303,2024-11-01,14574.0,0,Paid
62185,18662,2024-11-01,2596.0,4,Paid Late
62219,18808,2024-11-01,1511.0,0,Paid
62221,18811,2024-11-01,2122.0,0,Paid
62246,18901,2024-11-01,14528.0,0,Paid
62248,18914,2024-11-01,2872.0,9,Paid Late
62276,19002,2024-11-01,61612.0,0,Paid
62283,19036,2024-11-01,71415.0,21,Paid Late
62299,19095,2024-11-01,6210.0,27,Failed
62422,19468,2024-11-01,2707.0,0,Paid
62449,19560,2024-11-01,3651.0,0,Paid
62502,19729,2024-11-01,9228.0,0,Paid
62516,19777,2024-11-01,2420.0,12,Paid Late
62612,20071,2024-11-01,3153.0,31,Failed
62637,20131,2024-11-01,1199.0,12,Failed
62646,20162,2024-11-01,40616.0,0,Paid
62680,20296,2024-11-01,3103.0,0,Paid
62734,20480,2024-11-01,31126.0,12,Paid Late
62740,20493,2024-11-01,4592.0,0,Paid
62746,20516,2024-11-01,4545.0,0,Paid
62769,20595,2024-11-01,2141.0,0,Paid
62873,20940,2024-11-01,2141.0,0,Paid
62889,20987,2024-11-01,1808.0,0,Paid
62901,21026,2024-11-01,1560.0,0,Paid
62936,21126,2024-11-01,4264.0,0,Paid
62938,21146,2024-11-01,9018.0,4,Paid Late
63071,21504,2024-11-01,3523.0,0,Paid
63083,21542,2024-11-01,2596.0,0,Paid
63122,21682,2024-11-01,57704.0,0,Paid
63147,21751,2024-11-01,15747.0,0,Paid
63244,22110,2024-11-01,1200.0,0,Paid
63255,22139,2024-11-01,1560.0,4,Failed
63257,22154,2024-11-01,2435.0,0,Paid
63278,22215,2024-11-01,2119.0,15,Paid Late
63336,22416,2024-11-01,81994.0,37,Paid Late
63354,22485,2024-11-01,11423.0,0,Paid
63356,22487,2024-11-01,2315.0,0,Paid
63378,22573,2024-11-01,6616.0,0,Paid
63389,22603,2024-11-01,2574806.0,0,Paid
63414,22676,2024-11-01,3655.0,0,Paid
63428,22710,2024-11-01,7906.0,34,Failed
63443,22756,2024-11-01,692.0,0,Paid
63480,22915,2024-11-01,1430.0,0,Paid
63513,22999,2024-11-01,56625.0,0,Paid
63567,23169,2024-11-01,2372.0,0,Paid
63649,23467,2024-11-01,40244.0,0,Paid
63655,23508,2024-11-01,3072.0,0,Paid
63735,23757,2024-11-01,5670.0,0,Paid
63789,23931,2024-11-01,26037.0,0,Paid
63817,24011,2024-11-01,2048.0,32,Paid Late
63868,24199,2024-11-01,17951.0,0,Paid
63966,24563,2024-11-01,1846.0,0,Paid
63976,24595,2024-11-01,3614.0,0,Paid
64016,24703,2024-11-01,2219.0,0,Paid
64018,24712,2024-11-01,53107.0,0,Paid
64025,24733,2024-11-01,7831.0,0,Paid
64039,24772,2024-11-01,1080.0,0,Paid
64058,24829,2024-11-01,7671.0,10,Failed
64060,24838,2024-11-01,1751.0,0,Paid
64095,24948,2024-11-01,3368.0,0,Paid
64120,25035,2024-11-01,2033.0,0,Paid
64159,25145,2024-11-01,2372.0,0,Paid
64182,25256,2024-11-01,61877.0,0,Paid
64193,25319,2024-11-01,810.0,0,Paid
64199,25336,2024-11-01,1269.0,15,Paid Late
64266,25560,2024-11-01,4358.0,8,Paid Late
64300,25666,2024-11-01,70736.0,0,Paid
64309,25694,2024-11-01,18422.0,0,Paid
64368,25919,2024-11-01,21319.0,0,Paid
64544,26507,2024-11-01,924.0,0,Paid
64587,26664,2024-11-01,1262542.0,33,Failed
64638,26817,2024-11-01,32605.0,0,Paid
64667,26911,2024-11-01,751.0,0,Paid
64742,27133,2024-11-01,6792.0,0,Paid
64800,27337,2024-11-01,44664.0,0,Paid
64819,27387,2024-11-01,808909.0,0,Paid
64861,27545,2024-11-01,1102.0,0,Paid
64900,27689,2024-11-01,69304.0,0,Paid
64934,27791,2024-11-01,48865.0,0,Paid
65024,28082,2024-11-01,4824.0,0,Paid
65042,28136,2024-11-01,23782.0,0,Paid
65063,28203,2024-11-01,7512.0,0,Paid
65075,28239,2024-11-01,2672.0,0,Paid
65114,28370,2024-11-01,32057.0,0,Paid
65130,28440,2024-11-01,1338.0,0,Paid
65265,28899,2024-11-01,4523.0,0,Paid
65346,29155,2024-11-01,32696.0,0,Paid
65382,29302,2024-11-01,110674.0,0,Paid
65403,29367,2024-11-01,10306.0,0,Paid
65448,29499,2024-11-01,30077.0,0,Paid
65496,29667,2024-11-01,82879.0,0,Paid
65502,29679,2024-11-01,4452.0,11,Paid Late
65549,29805,2024-11-01,2243.0,0,Paid
65560,29832,2024-11-01,2171.0,23,Paid Late
65587,29926,2024-11-01,13277.0,19,Paid Late
65677,30229,2024-11-01,215516.0,0,Paid
65839,30819,2024-11-01,157296.0,0,Paid
65929,31113,2024-11-01,78818.0,22,Paid Late
65947,31160,2024-11-01,2251.0,0,Paid
65954,31179,2024-11-01,4982.0,0,Paid
66000,31324,2024-11-01,4217.0,0,Paid
66002,31331,2024-11-01,2755.0,0,Paid
66023,31392,2024-11-01,2275.0,0,Paid
66047,31468,2024-11-01,5451.0,0,Paid
66070,31563,2024-11-01,1609.0,0,Paid
66109,31691,2024-11-01,2251.0,0,Paid
66120,31726,2024-11-01,2898.0,0,Paid
66147,31811,2024-11-01,2872.0,0,Paid
66268,32211,2024-11-01,6693.0,0,Paid
66297,32302,2024-11-01,187657.0,0,Paid
66337,32430,2024-11-01,27135.0,0,Paid
66344,32453,2024-11-01,785.0,0,Paid
66363,32521,2024-11-01,827.0,0,Paid
66366,32529,2024-11-01,2098.0,0,Paid
66370,32536,2024-11-01,12101.0,0,Paid
66455,32811,2024-11-01,29200.0,0,Paid
66479,32896,2024-11-01,2286133.0,0,Paid
66483,32920,2024-11-01,1324.0,0,Paid
66508,32995,2024-11-01,23894.0,0,Paid
66566,33208,2024-11-01,56683.0,0,Paid
66620,33372,2024-11-01,34162.0,12,Paid Late
66743,33774,2024-11-01,1789.0,9,Paid Late
66744,33776,2024-11-01,2348.0,0,Paid
66746,33778,2024-11-01,1990.0,0,Paid
66750,33794,2024-11-01,59261.0,0,Paid
66752,33796,2024-11-01,17556.0,0,Paid
66792,33945,2024-11-01,14236.0,0,Paid
66805,33975,2024-11-01,4170.0,0,Paid
66868,34201,2024-11-01,6417.0,0,Paid
66884,34261,2024-11-01,3416.0,6,Failed
66946,34482,2024-11-01,5351.0,0,Paid
67018,34721,2024-11-01,21805.0,0,Paid
67021,34735,2024-11-01,51574.0,0,Paid
67040,34795,2024-11-01,3430.0,0,Paid
67060,34863,2024-11-01,4965.0,0,Paid
67067,34879,2024-11-01,2190.0,35,Failed
67072,34889,2024-11-01,1642.0,0,Paid
67208,35343,2024-11-01,4639.0,0,Paid
67267,35550,2024-11-01,802.0,0,Paid
67355,35860,2024-11-01,1186.0,0,Paid
67379,35933,2024-11-01,282345.0,0,Paid
67403,36021,2024-11-01,810.0,0,Paid
67444,36158,2024-11-01,519.0,8,Paid Late
67449,36173,2024-11-01,835.0,0,Paid
67456,36196,2024-11-01,950627.0,0,Paid
67457,36197,2024-11-01,5842.0,0,Paid
67625,36791,2024-11-01,4083.0,0,Paid
67647,36920,2024-11-01,3877.0,0,Paid
67666,36980,2024-11-01,19507.0,0,Paid
67710,37134,2024-11-01,3223.0,0,Paid
67723,37179,2024-11-01,2019.0,0,Paid
67757,37285,2024-11-01,45433.0,0,Paid
67790,37424,2024-11-01,116696.0,0,Paid
67801,37460,2024-11-01,281043.0,0,Paid
67816,37500,2024-11-01,7512.0,0,Paid
67848,37605,2024-11-01,31843.0,23,Paid Late
67862,37672,2024-11-01,30109.0,0,Paid
67935,37940,2024-11-01,5969.0,0,Paid
67950,37982,2024-11-01,27170.0,9,Paid Late
68015,38198,2024-11-01,819.0,0,Paid
68020,38211,2024-11-01,3467.0,17,Paid Late
68029,38227,2024-11-01,2339.0,0,Paid
68179,38766,2024-11-01,62413.0,0,Paid
68193,38812,2024-11-01,2396.0,0,Paid
68214,38906,2024-11-01,101271.0,8,Paid Late
68259,39062,2024-11-01,6553.0,0,Paid
68309,39248,2024-11-01,363625.0,35,Paid Late
68384,39515,2024-11-01,10357.0,13,Paid Late
68490,39869,2024-11-01,3614.0,0,Paid
68574,40166,2024-11-01,3308.0,0,Paid
68675,40485,2024-11-01,2902.0,0,Paid
68762,40757,2024-11-01,9177.0,0,Paid
68795,40892,2024-11-01,30093.0,0,Paid
68854,41112,2024-11-01,69530.0,0,Paid
68879,41209,2024-11-01,222847.0,0,Paid
68987,41531,2024-11-01,95639.0,0,Paid
68991,41542,2024-11-01,35417.0,0,Paid
68997,41554,2024-11-01,5822.0,5,Paid Late
69020,41660,2024-11-01,4498.0,0,Paid
69030,41704,2024-11-01,1223.0,0,Paid
69032,41709,2024-11-01,59497.0,0,Paid
69034,41717,2024-11-01,1046.0,0,Paid
69042,41740,2024-11-01,3504.0,0,Paid
69053,41776,2024-11-01,1690.0,21,Paid Late
69074,41834,2024-11-01,2872.0,10,Failed
69092,41888,2024-11-01,37287.0,16,Failed
69108,41956,2024-11-01,3196.0,0,Paid
69112,41970,2024-11-01,15914.0,0,Paid
69136,42058,2024-11-01,5335.0,0,Paid
69150,42105,2024-11-01,2931.0,0,Paid
69172,42176,2024-11-01,3541.0,15,Paid Late
69189,42264,2024-11-01,9584.0,0,Paid
69229,42398,2024-11-01,287332.0,0,Paid
69235,42428,2024-11-01,2868.0,0,Paid
69240,42446,2024-11-01,759.0,0,Paid
69267,42536,2024-11-01,24052.0,0,Paid
69294,42620,2024-11-01,2872.0,25,Paid Late
69355,42868,2024-11-01,1137.0,0,Paid
69409,43041,2024-11-01,210808.0,0,Paid
69451,43162,2024-11-01,995.0,0,Paid
69452,43165,2024-11-01,24803.0,0,Paid
69464,43194,2024-11-01,1481.0,47,Paid Late
69510,43358,2024-11-01,58231.0,0,Paid
69532,43444,2024-11-01,6287.0,0,Paid
69564,43533,2024-11-01,23210.0,11,Paid Late
69570,43556,2024-11-01,2726.0,0,Paid
69600,43665,2024-11-01,2122.0,10,Failed
69608,43702,2024-11-01,2784.0,14,Failed
69640,43819,2024-11-01,34636.0,0,Paid
69661,43882,2024-11-01,14591.0,0,Paid
69760,44211,2024-11-01,4083.0,0,Paid
69898,44722,2024-11-01,13425.0,0,Paid
69965,44979,2024-11-01,2119.0,0,Paid
70066,45344,2024-11-01,38339.0,0,Paid
70085,45395,2024-11-01,3651.0,0,Paid
70125,45507,2024-11-01,2195.0,15,Failed
70133,45541,2024-11-01,58108.0,0,Paid
70140,45556,2024-11-01,78116.0,0,Paid
70155,45606,2024-11-01,30648.0,3,Paid Late
70156,45608,2024-11-01,542.0,20,Paid Late
70184,45702,2024-11-01,1770.0,21,Failed
70197,45757,2024-11-01,15747.0,0,Paid
70217,45831,2024-11-01,1338.0,0,Paid
70244,45909,2024-11-01,15775.0,0,Paid
70266,45983,2024-11-01,252276.0,0,Paid
70294,46074,2024-11-01,90483.0,8,Paid Late
70411,46452,2024-11-01,269255.0,15,Failed
70429,46503,2024-11-01,145189.0,0,Paid
70455,46607,2024-11-01,2856.0,0,Paid
70476,46659,2024-11-01,1256.0,18,Paid Late
70493,46708,2024-11-01,4639.0,0,Paid
70502,46731,2024-11-01,4452.0,36,Failed
70538,46847,2024-11-01,1070939.0,0,Paid
70557,46903,2024-11-01,13610.0,0,Paid
70604,47036,2024-11-01,3334.0,0,Paid
70618,47074,2024-11-01,1934420.0,0,Paid
70755,47517,2024-11-01,242946.0,0,Paid
70758,47527,2024-11-01,4452.0,0,Paid
70795,47666,2024-11-01,1713.0,0,Paid
70853,47863,2024-11-01,1884.0,5,Paid Late
70861,47889,2024-11-01,203288.0,0,Paid
70869,47913,2024-11-01,3231.0,0,Paid
70889,47989,2024-11-01,6831.0,0,Paid
70999,48337,2024-11-01,3162.0,0,Paid
71069,48567,2024-11-01,1269.0,0,Paid
71155,48808,2024-11-01,59255.0,0,Paid
71255,49130,2024-11-01,4001.0,0,Paid
71289,49214,2024-11-01,2076.0,0,Paid
71392,49598,2024-11-01,2553422.0,29,Failed
71395,49606,2024-11-01,1102.0,0,Paid
71399,49617,2024-11-01,11164.0,16,Failed
71450,49791,2024-11-01,1577934.0,0,Paid
71471,49872,2024-11-01,5842.0,65,Failed
71488,49913,2024-11-01,3547.0,0,Paid
71510,49980,2024-11-01,70024.0,0,Paid
71527,23,2024-12-01,5683.0,0,Paid
71538,48,2024-12-01,1950.0,0,Paid
71541,58,2024-12-01,5139.0,0,Paid
71559,119,2024-12-01,58864.0,30,Paid Late
71591,222,2024-12-01,802.0,0,Paid
71601,247,2024-12-01,11489.0,0,Paid
71636,356,2024-12-01,2917.0,0,Paid
71645,379,2024-12-01,12923.0,0,Paid
71689,531,2024-12-01,2922.0,0,Paid
71739,685,2024-12-01,2323.0,52,Paid Late
71741,689,2024-12-01,2363.0,6,Paid Late
71798,855,2024-12-01,3712.0,0,Paid
71838,1004,2024-12-01,313945.0,0,Paid
71860,1048,2024-12-01,22042.0,0,Paid
71862,1054,2024-12-01,2814.0,0,Paid
71866,1061,2024-12-01,1560.0,21,Paid Late
71870,1074,2024-12-01,34895.0,0,Paid
71876,1092,2024-12-01,1046.0,0,Paid
71954,1314,2024-12-01,5652.0,0,Paid
71974,1362,2024-12-01,5518.0,5,Paid Late
71983,1385,2024-12-01,1186.0,0,Paid
72107,1806,2024-12-01,59603.0,28,Paid Late
72148,1917,2024-12-01,74436.0,0,Paid
72192,2082,2024-12-01,42635.0,0,Paid
72252,2244,2024-12-01,18706.0,0,Paid
72352,2575,2024-12-01,734.0,0,Paid
72368,2620,2024-12-01,25733.0,0,Paid
72411,2754,2024-12-01,1558.0,0,Paid
72414,2761,2024-12-01,1572.0,0,Paid
72415,2768,2024-12-01,4274.0,0,Paid
72466,2939,2024-12-01,2135581.0,2,Paid Late
72504,3054,2024-12-01,768.0,0,Paid
72547,3171,2024-12-01,137615.0,0,Paid
72583,3285,2024-12-01,106645.0,0,Paid
72615,3421,2024-12-01,33627.0,0,Paid
72616,3422,2024-12-01,9439.0,35,Paid Late
72689,3656,2024-12-01,2489.0,20,Paid Late
72798,4019,2024-12-01,899748.0,0,Paid
72962,4534,2024-12-01,4634.0,12,Paid Late
72990,4626,2024-12-01,55699.0,0,Paid
73038,4788,2024-12-01,24028.0,0,Paid
73046,4810,2024-12-01,31839.0,0,Paid
73049,4819,2024-12-01,201004.0,38,Paid Late
73085,4922,2024-12-01,5161.0,0,Paid
73119,5023,2024-12-01,3089.0,0,Paid
73126,5046,2024-12-01,37180.0,15,Paid Late
73183,5199,2024-12-01,5451.0,0,Paid
73248,5411,2024-12-01,66539.0,0,Paid
73291,5513,2024-12-01,56636.0,0,Paid
73313,5566,2024-12-01,4498.0,0,Paid
73337,5657,2024-12-01,565.0,21,Failed
73352,5717,2024-12-01,26526.0,0,Paid
73364,5749,2024-12-01,2339.0,0,Paid
73366,5754,2024-12-01,2141.0,20,Failed
73381,5786,2024-12-01,2540.0,0,Paid
73446,5985,2024-12-01,1160.0,0,Paid
73476,6092,2024-12-01,101329.0,0,Paid
73478,6096,2024-12-01,11021.0,0,Paid
73492,6149,2024-12-01,67102.0,0,Paid
73552,6362,2024-12-01,1123.0,0,Paid
73594,6487,2024-12-01,1884.0,23,Paid Late
73616,6545,2024-12-01,20610.0,0,Paid
73658,6693,2024-12-01,98223.0,0,Paid
73674,6744,2024-12-01,31650.0,22,Failed
73686,6786,2024-12-01,36689.0,21,Failed
73693,6814,2024-12-01,3057.0,0,Paid
73742,6937,2024-12-01,2348.0,0,Paid
73782,7058,2024-12-01,32192.0,0,Paid
73835,7227,2024-12-01,9399.0,9,Paid Late
73887,7430,2024-12-01,1527.0,0,Paid
73905,7497,2024-12-01,25703.0,0,Paid
74085,8039,2024-12-01,1664.0,0,Paid
74100,8085,2024-12-01,6348.0,0,Paid
74132,8179,2024-12-01,26592.0,0,Paid
74185,8339,2024-12-01,26320.0,0,Paid
74189,8359,2024-12-01,220148.0,0,Paid
74198,8392,2024-12-01,1838.0,0,Paid
74303,8712,2024-12-01,2689.0,0,Paid
74306,8727,2024-12-01,7372.0,0,Paid
74320,8775,2024-12-01,792.0,0,Paid
74329,8799,2024-12-01,7671.0,0,Paid
74408,9083,2024-12-01,2033.0,0,Paid
74418,9112,2024-12-01,34660.0,0,Paid
74428,9141,2024-12-01,2243.0,0,Paid
74433,9157,2024-12-01,7372.0,0,Paid
74456,9229,2024-12-01,59923.0,80,Failed
74474,9272,2024-12-01,819.0,9,Paid Late
74508,9399,2024-12-01,1310.0,0,Paid
74542,9505,2024-12-01,53713.0,0,Paid
74560,9565,2024-12-01,39102.0,12,Failed
74585,9636,2024-12-01,13035.0,0,Paid
74606,9703,2024-12-01,49695.0,0,Paid
74613,9720,2024-12-01,33404.0,0,Paid
74629,9768,2024-12-01,52055.0,0,Paid
74652,9836,2024-12-01,65536.0,0,Paid
74660,9866,2024-12-01,3231.0,0,Paid
74753,10214,2024-12-01,793.0,0,Paid
74763,10246,2024-12-01,1495.0,9,Paid Late
74786,10330,2024-12-01,143673.0,0,Paid
74820,10429,2024-12-01,66036.0,44,Paid Late
74827,10457,2024-12-01,1080.0,15,Paid Late
74929,10771,2024-12-01,32562.0,31,Paid Late
75124,11425,2024-12-01,21761.0,0,Paid
75133,11457,2024-12-01,4877.0,0,Paid
75262,11883,2024-12-01,58642.0,0,Paid
75301,12008,2024-12-01,827.0,0,Paid
75327,12103,2024-12-01,59923.0,12,Paid Late
75347,12176,2024-12-01,35863.0,26,Paid Late
75371,12321,2024-12-01,37080.0,11,Paid Late
75384,12375,2024-12-01,104352.0,0,Paid
75457,12588,2024-12-01,2872.0,0,Paid
75463,12602,2024-12-01,519.0,0,Paid
75554,12867,2024-12-01,4871.0,0,Paid
75602,12990,2024-12-01,819.0,0,Paid
75607,13010,2024-12-01,652018.0,0,Paid
75652,13155,2024-12-01,548.0,0,Paid
75674,13215,2024-12-01,6555.0,0,Paid
75679,13230,2024-12-01,1810.0,16,Paid Late
75734,13412,2024-12-01,559.0,7,Failed
75747,13468,2024-12-01,2412.0,0,Paid
75750,13481,2024-12-01,7149.0,28,Paid Late
75796,13618,2024-12-01,1123.0,0,Paid
75803,13637,2024-12-01,6831.0,0,Paid
76010,14249,2024-12-01,1162.0,0,Paid
76015,14270,2024-12-01,134854.0,0,Paid
76016,14271,2024-12-01,2516.0,0,Paid
76055,14388,2024-12-01,1751.0,0,Paid
76099,14532,2024-12-01,870016.0,0,Paid
76151,14706,2024-12-01,15307.0,0,Paid
76157,14732,2024-12-01,3217.0,0,Paid
76174,14778,2024-12-01,214736.0,0,Paid
76191,14837,2024-12-01,22166.0,0,Paid
76239,14970,2024-12-01,1083.0,0,Paid
76267,15049,2024-12-01,2516.0,0,Paid
76314,15189,2024-12-01,2021.0,0,Paid
76337,15256,2024-12-01,32346.0,0,Paid
76378,15389,2024-12-01,1846.0,0,Paid
76385,15412,2024-12-01,17265.0,11,Paid Late
76402,15472,2024-12-01,4929.0,7,Paid Late
76435,15612,2024-12-01,3224.0,0,Paid
76497,15791,2024-12-01,819.0,6,Paid Late
76573,16036,2024-12-01,26440.0,0,Paid
76589,16073,2024-12-01,58235.0,0,Paid
76646,16280,2024-12-01,6627.0,0,Paid
76676,16353,2024-12-01,1827.0,0,Paid
76686,16381,2024-12-01,1626.0,0,Paid
76783,16705,2024-12-01,2323.0,0,Paid
76787,16712,2024-12-01,186033.0,13,Paid Late
76804,16769,2024-12-01,57793.0,0,Paid
76901,17072,2024-12-01,38010.0,0,Paid
76907,17095,2024-12-01,59975.0,0,Paid
76978,17368,2024-12-01,4124.0,0,Paid
77025,17555,2024-12-01,17564.0,0,Paid
77067,17724,2024-12-01,1174.0,0,Paid
77092,17800,2024-12-01,24447.0,0,Paid
77098,17818,2024-12-01,6348.0,0,Paid
77142,17974,2024-12-01,3368.0,0,Paid
77151,17993,2024-12-01,69976.0,0,Paid
77156,18013,2024-12-01,1593.0,0,Paid
77173,18057,2024-12-01,4592.0,0,Paid
77181,18088,2024-12-01,5906.0,0,Paid
77190,18104,2024-12-01,21997.0,19,Paid Late
77196,18130,2024-12-01,64675.0,0,Paid
77222,18219,2024-12-01,252828.0,0,Paid
77252,18303,2024-12-01,14574.0,0,Paid
77338,18662,2024-12-01,2596.0,0,Paid
77373,18808,2024-12-01,1511.0,0,Paid
77376,18811,2024-12-01,2122.0,17,Paid Late
77399,18901,2024-12-01,14528.0,28,Paid Late
77402,18914,2024-12-01,2872.0,0,Paid
77428,19002,2024-12-01,61612.0,0,Paid
77435,19036,2024-12-01,71415.0,17,Failed
77452,19095,2024-12-01,6210.0,0,Paid
77483,19198,2024-12-01,130302.0,35,Failed
77589,19468,2024-12-01,2707.0,4,Failed
77614,19560,2024-12-01,3651.0,0,Paid
77666,19729,2024-12-01,9228.0,0,Paid
77679,19777,2024-12-01,2420.0,0,Paid
77738,19926,2024-12-01,56592.0,0,Paid
77782,20071,2024-12-01,3153.0,0,Paid
77806,20131,2024-12-01,1199.0,0,Paid
77818,20162,2024-12-01,40616.0,0,Paid
77853,20296,2024-12-01,3103.0,0,Paid
77915,20493,2024-12-01,4592.0,0,Paid
77922,20516,2024-12-01,4545.0,0,Paid
77944,20595,2024-12-01,2141.0,0,Paid
78017,20821,2024-12-01,40857.0,0,Paid
78054,20940,2024-12-01,2141.0,0,Paid
78073,20987,2024-12-01,1808.0,0,Paid
78084,21026,2024-12-01,1560.0,0,Paid
78118,21126,2024-12-01,4264.0,0,Paid
78246,21504,2024-12-01,3523.0,0,Paid
78259,21542,2024-12-01,2596.0,0,Paid
78295,21682,2024-12-01,57704.0,0,Paid
78316,21751,2024-12-01,15747.0,5,Paid Late
78395,22031,2024-12-01,220406.0,0,Paid
78399,22041,2024-12-01,17572.0,0,Paid
78421,22110,2024-12-01,1200.0,0,Paid
78432,22139,2024-12-01,1560.0,0,Paid
78435,22154,2024-12-01,2435.0,0,Paid
78457,22215,2024-12-01,2119.0,12,Paid Late
78534,22485,2024-12-01,11423.0,0,Paid
78536,22487,2024-12-01,2315.0,0,Paid
78556,22573,2024-12-01,6616.0,0,Paid
78591,22676,2024-12-01,3655.0,0,Paid
78619,22756,2024-12-01,692.0,0,Paid
78647,22836,2024-12-01,52283.0,0,Paid
78666,22914,2024-12-01,16848.0,0,Paid
78667,22915,2024-12-01,1430.0,0,Paid
78698,22999,2024-12-01,56625.0,0,Paid
78756,23169,2024-12-01,2372.0,0,Paid
78798,23338,2024-12-01,2493731.0,26,Paid Late
78839,23467,2024-12-01,40244.0,0,Paid
78848,23508,2024-12-01,3072.0,0,Paid
78979,23931,2024-12-01,26037.0,0,Paid
79009,24011,2024-12-01,2048.0,0,Paid
79060,24199,2024-12-01,17951.0,21,Failed
79136,24484,2024-12-01,1792.0,0,Paid
79157,24563,2024-12-01,1846.0,0,Paid
79170,24595,2024-12-01,3614.0,0,Paid
79212,24703,2024-12-01,2219.0,0,Paid
79214,24712,2024-12-01,53107.0,0,Paid
79221,24733,2024-12-01,7831.0,18,Paid Late
79234,24772,2024-12-01,1080.0,0,Paid
79255,24829,2024-12-01,7671.0,17,Paid Late
79257,24838,2024-12-01,1751.0,13,Paid Late
79294,24948,2024-12-01,3368.0,0,Paid
79298,24957,2024-12-01,29292.0,0,Paid
79319,25035,2024-12-01,2033.0,0,Paid
79360,25145,2024-12-01,2372.0,18,Paid Late
79385,25256,2024-12-01,61877.0,0,Paid
79400,25319,2024-12-01,810.0,0,Paid
79406,25336,2024-12-01,1269.0,0,Paid
79475,25560,2024-12-01,4358.0,7,Failed
79508,25666,2024-12-01,70736.0,0,Paid
79519,25694,2024-12-01,18422.0,0,Paid
79585,25919,2024-12-01,21319.0,5,Paid Late
79685,26260,2024-12-01,16319.0,0,Paid
79736,26445,2024-12-01,47390.0,0,Paid
79755,26507,2024-12-01,924.0,0,Paid
79845,26817,2024-12-01,32605.0,0,Paid
79876,26911,2024-12-01,751.0,0,Paid
79949,27133,2024-12-01,6792.0,0,Paid
80010,27337,2024-12-01,44664.0,0,Paid
80071,27545,2024-12-01,1102.0,0,Paid
80145,27791,2024-12-01,48865.0,0,Paid
80242,28082,2024-12-01,4824.0,0,Paid
80280,28203,2024-12-01,7512.0,0,Paid
80292,28239,2024-12-01,2672.0,0,Paid
80332,28370,2024-12-01,32057.0,0,Paid
80344,28412,2024-12-01,24570.0,0,Paid
80352,28440,2024-12-01,1338.0,5,Paid Late
80498,28899,2024-12-01,4523.0,23,Paid Late
80581,29155,2024-12-01,32696.0,0,Paid
80618,29302,2024-12-01,110674.0,12,Paid Late
80641,29367,2024-12-01,10306.0,0,Paid
80681,29499,2024-12-01,30077.0,0,Paid
80733,29667,2024-12-01,82879.0,8,Paid Late
80739,29679,2024-12-01,4452.0,0,Paid
80789,29805,2024-12-01,2243.0,0,Paid
80800,29832,2024-12-01,2171.0,0,Paid
80829,29926,2024-12-01,13277.0,0,Paid
80846,29986,2024-12-01,56080.0,0,Paid
80914,30229,2024-12-01,215516.0,8,Paid Late
81089,30819,2024-12-01,157296.0,0,Paid
81093,30843,2024-12-01,22432.0,0,Paid
81199,31160,2024-12-01,2251.0,0,Paid
81208,31179,2024-12-01,4982.0,0,Paid
81256,31324,2024-12-01,4217.0,0,Paid
81259,31331,2024-12-01,2755.0,0,Paid
81280,31392,2024-12-01,2275.0,0,Paid
81305,31468,2024-12-01,5451.0,0,Paid
81324,31563,2024-12-01,1609.0,0,Paid
81362,31691,2024-12-01,2251.0,0,Paid
81371,31726,2024-12-01,2898.0,26,Paid Late
81399,31811,2024-12-01,2872.0,0,Paid
81519,32211,2024-12-01,6693.0,0,Paid
81543,32302,2024-12-01,187657.0,40,Paid Late
81587,32430,2024-12-01,27135.0,0,Paid
81595,32453,2024-12-01,785.0,0,Paid
81612,32521,2024-12-01,827.0,0,Paid
81615,32529,2024-12-01,2098.0,0,Paid
81619,32536,2024-12-01,12101.0,28,Paid Late
81708,32811,2024-12-01,29200.0,0,Paid
81731,32903,2024-12-01,217901.0,0,Paid
81734,32920,2024-12-01,1324.0,0,Paid
81763,32995,2024-12-01,23894.0,0,Paid
81828,33208,2024-12-01,56683.0,0,Paid
81886,33372,2024-12-01,34162.0,37,Paid Late
82005,33774,2024-12-01,1789.0,0,Paid
82006,33776,2024-12-01,2348.0,0,Paid
82007,33778,2024-12-01,1990.0,0,Paid
82011,33794,2024-12-01,59261.0,0,Paid
82013,33796,2024-12-01,17556.0,0,Paid
82055,33925,2024-12-01,24052.0,0,Paid
82060,33945,2024-12-01,14236.0,0,Paid
82076,33975,2024-12-01,4170.0,0,Paid
82102,34076,2024-12-01,2382.0,0,Paid
82141,34201,2024-12-01,6417.0,34,Paid Late
82157,34261,2024-12-01,3416.0,0,Paid
82213,34482,2024-12-01,5351.0,13,Paid Late
82220,34499,2024-12-01,198137.0,0,Paid
82290,34721,2024-12-01,21805.0,0,Paid
82294,34735,2024-12-01,51574.0,0,Paid
82313,34795,2024-12-01,3430.0,0,Paid
82336,34863,2024-12-01,4965.0,0,Paid
82345,34879,2024-12-01,2190.0,0,Paid
82349,34889,2024-12-01,1642.0,0,Paid
82498,35343,2024-12-01,4639.0,8,Paid Late
82558,35550,2024-12-01,802.0,0,Paid
82653,35860,2024-12-01,1186.0,0,Paid
82677,35933,2024-12-01,282345.0,0,Paid
82700,36021,2024-12-01,810.0,32,Paid Late
82743,36158,2024-12-01,519.0,0,Paid
82747,36173,2024-12-01,835.0,0,Paid
82753,36197,2024-12-01,5842.0,0,Paid
82921,36773,2024-12-01,4042.0,0,Paid
82926,36791,2024-12-01,4083.0,0,Paid
82956,36920,2024-12-01,3877.0,0,Paid
82976,36980,2024-12-01,19507.0,9,Failed
82980,36995,2024-12-01,214142.0,0,Paid
83022,37134,2024-12-01,3223.0,0,Paid
83037,37179,2024-12-01,2019.0,0,Paid
83071,37285,2024-12-01,45433.0,0,Paid
83084,37335,2024-12-01,2403.0,0,Paid
83110,37424,2024-12-01,116696.0,0,Paid
83120,37460,2024-12-01,281043.0,20,Paid Late
83137,37500,2024-12-01,7512.0,0,Paid
83172,37605,2024-12-01,31843.0,25,Paid Late
83187,37672,2024-12-01,30109.0,0,Paid
83265,37940,2024-12-01,5969.0,0,Paid
83280,37982,2024-12-01,27170.0,0,Paid
83340,38198,2024-12-01,819.0,0,Paid
83345,38211,2024-12-01,3467.0,7,Paid Late
83353,38227,2024-12-01,2339.0,0,Paid
83357,38252,2024-12-01,205794.0,0,Paid
83510,38766,2024-12-01,62413.0,0,Paid
83524,38812,2024-12-01,2396.0,0,Paid
83526,38823,2024-12-01,16893.0,0,Paid
83546,38906,2024-12-01,101271.0,0,Paid
83592,39062,2024-12-01,6553.0,51,Failed
83755,39666,2024-12-01,12409.0,0,Paid
83824,39869,2024-12-01,3614.0,0,Paid
83924,40166,2024-12-01,3308.0,0,Paid
83940,40219,2024-12-01,31946.0,0,Paid
84025,40485,2024-12-01,2902.0,0,Paid
84112,40757,2024-12-01,9177.0,0,Paid
84134,40843,2024-12-01,2033.0,15,Paid Late
84149,40892,2024-12-01,30093.0,0,Paid
84272,41324,2024-12-01,53806.0,0,Paid
84326,41475,2024-12-01,261565.0,18,Paid Late
84347,41531,2024-12-01,95639.0,0,Paid
84351,41542,2024-12-01,35417.0,5,Failed
84356,41554,2024-12-01,5822.0,0,Paid
84380,41660,2024-12-01,4498.0,0,Paid
84390,41704,2024-12-01,1223.0,0,Paid
84392,41709,2024-12-01,59497.0,0,Paid
84394,41717,2024-12-01,1046.0,0,Paid
84399,41740,2024-12-01,3504.0,0,Paid
84412,41776,2024-12-01,1690.0,0,Paid
84432,41834,2024-12-01,2872.0,0,Paid
84443,41876,2024-12-01,1409940.0,0,Paid
84447,41888,2024-12-01,37287.0,0,Paid
84465,41956,2024-12-01,3196.0,0,Paid
84469,41970,2024-12-01,15914.0,0,Paid
84483,42017,2024-12-01,44096.0,6,Paid Late
84494,42058,2024-12-01,5335.0,0,Paid
84507,42105,2024-12-01,2931.0,0,Paid
84532,42176,2024-12-01,3541.0,15,Paid Late
84550,42264,2024-12-01,9584.0,20,Failed
84554,42269,2024-12-01,46645.0,0,Paid
84589,42398,2024-12-01,287332.0,0,Paid
84595,42428,2024-12-01,2868.0,0,Paid
84600,42446,2024-12-01,759.0,0,Paid
84657,42620,2024-12-01,2872.0,0,Paid
84725,42868,2024-12-01,1137.0,0,Paid
84748,42955,2024-12-01,68580.0,0,Paid
84777,43041,2024-12-01,210808.0,0,Paid
84818,43162,2024-12-01,995.0,0,Paid
84819,43165,2024-12-01,24803.0,0,Paid
84833,43194,2024-12-01,1481.0,0,Paid
84885,43358,2024-12-01,58231.0,14,Paid Late
84911,43444,2024-12-01,6287.0,27,Paid Late
84945,43533,2024-12-01,23210.0,0,Paid
84953,43556,2024-12-01,2726.0,0,Paid
84985,43665,2024-12-01,2122.0,27,Paid Late
84991,43702,2024-12-01,2784.0,0,Paid
85143,44211,2024-12-01,4083.0,0,Paid
85278,44722,2024-12-01,13425.0,0,Paid
85354,44979,2024-12-01,2119.0,0,Paid
85466,45344,2024-12-01,38339.0,24,Paid Late
85484,45395,2024-12-01,3651.0,0,Paid
85524,45507,2024-12-01,2195.0,3,Failed
85533,45541,2024-12-01,58108.0,0,Paid
85553,45606,2024-12-01,30648.0,0,Paid
85554,45608,2024-12-01,542.0,16,Paid Late
85584,45702,2024-12-01,1770.0,50,Paid Late
85586,45708,2024-12-01,2921.0,0,Paid
85599,45757,2024-12-01,15747.0,0,Paid
85618,45831,2024-12-01,1338.0,0,Paid
85643,45909,2024-12-01,15775.0,0,Paid
85664,45983,2024-12-01,252276.0,0,Paid
85694,46074,2024-12-01,90483.0,0,Paid
85697,46088,2024-12-01,7372.0,0,Paid
85718,46158,2024-12-01,21092.0,0,Paid
85764,46302,2024-12-01,292561.0,0,Paid
85831,46503,2024-12-01,145189.0,0,Paid
85861,46607,2024-12-01,2856.0,0,Paid
85878,46659,2024-12-01,1256.0,0,Paid
85896,46708,2024-12-01,4639.0,0,Paid
85904,46731,2024-12-01,4452.0,0,Paid
85958,46887,2024-12-01,23220.0,0,Paid
85966,46903,2024-12-01,13610.0,0,Paid
86018,47036,2024-12-01,3334.0,0,Paid
86172,47527,2024-12-01,4452.0,0,Paid
86214,47666,2024-12-01,1713.0,0,Paid
86271,47863,2024-12-01,1884.0,16,Failed
86279,47889,2024-12-01,203288.0,0,Paid
86286,47913,2024-12-01,3231.0,58,Paid Late
86305,47989,2024-12-01,6831.0,4,Paid Late
86391,48223,2024-12-01,8132.0,13,Failed
86421,48337,2024-12-01,3162.0,0,Paid
86496,48567,2024-12-01,1269.0,0,Paid
86578,48808,2024-12-01,59255.0,0,Paid
86683,49130,2024-12-01,4001.0,0,Paid
86716,49214,2024-12-01,2076.0,0,Paid
86820,49606,2024-12-01,1102.0,0,Paid
86823,49617,2024-12-01,11164.0,0,Paid
86896,49872,2024-12-01,5842.0,19,Failed
86913,49913,2024-12-01,3547.0,0,Paid
86937,49980,2024-12-01,70024.0,0,Paid
86955,23,2025-01-01,5683.0,0,Paid
86967,48,2025-01-01,1950.0,12,Failed
86970,58,2025-01-01,5139.0,0,Paid
86988,119,2025-01-01,58864.0,0,Paid
87022,222,2025-01-01,802.0,0,Paid
87032,247,2025-01-01,11489.0,0,Paid
87035,259,2025-01-01,2830280.0,0,Paid
87069,356,2025-01-01,2917.0,0,Paid
87079,379,2025-01-01,12923.0,0,Paid
87127,531,2025-01-01,2922.0,0,Paid
87179,668,2025-01-01,548.0,0,Paid
87183,685,2025-01-01,2323.0,0,Paid
87185,689,2025-01-01,2363.0,0,Paid
87199,738,2025-01-01,1635887.0,0,Paid
87244,855,2025-01-01,3712.0,0,Paid
87308,1048,2025-01-01,22042.0,0,Paid
87310,1054,2025-01-01,2814.0,0,Paid
87315,1061,2025-01-01,1560.0,0,Paid
87326,1092,2025-01-01,1046.0,35,Paid Late
87408,1314,2025-01-01,5652.0,6,Paid Late
87426,1362,2025-01-01,5518.0,0,Paid
87436,1385,2025-01-01,1186.0,0,Paid
87442,1406,2025-01-01,365796.0,0,Paid
87566,1806,2025-01-01,59603.0,0,Paid
87605,1917,2025-01-01,74436.0,0,Paid
87649,2082,2025-01-01,42635.0,0,Paid
87809,2555,2025-01-01,399859.0,0,Paid
87815,2575,2025-01-01,734.0,0,Paid
87826,2608,2025-01-01,155596.0,0,Paid
87833,2620,2025-01-01,25733.0,33,Failed
87879,2754,2025-01-01,1558.0,0,Paid
87883,2761,2025-01-01,1572.0,0,Paid
87884,2768,2025-01-01,4274.0,0,Paid
87974,3054,2025-01-01,768.0,0,Paid
88014,3171,2025-01-01,137615.0,0,Paid
88050,3285,2025-01-01,106645.0,0,Paid
88086,3421,2025-01-01,33627.0,0,Paid
88087,3422,2025-01-01,9439.0,10,Paid Late
88157,3656,2025-01-01,2489.0,0,Paid
88216,3835,2025-01-01,7352.0,0,Paid
88441,4534,2025-01-01,4634.0,3,Paid Late
88469,4626,2025-01-01,55699.0,0,Paid
88519,4788,2025-01-01,24028.0,0,Paid
88528,4810,2025-01-01,31839.0,0,Paid
88532,4819,2025-01-01,201004.0,3,Failed
88567,4922,2025-01-01,5161.0,0,Paid
88600,5023,2025-01-01,3089.0,0,Paid
88606,5046,2025-01-01,37180.0,20,Paid Late
88663,5199,2025-01-01,5451.0,0,Paid
88720,5367,2025-01-01,103614.0,0,Paid
88734,5411,2025-01-01,66539.0,0,Paid
88774,5513,2025-01-01,56636.0,0,Paid
88794,5566,2025-01-01,4498.0,24,Paid Late
88809,5610,2025-01-01,879574.0,4,Paid Late
88810,5614,2025-01-01,529772.0,0,Paid
88823,5657,2025-01-01,565.0,0,Paid
88844,5717,2025-01-01,26526.0,0,Paid
88857,5749,2025-01-01,2339.0,0,Paid
88859,5754,2025-01-01,2141.0,0,Paid
88875,5786,2025-01-01,2540.0,0,Paid
88943,5985,2025-01-01,1160.0,0,Paid
88976,6092,2025-01-01,101329.0,0,Paid
88978,6096,2025-01-01,11021.0,0,Paid
88993,6149,2025-01-01,67102.0,0,Paid
89012,6209,2025-01-01,39431.0,19,Paid Late
89043,6317,2025-01-01,1283.0,0,Paid
89055,6362,2025-01-01,1123.0,0,Paid
89067,6392,2025-01-01,3119688.0,0,Paid
89100,6487,2025-01-01,1884.0,0,Paid
89124,6545,2025-01-01,20610.0,0,Paid
89167,6693,2025-01-01,98223.0,0,Paid
89181,6744,2025-01-01,31650.0,0,Paid
89195,6786,2025-01-01,36689.0,0,Paid
89206,6814,2025-01-01,3057.0,0,Paid
89255,6937,2025-01-01,2348.0,0,Paid
89294,7058,2025-01-01,32192.0,0,Paid
89350,7227,2025-01-01,9399.0,0,Paid
89409,7430,2025-01-01,1527.0,20,Paid Late
89432,7497,2025-01-01,25703.0,0,Paid
89616,8039,2025-01-01,1664.0,28,Paid Late
89631,8085,2025-01-01,6348.0,0,Paid
89641,8107,2025-01-01,276577.0,0,Paid
89669,8179,2025-01-01,26592.0,30,Paid Late
89720,8339,2025-01-01,26320.0,0,Paid
89725,8359,2025-01-01,220148.0,10,Failed
89736,8392,2025-01-01,1838.0,0,Paid
89835,8712,2025-01-01,2689.0,0,Paid
89838,8727,2025-01-01,7372.0,13,Paid Late
89851,8775,2025-01-01,792.0,0,Paid
89861,8799,2025-01-01,7671.0,0,Paid
89940,9083,2025-01-01,2033.0,0,Paid
89950,9112,2025-01-01,34660.0,0,Paid
89959,9141,2025-01-01,2243.0,35,Paid Late
89963,9157,2025-01-01,7372.0,0,Paid
89984,9229,2025-01-01,59923.0,26,Paid Late
90004,9272,2025-01-01,819.0,0,Paid
90041,9399,2025-01-01,1310.0,0,Paid
90065,9465,2025-01-01,3402.0,0,Paid
90078,9505,2025-01-01,53713.0,0,Paid
90095,9565,2025-01-01,39102.0,0,Paid
90122,9636,2025-01-01,13035.0,0,Paid
90142,9703,2025-01-01,49695.0,7,Paid Late
90148,9724,2025-01-01,24644.0,0,Paid
90164,9768,2025-01-01,52055.0,0,Paid
90192,9836,2025-01-01,65536.0,0,Paid
90200,9866,2025-01-01,3231.0,0,Paid
90287,10214,2025-01-01,793.0,0,Paid
90297,10246,2025-01-01,1495.0,0,Paid
90313,10299,2025-01-01,1501351.0,0,Paid
90323,10330,2025-01-01,143673.0,0,Paid
90357,10429,2025-01-01,66036.0,0,Paid
90364,10457,2025-01-01,1080.0,51,Paid Late
90376,10490,2025-01-01,10260.0,9,Paid Late
90475,10771,2025-01-01,32562.0,0,Paid
90523,10941,2025-01-01,286340.0,0,Paid
90675,11425,2025-01-01,21761.0,0,Paid
90686,11457,2025-01-01,4877.0,0,Paid
90826,11883,2025-01-01,58642.0,0,Paid
90861,12008,2025-01-01,827.0,47,Paid Late
90891,12103,2025-01-01,59923.0,0,Paid
90904,12148,2025-01-01,11783.0,0,Paid
90911,12176,2025-01-01,35863.0,0,Paid
90919,12239,2025-01-01,3541.0,0,Paid
90935,12321,2025-01-01,37080.0,11,Paid Late
90951,12375,2025-01-01,104352.0,0,Paid
91027,12588,2025-01-01,2872.0,0,Paid
91032,12602,2025-01-01,519.0,0,Paid
91127,12867,2025-01-01,4871.0,0,Paid
91175,12990,2025-01-01,819.0,0,Paid
91228,13155,2025-01-01,548.0,0,Paid
91252,13215,2025-01-01,6555.0,0,Paid
91257,13230,2025-01-01,1810.0,10,Paid Late
91315,13412,2025-01-01,559.0,0,Paid
91317,13422,2025-01-01,2710411.0,0,Paid
91331,13468,2025-01-01,2412.0,0,Paid
91334,13481,2025-01-01,7149.0,0,Paid
91379,13618,2025-01-01,1123.0,0,Paid
91386,13637,2025-01-01,6831.0,0,Paid
91437,13806,2025-01-01,57124.0,0,Paid
91584,14225,2025-01-01,39031.0,23,Failed
91596,14249,2025-01-01,1162.0,0,Paid
91601,14270,2025-01-01,134854.0,0,Paid
91602,14271,2025-01-01,2516.0,0,Paid
91635,14388,2025-01-01,1751.0,29,Paid Late
91732,14706,2025-01-01,15307.0,0,Paid
91741,14732,2025-01-01,3217.0,0,Paid
91777,14837,2025-01-01,22166.0,0,Paid
91819,14970,2025-01-01,1083.0,0,Paid
91847,15049,2025-01-01,2516.0,0,Paid
91893,15189,2025-01-01,2021.0,0,Paid
91951,15389,2025-01-01,1846.0,0,Paid
91957,15412,2025-01-01,17265.0,0,Paid
91974,15472,2025-01-01,4929.0,0,Paid
92011,15612,2025-01-01,3224.0,0,Paid
92071,15791,2025-01-01,819.0,0,Paid
92150,16009,2025-01-01,420671.0,0,Paid
92158,16036,2025-01-01,26440.0,0,Paid
92163,16048,2025-01-01,2119.0,0,Paid
92173,16073,2025-01-01,58235.0,0,Paid
92236,16280,2025-01-01,6627.0,0,Paid
92268,16353,2025-01-01,1827.0,0,Paid
92277,16381,2025-01-01,1626.0,0,Paid
92373,16705,2025-01-01,2323.0,2,Paid Late
92377,16712,2025-01-01,186033.0,25,Failed
92393,16769,2025-01-01,57793.0,0,Paid
92469,16996,2025-01-01,6438.0,0,Paid
92487,17072,2025-01-01,38010.0,14,Paid Late
92491,17095,2025-01-01,59975.0,0,Paid
92566,17368,2025-01-01,4124.0,0,Paid
92570,17378,2025-01-01,2859786.0,7,Paid Late
92617,17555,2025-01-01,17564.0,0,Paid
92632,17606,2025-01-01,54940.0,0,Paid
92647,17648,2025-01-01,33707.0,0,Paid
92662,17724,2025-01-01,1174.0,0,Paid
92686,17800,2025-01-01,24447.0,0,Paid
92692,17818,2025-01-01,6348.0,0,Paid
92739,17974,2025-01-01,3368.0,0,Paid
92746,17993,2025-01-01,69976.0,26,Paid Late
92751,18013,2025-01-01,1593.0,10,Paid Late
92768,18057,2025-01-01,4592.0,0,Paid
92779,18088,2025-01-01,5906.0,0,Paid
92786,18104,2025-01-01,21997.0,0,Paid
92792,18130,2025-01-01,64675.0,0,Paid
92843,18303,2025-01-01,14574.0,0,Paid
92925,18606,2025-01-01,17518.0,43,Paid Late
92939,18662,2025-01-01,2596.0,0,Paid
92978,18808,2025-01-01,1511.0,0,Paid
92980,18811,2025-01-01,2122.0,0,Paid
92999,18901,2025-01-01,14528.0,0,Paid
93000,18902,2025-01-01,35717.0,0,Paid
93004,18914,2025-01-01,2872.0,0,Paid
93014,18943,2025-01-01,26017.0,0,Paid
93032,19002,2025-01-01,61612.0,0,Paid
93039,19036,2025-01-01,71415.0,3,Paid Late
93056,19095,2025-01-01,6210.0,0,Paid
93181,19468,2025-01-01,2707.0,13,Paid Late
93206,19560,2025-01-01,3651.0,0,Paid
93207,19563,2025-01-01,19526.0,51,Paid Late
93262,19729,2025-01-01,9228.0,0,Paid
93278,19777,2025-01-01,2420.0,18,Failed
93383,20071,2025-01-01,3153.0,0,Paid
93406,20131,2025-01-01,1199.0,0,Paid
93416,20162,2025-01-01,40616.0,0,Paid
93449,20296,2025-01-01,3103.0,0,Paid
93464,20335,2025-01-01,3487.0,44,Paid Late
93515,20493,2025-01-01,4592.0,0,Paid
93523,20516,2025-01-01,4545.0,0,Paid
93545,20595,2025-01-01,2141.0,0,Paid
93619,20821,2025-01-01,40857.0,0,Paid
93651,20940,2025-01-01,2141.0,0,Paid
93666,20987,2025-01-01,1808.0,0,Paid
93682,21026,2025-01-01,1560.0,0,Paid
93718,21126,2025-01-01,4264.0,0,Paid
93847,21504,2025-01-01,3523.0,5,Paid Late
93861,21542,2025-01-01,2596.0,0,Paid
93896,21682,2025-01-01,57704.0,0,Paid
93917,21751,2025-01-01,15747.0,0,Paid
94026,22110,2025-01-01,1200.0,0,Paid
94037,22139,2025-01-01,1560.0,0,Paid
94041,22154,2025-01-01,2435.0,0,Paid
94057,22215,2025-01-01,2119.0,11,Paid Late
94088,22340,2025-01-01,79618.0,0,Paid
94095,22372,2025-01-01,24062.0,0,Paid
94125,22485,2025-01-01,11423.0,0,Paid
94127,22487,2025-01-01,2315.0,0,Paid
94141,22541,2025-01-01,16038.0,4,Paid Late
94150,22573,2025-01-01,6616.0,0,Paid
94184,22676,2025-01-01,3655.0,0,Paid
94217,22756,2025-01-01,692.0,0,Paid
94263,22915,2025-01-01,1430.0,0,Paid
94297,22999,2025-01-01,56625.0,0,Paid
94355,23169,2025-01-01,2372.0,0,Paid
94445,23467,2025-01-01,40244.0,0,Paid
94457,23508,2025-01-01,3072.0,0,Paid
94593,23931,2025-01-01,26037.0,0,Paid
94603,23959,2025-01-01,19321.0,0,Paid
94625,24011,2025-01-01,2048.0,0,Paid
94685,24199,2025-01-01,17951.0,0,Paid
94765,24484,2025-01-01,1792.0,0,Paid
94775,24530,2025-01-01,31342.0,0,Paid
94789,24563,2025-01-01,1846.0,0,Paid
94798,24595,2025-01-01,3614.0,3,Paid Late
94838,24703,2025-01-01,2219.0,0,Paid
94840,24712,2025-01-01,53107.0,51,Paid Late
94847,24733,2025-01-01,7831.0,0,Paid
94859,24772,2025-01-01,1080.0,0,Paid
94880,24829,2025-01-01,7671.0,6,Paid Late
94882,24838,2025-01-01,1751.0,14,Paid Late
94921,24948,2025-01-01,3368.0,0,Paid
94926,24957,2025-01-01,29292.0,0,Paid
94946,25035,2025-01-01,2033.0,0,Paid
94983,25145,2025-01-01,2372.0,0,Paid
95014,25256,2025-01-01,61877.0,0,Paid
95019,25274,2025-01-01,785354.0,0,Paid
95028,25319,2025-01-01,810.0,0,Paid
95034,25336,2025-01-01,1269.0,32,Failed
95110,25560,2025-01-01,4358.0,11,Failed
95145,25666,2025-01-01,70736.0,0,Paid
95154,25686,2025-01-01,33361.0,20,Paid Late
95157,25694,2025-01-01,18422.0,0,Paid
95175,25759,2025-01-01,17561.0,10,Paid Late
95230,25919,2025-01-01,21319.0,0,Paid
95399,26507,2025-01-01,924.0,0,Paid
95452,26685,2025-01-01,810.0,0,Paid
95461,26714,2025-01-01,19214.0,35,Paid Late
95490,26817,2025-01-01,32605.0,0,Paid
95508,26865,2025-01-01,899986.0,0,Paid
95521,26911,2025-01-01,751.0,0,Paid
95595,27133,2025-01-01,6792.0,0,Paid
95653,27337,2025-01-01,44664.0,0,Paid
95669,27392,2025-01-01,1713.0,7,Paid Late
95718,27545,2025-01-01,1102.0,0,Paid
95798,27791,2025-01-01,48865.0,0,Paid
95904,28082,2025-01-01,4824.0,0,Paid
95943,28203,2025-01-01,7512.0,0,Paid
95955,28239,2025-01-01,2672.0,0,Paid
95997,28370,2025-01-01,32057.0,0,Paid
96018,28440,2025-01-01,1338.0,0,Paid
96145,28826,2025-01-01,188374.0,16,Paid Late
96168,28899,2025-01-01,4523.0,24,Paid Late
96248,29155,2025-01-01,32696.0,0,Paid
96286,29302,2025-01-01,110674.0,15,Paid Late
96307,29367,2025-01-01,10306.0,0,Paid
96349,29499,2025-01-01,30077.0,0,Paid
96400,29667,2025-01-01,82879.0,0,Paid
96405,29679,2025-01-01,4452.0,0,Paid
96455,29805,2025-01-01,2243.0,0,Paid
96471,29832,2025-01-01,2171.0,0,Paid
96503,29926,2025-01-01,13277.0,0,Paid
96507,29939,2025-01-01,20790.0,20,Paid Late
96518,29986,2025-01-01,56080.0,0,Paid
96594,30229,2025-01-01,215516.0,0,Paid
96768,30819,2025-01-01,157296.0,0,Paid
96867,31126,2025-01-01,5103.0,0,Paid
96882,31160,2025-01-01,2251.0,0,Paid
96890,31179,2025-01-01,4982.0,0,Paid
96938,31324,2025-01-01,4217.0,0,Paid
96940,31331,2025-01-01,2755.0,0,Paid
96964,31392,2025-01-01,2275.0,0,Paid
96987,31468,2025-01-01,5451.0,0,Paid
97008,31563,2025-01-01,1609.0,0,Paid
97051,31691,2025-01-01,2251.0,0,Paid
97062,31726,2025-01-01,2898.0,0,Paid
97089,31811,2025-01-01,2872.0,0,Paid
97210,32171,2025-01-01,18771.0,0,Paid
97223,32211,2025-01-01,6693.0,0,Paid
97251,32302,2025-01-01,187657.0,0,Paid
97289,32430,2025-01-01,27135.0,0,Paid
97297,32453,2025-01-01,785.0,0,Paid
97316,32521,2025-01-01,827.0,0,Paid
97319,32529,2025-01-01,2098.0,0,Paid
97323,32536,2025-01-01,12101.0,12,Failed
97360,32628,2025-01-01,12150.0,0,Paid
97412,32811,2025-01-01,29200.0,28,Failed
97437,32920,2025-01-01,1324.0,0,Paid
97439,32926,2025-01-01,36094.0,0,Paid
97465,32995,2025-01-01,23894.0,0,Paid
97528,33208,2025-01-01,56683.0,0,Paid
97573,33350,2025-01-01,18565.0,0,Paid
97582,33372,2025-01-01,34162.0,0,Paid
97706,33774,2025-01-01,1789.0,12,Failed
97707,33776,2025-01-01,2348.0,7,Paid Late
97708,33778,2025-01-01,1990.0,36,Paid Late
97714,33794,2025-01-01,59261.0,0,Paid
97715,33796,2025-01-01,17556.0,0,Paid
97735,33856,2025-01-01,29689.0,20,Failed
97760,33945,2025-01-01,14236.0,0,Paid
97773,33975,2025-01-01,4170.0,0,Paid
97779,34001,2025-01-01,3430.0,0,Paid
97801,34076,2025-01-01,2382.0,0,Paid
97846,34201,2025-01-01,6417.0,0,Paid
97860,34261,2025-01-01,3416.0,0,Paid
97917,34482,2025-01-01,5351.0,20,Paid Late
97990,34721,2025-01-01,21805.0,13,Paid Late
97994,34735,2025-01-01,51574.0,0,Paid
97997,34744,2025-01-01,31622.0,0,Paid
98013,34795,2025-01-01,3430.0,0,Paid
98034,34863,2025-01-01,4965.0,0,Paid
98042,34879,2025-01-01,2190.0,0,Paid
98045,34889,2025-01-01,1642.0,0,Paid
98191,35343,2025-01-01,4639.0,25,Failed
98212,35411,2025-01-01,8197.0,0,Paid
98249,35550,2025-01-01,802.0,0,Paid
98342,35860,2025-01-01,1186.0,0,Paid
98365,35933,2025-01-01,282345.0,0,Paid
98388,36017,2025-01-01,34287.0,0,Paid
98389,36021,2025-01-01,810.0,0,Paid
98435,36158,2025-01-01,519.0,5,Paid Late
98442,36173,2025-01-01,835.0,0,Paid
98447,36197,2025-01-01,5842.0,0,Paid
98632,36773,2025-01-01,4042.0,23,Paid Late
98639,36791,2025-01-01,4083.0,0,Paid
98663,36906,2025-01-01,1618.0,0,Paid
98668,36920,2025-01-01,3877.0,0,Paid
98688,36980,2025-01-01,19507.0,24,Failed
98692,36995,2025-01-01,214142.0,0,Paid
98737,37134,2025-01-01,3223.0,0,Paid
98752,37179,2025-01-01,2019.0,27,Paid Late
98780,37285,2025-01-01,45433.0,38,Paid Late
98791,37335,2025-01-01,2403.0,0,Paid
98813,37424,2025-01-01,116696.0,0,Paid
98825,37460,2025-01-01,281043.0,0,Paid
98839,37500,2025-01-01,7512.0,0,Paid
98875,37605,2025-01-01,31843.0,0,Paid
98891,37672,2025-01-01,30109.0,0,Paid
98971,37940,2025-01-01,5969.0,0,Paid
98986,37982,2025-01-01,27170.0,0,Paid
99043,38198,2025-01-01,819.0,0,Paid
99048,38211,2025-01-01,3467.0,0,Paid
99056,38227,2025-01-01,2339.0,0,Paid
99213,38766,2025-01-01,62413.0,0,Paid
99215,38770,2025-01-01,3245562.0,0,Paid
99228,38812,2025-01-01,2396.0,0,Paid
99230,38823,2025-01-01,16893.0,0,Paid
99253,38906,2025-01-01,101271.0,0,Paid
99305,39062,2025-01-01,6553.0,0,Paid
99544,39869,2025-01-01,3614.0,0,Paid
99596,40017,2025-01-01,744887.0,0,Paid
99635,40166,2025-01-01,3308.0,0,Paid
99741,40485,2025-01-01,2902.0,0,Paid
99828,40757,2025-01-01,9177.0,0,Paid
99849,40843,2025-01-01,2033.0,14,Paid Late
99865,40892,2025-01-01,30093.0,5,Paid Late
100055,41508,2025-01-01,13705.0,0,Paid
100064,41531,2025-01-01,95639.0,23,Paid Late
100068,41542,2025-01-01,35417.0,5,Failed
100073,41554,2025-01-01,5822.0,0,Paid
100096,41660,2025-01-01,4498.0,0,Paid
100108,41704,2025-01-01,1223.0,0,Paid
100110,41709,2025-01-01,59497.0,27,Paid Late
100113,41717,2025-01-01,1046.0,0,Paid
100117,41740,2025-01-01,3504.0,0,Paid
100128,41776,2025-01-01,1690.0,0,Paid
100147,41834,2025-01-01,2872.0,0,Paid
100165,41888,2025-01-01,37287.0,0,Paid
100182,41956,2025-01-01,3196.0,0,Paid
100186,41970,2025-01-01,15914.0,0,Paid
100206,42058,2025-01-01,5335.0,0,Paid
100220,42105,2025-01-01,2931.0,0,Paid
100246,42176,2025-01-01,3541.0,0,Paid
100267,42264,2025-01-01,9584.0,0,Paid
100305,42398,2025-01-01,287332.0,0,Paid
100313,42428,2025-01-01,2868.0,0,Paid
100318,42446,2025-01-01,759.0,0,Paid
100374,42620,2025-01-01,2872.0,0,Paid
100441,42868,2025-01-01,1137.0,0,Paid
100453,42914,2025-01-01,70772.0,7,Paid Late
100502,43041,2025-01-01,210808.0,0,Paid
100547,43162,2025-01-01,995.0,0,Paid
100548,43165,2025-01-01,24803.0,0,Paid
100561,43194,2025-01-01,1481.0,21,Paid Late
100611,43358,2025-01-01,58231.0,23,Paid Late
100640,43444,2025-01-01,6287.0,0,Paid
100674,43533,2025-01-01,23210.0,0,Paid
100682,43556,2025-01-01,2726.0,0,Paid
100717,43665,2025-01-01,2122.0,0,Paid
100723,43702,2025-01-01,2784.0,0,Paid
100884,44211,2025-01-01,4083.0,0,Paid
100957,44458,2025-01-01,504036.0,0,Paid
101031,44722,2025-01-01,13425.0,0,Paid
101102,44979,2025-01-01,2119.0,0,Paid
101179,45231,2025-01-01,594875.0,0,Paid
101212,45344,2025-01-01,38339.0,0,Paid
101229,45395,2025-01-01,3651.0,0,Paid
101267,45507,2025-01-01,2195.0,0,Paid
101280,45541,2025-01-01,58108.0,0,Paid
101300,45606,2025-01-01,30648.0,0,Paid
101301,45608,2025-01-01,542.0,0,Paid
101331,45702,2025-01-01,1770.0,0,Paid
101334,45708,2025-01-01,2921.0,0,Paid
101350,45757,2025-01-01,15747.0,0,Paid
101370,45831,2025-01-01,1338.0,0,Paid
101399,45909,2025-01-01,15775.0,0,Paid
101423,45983,2025-01-01,252276.0,3,Failed
101451,46074,2025-01-01,90483.0,0,Paid
101455,46088,2025-01-01,7372.0,28,Paid Late
101473,46158,2025-01-01,21092.0,17,Paid Late
101547,46382,2025-01-01,56365.0,0,Paid
101593,46503,2025-01-01,145189.0,0,Paid
101621,46607,2025-01-01,2856.0,0,Paid
101639,46659,2025-01-01,1256.0,17,Failed
101656,46708,2025-01-01,4639.0,0,Paid
101666,46731,2025-01-01,4452.0,0,Paid
101726,46903,2025-01-01,13610.0,0,Paid
101779,47036,2025-01-01,3334.0,0,Paid
101930,47527,2025-01-01,4452.0,0,Paid
101972,47666,2025-01-01,1713.0,0,Paid
102030,47863,2025-01-01,1884.0,0,Paid
102040,47889,2025-01-01,203288.0,0,Paid
102049,47913,2025-01-01,3231.0,0,Paid
102066,47989,2025-01-01,6831.0,0,Paid
102148,48223,2025-01-01,8132.0,6,Paid Late
102176,48337,2025-01-01,3162.0,0,Paid
102184,48355,2025-01-01,4592.0,0,Paid
102253,48567,2025-01-01,1269.0,0,Paid
102337,48808,2025-01-01,59255.0,9,Paid Late
102445,49130,2025-01-01,4001.0,0,Paid
102478,49214,2025-01-01,2076.0,0,Paid
102556,49489,2025-01-01,2542.0,0,Paid
102589,49606,2025-01-01,1102.0,0,Paid
102592,49617,2025-01-01,11164.0,0,Paid
102667,49872,2025-01-01,5842.0,4,Failed
102686,49913,2025-01-01,3547.0,13,Paid Late
102712,49980,2025-01-01,70024.0,0,Paid
102729,23,2025-02-01,5683.0,0,Paid
102739,48,2025-02-01,1950.0,0,Paid
102740,50,2025-02-01,33458.0,0,Paid
102744,58,2025-02-01,5139.0,0,Paid
102762,119,2025-02-01,58864.0,0,Paid
102797,222,2025-02-01,802.0,0,Paid
102807,247,2025-02-01,11489.0,0,Paid
102844,356,2025-02-01,2917.0,0,Paid
102855,379,2025-02-01,12923.0,0,Paid
102907,531,2025-02-01,2922.0,0,Paid
102954,668,2025-02-01,548.0,18,Paid Late
102958,685,2025-02-01,2323.0,0,Paid
102960,689,2025-02-01,2363.0,0,Paid
103018,855,2025-02-01,3712.0,0,Paid
103080,1048,2025-02-01,22042.0,0,Paid
103082,1054,2025-02-01,2814.0,0,Paid
103086,1061,2025-02-01,1560.0,0,Paid
103096,1092,2025-02-01,1046.0,0,Paid
103149,1240,2025-02-01,110160.0,0,Paid
103177,1314,2025-02-01,5652.0,0,Paid
103195,1362,2025-02-01,5518.0,0,Paid
103204,1385,2025-02-01,1186.0,0,Paid
103334,1806,2025-02-01,59603.0,0,Paid
103376,1917,2025-02-01,74436.0,0,Paid
103418,2082,2025-02-01,42635.0,0,Paid
103577,2575,2025-02-01,734.0,0,Paid
103592,2620,2025-02-01,25733.0,42,Paid Late
103638,2754,2025-02-01,1558.0,0,Paid
103642,2761,2025-02-01,1572.0,0,Paid
103643,2768,2025-02-01,4274.0,0,Paid
103731,3054,2025-02-01,768.0,0,Paid
103773,3171,2025-02-01,137615.0,0,Paid
103808,3285,2025-02-01,106645.0,0,Paid
103845,3421,2025-02-01,33627.0,0,Paid
103846,3422,2025-02-01,9439.0,0,Paid
103919,3656,2025-02-01,2489.0,0,Paid
103979,3835,2025-02-01,7352.0,0,Paid
104042,4049,2025-02-01,45684.0,10,Failed
104201,4534,2025-02-01,4634.0,0,Paid Late
104229,4626,2025-02-01,55699.0,0,Paid
104276,4788,2025-02-01,24028.0,0,Paid
104285,4810,2025-02-01,31839.0,0,Paid
104288,4819,2025-02-01,201004.0,9,Paid Late
104325,4922,2025-02-01,5161.0,0,Paid
104360,5023,2025-02-01,3089.0,0,Paid
104367,5046,2025-02-01,37180.0,4,Paid Late
104410,5161,2025-02-01,3299.0,0,Paid
104424,5199,2025-02-01,5451.0,0,Paid
104482,5367,2025-02-01,103614.0,0,Paid
104497,5411,2025-02-01,66539.0,0,Paid
104521,5468,2025-02-01,45544.0,0,Paid
104537,5513,2025-02-01,56636.0,0,Paid
104556,5566,2025-02-01,4498.0,0,Paid
104583,5657,2025-02-01,565.0,0,Paid
104606,5717,2025-02-01,26526.0,0,Paid
104619,5749,2025-02-01,2339.0,0,Paid
104621,5754,2025-02-01,2141.0,11,Paid Late
104638,5786,2025-02-01,2540.0,0,Paid
104701,5985,2025-02-01,1160.0,0,Paid
104735,6092,2025-02-01,101329.0,0,Paid
104736,6096,2025-02-01,11021.0,24,Failed
104753,6149,2025-02-01,67102.0,0,Paid
104799,6317,2025-02-01,1283.0,0,Paid
104810,6362,2025-02-01,1123.0,0,Paid
104852,6483,2025-02-01,33361.0,0,Paid
104853,6487,2025-02-01,1884.0,0,Paid
104873,6545,2025-02-01,20610.0,0,Paid
104916,6687,2025-02-01,8748.0,0,Paid
104919,6693,2025-02-01,98223.0,0,Paid
104935,6744,2025-02-01,31650.0,0,Paid
104950,6786,2025-02-01,36689.0,18,Paid Late
104960,6814,2025-02-01,3057.0,0,Paid
105008,6937,2025-02-01,2348.0,0,Paid
105044,7058,2025-02-01,32192.0,4,Paid Late
105095,7227,2025-02-01,9399.0,0,Paid
105151,7430,2025-02-01,1527.0,0,Paid
105172,7497,2025-02-01,25703.0,0,Paid
105359,8039,2025-02-01,1664.0,15,Paid Late
105375,8085,2025-02-01,6348.0,0,Paid
105407,8179,2025-02-01,26592.0,0,Paid
105459,8339,2025-02-01,26320.0,25,Paid Late
105460,8340,2025-02-01,3299.0,0,Paid
105465,8359,2025-02-01,220148.0,46,Failed
105476,8392,2025-02-01,1838.0,0,Paid
105580,8712,2025-02-01,2689.0,0,Paid
105583,8727,2025-02-01,7372.0,0,Paid
105595,8775,2025-02-01,792.0,0,Paid
105604,8799,2025-02-01,7671.0,0,Paid
105680,9083,2025-02-01,2033.0,0,Paid
105691,9112,2025-02-01,34660.0,0,Paid
105702,9141,2025-02-01,2243.0,0,Paid
105706,9157,2025-02-01,7372.0,0,Paid
105729,9229,2025-02-01,59923.0,12,Paid Late
105749,9272,2025-02-01,819.0,0,Paid
105786,9399,2025-02-01,1310.0,0,Paid
105806,9465,2025-02-01,3402.0,0,Paid
105810,9477,2025-02-01,907027.0,40,Failed
105821,9505,2025-02-01,53713.0,0,Paid
105836,9565,2025-02-01,39102.0,15,Paid Late
105859,9636,2025-02-01,13035.0,0,Paid
105883,9703,2025-02-01,49695.0,0,Paid
105890,9724,2025-02-01,24644.0,0,Paid
105907,9768,2025-02-01,52055.0,0,Paid
105933,9836,2025-02-01,65536.0,0,Paid
105942,9866,2025-02-01,3231.0,0,Paid
105954,9913,2025-02-01,10778.0,0,Paid
106028,10214,2025-02-01,793.0,0,Paid
106037,10246,2025-02-01,1495.0,0,Paid
106061,10330,2025-02-01,143673.0,0,Paid
106094,10429,2025-02-01,66036.0,0,Paid
106101,10457,2025-02-01,1080.0,21,Failed
106124,10516,2025-02-01,49086.0,7,Paid Late
106213,10771,2025-02-01,32562.0,0,Paid
106407,11425,2025-02-01,21761.0,0,Paid
106419,11457,2025-02-01,4877.0,0,Paid
106555,11861,2025-02-01,1884.0,0,Paid
106562,11883,2025-02-01,58642.0,0,Paid
106598,12008,2025-02-01,827.0,0,Paid
106627,12103,2025-02-01,59923.0,0,Paid
106647,12176,2025-02-01,35863.0,0,Paid
106658,12239,2025-02-01,3541.0,0,Paid
106672,12321,2025-02-01,37080.0,0,Paid
106689,12375,2025-02-01,104352.0,0,Paid
106760,12588,2025-02-01,2872.0,0,Paid
106766,12602,2025-02-01,519.0,0,Paid
106771,12617,2025-02-01,1179641.0,0,Paid
106868,12867,2025-02-01,4871.0,0,Paid
106919,12990,2025-02-01,819.0,0,Paid
106974,13155,2025-02-01,548.0,0,Paid
107001,13215,2025-02-01,6555.0,0,Paid
107007,13230,2025-02-01,1810.0,0,Paid
107067,13412,2025-02-01,559.0,0,Paid
107082,13468,2025-02-01,2412.0,0,Paid
107085,13481,2025-02-01,7149.0,0,Paid
107133,13618,2025-02-01,1123.0,0,Paid
107140,13637,2025-02-01,6831.0,14,Failed
107192,13806,2025-02-01,57124.0,0,Paid
107356,14249,2025-02-01,1162.0,0,Paid
107361,14270,2025-02-01,134854.0,0,Paid
107362,14271,2025-02-01,2516.0,0,Paid
107396,14388,2025-02-01,1751.0,0,Paid
107484,14706,2025-02-01,15307.0,0,Paid
107491,14732,2025-02-01,3217.0,0,Paid
107526,14837,2025-02-01,22166.0,0,Paid
107568,14970,2025-02-01,1083.0,3,Paid Late
107596,15049,2025-02-01,2516.0,0,Paid
107645,15189,2025-02-01,2021.0,0,Paid
107704,15389,2025-02-01,1846.0,18,Paid Late
107710,15412,2025-02-01,17265.0,10,Paid Late
107728,15472,2025-02-01,4929.0,0,Paid
107763,15612,2025-02-01,3224.0,0,Paid
107822,15791,2025-02-01,819.0,0,Paid
107869,15909,2025-02-01,855263.0,0,Paid
107904,16036,2025-02-01,26440.0,0,Paid
107909,16048,2025-02-01,2119.0,0,Paid
107920,16073,2025-02-01,58235.0,5,Paid Late
107980,16280,2025-02-01,6627.0,0,Paid
108008,16353,2025-02-01,1827.0,0,Paid
108017,16381,2025-02-01,1626.0,0,Paid
108112,16705,2025-02-01,2323.0,0,Paid
108116,16712,2025-02-01,186033.0,8,Paid Late
108134,16769,2025-02-01,57793.0,0,Paid
108209,16996,2025-02-01,6438.0,0,Paid
108230,17072,2025-02-01,38010.0,0,Paid
108234,17095,2025-02-01,59975.0,0,Paid
108313,17368,2025-02-01,4124.0,0,Paid
108366,17555,2025-02-01,17564.0,0,Paid
108409,17724,2025-02-01,1174.0,48,Paid Late
108432,17800,2025-02-01,24447.0,0,Paid
108439,17818,2025-02-01,6348.0,0,Paid
108487,17974,2025-02-01,3368.0,0,Paid
108495,17993,2025-02-01,69976.0,0,Paid
108500,18013,2025-02-01,1593.0,0,Paid
108515,18057,2025-02-01,4592.0,0,Paid
108526,18088,2025-02-01,5906.0,0,Paid
108533,18104,2025-02-01,21997.0,0,Paid
108540,18130,2025-02-01,64675.0,0,Paid
108592,18303,2025-02-01,14574.0,0,Paid
108594,18307,2025-02-01,53713.0,0,Paid
108691,18662,2025-02-01,2596.0,0,Paid
108731,18808,2025-02-01,1511.0,0,Paid
108733,18811,2025-02-01,2122.0,0,Paid
108752,18901,2025-02-01,14528.0,0,Paid
108753,18902,2025-02-01,35717.0,0,Paid
108757,18914,2025-02-01,2872.0,14,Paid Late
108783,19002,2025-02-01,61612.0,0,Paid
108789,19036,2025-02-01,71415.0,27,Failed
108806,19095,2025-02-01,6210.0,0,Paid
108932,19468,2025-02-01,2707.0,0,Paid
108957,19560,2025-02-01,3651.0,0,Paid
109007,19729,2025-02-01,9228.0,0,Paid
109022,19777,2025-02-01,2420.0,27,Paid Late
109035,19811,2025-02-01,2958.0,0,Paid
109080,19943,2025-02-01,1448280.0,0,Paid
109123,20071,2025-02-01,3153.0,0,Paid
109143,20131,2025-02-01,1199.0,0,Paid
109154,20162,2025-02-01,40616.0,6,Failed
109195,20296,2025-02-01,3103.0,0,Paid
109207,20335,2025-02-01,3487.0,23,Failed
109257,20493,2025-02-01,4592.0,0,Paid
109265,20516,2025-02-01,4545.0,0,Paid
109286,20595,2025-02-01,2141.0,0,Paid
109287,20597,2025-02-01,13964.0,5,Paid Late
109318,20686,2025-02-01,1325203.0,0,Paid
109356,20821,2025-02-01,40857.0,0,Paid
109394,20940,2025-02-01,2141.0,0,Paid
109408,20987,2025-02-01,1808.0,0,Paid
109425,21026,2025-02-01,1560.0,0,Paid
109460,21126,2025-02-01,4264.0,0,Paid
109585,21504,2025-02-01,3523.0,0,Paid
109598,21542,2025-02-01,2596.0,0,Paid
109634,21682,2025-02-01,57704.0,18,Paid Late
109653,21751,2025-02-01,15747.0,0,Paid
109754,22110,2025-02-01,1200.0,0,Paid
109771,22139,2025-02-01,1560.0,10,Paid Late
109776,22154,2025-02-01,2435.0,0,Paid
109793,22215,2025-02-01,2119.0,12,Paid Late
109870,22485,2025-02-01,11423.0,0,Paid
109872,22487,2025-02-01,2315.0,0,Paid
109896,22573,2025-02-01,6616.0,0,Paid
109930,22676,2025-02-01,3655.0,0,Paid
109960,22756,2025-02-01,692.0,0,Paid
110005,22915,2025-02-01,1430.0,0,Paid
110036,22999,2025-02-01,56625.0,0,Paid
110094,23169,2025-02-01,2372.0,0,Paid
110190,23467,2025-02-01,40244.0,0,Paid
110203,23508,2025-02-01,3072.0,0,Paid
110342,23931,2025-02-01,26037.0,0,Paid
110375,24011,2025-02-01,2048.0,0,Paid
110434,24199,2025-02-01,17951.0,27,Paid Late
110522,24484,2025-02-01,1792.0,0,Paid
110544,24563,2025-02-01,1846.0,0,Paid
110553,24595,2025-02-01,3614.0,15,Paid Late
110596,24703,2025-02-01,2219.0,0,Paid
110598,24712,2025-02-01,53107.0,0,Paid
110607,24733,2025-02-01,7831.0,0,Paid
110620,24772,2025-02-01,1080.0,30,Paid Late
110639,24829,2025-02-01,7671.0,4,Paid Late
110641,24838,2025-02-01,1751.0,0,Paid
110679,24948,2025-02-01,3368.0,0,Paid
110683,24957,2025-02-01,29292.0,2,Paid Late
110705,25035,2025-02-01,2033.0,0,Paid
110743,25138,2025-02-01,28196.0,0,Paid
110745,25145,2025-02-01,2372.0,0,Paid
110779,25256,2025-02-01,61877.0,0,Paid
110792,25319,2025-02-01,810.0,0,Paid
110798,25336,2025-02-01,1269.0,0,Paid
110874,25560,2025-02-01,4358.0,13,Paid Late
110896,25613,2025-02-01,55921.0,0,Paid
110914,25666,2025-02-01,70736.0,0,Paid
110925,25694,2025-02-01,18422.0,0,Paid
110991,25919,2025-02-01,21319.0,0,Paid
111160,26507,2025-02-01,924.0,0,Paid
111215,26685,2025-02-01,810.0,0,Paid
111228,26714,2025-02-01,19214.0,37,Failed
111259,26817,2025-02-01,32605.0,0,Paid
111291,26911,2025-02-01,751.0,0,Paid
111363,27133,2025-02-01,6792.0,0,Paid
111433,27337,2025-02-01,44664.0,0,Paid
111449,27392,2025-02-01,1713.0,5,Paid Late
111494,27545,2025-02-01,1102.0,0,Paid
111579,27791,2025-02-01,48865.0,13,Failed
111650,28017,2025-02-01,29754.0,0,Paid
111680,28082,2025-02-01,4824.0,0,Paid
111719,28203,2025-02-01,7512.0,0,Paid
111732,28239,2025-02-01,2672.0,0,Paid
111776,28370,2025-02-01,32057.0,19,Paid Late
111800,28440,2025-02-01,1338.0,0,Paid
111949,28899,2025-02-01,4523.0,0,Paid
112022,29155,2025-02-01,32696.0,9,Failed
112063,29302,2025-02-01,110674.0,0,Paid
112072,29331,2025-02-01,11297.0,19,Paid Late
112088,29367,2025-02-01,10306.0,0,Paid
112129,29499,2025-02-01,30077.0,0,Paid
112184,29667,2025-02-01,82879.0,0,Paid
112190,29679,2025-02-01,4452.0,0,Paid
112207,29723,2025-02-01,14148.0,0,Paid
112239,29805,2025-02-01,2243.0,0,Paid
112254,29832,2025-02-01,2171.0,0,Paid
112287,29926,2025-02-01,13277.0,6,Paid Late
112302,29986,2025-02-01,56080.0,0,Paid
112381,30229,2025-02-01,215516.0,13,Paid Late
112442,30410,2025-02-01,11300.0,0,Paid
112536,30716,2025-02-01,2659.0,0,Paid
112567,30819,2025-02-01,157296.0,0,Paid
112568,30820,2025-02-01,2768.0,0,Paid
112581,30866,2025-02-01,2348.0,0,Paid
112633,31005,2025-02-01,42757.0,0,Paid
112672,31126,2025-02-01,5103.0,13,Paid Late
112684,31160,2025-02-01,2251.0,0,Paid
112693,31179,2025-02-01,4982.0,0,Paid
112743,31324,2025-02-01,4217.0,0,Paid
112744,31331,2025-02-01,2755.0,12,Paid Late
112763,31392,2025-02-01,2275.0,0,Paid
112786,31468,2025-02-01,5451.0,0,Paid
112804,31563,2025-02-01,1609.0,0,Paid
112850,31691,2025-02-01,2251.0,0,Paid
112862,31726,2025-02-01,2898.0,21,Paid Late
112890,31811,2025-02-01,2872.0,0,Paid
113005,32171,2025-02-01,18771.0,0,Paid
113017,32211,2025-02-01,6693.0,0,Paid
113043,32302,2025-02-01,187657.0,0,Paid
113079,32430,2025-02-01,27135.0,0,Paid
113087,32453,2025-02-01,785.0,0,Paid
113111,32521,2025-02-01,827.0,0,Paid
113114,32529,2025-02-01,2098.0,0,Paid
113118,32536,2025-02-01,12101.0,4,Failed
113210,32811,2025-02-01,29200.0,0,Paid
113236,32920,2025-02-01,1324.0,11,Failed
113265,32995,2025-02-01,23894.0,0,Paid
113273,33018,2025-02-01,5670.0,0,Paid
113327,33208,2025-02-01,56683.0,0,Paid
113385,33372,2025-02-01,34162.0,0,Paid
113418,33472,2025-02-01,872824.0,0,Paid
113511,33774,2025-02-01,1789.0,0,Paid
113512,33776,2025-02-01,2348.0,21,Paid Late
113513,33778,2025-02-01,1990.0,0,Paid
113519,33794,2025-02-01,59261.0,0,Paid
113520,33796,2025-02-01,17556.0,0,Paid
113560,33931,2025-02-01,22172.0,34,Failed
113566,33945,2025-02-01,14236.0,0,Paid
113578,33975,2025-02-01,4170.0,0,Paid
113582,34001,2025-02-01,3430.0,0,Paid
113602,34076,2025-02-01,2382.0,58,Failed
113642,34201,2025-02-01,6417.0,0,Paid
113655,34261,2025-02-01,3416.0,0,Paid
113710,34482,2025-02-01,5351.0,0,Paid
113751,34615,2025-02-01,59859.0,0,Paid
113780,34721,2025-02-01,21805.0,0,Paid
113784,34735,2025-02-01,51574.0,0,Paid
113802,34795,2025-02-01,3430.0,0,Paid
113821,34863,2025-02-01,4965.0,0,Paid
113828,34879,2025-02-01,2190.0,0,Paid
113831,34889,2025-02-01,1642.0,0,Paid
113870,35003,2025-02-01,37860.0,13,Paid Late
113974,35343,2025-02-01,4639.0,30,Paid Late
114032,35550,2025-02-01,802.0,8,Paid Late
114125,35860,2025-02-01,1186.0,0,Paid
114146,35933,2025-02-01,282345.0,21,Paid Late
114174,36017,2025-02-01,34287.0,8,Paid Late
114175,36021,2025-02-01,810.0,0,Paid
114223,36158,2025-02-01,519.0,13,Failed
114227,36173,2025-02-01,835.0,0,Paid
114231,36197,2025-02-01,5842.0,0,Paid
114402,36773,2025-02-01,4042.0,2,Paid Late
114409,36791,2025-02-01,4083.0,0,Paid
114437,36906,2025-02-01,1618.0,14,Failed
114442,36920,2025-02-01,3877.0,0,Paid
114463,36980,2025-02-01,19507.0,20,Failed
114465,36984,2025-02-01,521705.0,0,Paid
114470,36995,2025-02-01,214142.0,0,Paid
114506,37116,2025-02-01,231219.0,0,Paid
114514,37134,2025-02-01,3223.0,0,Paid
114532,37179,2025-02-01,2019.0,0,Paid
114560,37285,2025-02-01,45433.0,0,Paid
114572,37335,2025-02-01,2403.0,0,Paid
114597,37424,2025-02-01,116696.0,0,Paid
114609,37460,2025-02-01,281043.0,0,Paid
114625,37500,2025-02-01,7512.0,0,Paid
114663,37605,2025-02-01,31843.0,32,Failed
114681,37672,2025-02-01,30109.0,20,Failed
114761,37940,2025-02-01,5969.0,0,Paid
114775,37982,2025-02-01,27170.0,0,Paid
114801,38086,2025-02-01,68496.0,0,Paid
114803,38095,2025-02-01,3381.0,0,Paid
114834,38198,2025-02-01,819.0,0,Paid
114839,38211,2025-02-01,3467.0,41,Paid Late
114847,38227,2025-02-01,2339.0,4,Failed
114862,38270,2025-02-01,522072.0,0,Paid
115007,38766,2025-02-01,62413.0,0,Paid
115023,38812,2025-02-01,2396.0,0,Paid
115025,38823,2025-02-01,16893.0,0,Paid
115048,38906,2025-02-01,101271.0,25,Failed
115105,39062,2025-02-01,6553.0,0,Paid
115337,39869,2025-02-01,3614.0,0,Paid
115432,40166,2025-02-01,3308.0,0,Paid
115534,40485,2025-02-01,2902.0,0,Paid
115619,40757,2025-02-01,9177.0,0,Paid
115642,40843,2025-02-01,2033.0,36,Paid Late
115647,40857,2025-02-01,11664.0,0,Paid
115660,40892,2025-02-01,30093.0,0,Paid
115858,41531,2025-02-01,95639.0,0,Paid
115862,41542,2025-02-01,35417.0,0,Paid
115867,41554,2025-02-01,5822.0,0,Paid
115890,41660,2025-02-01,4498.0,0,Paid
115900,41704,2025-02-01,1223.0,0,Paid
115903,41709,2025-02-01,59497.0,8,Failed
115905,41717,2025-02-01,1046.0,0,Paid
115910,41740,2025-02-01,3504.0,0,Paid
115924,41776,2025-02-01,1690.0,15,Failed
115944,41834,2025-02-01,2872.0,0,Paid
115954,41859,2025-02-01,5567.0,0,Paid
115964,41888,2025-02-01,37287.0,0,Paid
115985,41956,2025-02-01,3196.0,0,Paid
115991,41970,2025-02-01,15914.0,0,Paid
116012,42058,2025-02-01,5335.0,6,Paid Late
116029,42105,2025-02-01,2931.0,0,Paid
116032,42111,2025-02-01,18565.0,10,Paid Late
116054,42176,2025-02-01,3541.0,8,Paid Late
116059,42196,2025-02-01,542.0,0,Paid
116074,42264,2025-02-01,9584.0,0,Paid
116113,42398,2025-02-01,287332.0,0,Paid
116122,42428,2025-02-01,2868.0,0,Paid
116127,42446,2025-02-01,759.0,24,Failed
116181,42620,2025-02-01,2872.0,0,Paid
116205,42704,2025-02-01,150098.0,0,Paid
116213,42719,2025-02-01,1000534.0,0,Paid
116256,42868,2025-02-01,1137.0,0,Paid
116314,43041,2025-02-01,210808.0,0,Paid
116355,43162,2025-02-01,995.0,0,Paid
116356,43165,2025-02-01,24803.0,0,Paid
116368,43194,2025-02-01,1481.0,0,Paid
116420,43358,2025-02-01,58231.0,39,Paid Late
116446,43444,2025-02-01,6287.0,0,Paid
116478,43533,2025-02-01,23210.0,0,Paid
116486,43556,2025-02-01,2726.0,0,Paid
116528,43665,2025-02-01,2122.0,0,Paid
116537,43702,2025-02-01,2784.0,0,Paid
116557,43777,2025-02-01,483656.0,17,Paid Late
116649,44058,2025-02-01,34387.0,23,Paid Late
116699,44211,2025-02-01,4083.0,0,Paid
116776,44474,2025-02-01,54248.0,5,Paid Late
116796,44541,2025-02-01,1569.0,0,Paid
116853,44722,2025-02-01,13425.0,0,Paid
116931,44979,2025-02-01,2119.0,0,Paid
117009,45236,2025-02-01,22194.0,12,Paid Late
117042,45344,2025-02-01,38339.0,0,Paid
117059,45395,2025-02-01,3651.0,42,Failed
117100,45507,2025-02-01,2195.0,0,Paid
117112,45541,2025-02-01,58108.0,0,Paid
117131,45606,2025-02-01,30648.0,0,Paid
117132,45608,2025-02-01,542.0,6,Paid Late
117161,45702,2025-02-01,1770.0,0,Paid
117164,45708,2025-02-01,2921.0,0,Paid
117178,45757,2025-02-01,15747.0,0,Paid
117202,45831,2025-02-01,1338.0,0,Paid
117229,45909,2025-02-01,15775.0,0,Paid
117255,45983,2025-02-01,252276.0,0,Paid
117282,46074,2025-02-01,90483.0,0,Paid
117286,46088,2025-02-01,7372.0,0,Paid
117305,46158,2025-02-01,21092.0,0,Paid
117415,46503,2025-02-01,145189.0,0,Paid
117448,46607,2025-02-01,2856.0,0,Paid
117463,46659,2025-02-01,1256.0,0,Paid
117477,46708,2025-02-01,4639.0,0,Paid
117487,46731,2025-02-01,4452.0,14,Paid Late
117547,46903,2025-02-01,13610.0,0,Paid
117597,47036,2025-02-01,3334.0,0,Paid
117714,47413,2025-02-01,1057.0,0,Paid
117742,47527,2025-02-01,4452.0,0,Paid
117784,47666,2025-02-01,1713.0,0,Paid
117843,47858,2025-02-01,2511421.0,0,Paid
117844,47863,2025-02-01,1884.0,17,Paid Late
117852,47889,2025-02-01,203288.0,0,Paid
117861,47913,2025-02-01,3231.0,28,Paid Late
117879,47989,2025-02-01,6831.0,0,Paid
117966,48223,2025-02-01,8132.0,0,Paid
117993,48337,2025-02-01,3162.0,0,Paid
118002,48355,2025-02-01,4592.0,0,Paid
118028,48427,2025-02-01,3231.0,0,Paid
118077,48567,2025-02-01,1269.0,0,Paid
118164,48808,2025-02-01,59255.0,0,Paid
118270,49130,2025-02-01,4001.0,0,Paid
118274,49144,2025-02-01,3487.0,0,Paid
118303,49214,2025-02-01,2076.0,0,Paid
118384,49489,2025-02-01,2542.0,0,Paid
118419,49606,2025-02-01,1102.0,0,Paid
118422,49617,2025-02-01,11164.0,0,Paid
118496,49872,2025-02-01,5842.0,0,Paid
118501,49884,2025-02-01,963144.0,0,Paid
118517,49913,2025-02-01,3547.0,28,Paid Late
118541,49980,2025-02-01,70024.0,0,Paid
118560,23,2025-03-01,5683.0,0,Paid
118570,48,2025-03-01,1950.0,0,Paid
118575,58,2025-03-01,5139.0,0,Paid
118590,119,2025-03-01,58864.0,0,Paid
118627,222,2025-03-01,802.0,0,Paid
118638,247,2025-03-01,11489.0,0,Paid
118673,356,2025-03-01,2917.0,0,Paid
118681,379,2025-03-01,12923.0,0,Paid
118728,531,2025-03-01,2922.0,0,Paid
118745,575,2025-03-01,40616.0,0,Paid
118777,668,2025-03-01,548.0,0,Paid
118780,685,2025-03-01,2323.0,0,Paid
118783,689,2025-03-01,2363.0,0,Paid
118837,855,2025-03-01,3712.0,0,Paid
118887,1001,2025-03-01,132062.0,0,Paid
118905,1048,2025-03-01,22042.0,0,Paid
118907,1054,2025-03-01,2814.0,0,Paid
118911,1061,2025-03-01,1560.0,0,Paid
118919,1092,2025-03-01,1046.0,0,Paid
119002,1314,2025-03-01,5652.0,0,Paid
119019,1362,2025-03-01,5518.0,0,Paid
119029,1385,2025-03-01,1186.0,0,Paid
119030,1387,2025-03-01,41429.0,0,Paid
119036,1402,2025-03-01,39682.0,0,Paid
119161,1806,2025-03-01,59603.0,0,Paid
119202,1917,2025-03-01,74436.0,0,Paid
119243,2082,2025-03-01,42635.0,0,Paid
119404,2575,2025-03-01,734.0,0,Paid
119420,2620,2025-03-01,25733.0,0,Paid
119448,2713,2025-03-01,1310.0,1,Failed
119466,2754,2025-03-01,1558.0,0,Paid
119470,2761,2025-03-01,1572.0,0,Paid
119471,2768,2025-03-01,4274.0,0,Paid
119564,3054,2025-03-01,768.0,0,Paid
119610,3171,2025-03-01,137615.0,0,Paid
119643,3285,2025-03-01,106645.0,0,Paid
119682,3421,2025-03-01,33627.0,0,Paid
119683,3422,2025-03-01,9439.0,0,Paid
119734,3583,2025-03-01,5724.0,0,Paid
119755,3656,2025-03-01,2489.0,15,Paid Late
119819,3835,2025-03-01,7352.0,0,Paid
119854,3966,2025-03-01,2898.0,0,Paid
120041,4534,2025-03-01,4634.0,5,Paid Late
120055,4576,2025-03-01,5087.0,0,Paid
120072,4626,2025-03-01,55699.0,0,Paid
120121,4788,2025-03-01,24028.0,0,Paid
120131,4810,2025-03-01,31839.0,0,Paid
120135,4819,2025-03-01,201004.0,0,Paid
120169,4922,2025-03-01,5161.0,0,Paid
120202,5023,2025-03-01,3089.0,0,Paid
120210,5046,2025-03-01,37180.0,34,Paid Late
120248,5161,2025-03-01,3299.0,0,Paid
120259,5199,2025-03-01,5451.0,0,Paid
120320,5367,2025-03-01,103614.0,26,Failed
120337,5411,2025-03-01,66539.0,0,Paid
120381,5513,2025-03-01,56636.0,0,Paid
120401,5566,2025-03-01,4498.0,0,Paid
120411,5589,2025-03-01,82490.0,0,Paid
120431,5657,2025-03-01,565.0,0,Paid
120453,5717,2025-03-01,26526.0,0,Paid
120466,5749,2025-03-01,2339.0,0,Paid
120468,5754,2025-03-01,2141.0,29,Paid Late
120486,5786,2025-03-01,2540.0,0,Paid
120545,5985,2025-03-01,1160.0,0,Paid
120583,6092,2025-03-01,101329.0,8,Paid Late
120584,6096,2025-03-01,11021.0,0,Paid
120601,6149,2025-03-01,67102.0,0,Paid
120654,6317,2025-03-01,1283.0,0,Paid
120664,6362,2025-03-01,1123.0,0,Paid
120708,6487,2025-03-01,1884.0,0,Paid
120731,6545,2025-03-01,20610.0,0,Paid
120772,6693,2025-03-01,98223.0,0,Paid
120788,6744,2025-03-01,31650.0,0,Paid
120801,6786,2025-03-01,36689.0,0,Paid
120811,6814,2025-03-01,3057.0,0,Paid
120861,6937,2025-03-01,2348.0,0,Paid
120900,7058,2025-03-01,32192.0,0,Paid
120960,7227,2025-03-01,9399.0,0,Paid
121016,7430,2025-03-01,1527.0,0,Paid
121038,7497,2025-03-01,25703.0,0,Paid
121051,7526,2025-03-01,1853874.0,0,Paid
121146,7806,2025-03-01,101941.0,0,Paid
121208,7979,2025-03-01,2190445.0,0,Paid
121226,8039,2025-03-01,1664.0,9,Paid Late
121242,8085,2025-03-01,6348.0,0,Paid
121276,8179,2025-03-01,26592.0,0,Paid
121328,8339,2025-03-01,26320.0,0,Paid
121329,8340,2025-03-01,3299.0,0,Paid
121335,8359,2025-03-01,220148.0,6,Paid Late
121343,8377,2025-03-01,17701.0,0,Paid
121349,8392,2025-03-01,1838.0,0,Paid
121433,8646,2025-03-01,19850.0,11,Paid Late
121452,8712,2025-03-01,2689.0,0,Paid
121456,8727,2025-03-01,7372.0,0,Paid
121466,8775,2025-03-01,792.0,7,Paid Late
121475,8799,2025-03-01,7671.0,0,Paid
121562,9083,2025-03-01,2033.0,0,Paid
121571,9112,2025-03-01,34660.0,0,Paid
121580,9141,2025-03-01,2243.0,0,Paid
121585,9157,2025-03-01,7372.0,0,Paid
121612,9229,2025-03-01,59923.0,0,Paid
121631,9269,2025-03-01,3025.0,0,Paid
121633,9272,2025-03-01,819.0,6,Paid Late
121672,9399,2025-03-01,1310.0,0,Paid
121697,9465,2025-03-01,3402.0,0,Paid
121709,9505,2025-03-01,53713.0,0,Paid
121727,9565,2025-03-01,39102.0,17,Paid Late
121751,9636,2025-03-01,13035.0,17,Paid Late
121773,9703,2025-03-01,49695.0,0,Paid
121781,9724,2025-03-01,24644.0,0,Paid
121798,9768,2025-03-01,52055.0,0,Paid
121825,9836,2025-03-01,65536.0,12,Paid Late
121834,9866,2025-03-01,3231.0,0,Paid
121865,9995,2025-03-01,52813.0,0,Paid
121927,10214,2025-03-01,793.0,0,Paid
121938,10246,2025-03-01,1495.0,0,Paid
121963,10330,2025-03-01,143673.0,0,Paid
122002,10429,2025-03-01,66036.0,0,Paid
122008,10457,2025-03-01,1080.0,0,Paid
122115,10771,2025-03-01,32562.0,0,Paid
122175,10973,2025-03-01,183406.0,12,Failed
122255,11225,2025-03-01,35737.0,0,Paid
122318,11425,2025-03-01,21761.0,10,Paid Late
122329,11457,2025-03-01,4877.0,0,Paid
122345,11496,2025-03-01,11059.0,0,Paid
122355,11527,2025-03-01,25790.0,0,Paid
122468,11861,2025-03-01,1884.0,0,Paid
122476,11883,2025-03-01,58642.0,0,Paid
122514,12008,2025-03-01,827.0,0,Paid
122527,12050,2025-03-01,27529.0,0,Paid
122540,12103,2025-03-01,59923.0,0,Paid
122560,12176,2025-03-01,35863.0,11,Paid Late
122576,12239,2025-03-01,3541.0,0,Paid
122592,12321,2025-03-01,37080.0,0,Paid
122613,12375,2025-03-01,104352.0,0,Paid
122628,12436,2025-03-01,44096.0,0,Paid
122683,12588,2025-03-01,2872.0,0,Paid
122685,12590,2025-03-01,1814540.0,0,Paid
122690,12602,2025-03-01,519.0,19,Paid Late
122791,12867,2025-03-01,4871.0,0,Paid
122816,12931,2025-03-01,79618.0,22,Failed
122839,12990,2025-03-01,819.0,0,Paid
122889,13155,2025-03-01,548.0,0,Paid
122911,13215,2025-03-01,6555.0,0,Paid
122917,13230,2025-03-01,1810.0,0,Paid
122973,13412,2025-03-01,559.0,0,Paid
122991,13468,2025-03-01,2412.0,0,Paid
122995,13481,2025-03-01,7149.0,0,Paid
123039,13618,2025-03-01,1123.0,0,Paid
123047,13637,2025-03-01,6831.0,0,Paid
123096,13806,2025-03-01,57124.0,16,Paid Late
123258,14249,2025-03-01,1162.0,0,Paid
123262,14270,2025-03-01,134854.0,27,Paid Late
123263,14271,2025-03-01,2516.0,0,Paid
123299,14388,2025-03-01,1751.0,0,Paid
123397,14706,2025-03-01,15307.0,5,Failed
123404,14732,2025-03-01,3217.0,0,Paid
123439,14837,2025-03-01,22166.0,0,Paid
123483,14970,2025-03-01,1083.0,0,Paid
123513,15049,2025-03-01,2516.0,0,Paid
123567,15189,2025-03-01,2021.0,0,Paid
123570,15193,2025-03-01,23000.0,0,Paid
123633,15389,2025-03-01,1846.0,0,Paid
123638,15412,2025-03-01,17265.0,33,Paid Late
123658,15472,2025-03-01,4929.0,23,Failed
123692,15612,2025-03-01,3224.0,0,Paid
123753,15791,2025-03-01,819.0,0,Paid
123833,16036,2025-03-01,26440.0,0,Paid
123839,16048,2025-03-01,2119.0,0,Paid
123850,16073,2025-03-01,58235.0,28,Paid Late
123873,16131,2025-03-01,78371.0,0,Paid
123916,16280,2025-03-01,6627.0,0,Paid
123942,16353,2025-03-01,1827.0,0,Paid
123954,16381,2025-03-01,1626.0,0,Paid
124054,16705,2025-03-01,2323.0,0,Paid
124058,16712,2025-03-01,186033.0,0,Paid
124078,16769,2025-03-01,57793.0,10,Paid Late
124101,16832,2025-03-01,18954.0,0,Paid
124155,16996,2025-03-01,6438.0,23,Failed
124177,17072,2025-03-01,38010.0,0,Paid
124182,17095,2025-03-01,59975.0,0,Paid
124266,17368,2025-03-01,4124.0,0,Paid
124316,17555,2025-03-01,17564.0,0,Paid
124361,17724,2025-03-01,1174.0,0,Paid
124387,17800,2025-03-01,24447.0,0,Paid
124393,17818,2025-03-01,6348.0,0,Paid
124443,17974,2025-03-01,3368.0,0,Paid
124449,17993,2025-03-01,69976.0,0,Paid
124454,18013,2025-03-01,1593.0,9,Paid Late
124469,18057,2025-03-01,4592.0,0,Paid
124484,18088,2025-03-01,5906.0,0,Paid
124491,18104,2025-03-01,21997.0,0,Paid
124500,18130,2025-03-01,64675.0,0,Paid
124551,18303,2025-03-01,14574.0,0,Paid
124553,18307,2025-03-01,53713.0,0,Paid
124658,18662,2025-03-01,2596.0,0,Paid
124702,18808,2025-03-01,1511.0,0,Paid
124704,18811,2025-03-01,2122.0,0,Paid
124722,18901,2025-03-01,14528.0,0,Paid
124723,18902,2025-03-01,35717.0,15,Paid Late
124728,18914,2025-03-01,2872.0,0,Paid
124757,19002,2025-03-01,61612.0,0,Paid
124764,19036,2025-03-01,71415.0,7,Paid Late
124781,19095,2025-03-01,6210.0,0,Paid
124903,19468,2025-03-01,2707.0,0,Paid
124932,19560,2025-03-01,3651.0,0,Paid
124984,19729,2025-03-01,9228.0,0,Paid
124998,19777,2025-03-01,2420.0,12,Paid Late
125011,19811,2025-03-01,2958.0,0,Paid
125104,20071,2025-03-01,3153.0,0,Paid
125128,20131,2025-03-01,1199.0,0,Paid
125140,20162,2025-03-01,40616.0,0,Paid
125173,20296,2025-03-01,3103.0,0,Paid
125186,20335,2025-03-01,3487.0,12,Failed
125206,20391,2025-03-01,14361.0,0,Paid
125239,20493,2025-03-01,4592.0,0,Paid
125246,20516,2025-03-01,4545.0,0,Paid
125271,20595,2025-03-01,2141.0,0,Paid
125342,20821,2025-03-01,40857.0,0,Paid
125380,20940,2025-03-01,2141.0,0,Paid
125395,20987,2025-03-01,1808.0,0,Paid
125410,21026,2025-03-01,1560.0,0,Paid
125443,21126,2025-03-01,4264.0,0,Paid
125455,21170,2025-03-01,22475.0,0,Paid
125576,21504,2025-03-01,3523.0,0,Paid
125589,21542,2025-03-01,2596.0,0,Paid
125593,21561,2025-03-01,2275.0,0,Paid
125630,21682,2025-03-01,57704.0,0,Paid
125650,21751,2025-03-01,15747.0,8,Paid Late
125669,21823,2025-03-01,23360.0,0,Paid
125763,22110,2025-03-01,1200.0,0,Paid
125777,22139,2025-03-01,1560.0,0,Paid
125781,22154,2025-03-01,2435.0,0,Paid
125800,22215,2025-03-01,2119.0,0,Paid
125876,22485,2025-03-01,11423.0,0,Paid
125878,22487,2025-03-01,2315.0,0,Paid
125904,22573,2025-03-01,6616.0,0,Paid
125937,22676,2025-03-01,3655.0,0,Paid
125967,22756,2025-03-01,692.0,0,Paid
126013,22915,2025-03-01,1430.0,0,Paid
126046,22999,2025-03-01,56625.0,22,Paid Late
126114,23169,2025-03-01,2372.0,0,Paid
126209,23467,2025-03-01,40244.0,0,Paid
126210,23469,2025-03-01,2397244.0,0,Paid
126224,23508,2025-03-01,3072.0,0,Paid
126297,23713,2025-03-01,31064.0,0,Paid
126368,23931,2025-03-01,26037.0,0,Paid
126404,24011,2025-03-01,2048.0,0,Paid
126464,24199,2025-03-01,17951.0,0,Paid
126549,24484,2025-03-01,1792.0,0,Paid
126570,24563,2025-03-01,1846.0,0,Paid
126580,24595,2025-03-01,3614.0,22,Paid Late
126622,24703,2025-03-01,2219.0,0,Paid
126624,24712,2025-03-01,53107.0,4,Paid Late
126631,24733,2025-03-01,7831.0,0,Paid
126643,24772,2025-03-01,1080.0,5,Paid Late
126663,24829,2025-03-01,7671.0,7,Paid Late
126665,24838,2025-03-01,1751.0,22,Paid Late
126667,24845,2025-03-01,1427.0,5,Paid Late
126702,24948,2025-03-01,3368.0,0,Paid
126707,24957,2025-03-01,29292.0,0,Paid
126729,25035,2025-03-01,2033.0,0,Paid
126764,25138,2025-03-01,28196.0,3,Paid Late
126766,25145,2025-03-01,2372.0,0,Paid
126793,25247,2025-03-01,1057.0,0,Paid
126797,25256,2025-03-01,61877.0,0,Paid
126811,25319,2025-03-01,810.0,0,Paid
126817,25336,2025-03-01,1269.0,0,Paid
126898,25560,2025-03-01,4358.0,0,Paid
126917,25613,2025-03-01,55921.0,0,Paid
126936,25666,2025-03-01,70736.0,0,Paid
126943,25679,2025-03-01,610200.0,0,Paid
126947,25694,2025-03-01,18422.0,0,Paid
127016,25919,2025-03-01,21319.0,0,Paid
127201,26507,2025-03-01,924.0,0,Paid
127256,26685,2025-03-01,810.0,0,Paid
127268,26714,2025-03-01,19214.0,10,Failed
127295,26817,2025-03-01,32605.0,0,Paid
127303,26835,2025-03-01,147195.0,0,Paid
127329,26911,2025-03-01,751.0,34,Paid Late
127404,27133,2025-03-01,6792.0,0,Paid
127469,27337,2025-03-01,44664.0,0,Paid
127482,27392,2025-03-01,1713.0,0,Paid
127530,27545,2025-03-01,1102.0,0,Paid
127616,27791,2025-03-01,48865.0,14,Paid Late
127689,27998,2025-03-01,241747.0,0,Paid
127724,28082,2025-03-01,4824.0,0,Paid
127767,28203,2025-03-01,7512.0,0,Paid
127777,28234,2025-03-01,120290.0,5,Paid Late
127782,28239,2025-03-01,2672.0,0,Paid
127826,28370,2025-03-01,32057.0,48,Failed
127832,28382,2025-03-01,14838.0,0,Paid
127835,28397,2025-03-01,602586.0,0,Paid
127850,28440,2025-03-01,1338.0,0,Paid
127888,28572,2025-03-01,61042.0,0,Paid
127998,28899,2025-03-01,4523.0,0,Paid
128076,29155,2025-03-01,32696.0,25,Failed
128106,29251,2025-03-01,57502.0,0,Paid
128118,29302,2025-03-01,110674.0,0,Paid
128125,29327,2025-03-01,9742.0,0,Paid
128144,29367,2025-03-01,10306.0,0,Paid
128187,29499,2025-03-01,30077.0,0,Paid
128243,29667,2025-03-01,82879.0,0,Paid
128249,29679,2025-03-01,4452.0,0,Paid
128296,29805,2025-03-01,2243.0,0,Paid
128309,29832,2025-03-01,2171.0,0,Paid
128311,29841,2025-03-01,2780590.0,22,Paid Late
128339,29926,2025-03-01,13277.0,0,Paid
128355,29986,2025-03-01,56080.0,0,Paid
128430,30229,2025-03-01,215516.0,0,Paid
128493,30410,2025-03-01,11300.0,0,Paid
128517,30484,2025-03-01,1087.0,0,Paid
128588,30716,2025-03-01,2659.0,23,Paid Late
128624,30819,2025-03-01,157296.0,0,Paid
128625,30820,2025-03-01,2768.0,0,Paid
128640,30866,2025-03-01,2348.0,0,Paid
128734,31126,2025-03-01,5103.0,0,Paid
128747,31160,2025-03-01,2251.0,0,Paid
128756,31179,2025-03-01,4982.0,0,Paid
128797,31286,2025-03-01,2305876.0,0,Paid
128808,31324,2025-03-01,4217.0,0,Paid
128809,31331,2025-03-01,2755.0,0,Paid
128834,31392,2025-03-01,2275.0,0,Paid
128855,31468,2025-03-01,5451.0,0,Paid
128876,31563,2025-03-01,1609.0,0,Paid
128896,31623,2025-03-01,916099.0,13,Paid Late
128918,31691,2025-03-01,2251.0,0,Paid
128933,31726,2025-03-01,2898.0,0,Paid
128934,31730,2025-03-01,3393.0,0,Paid
128966,31811,2025-03-01,2872.0,0,Paid
129018,31977,2025-03-01,87221.0,13,Paid Late
129022,31983,2025-03-01,27698.0,0,Paid
129033,32019,2025-03-01,4001.0,20,Failed
129079,32171,2025-03-01,18771.0,0,Paid
129091,32211,2025-03-01,6693.0,0,Paid
129121,32302,2025-03-01,187657.0,0,Paid
129161,32430,2025-03-01,27135.0,0,Paid
129168,32453,2025-03-01,785.0,0,Paid
129190,32521,2025-03-01,827.0,0,Paid
129193,32529,2025-03-01,2098.0,0,Paid
129197,32536,2025-03-01,12101.0,14,Paid Late
129225,32601,2025-03-01,64465.0,14,Paid Late
129297,32811,2025-03-01,29200.0,0,Paid
129330,32920,2025-03-01,1324.0,19,Failed
129359,32995,2025-03-01,23894.0,0,Paid
129425,33208,2025-03-01,56683.0,0,Paid
129455,33289,2025-03-01,17388.0,0,Paid
129482,33372,2025-03-01,34162.0,19,Failed
129492,33400,2025-03-01,219208.0,10,Paid Late
129610,33774,2025-03-01,1789.0,0,Paid
129611,33776,2025-03-01,2348.0,17,Paid Late
129612,33778,2025-03-01,1990.0,0,Paid
129619,33794,2025-03-01,59261.0,0,Paid
129620,33796,2025-03-01,17556.0,0,Paid
129664,33945,2025-03-01,14236.0,0,Paid
129676,33975,2025-03-01,4170.0,0,Paid
129681,34001,2025-03-01,3430.0,0,Paid
129705,34076,2025-03-01,2382.0,6,Paid Late
129745,34201,2025-03-01,6417.0,0,Paid
129758,34261,2025-03-01,3416.0,11,Paid Late
129761,34268,2025-03-01,12679.0,0,Paid
129814,34482,2025-03-01,5351.0,0,Paid
129860,34615,2025-03-01,59859.0,27,Failed
129888,34721,2025-03-01,21805.0,0,Paid
129891,34735,2025-03-01,51574.0,0,Paid
129908,34795,2025-03-01,3430.0,0,Paid
129927,34863,2025-03-01,4965.0,0,Paid
129935,34879,2025-03-01,2190.0,1,Paid Late
129938,34889,2025-03-01,1642.0,0,Paid
129975,35003,2025-03-01,37860.0,19,Paid Late
130019,35136,2025-03-01,8845.0,0,Paid
130082,35343,2025-03-01,4639.0,15,Paid Late
130084,35346,2025-03-01,1678.0,0,Paid
130138,35550,2025-03-01,802.0,0,Paid
130224,35815,2025-03-01,6102.0,34,Paid Late
130237,35860,2025-03-01,1186.0,34,Paid Late
130261,35933,2025-03-01,282345.0,34,Paid Late
130287,36017,2025-03-01,34287.0,0,Paid
130288,36021,2025-03-01,810.0,0,Paid
130331,36158,2025-03-01,519.0,0,Paid
130336,36173,2025-03-01,835.0,0,Paid
130343,36197,2025-03-01,5842.0,33,Failed
130515,36773,2025-03-01,4042.0,11,Paid Late
130522,36791,2025-03-01,4083.0,0,Paid
130550,36906,2025-03-01,1618.0,0,Paid
130554,36920,2025-03-01,3877.0,29,Paid Late
130576,36980,2025-03-01,19507.0,0,Paid
130579,36995,2025-03-01,214142.0,0,Paid
130612,37116,2025-03-01,231219.0,0,Paid
130620,37134,2025-03-01,3223.0,0,Paid
130638,37179,2025-03-01,2019.0,0,Paid
130668,37285,2025-03-01,45433.0,0,Paid
130681,37335,2025-03-01,2403.0,0,Paid
130709,37424,2025-03-01,116696.0,0,Paid
130721,37460,2025-03-01,281043.0,34,Paid Late
130737,37500,2025-03-01,7512.0,32,Paid Late
130777,37605,2025-03-01,31843.0,0,Paid
130797,37672,2025-03-01,30109.0,0,Paid
130875,37940,2025-03-01,5969.0,0,Paid
130892,37982,2025-03-01,27170.0,0,Paid
130918,38086,2025-03-01,68496.0,0,Paid
130920,38095,2025-03-01,3381.0,0,Paid
130954,38198,2025-03-01,819.0,0,Paid
130960,38211,2025-03-01,3467.0,0,Paid
130967,38227,2025-03-01,2339.0,0,Paid
131083,38612,2025-03-01,16682.0,0,Paid
131136,38766,2025-03-01,62413.0,0,Paid
131152,38812,2025-03-01,2396.0,0,Paid
131155,38823,2025-03-01,16893.0,0,Paid
131178,38906,2025-03-01,101271.0,0,Paid
131191,38939,2025-03-01,67627.0,0,Paid
131235,39062,2025-03-01,6553.0,0,Paid
131433,39739,2025-03-01,3368.0,0,Paid
131481,39869,2025-03-01,3614.0,0,Paid
131575,40166,2025-03-01,3308.0,18,Paid Late
131677,40485,2025-03-01,2902.0,0,Paid
131766,40757,2025-03-01,9177.0,0,Paid
131789,40843,2025-03-01,2033.0,21,Paid Late
131804,40892,2025-03-01,30093.0,0,Paid
131888,41180,2025-03-01,31018.0,0,Paid
132012,41531,2025-03-01,95639.0,0,Paid
132018,41542,2025-03-01,35417.0,6,Paid Late
132023,41554,2025-03-01,5822.0,17,Paid Late
132055,41660,2025-03-01,4498.0,0,Paid
132068,41704,2025-03-01,1223.0,0,Paid
132070,41709,2025-03-01,59497.0,24,Paid Late
132071,41717,2025-03-01,1046.0,0,Paid
132074,41740,2025-03-01,3504.0,0,Paid
132090,41776,2025-03-01,1690.0,0,Paid
132108,41834,2025-03-01,2872.0,0,Paid
132116,41859,2025-03-01,5567.0,0,Paid
132121,41868,2025-03-01,3282.0,0,Paid
132127,41888,2025-03-01,37287.0,0,Paid
132146,41956,2025-03-01,3196.0,0,Paid
132152,41970,2025-03-01,15914.0,0,Paid
132179,42058,2025-03-01,5335.0,0,Paid
132193,42105,2025-03-01,2931.0,0,Paid
132218,42176,2025-03-01,3541.0,0,Paid
132223,42196,2025-03-01,542.0,0,Paid
132243,42264,2025-03-01,9584.0,7,Paid Late
132282,42398,2025-03-01,287332.0,0,Paid
132290,42428,2025-03-01,2868.0,0,Paid
132295,42446,2025-03-01,759.0,0,Paid
132346,42620,2025-03-01,2872.0,0,Paid
132352,42635,2025-03-01,548.0,0,Paid
132417,42868,2025-03-01,1137.0,0,Paid
132478,43041,2025-03-01,210808.0,0,Paid
132520,43162,2025-03-01,995.0,0,Paid
132521,43165,2025-03-01,24803.0,8,Paid Late
132534,43194,2025-03-01,1481.0,0,Paid
132592,43358,2025-03-01,58231.0,7,Paid Late
132615,43428,2025-03-01,1682.0,6,Paid Late
132618,43444,2025-03-01,6287.0,0,Paid
132650,43533,2025-03-01,23210.0,0,Paid
132657,43556,2025-03-01,2726.0,0,Paid
132685,43624,2025-03-01,16492.0,0,Paid
132699,43665,2025-03-01,2122.0,16,Paid Late
132710,43702,2025-03-01,2784.0,0,Paid
132873,44211,2025-03-01,4083.0,0,Paid
132972,44541,2025-03-01,1569.0,0,Paid
133026,44722,2025-03-01,13425.0,0,Paid
133114,44979,2025-03-01,2119.0,0,Paid
133224,45344,2025-03-01,38339.0,0,Paid
133242,45395,2025-03-01,3651.0,0,Paid
133284,45507,2025-03-01,2195.0,0,Paid
133298,45541,2025-03-01,58108.0,0,Paid
133312,45606,2025-03-01,30648.0,0,Paid
133313,45608,2025-03-01,542.0,0,Paid
133344,45702,2025-03-01,1770.0,0,Paid
133347,45708,2025-03-01,2921.0,0,Paid
133362,45757,2025-03-01,15747.0,0,Paid
133386,45831,2025-03-01,1338.0,0,Paid
133418,45909,2025-03-01,15775.0,0,Paid
133446,45983,2025-03-01,252276.0,0,Paid
133477,46074,2025-03-01,90483.0,18,Paid Late
133481,46088,2025-03-01,7372.0,0,Paid
133500,46158,2025-03-01,21092.0,0,Paid
133619,46503,2025-03-01,145189.0,0,Paid
133652,46607,2025-03-01,2856.0,0,Paid
133669,46659,2025-03-01,1256.0,0,Paid
133683,46708,2025-03-01,4639.0,0,Paid
133693,46731,2025-03-01,4452.0,6,Paid Late
133752,46903,2025-03-01,13610.0,0,Paid
133800,47036,2025-03-01,3334.0,0,Paid
133862,47208,2025-03-01,1046.0,6,Paid Late
133934,47413,2025-03-01,1057.0,0,Paid
133967,47527,2025-03-01,4452.0,0,Paid
134009,47666,2025-03-01,1713.0,0,Paid
134074,47863,2025-03-01,1884.0,0,Paid
134083,47889,2025-03-01,203288.0,0,Paid
134091,47913,2025-03-01,3231.0,31,Failed
134108,47989,2025-03-01,6831.0,7,Paid Late
134190,48223,2025-03-01,8132.0,0,Paid
134217,48337,2025-03-01,3162.0,0,Paid
134227,48355,2025-03-01,4592.0,0,Paid
134254,48427,2025-03-01,3231.0,9,Paid Late
134300,48567,2025-03-01,1269.0,0,Paid
134330,48639,2025-03-01,54940.0,0,Paid
134388,48808,2025-03-01,59255.0,0,Paid
134493,49130,2025-03-01,4001.0,0,Paid
134497,49144,2025-03-01,3487.0,0,Paid
134524,49214,2025-03-01,2076.0,46,Paid Late
134609,49489,2025-03-01,2542.0,0,Paid
134645,49606,2025-03-01,1102.0,0,Paid
134648,49617,2025-03-01,11164.0,0,Paid
134656,49642,2025-03-01,2843.0,0,Paid
134727,49872,2025-03-01,5842.0,5,Failed
134746,49913,2025-03-01,3547.0,0,Paid
134774,49980,2025-03-01,70024.0,0,Paid
134788,23,2025-04-01,5683.0,0,Paid
134796,43,2025-04-01,81686.0,5,Paid Late
134798,48,2025-04-01,1950.0,0,Paid
134803,58,2025-04-01,5139.0,24,Paid Late
134818,119,2025-04-01,58864.0,0,Paid
134856,222,2025-04-01,802.0,0,Paid
134867,247,2025-04-01,11489.0,0,Paid
134904,356,2025-04-01,2917.0,0,Paid
134914,379,2025-04-01,12923.0,0,Paid
134961,531,2025-04-01,2922.0,36,Paid Late
134976,575,2025-04-01,40616.0,0,Paid
135008,668,2025-04-01,548.0,0,Paid
135011,685,2025-04-01,2323.0,0,Paid
135013,689,2025-04-01,2363.0,24,Paid Late
135071,855,2025-04-01,3712.0,6,Paid Late
135081,895,2025-04-01,1946.0,0,Paid
135134,1048,2025-04-01,22042.0,0,Paid
135136,1054,2025-04-01,2814.0,0,Paid
135140,1061,2025-04-01,1560.0,0,Paid
135148,1092,2025-04-01,1046.0,0,Paid
135231,1314,2025-04-01,5652.0,0,Paid
135247,1362,2025-04-01,5518.0,0,Paid
135257,1385,2025-04-01,1186.0,0,Paid
135262,1402,2025-04-01,39682.0,0,Paid
135284,1460,2025-04-01,11783.0,18,Paid Late
135405,1806,2025-04-01,59603.0,0,Paid
135411,1822,2025-04-01,10703.0,0,Paid
135447,1917,2025-04-01,74436.0,0,Paid
135491,2082,2025-04-01,42635.0,0,Paid
135550,2259,2025-04-01,9860.0,0,Paid
135653,2575,2025-04-01,734.0,0,Paid
135669,2620,2025-04-01,25733.0,0,Paid
135699,2713,2025-04-01,1310.0,0,Paid
135719,2754,2025-04-01,1558.0,0,Paid
135723,2761,2025-04-01,1572.0,0,Paid
135724,2768,2025-04-01,4274.0,9,Paid Late
135818,3054,2025-04-01,768.0,0,Paid
135860,3171,2025-04-01,137615.0,0,Paid
135887,3263,2025-04-01,42314.0,0,Paid
135894,3285,2025-04-01,106645.0,0,Paid
135936,3421,2025-04-01,33627.0,0,Paid
135937,3422,2025-04-01,9439.0,40,Paid Late
136014,3656,2025-04-01,2489.0,0,Paid
136075,3835,2025-04-01,7352.0,0,Paid
136109,3966,2025-04-01,2898.0,14,Failed
136279,4453,2025-04-01,35797.0,0,Paid
136298,4534,2025-04-01,4634.0,18,Failed
136311,4576,2025-04-01,5087.0,0,Paid
136328,4626,2025-04-01,55699.0,34,Paid Late
136389,4788,2025-04-01,24028.0,0,Paid
136397,4810,2025-04-01,31839.0,0,Paid
136400,4819,2025-04-01,201004.0,6,Paid Late
136432,4922,2025-04-01,5161.0,0,Paid
136461,5023,2025-04-01,3089.0,0,Paid
136468,5046,2025-04-01,37180.0,37,Paid Late
136517,5161,2025-04-01,3299.0,0,Paid
136528,5199,2025-04-01,5451.0,0,Paid
136549,5255,2025-04-01,189594.0,0,Paid
136584,5367,2025-04-01,103614.0,0,Paid
136601,5411,2025-04-01,66539.0,0,Paid
136645,5513,2025-04-01,56636.0,0,Paid
136662,5566,2025-04-01,4498.0,0,Paid
136691,5657,2025-04-01,565.0,0,Paid
136712,5717,2025-04-01,26526.0,0,Paid
136725,5749,2025-04-01,2339.0,0,Paid
136728,5754,2025-04-01,2141.0,0,Paid
136745,5786,2025-04-01,2540.0,0,Paid
136773,5855,2025-04-01,3265.0,18,Failed
136810,5985,2025-04-01,1160.0,0,Paid
136848,6092,2025-04-01,101329.0,0,Paid
136849,6096,2025-04-01,11021.0,0,Paid
136866,6149,2025-04-01,67102.0,0,Paid
136917,6317,2025-04-01,1283.0,0,Paid
136921,6330,2025-04-01,5670.0,0,Paid
136930,6362,2025-04-01,1123.0,0,Paid
136974,6487,2025-04-01,1884.0,0,Paid
136989,6529,2025-04-01,120502.0,0,Paid
136998,6545,2025-04-01,20610.0,0,Paid
137037,6693,2025-04-01,98223.0,0,Paid
137053,6744,2025-04-01,31650.0,0,Paid
137064,6786,2025-04-01,36689.0,29,Failed
137074,6814,2025-04-01,3057.0,0,Paid
137121,6937,2025-04-01,2348.0,0,Paid
137163,7058,2025-04-01,32192.0,0,Paid
137223,7227,2025-04-01,9399.0,0,Paid
137250,7319,2025-04-01,22194.0,0,Paid
137266,7359,2025-04-01,11999.0,0,Paid
137284,7430,2025-04-01,1527.0,0,Paid
137303,7486,2025-04-01,23360.0,12,Paid Late
137307,7497,2025-04-01,25703.0,0,Paid
137366,7663,2025-04-01,444830.0,0,Paid
137487,8039,2025-04-01,1664.0,0,Paid
137504,8085,2025-04-01,6348.0,0,Paid
137539,8179,2025-04-01,26592.0,0,Paid
137591,8339,2025-04-01,26320.0,0,Paid
137592,8340,2025-04-01,3299.0,28,Paid Late
137598,8359,2025-04-01,220148.0,0,Paid
137612,8392,2025-04-01,1838.0,0,Paid
137720,8712,2025-04-01,2689.0,0,Paid
137724,8727,2025-04-01,7372.0,0,Paid
137736,8775,2025-04-01,792.0,0,Paid
137745,8799,2025-04-01,7671.0,14,Paid Late
137798,8982,2025-04-01,1013980.0,17,Failed
137824,9083,2025-04-01,2033.0,0,Paid
137834,9112,2025-04-01,34660.0,0,Paid
137843,9141,2025-04-01,2243.0,0,Paid
137848,9157,2025-04-01,7372.0,0,Paid
137881,9229,2025-04-01,59923.0,0,Paid
137899,9269,2025-04-01,3025.0,23,Paid Late
137901,9272,2025-04-01,819.0,8,Paid Late
137944,9399,2025-04-01,1310.0,0,Paid
137968,9465,2025-04-01,3402.0,0,Paid
137981,9505,2025-04-01,53713.0,0,Paid
137995,9557,2025-04-01,810032.0,11,Paid Late
137999,9562,2025-04-01,689418.0,27,Paid Late
138000,9565,2025-04-01,39102.0,0,Paid
138026,9636,2025-04-01,13035.0,0,Paid
138045,9703,2025-04-01,49695.0,14,Paid Late
138054,9724,2025-04-01,24644.0,0,Paid
138070,9768,2025-04-01,52055.0,0,Paid
138098,9836,2025-04-01,65536.0,0,Paid
138108,9866,2025-04-01,3231.0,0,Paid
138142,9995,2025-04-01,52813.0,0,Paid
138191,10160,2025-04-01,1338.0,0,Paid
138209,10214,2025-04-01,793.0,0,Paid
138218,10246,2025-04-01,1495.0,0,Paid
138243,10330,2025-04-01,143673.0,0,Paid
138281,10429,2025-04-01,66036.0,0,Paid
138287,10457,2025-04-01,1080.0,25,Failed
138404,10771,2025-04-01,32562.0,0,Paid
138464,10974,2025-04-01,347825.0,0,Paid
138605,11425,2025-04-01,21761.0,34,Failed
138617,11457,2025-04-01,4877.0,0,Paid
138760,11861,2025-04-01,1884.0,0,Paid
138767,11883,2025-04-01,58642.0,0,Paid
138807,12008,2025-04-01,827.0,0,Paid
138830,12103,2025-04-01,59923.0,0,Paid
138849,12176,2025-04-01,35863.0,0,Paid
138868,12239,2025-04-01,3541.0,0,Paid
138874,12276,2025-04-01,15433.0,0,Paid
138885,12321,2025-04-01,37080.0,0,Paid
138905,12375,2025-04-01,104352.0,0,Paid
138981,12588,2025-04-01,2872.0,0,Paid
138986,12602,2025-04-01,519.0,0,Paid
139036,12728,2025-04-01,48876.0,8,Paid Late
139050,12772,2025-04-01,12280.0,0,Paid
139071,12819,2025-04-01,1792.0,0,Paid
139090,12867,2025-04-01,4871.0,0,Paid
139115,12923,2025-04-01,351670.0,0,Paid
139140,12990,2025-04-01,819.0,0,Paid
139195,13155,2025-04-01,548.0,0,Paid
139219,13215,2025-04-01,6555.0,30,Paid Late
139226,13230,2025-04-01,1810.0,0,Paid
139288,13412,2025-04-01,559.0,0,Paid
139304,13468,2025-04-01,2412.0,0,Paid
139309,13481,2025-04-01,7149.0,0,Paid
139353,13618,2025-04-01,1123.0,0,Paid
139360,13637,2025-04-01,6831.0,0,Paid
139396,13766,2025-04-01,33059.0,0,Paid
139408,13806,2025-04-01,57124.0,0,Paid
139567,14249,2025-04-01,1162.0,0,Paid
139571,14270,2025-04-01,134854.0,0,Paid
139572,14271,2025-04-01,2516.0,0,Paid
139611,14388,2025-04-01,1751.0,0,Paid
139656,14549,2025-04-01,154548.0,27,Paid Late
139703,14690,2025-04-01,2972354.0,31,Paid Late
139708,14706,2025-04-01,15307.0,0,Paid
139715,14732,2025-04-01,3217.0,0,Paid
139751,14837,2025-04-01,22166.0,0,Paid
139796,14970,2025-04-01,1083.0,0,Paid
139823,15049,2025-04-01,2516.0,0,Paid
139875,15189,2025-04-01,2021.0,0,Paid
139878,15193,2025-04-01,23000.0,0,Paid
139941,15389,2025-04-01,1846.0,0,Paid
139949,15412,2025-04-01,17265.0,0,Paid
139974,15472,2025-04-01,4929.0,0,Paid
140007,15612,2025-04-01,3224.0,0,Paid
140036,15694,2025-04-01,9493.0,0,Paid
140073,15791,2025-04-01,819.0,0,Paid
140159,16036,2025-04-01,26440.0,14,Paid Late
140163,16048,2025-04-01,2119.0,7,Paid Late
140173,16073,2025-04-01,58235.0,7,Paid Late
140193,16131,2025-04-01,78371.0,0,Paid
140241,16280,2025-04-01,6627.0,0,Paid
140266,16353,2025-04-01,1827.0,0,Paid
140277,16381,2025-04-01,1626.0,0,Paid
140381,16705,2025-04-01,2323.0,13,Paid Late
140385,16712,2025-04-01,186033.0,3,Paid Late
140403,16769,2025-04-01,57793.0,9,Failed
140484,16996,2025-04-01,6438.0,0,Paid
140507,17072,2025-04-01,38010.0,0,Paid
140515,17095,2025-04-01,59975.0,14,Paid Late
140605,17368,2025-04-01,4124.0,0,Paid
140660,17555,2025-04-01,17564.0,0,Paid
140709,17724,2025-04-01,1174.0,0,Paid
140734,17800,2025-04-01,24447.0,33,Failed
140740,17818,2025-04-01,6348.0,0,Paid
140750,17838,2025-04-01,7751.0,0,Paid
140795,17974,2025-04-01,3368.0,0,Paid
140803,17993,2025-04-01,69976.0,0,Paid
140810,18013,2025-04-01,1593.0,0,Paid
140826,18057,2025-04-01,4592.0,0,Paid
140842,18088,2025-04-01,5906.0,0,Paid
140849,18104,2025-04-01,21997.0,9,Failed
140859,18130,2025-04-01,64675.0,0,Paid
140910,18303,2025-04-01,14574.0,0,Paid
140912,18307,2025-04-01,53713.0,0,Paid
141028,18662,2025-04-01,2596.0,0,Paid
141069,18808,2025-04-01,1511.0,0,Paid
141071,18811,2025-04-01,2122.0,0,Paid
141093,18901,2025-04-01,14528.0,27,Failed
141094,18902,2025-04-01,35717.0,0,Paid
141099,18914,2025-04-01,2872.0,0,Paid
141127,19002,2025-04-01,61612.0,0,Paid
141135,19036,2025-04-01,71415.0,28,Paid Late
141152,19095,2025-04-01,6210.0,0,Paid
141272,19468,2025-04-01,2707.0,9,Paid Late
141297,19560,2025-04-01,3651.0,0,Paid
141336,19676,2025-04-01,261706.0,0,Paid
141351,19729,2025-04-01,9228.0,0,Paid
141364,19777,2025-04-01,2420.0,2,Paid Late
141378,19811,2025-04-01,2958.0,0,Paid
141468,20071,2025-04-01,3153.0,47,Paid Late
141488,20131,2025-04-01,1199.0,0,Paid
141500,20162,2025-04-01,40616.0,0,Paid
141535,20296,2025-04-01,3103.0,0,Paid
141549,20335,2025-04-01,3487.0,0,Paid
141568,20391,2025-04-01,14361.0,0,Paid
141596,20493,2025-04-01,4592.0,0,Paid
141603,20516,2025-04-01,4545.0,0,Paid
141632,20595,2025-04-01,2141.0,6,Paid Late
141717,20821,2025-04-01,40857.0,0,Paid
141757,20940,2025-04-01,2141.0,0,Paid
141760,20947,2025-04-01,11416.0,0,Paid
141774,20987,2025-04-01,1808.0,0,Paid
141790,21026,2025-04-01,1560.0,15,Paid Late
141822,21126,2025-04-01,4264.0,0,Paid
141949,21504,2025-04-01,3523.0,0,Paid
141965,21542,2025-04-01,2596.0,0,Paid
141970,21561,2025-04-01,2275.0,0,Paid
142003,21682,2025-04-01,57704.0,22,Failed
142022,21751,2025-04-01,15747.0,16,Paid Late
142136,22110,2025-04-01,1200.0,0,Paid
142151,22139,2025-04-01,1560.0,0,Paid
142154,22154,2025-04-01,2435.0,48,Paid Late
142172,22215,2025-04-01,2119.0,3,Failed
142197,22297,2025-04-01,16504.0,0,Paid
142246,22485,2025-04-01,11423.0,0,Paid
142248,22487,2025-04-01,2315.0,0,Paid
142275,22573,2025-04-01,6616.0,0,Paid
142311,22676,2025-04-01,3655.0,0,Paid
142344,22756,2025-04-01,692.0,43,Failed
142391,22915,2025-04-01,1430.0,0,Paid
142424,22999,2025-04-01,56625.0,0,Paid
142485,23169,2025-04-01,2372.0,0,Paid
142585,23467,2025-04-01,40244.0,0,Paid
142591,23490,2025-04-01,30953.0,0,Paid
142598,23508,2025-04-01,3072.0,0,Paid
142600,23518,2025-04-01,2723771.0,0,Paid
142673,23713,2025-04-01,31064.0,0,Paid
142744,23931,2025-04-01,26037.0,0,Paid
142776,24011,2025-04-01,2048.0,0,Paid
142835,24199,2025-04-01,17951.0,0,Paid
142857,24298,2025-04-01,47487.0,0,Paid
142922,24484,2025-04-01,1792.0,0,Paid
142949,24563,2025-04-01,1846.0,0,Paid
142959,24595,2025-04-01,3614.0,5,Failed
142996,24703,2025-04-01,2219.0,0,Paid
143000,24712,2025-04-01,53107.0,0,Paid
143006,24733,2025-04-01,7831.0,0,Paid
143020,24772,2025-04-01,1080.0,0,Paid
143039,24829,2025-04-01,7671.0,0,Paid
143041,24838,2025-04-01,1751.0,0,Paid
143042,24845,2025-04-01,1427.0,33,Failed
143044,24848,2025-04-01,3138.0,14,Failed
143081,24948,2025-04-01,3368.0,0,Paid
143085,24957,2025-04-01,29292.0,0,Paid
143106,25035,2025-04-01,2033.0,0,Paid
143149,25138,2025-04-01,28196.0,0,Paid
143151,25145,2025-04-01,2372.0,0,Paid
143182,25247,2025-04-01,1057.0,0,Paid
143186,25256,2025-04-01,61877.0,0,Paid
143201,25319,2025-04-01,810.0,0,Paid
143206,25336,2025-04-01,1269.0,0,Paid
143284,25560,2025-04-01,4358.0,0,Paid
143304,25613,2025-04-01,55921.0,0,Paid
143324,25666,2025-04-01,70736.0,0,Paid
143337,25694,2025-04-01,18422.0,0,Paid
143377,25818,2025-04-01,661241.0,0,Paid
143407,25919,2025-04-01,21319.0,0,Paid
143530,26277,2025-04-01,586062.0,0,Paid
143604,26507,2025-04-01,924.0,0,Paid
143656,26685,2025-04-01,810.0,0,Paid
143669,26714,2025-04-01,19214.0,0,Paid
143697,26817,2025-04-01,32605.0,0,Paid
143705,26835,2025-04-01,147195.0,0,Paid
143732,26911,2025-04-01,751.0,0,Paid
143812,27133,2025-04-01,6792.0,0,Paid
143879,27337,2025-04-01,44664.0,0,Paid
143894,27392,2025-04-01,1713.0,13,Paid Late
143945,27545,2025-04-01,1102.0,0,Paid
144026,27791,2025-04-01,48865.0,27,Paid Late
144124,28082,2025-04-01,4824.0,0,Paid
144166,28203,2025-04-01,7512.0,0,Paid
144181,28239,2025-04-01,2672.0,0,Paid
144224,28370,2025-04-01,32057.0,0,Paid
144232,28382,2025-04-01,14838.0,0,Paid
144251,28440,2025-04-01,1338.0,0,Paid
144313,28641,2025-04-01,845921.0,45,Failed
144402,28899,2025-04-01,4523.0,0,Paid
144430,28987,2025-04-01,339120.0,0,Paid
144487,29155,2025-04-01,32696.0,0,Paid
144517,29251,2025-04-01,57502.0,0,Paid
144529,29302,2025-04-01,110674.0,0,Paid
144549,29367,2025-04-01,10306.0,0,Paid
144588,29499,2025-04-01,30077.0,0,Paid
144642,29667,2025-04-01,82879.0,0,Paid
144647,29679,2025-04-01,4452.0,0,Paid
144665,29721,2025-04-01,22745.0,0,Paid
144698,29805,2025-04-01,2243.0,0,Paid
144710,29832,2025-04-01,2171.0,0,Paid
144741,29922,2025-04-01,1048561.0,0,Paid
144743,29926,2025-04-01,13277.0,0,Paid
144759,29986,2025-04-01,56080.0,0,Paid
144842,30229,2025-04-01,215516.0,0,Paid
144900,30410,2025-04-01,11300.0,0,Paid
144923,30484,2025-04-01,1087.0,0,Paid
144994,30716,2025-04-01,2659.0,0,Paid
145025,30795,2025-04-01,28328.0,0,Paid
145034,30819,2025-04-01,157296.0,0,Paid
145035,30820,2025-04-01,2768.0,0,Paid
145047,30866,2025-04-01,2348.0,8,Paid Late
145135,31126,2025-04-01,5103.0,7,Paid Late
145148,31160,2025-04-01,2251.0,0,Paid
145156,31179,2025-04-01,4982.0,0,Paid
145176,31239,2025-04-01,612176.0,6,Failed
145204,31324,2025-04-01,4217.0,0,Paid
145205,31331,2025-04-01,2755.0,0,Paid
145227,31392,2025-04-01,2275.0,0,Paid
145247,31459,2025-04-01,868039.0,0,Paid
145251,31468,2025-04-01,5451.0,0,Paid
145275,31563,2025-04-01,1609.0,0,Paid
145323,31691,2025-04-01,2251.0,0,Paid
145334,31726,2025-04-01,2898.0,0,Paid
145335,31730,2025-04-01,3393.0,0,Paid
145356,31786,2025-04-01,675810.0,7,Paid Late
145364,31811,2025-04-01,2872.0,0,Paid
145420,31983,2025-04-01,27698.0,0,Paid
145432,32019,2025-04-01,4001.0,13,Paid Late
145477,32171,2025-04-01,18771.0,0,Paid
145492,32211,2025-04-01,6693.0,0,Paid
145521,32302,2025-04-01,187657.0,0,Paid
145565,32430,2025-04-01,27135.0,0,Paid
145571,32453,2025-04-01,785.0,0,Paid
145593,32521,2025-04-01,827.0,0,Paid
145596,32529,2025-04-01,2098.0,0,Paid
145600,32536,2025-04-01,12101.0,0,Paid
145698,32811,2025-04-01,29200.0,0,Paid
145730,32920,2025-04-01,1324.0,27,Failed
145760,32995,2025-04-01,23894.0,0,Paid
145823,33208,2025-04-01,56683.0,0,Paid
145877,33372,2025-04-01,34162.0,8,Failed
145996,33774,2025-04-01,1789.0,11,Failed
145997,33776,2025-04-01,2348.0,0,Paid
145998,33778,2025-04-01,1990.0,0,Paid
146004,33794,2025-04-01,59261.0,0,Paid
146005,33796,2025-04-01,17556.0,0,Paid
146053,33945,2025-04-01,14236.0,0,Paid
146065,33975,2025-04-01,4170.0,0,Paid
146069,34001,2025-04-01,3430.0,0,Paid
146093,34076,2025-04-01,2382.0,0,Paid
146132,34201,2025-04-01,6417.0,0,Paid
146149,34261,2025-04-01,3416.0,0,Paid
146205,34482,2025-04-01,5351.0,14,Paid Late
146245,34615,2025-04-01,59859.0,24,Failed
146275,34721,2025-04-01,21805.0,0,Paid
146278,34735,2025-04-01,51574.0,0,Paid
146299,34795,2025-04-01,3430.0,0,Paid
146318,34863,2025-04-01,4965.0,0,Paid
146323,34879,2025-04-01,2190.0,0,Paid
146327,34889,2025-04-01,1642.0,0,Paid
146367,35003,2025-04-01,37860.0,0,Paid
146384,35046,2025-04-01,20552.0,0,Paid
146478,35343,2025-04-01,4639.0,0,Paid
146480,35346,2025-04-01,1678.0,0,Paid
146536,35550,2025-04-01,802.0,0,Paid
146639,35860,2025-04-01,1186.0,0,Paid
146662,35933,2025-04-01,282345.0,0,Paid
146688,36017,2025-04-01,34287.0,47,Failed
146689,36021,2025-04-01,810.0,0,Paid
146739,36158,2025-04-01,519.0,28,Failed
146744,36173,2025-04-01,835.0,0,Paid
146752,36197,2025-04-01,5842.0,0,Paid
146928,36773,2025-04-01,4042.0,14,Paid Late
146935,36791,2025-04-01,4083.0,0,Paid
146964,36886,2025-04-01,1338.0,0,Paid
146971,36906,2025-04-01,1618.0,0,Paid
146976,36920,2025-04-01,3877.0,0,Paid
147001,36980,2025-04-01,19507.0,2,Failed
147004,36995,2025-04-01,214142.0,0,Paid
147038,37116,2025-04-01,231219.0,0,Paid
147046,37134,2025-04-01,3223.0,0,Paid
147063,37179,2025-04-01,2019.0,0,Paid
147097,37285,2025-04-01,45433.0,0,Paid
147111,37335,2025-04-01,2403.0,0,Paid
147141,37424,2025-04-01,116696.0,0,Paid
147154,37460,2025-04-01,281043.0,0,Paid
147169,37500,2025-04-01,7512.0,0,Paid
147209,37605,2025-04-01,31843.0,23,Paid Late
147231,37672,2025-04-01,30109.0,0,Paid
147313,37940,2025-04-01,5969.0,0,Paid
147330,37982,2025-04-01,27170.0,28,Paid Late
147352,38086,2025-04-01,68496.0,0,Paid
147355,38095,2025-04-01,3381.0,0,Paid
147387,38198,2025-04-01,819.0,0,Paid
147395,38211,2025-04-01,3467.0,14,Paid Late
147403,38227,2025-04-01,2339.0,0,Paid
147513,38612,2025-04-01,16682.0,29,Paid Late
147565,38766,2025-04-01,62413.0,0,Paid
147585,38812,2025-04-01,2396.0,5,Paid Late
147589,38823,2025-04-01,16893.0,20,Paid Late
147611,38906,2025-04-01,101271.0,0,Paid
147624,38939,2025-04-01,67627.0,12,Failed
147672,39062,2025-04-01,6553.0,0,Paid
147870,39739,2025-04-01,3368.0,0,Paid
147914,39869,2025-04-01,3614.0,0,Paid
147986,40093,2025-04-01,1810.0,0,Paid
148003,40166,2025-04-01,3308.0,0,Paid
148110,40485,2025-04-01,2902.0,0,Paid
148127,40555,2025-04-01,329627.0,0,Paid
148189,40736,2025-04-01,569700.0,0,Paid
148196,40757,2025-04-01,9177.0,0,Paid
148216,40826,2025-04-01,7149.0,0,Paid
148222,40843,2025-04-01,2033.0,20,Failed
148239,40892,2025-04-01,30093.0,0,Paid
148370,41289,2025-04-01,2355.0,0,Paid
148454,41531,2025-04-01,95639.0,0,Paid
148459,41542,2025-04-01,35417.0,0,Paid
148464,41554,2025-04-01,5822.0,0,Paid
148494,41660,2025-04-01,4498.0,0,Paid
148504,41704,2025-04-01,1223.0,0,Paid
148506,41709,2025-04-01,59497.0,30,Failed
148508,41717,2025-04-01,1046.0,0,Paid
148510,41740,2025-04-01,3504.0,0,Paid
148527,41776,2025-04-01,1690.0,0,Paid
148546,41834,2025-04-01,2872.0,0,Paid
148554,41859,2025-04-01,5567.0,0,Paid
148558,41868,2025-04-01,3282.0,0,Paid
148563,41888,2025-04-01,37287.0,0,Paid
148579,41956,2025-04-01,3196.0,0,Paid
148581,41961,2025-04-01,4639.0,0,Paid
148587,41970,2025-04-01,15914.0,0,Paid
148594,41985,2025-04-01,519.0,27,Paid Late
148617,42058,2025-04-01,5335.0,0,Paid
148618,42060,2025-04-01,64393.0,30,Paid Late
148635,42105,2025-04-01,2931.0,0,Paid
148660,42176,2025-04-01,3541.0,0,Paid
148665,42196,2025-04-01,542.0,0,Paid
148683,42264,2025-04-01,9584.0,0,Paid
148722,42398,2025-04-01,287332.0,36,Failed
148731,42428,2025-04-01,2868.0,0,Paid
148737,42446,2025-04-01,759.0,0,Paid
148793,42620,2025-04-01,2872.0,0,Paid
148800,42635,2025-04-01,548.0,8,Paid Late
148874,42868,2025-04-01,1137.0,0,Paid
148931,43041,2025-04-01,210808.0,11,Paid Late
148972,43162,2025-04-01,995.0,16,Paid Late
148973,43165,2025-04-01,24803.0,0,Paid
148985,43194,2025-04-01,1481.0,0,Paid
149047,43358,2025-04-01,58231.0,0,Paid
149073,43428,2025-04-01,1682.0,0,Paid
149076,43444,2025-04-01,6287.0,0,Paid
149106,43533,2025-04-01,23210.0,0,Paid
149113,43556,2025-04-01,2726.0,0,Paid
149152,43665,2025-04-01,2122.0,35,Paid Late
149162,43702,2025-04-01,2784.0,0,Paid
149335,44211,2025-04-01,4083.0,0,Paid
149358,44258,2025-04-01,9487.0,0,Paid
149420,44484,2025-04-01,13079.0,0,Paid
149442,44541,2025-04-01,1569.0,0,Paid
149482,44670,2025-04-01,1077926.0,0,Paid
149505,44722,2025-04-01,13425.0,0,Paid
149550,44851,2025-04-01,5238.0,0,Paid
149592,44979,2025-04-01,2119.0,0,Paid
149649,45151,2025-04-01,1137.0,0,Paid
149703,45332,2025-04-01,14742.0,0,Paid
149706,45344,2025-04-01,38339.0,0,Paid
149726,45395,2025-04-01,3651.0,0,Paid
149734,45424,2025-04-01,1774.0,0,Paid
149768,45507,2025-04-01,2195.0,0,Paid
149785,45541,2025-04-01,58108.0,0,Paid
149803,45606,2025-04-01,30648.0,0,Paid
149804,45608,2025-04-01,542.0,45,Paid Late
149835,45702,2025-04-01,1770.0,0,Paid
149838,45708,2025-04-01,2921.0,0,Paid
149852,45757,2025-04-01,15747.0,0,Paid
149877,45831,2025-04-01,1338.0,0,Paid
149904,45909,2025-04-01,15775.0,0,Paid
149932,45983,2025-04-01,252276.0,0,Paid
149964,46074,2025-04-01,90483.0,0,Paid
149969,46088,2025-04-01,7372.0,0,Paid
149988,46158,2025-04-01,21092.0,0,Paid
150110,46487,2025-04-01,24570.0,0,Paid
150116,46503,2025-04-01,145189.0,13,Failed
150148,46607,2025-04-01,2856.0,18,Failed
150166,46659,2025-04-01,1256.0,0,Paid
150180,46708,2025-04-01,4639.0,0,Paid
150189,46731,2025-04-01,4452.0,15,Paid Late
150246,46903,2025-04-01,13610.0,0,Paid
150271,46968,2025-04-01,82847.0,0,Paid
150299,47036,2025-04-01,3334.0,0,Paid
150303,47046,2025-04-01,388411.0,0,Paid
150368,47208,2025-04-01,1046.0,13,Paid Late
150440,47413,2025-04-01,1057.0,0,Paid
150468,47527,2025-04-01,4452.0,27,Paid Late
150512,47666,2025-04-01,1713.0,0,Paid
150556,47771,2025-04-01,42757.0,0,Paid
150581,47863,2025-04-01,1884.0,0,Paid
150591,47889,2025-04-01,203288.0,0,Paid
150598,47913,2025-04-01,3231.0,2,Paid Late
150617,47989,2025-04-01,6831.0,11,Failed
150658,48107,2025-04-01,764413.0,0,Paid
150698,48223,2025-04-01,8132.0,0,Paid
150736,48337,2025-04-01,3162.0,0,Paid
150744,48355,2025-04-01,4592.0,0,Paid
150770,48427,2025-04-01,3231.0,0,Paid
150818,48567,2025-04-01,1269.0,0,Paid
150904,48808,2025-04-01,59255.0,0,Paid
150967,48989,2025-04-01,23868.0,0,Paid
151015,49130,2025-04-01,4001.0,0,Paid
151018,49144,2025-04-01,3487.0,0,Paid
151045,49214,2025-04-01,2076.0,0,Paid
151129,49489,2025-04-01,2542.0,0,Paid
151166,49606,2025-04-01,1102.0,0,Paid
151169,49617,2025-04-01,11164.0,0,Paid
151177,49642,2025-04-01,2843.0,0,Paid
151208,49714,2025-04-01,17183.0,0,Paid
151226,49783,2025-04-01,33016.0,0,Paid
151259,49872,2025-04-01,5842.0,0,Paid
151275,49913,2025-04-01,3547.0,0,Paid
151300,49980,2025-04-01,70024.0,20,Paid Late
151314,23,2025-05-01,5683.0,0,Paid
151322,43,2025-05-01,81686.0,0,Paid
151324,48,2025-05-01,1950.0,0,Paid
151328,58,2025-05-01,5139.0,0,Paid
151346,119,2025-05-01,58864.0,0,Paid
151382,222,2025-05-01,802.0,0,Paid
151391,247,2025-05-01,11489.0,0,Paid
151423,335,2025-05-01,1283.0,0,Paid
151426,341,2025-05-01,477220.0,0,Paid
151433,356,2025-05-01,2917.0,0,Paid
151441,379,2025-05-01,12923.0,0,Paid
151488,531,2025-05-01,2922.0,0,Paid
151502,575,2025-05-01,40616.0,0,Paid
151536,668,2025-05-01,548.0,16,Failed
151540,685,2025-05-01,2323.0,10,Failed
151542,689,2025-05-01,2363.0,0,Paid
151598,855,2025-05-01,3712.0,38,Paid Late
151609,895,2025-05-01,1946.0,18,Failed
151654,1048,2025-05-01,22042.0,0,Paid
151658,1054,2025-05-01,2814.0,0,Paid
151662,1061,2025-05-01,1560.0,0,Paid
151665,1073,2025-05-01,2076.0,0,Paid
151670,1092,2025-05-01,1046.0,9,Paid Late
151698,1167,2025-05-01,40090.0,17,Paid Late
151721,1227,2025-05-01,3057.0,0,Paid
151724,1237,2025-05-01,2011.0,0,Paid
151755,1314,2025-05-01,5652.0,0,Paid
151772,1362,2025-05-01,5518.0,0,Paid
151782,1385,2025-05-01,1186.0,0,Paid
151788,1402,2025-05-01,39682.0,0,Paid
151926,1806,2025-05-01,59603.0,0,Paid
151969,1917,2025-05-01,74436.0,0,Paid
152010,2082,2025-05-01,42635.0,0,Paid
152117,2383,2025-05-01,30704.0,17,Failed
152180,2575,2025-05-01,734.0,0,Paid
152195,2620,2025-05-01,25733.0,22,Paid Late
152223,2713,2025-05-01,1310.0,8,Paid Late
152243,2754,2025-05-01,1558.0,0,Paid
152247,2761,2025-05-01,1572.0,0,Paid
152249,2768,2025-05-01,4274.0,0,Paid
152341,3054,2025-05-01,768.0,0,Paid
152384,3171,2025-05-01,137615.0,0,Paid
152417,3285,2025-05-01,106645.0,0,Paid
152459,3421,2025-05-01,33627.0,0,Paid
152460,3422,2025-05-01,9439.0,21,Failed
152535,3656,2025-05-01,2489.0,0,Paid
152539,3669,2025-05-01,45166.0,4,Paid Late
152599,3835,2025-05-01,7352.0,0,Paid
152639,3966,2025-05-01,2898.0,0,Paid
152812,4453,2025-05-01,35797.0,0,Paid
152832,4534,2025-05-01,4634.0,30,Paid Late
152846,4576,2025-05-01,5087.0,0,Paid
152863,4626,2025-05-01,55699.0,4,Paid Late
152898,4719,2025-05-01,1599826.0,0,Paid
152926,4788,2025-05-01,24028.0,0,Paid
152929,4796,2025-05-01,14148.0,0,Paid
152935,4810,2025-05-01,31839.0,0,Paid
152939,4819,2025-05-01,201004.0,0,Paid
152972,4922,2025-05-01,5161.0,7,Paid Late
153003,5023,2025-05-01,3089.0,0,Paid
153010,5046,2025-05-01,37180.0,32,Paid Late
153055,5161,2025-05-01,3299.0,0,Paid
153064,5199,2025-05-01,5451.0,0,Paid
153073,5217,2025-05-01,34517.0,0,Paid
153126,5367,2025-05-01,103614.0,0,Paid
153141,5411,2025-05-01,66539.0,0,Paid
153185,5513,2025-05-01,56636.0,0,Paid
153193,5535,2025-05-01,2362187.0,0,Paid
153202,5566,2025-05-01,4498.0,12,Paid Late
153236,5657,2025-05-01,565.0,0,Paid
153257,5717,2025-05-01,26526.0,0,Paid
153270,5749,2025-05-01,2339.0,0,Paid
153272,5754,2025-05-01,2141.0,0,Paid
153288,5786,2025-05-01,2540.0,0,Paid
153318,5855,2025-05-01,3265.0,0,Paid
153354,5985,2025-05-01,1160.0,0,Paid
153391,6092,2025-05-01,101329.0,0,Paid
153392,6096,2025-05-01,11021.0,11,Paid Late
153402,6117,2025-05-01,1369634.0,8,Paid Late
153412,6149,2025-05-01,67102.0,0,Paid
153468,6317,2025-05-01,1283.0,23,Failed
153479,6362,2025-05-01,1123.0,0,Paid
153526,6487,2025-05-01,1884.0,0,Paid
153543,6529,2025-05-01,120502.0,0,Paid
153551,6545,2025-05-01,20610.0,0,Paid
153594,6693,2025-05-01,98223.0,0,Paid
153608,6744,2025-05-01,31650.0,0,Paid
153619,6786,2025-05-01,36689.0,0,Paid
153629,6814,2025-05-01,3057.0,0,Paid
153673,6937,2025-05-01,2348.0,0,Paid
153693,6997,2025-05-01,1103.0,37,Paid Late
153717,7058,2025-05-01,32192.0,0,Paid
153720,7071,2025-05-01,74012.0,0,Paid
153775,7225,2025-05-01,327186.0,0,Paid
153776,7227,2025-05-01,9399.0,0,Paid
153835,7430,2025-05-01,1527.0,17,Paid Late
153858,7497,2025-05-01,25703.0,8,Paid Late
153897,7609,2025-05-01,55399.0,0,Paid
154035,8013,2025-05-01,71960.0,0,Paid
154041,8039,2025-05-01,1664.0,0,Paid
154058,8085,2025-05-01,6348.0,0,Paid
154096,8179,2025-05-01,26592.0,0,Paid
154144,8339,2025-05-01,26320.0,0,Paid
154145,8340,2025-05-01,3299.0,0,Paid
154152,8359,2025-05-01,220148.0,0,Paid
154164,8392,2025-05-01,1838.0,0,Paid
154169,8400,2025-05-01,11761.0,9,Paid Late
154284,8712,2025-05-01,2689.0,0,Paid
154288,8727,2025-05-01,7372.0,14,Paid Late
154302,8775,2025-05-01,792.0,0,Paid
154310,8799,2025-05-01,7671.0,0,Paid
154340,8895,2025-05-01,2328469.0,20,Paid Late
154401,9083,2025-05-01,2033.0,0,Paid
154412,9112,2025-05-01,34660.0,0,Paid
154424,9141,2025-05-01,2243.0,0,Paid
154432,9157,2025-05-01,7372.0,40,Failed
154462,9229,2025-05-01,59923.0,0,Paid
154480,9269,2025-05-01,3025.0,0,Paid
154482,9272,2025-05-01,819.0,54,Paid Late
154527,9399,2025-05-01,1310.0,0,Paid
154551,9465,2025-05-01,3402.0,0,Paid
154565,9505,2025-05-01,53713.0,12,Failed
154582,9565,2025-05-01,39102.0,8,Failed
154608,9636,2025-05-01,13035.0,0,Paid
154630,9703,2025-05-01,49695.0,2,Failed
154637,9724,2025-05-01,24644.0,0,Paid
154655,9768,2025-05-01,52055.0,0,Paid
154682,9836,2025-05-01,65536.0,0,Paid
154692,9866,2025-05-01,3231.0,0,Paid
154726,9995,2025-05-01,52813.0,4,Failed
154770,10160,2025-05-01,1338.0,0,Paid
154790,10214,2025-05-01,793.0,22,Failed
154800,10246,2025-05-01,1495.0,0,Paid
154827,10330,2025-05-01,143673.0,0,Paid
154866,10429,2025-05-01,66036.0,0,Paid
154874,10457,2025-05-01,1080.0,0,Paid
154991,10771,2025-05-01,32562.0,0,Paid
155029,10883,2025-05-01,2372512.0,0,Paid
155091,11068,2025-05-01,57240.0,0,Paid
155208,11425,2025-05-01,21761.0,0,Paid
155219,11457,2025-05-01,4877.0,0,Paid
155368,11861,2025-05-01,1884.0,0,Paid
155375,11883,2025-05-01,58642.0,0,Paid
155415,12008,2025-05-01,827.0,0,Paid
155438,12095,2025-05-01,477220.0,33,Failed
155441,12103,2025-05-01,59923.0,0,Paid
155464,12176,2025-05-01,35863.0,0,Paid
155478,12218,2025-05-01,38642.0,0,Paid
155482,12239,2025-05-01,3541.0,0,Paid
155504,12321,2025-05-01,37080.0,0,Paid
155527,12375,2025-05-01,104352.0,0,Paid
155610,12588,2025-05-01,2872.0,0,Paid
155615,12602,2025-05-01,519.0,0,Paid
155667,12728,2025-05-01,48876.0,0,Paid
155702,12819,2025-05-01,1792.0,0,Paid
155721,12867,2025-05-01,4871.0,25,Paid Late
155774,12990,2025-05-01,819.0,0,Paid
155830,13155,2025-05-01,548.0,0,Paid
155851,13213,2025-05-01,477220.0,0,Paid
155852,13215,2025-05-01,6555.0,17,Paid Late
155859,13230,2025-05-01,1810.0,0,Paid
155886,13308,2025-05-01,33707.0,0,Paid
155917,13412,2025-05-01,559.0,0,Paid
155935,13468,2025-05-01,2412.0,0,Paid
155939,13481,2025-05-01,7149.0,36,Paid Late
155980,13618,2025-05-01,1123.0,0,Paid
155987,13637,2025-05-01,6831.0,0,Paid
156035,13806,2025-05-01,57124.0,0,Paid
156103,13997,2025-05-01,2818.0,57,Paid Late
156190,14249,2025-05-01,1162.0,0,Paid
156194,14270,2025-05-01,134854.0,0,Paid
156195,14271,2025-05-01,2516.0,0,Paid
156231,14388,2025-05-01,1751.0,16,Failed
156326,14706,2025-05-01,15307.0,0,Paid
156334,14732,2025-05-01,3217.0,0,Paid
156369,14837,2025-05-01,22166.0,0,Paid
156414,14970,2025-05-01,1083.0,0,Paid
156442,15049,2025-05-01,2516.0,0,Paid
156498,15189,2025-05-01,2021.0,0,Paid
156501,15193,2025-05-01,23000.0,0,Paid
156560,15389,2025-05-01,1846.0,21,Paid Late
156567,15412,2025-05-01,17265.0,0,Paid
156588,15472,2025-05-01,4929.0,0,Paid
156625,15612,2025-05-01,3224.0,0,Paid
156693,15791,2025-05-01,819.0,0,Paid
156779,16036,2025-05-01,26440.0,0,Paid
156783,16048,2025-05-01,2119.0,0,Paid
156793,16073,2025-05-01,58235.0,9,Paid Late
156813,16131,2025-05-01,78371.0,0,Paid
156854,16280,2025-05-01,6627.0,0,Paid
156883,16353,2025-05-01,1827.0,0,Paid
156896,16381,2025-05-01,1626.0,0,Paid
156904,16405,2025-05-01,2158218.0,29,Paid Late
157000,16705,2025-05-01,2323.0,16,Paid Late
157004,16712,2025-05-01,186033.0,7,Failed
157024,16769,2025-05-01,57793.0,0,Paid
157102,16996,2025-05-01,6438.0,0,Paid
157125,17072,2025-05-01,38010.0,8,Paid Late
157132,17095,2025-05-01,59975.0,0,Paid
157148,17147,2025-05-01,25145.0,0,Paid
157227,17368,2025-05-01,4124.0,0,Paid
157286,17555,2025-05-01,17564.0,0,Paid
157335,17724,2025-05-01,1174.0,0,Paid
157363,17800,2025-05-01,24447.0,0,Paid
157369,17818,2025-05-01,6348.0,0,Paid
157379,17838,2025-05-01,7751.0,0,Paid
157430,17974,2025-05-01,3368.0,0,Paid
157436,17993,2025-05-01,69976.0,14,Failed
157443,18013,2025-05-01,1593.0,7,Failed
157460,18057,2025-05-01,4592.0,0,Paid
157477,18088,2025-05-01,5906.0,6,Paid Late
157485,18104,2025-05-01,21997.0,16,Paid Late
157492,18130,2025-05-01,64675.0,0,Paid
157546,18303,2025-05-01,14574.0,0,Paid
157548,18307,2025-05-01,53713.0,21,Failed
157657,18662,2025-05-01,2596.0,0,Paid
157677,18732,2025-05-01,9115.0,0,Paid
157698,18808,2025-05-01,1511.0,0,Paid
157700,18811,2025-05-01,2122.0,10,Paid Late
157719,18901,2025-05-01,14528.0,0,Paid
157720,18902,2025-05-01,35717.0,0,Paid
157725,18914,2025-05-01,2872.0,0,Paid
157756,19002,2025-05-01,61612.0,0,Paid
157766,19036,2025-05-01,71415.0,0,Paid
157782,19095,2025-05-01,6210.0,0,Paid
157788,19107,2025-05-01,33361.0,0,Paid
157903,19468,2025-05-01,2707.0,19,Paid Late
157931,19560,2025-05-01,3651.0,0,Paid
157988,19729,2025-05-01,9228.0,0,Paid
158001,19777,2025-05-01,2420.0,0,Paid
158015,19811,2025-05-01,2958.0,0,Paid
158101,20071,2025-05-01,3153.0,0,Paid
158124,20131,2025-05-01,1199.0,0,Paid
158136,20162,2025-05-01,40616.0,0,Paid
158171,20296,2025-05-01,3103.0,0,Paid
158184,20335,2025-05-01,3487.0,10,Paid Late
158204,20391,2025-05-01,14361.0,0,Paid
158233,20493,2025-05-01,4592.0,0,Paid
158241,20516,2025-05-01,4545.0,0,Paid
158268,20595,2025-05-01,2141.0,0,Paid
158346,20797,2025-05-01,17388.0,0,Paid
158356,20821,2025-05-01,40857.0,0,Paid
158393,20940,2025-05-01,2141.0,0,Paid
158409,20987,2025-05-01,1808.0,0,Paid
158427,21026,2025-05-01,1560.0,0,Paid
158467,21126,2025-05-01,4264.0,18,Paid Late
158600,21504,2025-05-01,3523.0,17,Paid Late
158614,21542,2025-05-01,2596.0,6,Paid Late
158619,21561,2025-05-01,2275.0,0,Paid
158657,21682,2025-05-01,57704.0,0,Paid
158677,21751,2025-05-01,15747.0,58,Failed
158683,21783,2025-05-01,4498.0,0,Paid
158798,22110,2025-05-01,1200.0,28,Failed
158814,22139,2025-05-01,1560.0,0,Paid
158818,22154,2025-05-01,2435.0,0,Paid
158839,22215,2025-05-01,2119.0,5,Paid Late
158864,22297,2025-05-01,16504.0,0,Paid
158916,22485,2025-05-01,11423.0,0,Paid
158918,22487,2025-05-01,2315.0,0,Paid
158944,22573,2025-05-01,6616.0,0,Paid
158986,22676,2025-05-01,3655.0,0,Paid
159021,22756,2025-05-01,692.0,4,Paid Late
159074,22915,2025-05-01,1430.0,0,Paid
159106,22999,2025-05-01,56625.0,0,Paid
159170,23169,2025-05-01,2372.0,0,Paid
159270,23467,2025-05-01,40244.0,5,Failed
159284,23508,2025-05-01,3072.0,0,Paid
159352,23713,2025-05-01,31064.0,0,Paid
159423,23931,2025-05-01,26037.0,0,Paid
159458,24011,2025-05-01,2048.0,0,Paid
159520,24199,2025-05-01,17951.0,0,Paid
159541,24298,2025-05-01,47487.0,0,Paid
159611,24484,2025-05-01,1792.0,0,Paid
159634,24563,2025-05-01,1846.0,0,Paid
159649,24595,2025-05-01,3614.0,0,Paid
159688,24703,2025-05-01,2219.0,0,Paid
159690,24712,2025-05-01,53107.0,13,Failed
159696,24733,2025-05-01,7831.0,1,Paid Late
159709,24772,2025-05-01,1080.0,0,Paid
159731,24829,2025-05-01,7671.0,0,Paid
159734,24838,2025-05-01,1751.0,0,Paid
159735,24845,2025-05-01,1427.0,10,Paid Late
159737,24848,2025-05-01,3138.0,0,Paid
159775,24948,2025-05-01,3368.0,0,Paid
159779,24957,2025-05-01,29292.0,61,Paid Late
159802,25035,2025-05-01,2033.0,0,Paid
159838,25138,2025-05-01,28196.0,12,Paid Late
159840,25145,2025-05-01,2372.0,0,Paid
159870,25235,2025-05-01,31622.0,0,Paid
159876,25247,2025-05-01,1057.0,0,Paid
159881,25256,2025-05-01,61877.0,0,Paid
159893,25319,2025-05-01,810.0,0,Paid
159898,25336,2025-05-01,1269.0,0,Paid
159981,25560,2025-05-01,4358.0,12,Paid Late
160002,25613,2025-05-01,55921.0,0,Paid
160022,25666,2025-05-01,70736.0,31,Paid Late
160035,25694,2025-05-01,18422.0,0,Paid
160103,25919,2025-05-01,21319.0,0,Paid
160171,26147,2025-05-01,15972.0,0,Paid
160296,26507,2025-05-01,924.0,0,Paid
160323,26592,2025-05-01,31946.0,0,Paid
160348,26685,2025-05-01,810.0,8,Paid Late
160358,26714,2025-05-01,19214.0,0,Paid
160367,26744,2025-05-01,58108.0,0,Paid
160389,26817,2025-05-01,32605.0,0,Paid
160397,26835,2025-05-01,147195.0,0,Paid
160424,26911,2025-05-01,751.0,0,Paid
160450,26965,2025-05-01,1950977.0,0,Paid
160508,27133,2025-05-01,6792.0,0,Paid
160562,27315,2025-05-01,3121.0,0,Paid
160573,27337,2025-05-01,44664.0,0,Paid
160589,27392,2025-05-01,1713.0,0,Paid
160648,27545,2025-05-01,1102.0,0,Paid
160661,27588,2025-05-01,31514.0,0,Paid
160742,27791,2025-05-01,48865.0,0,Paid
160799,27963,2025-05-01,1774.0,0,Paid
160843,28082,2025-05-01,4824.0,0,Paid
160885,28203,2025-05-01,7512.0,0,Paid
160899,28239,2025-05-01,2672.0,0,Paid
160915,28276,2025-05-01,48578.0,0,Paid
160951,28370,2025-05-01,32057.0,5,Paid Late
160957,28382,2025-05-01,14838.0,0,Paid
160977,28440,2025-05-01,1338.0,0,Paid
160983,28453,2025-05-01,2726.0,0,Paid
161125,28899,2025-05-01,4523.0,0,Paid
161154,28977,2025-05-01,56635.0,0,Paid
161212,29155,2025-05-01,32696.0,18,Failed
161240,29251,2025-05-01,57502.0,0,Paid
161257,29302,2025-05-01,110674.0,0,Paid
161279,29367,2025-05-01,10306.0,0,Paid
161321,29499,2025-05-01,30077.0,0,Paid
161380,29667,2025-05-01,82879.0,0,Paid
161385,29679,2025-05-01,4452.0,0,Paid
161435,29805,2025-05-01,2243.0,0,Paid
161447,29832,2025-05-01,2171.0,0,Paid
161478,29926,2025-05-01,13277.0,0,Paid
161494,29986,2025-05-01,56080.0,0,Paid
161577,30229,2025-05-01,215516.0,0,Paid
161635,30410,2025-05-01,11300.0,15,Failed
161656,30484,2025-05-01,1087.0,0,Paid
161728,30716,2025-05-01,2659.0,4,Paid Late
161769,30819,2025-05-01,157296.0,0,Paid
161770,30820,2025-05-01,2768.0,0,Paid
161784,30866,2025-05-01,2348.0,0,Paid
161798,30905,2025-05-01,151762.0,0,Paid
161877,31126,2025-05-01,5103.0,0,Paid
161893,31160,2025-05-01,2251.0,0,Paid
161903,31179,2025-05-01,4982.0,0,Paid
161934,31267,2025-05-01,267894.0,0,Paid
161953,31324,2025-05-01,4217.0,0,Paid
161954,31331,2025-05-01,2755.0,0,Paid
161978,31392,2025-05-01,2275.0,0,Paid
161999,31468,2025-05-01,5451.0,0,Paid
162027,31563,2025-05-01,1609.0,0,Paid
162073,31691,2025-05-01,2251.0,0,Paid
162084,31726,2025-05-01,2898.0,0,Paid
162085,31730,2025-05-01,3393.0,0,Paid
162115,31811,2025-05-01,2872.0,0,Paid
162173,31983,2025-05-01,27698.0,0,Paid
162181,32005,2025-05-01,9197.0,33,Paid Late
162186,32019,2025-05-01,4001.0,0,Paid
162235,32171,2025-05-01,18771.0,0,Paid
162251,32211,2025-05-01,6693.0,0,Paid
162283,32302,2025-05-01,187657.0,0,Paid
162320,32392,2025-05-01,1808.0,0,Paid
162328,32430,2025-05-01,27135.0,0,Paid
162335,32453,2025-05-01,785.0,0,Paid
162361,32521,2025-05-01,827.0,0,Paid
162364,32529,2025-05-01,2098.0,0,Paid
162366,32531,2025-05-01,1329275.0,0,Paid
162369,32536,2025-05-01,12101.0,29,Paid Late
162428,32670,2025-05-01,105008.0,0,Paid
162472,32811,2025-05-01,29200.0,7,Failed
162501,32920,2025-05-01,1324.0,1,Paid Late
162528,32995,2025-05-01,23894.0,0,Paid
162537,33021,2025-05-01,37282.0,0,Paid
162593,33208,2025-05-01,56683.0,0,Paid
162648,33372,2025-05-01,34162.0,0,Paid
162775,33774,2025-05-01,1789.0,0,Paid
162776,33776,2025-05-01,2348.0,0,Paid
162777,33778,2025-05-01,1990.0,0,Paid
162784,33794,2025-05-01,59261.0,0,Paid
162785,33796,2025-05-01,17556.0,0,Paid
162827,33945,2025-05-01,14236.0,0,Paid
162839,33975,2025-05-01,4170.0,0,Paid
162842,33986,2025-05-01,2346494.0,0,Paid
162846,34001,2025-05-01,3430.0,8,Paid Late
162868,34076,2025-05-01,2382.0,0,Paid
162909,34201,2025-05-01,6417.0,0,Paid
162924,34261,2025-05-01,3416.0,13,Paid Late
162982,34482,2025-05-01,5351.0,4,Paid Late
163019,34615,2025-05-01,59859.0,2,Paid Late
163052,34721,2025-05-01,21805.0,0,Paid
163057,34735,2025-05-01,51574.0,0,Paid
163078,34795,2025-05-01,3430.0,0,Paid
163101,34863,2025-05-01,4965.0,41,Paid Late
163105,34879,2025-05-01,2190.0,15,Failed
163108,34889,2025-05-01,1642.0,0,Paid
163152,35003,2025-05-01,37860.0,0,Paid
163258,35343,2025-05-01,4639.0,16,Paid Late
163260,35346,2025-05-01,1678.0,0,Paid
163288,35439,2025-05-01,2740.0,0,Paid
163320,35550,2025-05-01,802.0,0,Paid
163430,35860,2025-05-01,1186.0,0,Paid
163451,35933,2025-05-01,282345.0,0,Paid
163477,36017,2025-05-01,34287.0,0,Paid
163479,36021,2025-05-01,810.0,0,Paid
163527,36158,2025-05-01,519.0,21,Paid Late
163533,36173,2025-05-01,835.0,0,Paid
163541,36197,2025-05-01,5842.0,0,Paid
163713,36773,2025-05-01,4042.0,24,Paid Late
163720,36791,2025-05-01,4083.0,0,Paid
163730,36815,2025-05-01,18148.0,0,Paid
163749,36886,2025-05-01,1338.0,0,Paid
163757,36906,2025-05-01,1618.0,9,Failed
163762,36920,2025-05-01,3877.0,0,Paid
163783,36980,2025-05-01,19507.0,0,Paid
163786,36995,2025-05-01,214142.0,0,Paid
163824,37116,2025-05-01,231219.0,0,Paid
163832,37134,2025-05-01,3223.0,0,Paid
163850,37179,2025-05-01,2019.0,5,Paid Late
163878,37285,2025-05-01,45433.0,0,Paid
163890,37335,2025-05-01,2403.0,0,Paid
163913,37398,2025-05-01,63094.0,0,Paid
163920,37424,2025-05-01,116696.0,29,Paid Late
163935,37460,2025-05-01,281043.0,0,Paid
163947,37487,2025-05-01,111977.0,15,Paid Late
163952,37500,2025-05-01,7512.0,0,Paid
163972,37563,2025-05-01,614639.0,0,Paid
163988,37605,2025-05-01,31843.0,0,Paid
164012,37672,2025-05-01,30109.0,0,Paid
164098,37940,2025-05-01,5969.0,0,Paid
164114,37982,2025-05-01,27170.0,0,Paid
164138,38086,2025-05-01,68496.0,0,Paid
164140,38095,2025-05-01,3381.0,0,Paid
164172,38198,2025-05-01,819.0,0,Paid
164178,38211,2025-05-01,3467.0,5,Failed
164186,38227,2025-05-01,2339.0,0,Paid
164305,38612,2025-05-01,16682.0,13,Paid Late
164347,38728,2025-05-01,32324.0,7,Paid Late
164361,38766,2025-05-01,62413.0,0,Paid
164378,38812,2025-05-01,2396.0,0,Paid
164381,38823,2025-05-01,16893.0,3,Paid Late
164404,38906,2025-05-01,101271.0,0,Paid
164417,38939,2025-05-01,67627.0,0,Paid
164465,39062,2025-05-01,6553.0,0,Paid
164658,39739,2025-05-01,3368.0,0,Paid
164701,39869,2025-05-01,3614.0,0,Paid
164777,40093,2025-05-01,1810.0,0,Paid
164796,40166,2025-05-01,3308.0,0,Paid
164905,40485,2025-05-01,2902.0,0,Paid
164993,40757,2025-05-01,9177.0,0,Paid
165014,40826,2025-05-01,7149.0,0,Paid
165019,40843,2025-05-01,2033.0,35,Paid Late
165034,40892,2025-05-01,30093.0,0,Paid
165070,41021,2025-05-01,23004.0,0,Paid
165152,41289,2025-05-01,2355.0,3,Paid Late
165243,41531,2025-05-01,95639.0,21,Paid Late
165247,41542,2025-05-01,35417.0,0,Paid
165253,41554,2025-05-01,5822.0,8,Paid Late
165284,41660,2025-05-01,4498.0,0,Paid
165291,41686,2025-05-01,1324.0,0,Paid
165299,41704,2025-05-01,1223.0,0,Paid
165302,41709,2025-05-01,59497.0,0,Paid
165304,41717,2025-05-01,1046.0,0,Paid
165306,41740,2025-05-01,3504.0,0,Paid
165319,41776,2025-05-01,1690.0,0,Paid
165336,41834,2025-05-01,2872.0,0,Paid
165344,41859,2025-05-01,5567.0,0,Paid
165348,41868,2025-05-01,3282.0,0,Paid
165353,41888,2025-05-01,37287.0,0,Paid
165372,41956,2025-05-01,3196.0,0,Paid
165374,41961,2025-05-01,4639.0,24,Paid Late
165380,41970,2025-05-01,15914.0,0,Paid
165387,41985,2025-05-01,519.0,25,Paid Late
165413,42058,2025-05-01,5335.0,0,Paid
165414,42060,2025-05-01,64393.0,0,Paid
165430,42105,2025-05-01,2931.0,0,Paid
165458,42176,2025-05-01,3541.0,0,Paid
165463,42196,2025-05-01,542.0,0,Paid
165487,42264,2025-05-01,9584.0,0,Paid
165527,42398,2025-05-01,287332.0,0,Paid
165538,42428,2025-05-01,2868.0,0,Paid
165543,42446,2025-05-01,759.0,18,Paid Late
165594,42620,2025-05-01,2872.0,0,Paid
165601,42635,2025-05-01,548.0,18,Paid Late
165639,42762,2025-05-01,38642.0,9,Paid Late
165675,42868,2025-05-01,1137.0,0,Paid
165737,43041,2025-05-01,210808.0,0,Paid
165778,43162,2025-05-01,995.0,14,Paid Late
165779,43165,2025-05-01,24803.0,0,Paid
165791,43194,2025-05-01,1481.0,15,Paid Late
165858,43358,2025-05-01,58231.0,0,Paid
165883,43428,2025-05-01,1682.0,0,Paid
165889,43444,2025-05-01,6287.0,0,Paid
165916,43533,2025-05-01,23210.0,0,Paid
165926,43556,2025-05-01,2726.0,29,Paid Late
165963,43663,2025-05-01,36167.0,12,Failed
165964,43665,2025-05-01,2122.0,0,Paid
165976,43702,2025-05-01,2784.0,0,Paid
166154,44211,2025-05-01,4083.0,0,Paid
166176,44258,2025-05-01,9487.0,15,Paid Late
166259,44541,2025-05-01,1569.0,0,Paid
166308,44692,2025-05-01,54366.0,0,Paid
166319,44722,2025-05-01,13425.0,0,Paid
166405,44979,2025-05-01,2119.0,0,Paid
166462,45151,2025-05-01,1137.0,1,Paid Late
166521,45344,2025-05-01,38339.0,0,Paid
166543,45395,2025-05-01,3651.0,0,Paid
166553,45424,2025-05-01,1774.0,0,Paid
166583,45507,2025-05-01,2195.0,0,Paid
166598,45541,2025-05-01,58108.0,0,Paid
166611,45588,2025-05-01,21956.0,21,Paid Late
166617,45606,2025-05-01,30648.0,0,Paid
166618,45608,2025-05-01,542.0,0,Paid
166649,45702,2025-05-01,1770.0,0,Paid
166652,45708,2025-05-01,2921.0,40,Paid Late
166666,45757,2025-05-01,15747.0,0,Paid
166691,45831,2025-05-01,1338.0,0,Paid
166717,45909,2025-05-01,15775.0,0,Paid
166747,45983,2025-05-01,252276.0,0,Paid
166773,46059,2025-05-01,23965.0,0,Paid
166780,46074,2025-05-01,90483.0,0,Paid
166787,46088,2025-05-01,7372.0,0,Paid
166812,46158,2025-05-01,21092.0,0,Paid
166940,46503,2025-05-01,145189.0,13,Failed
166970,46607,2025-05-01,2856.0,0,Paid
166988,46659,2025-05-01,1256.0,0,Paid
167005,46708,2025-05-01,4639.0,0,Paid
167017,46731,2025-05-01,4452.0,0,Paid
167022,46740,2025-05-01,39523.0,0,Paid
167078,46903,2025-05-01,13610.0,0,Paid
167132,47036,2025-05-01,3334.0,0,Paid
167192,47208,2025-05-01,1046.0,0,Paid
167264,47413,2025-05-01,1057.0,0,Paid
167301,47527,2025-05-01,4452.0,0,Paid
167350,47666,2025-05-01,1713.0,0,Paid
167353,47676,2025-05-01,123412.0,0,Paid
167417,47863,2025-05-01,1884.0,0,Paid
167428,47889,2025-05-01,203288.0,0,Paid
167435,47913,2025-05-01,3231.0,38,Paid Late
167453,47989,2025-05-01,6831.0,20,Failed
167471,48050,2025-05-01,542.0,0,Paid
167533,48223,2025-05-01,8132.0,0,Paid
167569,48337,2025-05-01,3162.0,0,Paid
167577,48355,2025-05-01,4592.0,0,Paid
167599,48427,2025-05-01,3231.0,0,Paid
167649,48567,2025-05-01,1269.0,0,Paid
167736,48808,2025-05-01,59255.0,0,Paid
167843,49130,2025-05-01,4001.0,0,Paid
167846,49144,2025-05-01,3487.0,10,Failed
167871,49214,2025-05-01,2076.0,36,Paid Late
167913,49313,2025-05-01,2044.0,0,Paid
167956,49489,2025-05-01,2542.0,0,Paid
167990,49606,2025-05-01,1102.0,0,Paid
167995,49617,2025-05-01,11164.0,5,Failed
168002,49642,2025-05-01,2843.0,0,Paid
168074,49872,2025-05-01,5842.0,9,Paid Late
168092,49913,2025-05-01,3547.0,0,Paid
168118,49980,2025-05-01,70024.0,0,Paid
168131,19,2025-06-01,70772.0,0,Paid
168133,23,2025-06-01,5683.0,0,Paid
168140,43,2025-06-01,81686.0,0,Paid
168141,48,2025-06-01,1950.0,0,Paid
168144,58,2025-06-01,5139.0,0,Paid
168160,119,2025-06-01,58864.0,0,Paid
168200,222,2025-06-01,802.0,0,Paid
168210,247,2025-06-01,11489.0,0,Paid
168247,335,2025-06-01,1283.0,6,Paid Late
168256,356,2025-06-01,2917.0,24,Failed
168264,379,2025-06-01,12923.0,0,Paid
168315,531,2025-06-01,2922.0,0,Paid
168330,575,2025-06-01,40616.0,0,Paid
168363,668,2025-06-01,548.0,15,Paid Late
168367,685,2025-06-01,2323.0,0,Paid
168369,689,2025-06-01,2363.0,0,Paid
168431,855,2025-06-01,3712.0,0,Paid
168444,895,2025-06-01,1946.0,0,Paid
168497,1048,2025-06-01,22042.0,0,Paid
168500,1054,2025-06-01,2814.0,0,Paid
168504,1061,2025-06-01,1560.0,0,Paid
168507,1073,2025-06-01,2076.0,15,Failed
168512,1092,2025-06-01,1046.0,0,Paid
168565,1227,2025-06-01,3057.0,0,Paid
168568,1237,2025-06-01,2011.0,0,Paid
168598,1314,2025-06-01,5652.0,0,Paid
168616,1362,2025-06-01,5518.0,35,Paid Late
168625,1385,2025-06-01,1186.0,0,Paid
168630,1402,2025-06-01,39682.0,17,Failed
168772,1806,2025-06-01,59603.0,20,Failed
168815,1917,2025-06-01,74436.0,0,Paid
168865,2082,2025-06-01,42635.0,0,Paid
169030,2529,2025-06-01,21719.0,40,Paid Late
169045,2575,2025-06-01,734.0,0,Paid
169062,2620,2025-06-01,25733.0,17,Failed
169091,2713,2025-06-01,1310.0,20,Paid Late
169111,2754,2025-06-01,1558.0,0,Paid
169115,2761,2025-06-01,1572.0,0,Paid
169117,2768,2025-06-01,4274.0,6,Paid Late
169210,3054,2025-06-01,768.0,0,Paid
169258,3171,2025-06-01,137615.0,0,Paid
169291,3285,2025-06-01,106645.0,0,Paid
169337,3421,2025-06-01,33627.0,0,Paid
169338,3422,2025-06-01,9439.0,13,Paid Late
169412,3656,2025-06-01,2489.0,0,Paid
169472,3835,2025-06-01,7352.0,0,Paid
169474,3840,2025-06-01,1296.0,0,Paid
169510,3966,2025-06-01,2898.0,0,Paid
169623,4281,2025-06-01,84575.0,0,Paid
169683,4453,2025-06-01,35797.0,0,Paid
169707,4534,2025-06-01,4634.0,3,Paid Late
169722,4576,2025-06-01,5087.0,0,Paid
169740,4626,2025-06-01,55699.0,12,Paid Late
169802,4788,2025-06-01,24028.0,0,Paid
169810,4810,2025-06-01,31839.0,0,Paid
169814,4819,2025-06-01,201004.0,0,Paid
169847,4922,2025-06-01,5161.0,0,Paid
169880,5023,2025-06-01,3089.0,0,Paid
169888,5046,2025-06-01,37180.0,8,Paid Late
169934,5161,2025-06-01,3299.0,0,Paid
169945,5199,2025-06-01,5451.0,0,Paid
170009,5367,2025-06-01,103614.0,0,Paid
170026,5411,2025-06-01,66539.0,0,Paid
170036,5428,2025-06-01,7149.0,0,Paid
170072,5513,2025-06-01,56636.0,0,Paid
170089,5566,2025-06-01,4498.0,21,Paid Late
170122,5657,2025-06-01,565.0,0,Paid
170143,5717,2025-06-01,26526.0,0,Paid
170156,5749,2025-06-01,2339.0,0,Paid
170158,5754,2025-06-01,2141.0,21,Failed
170175,5786,2025-06-01,2540.0,0,Paid
170207,5855,2025-06-01,3265.0,0,Paid
170248,5985,2025-06-01,1160.0,0,Paid
170285,6092,2025-06-01,101329.0,0,Paid
170286,6096,2025-06-01,11021.0,0,Paid
170302,6149,2025-06-01,67102.0,0,Paid
170338,6250,2025-06-01,21956.0,0,Paid
170359,6317,2025-06-01,1283.0,0,Paid
170371,6362,2025-06-01,1123.0,0,Paid
170419,6487,2025-06-01,1884.0,0,Paid
170429,6514,2025-06-01,71572.0,1,Paid Late
170436,6529,2025-06-01,120502.0,0,Paid
170442,6545,2025-06-01,20610.0,0,Paid
170486,6693,2025-06-01,98223.0,0,Paid
170499,6744,2025-06-01,31650.0,0,Paid
170511,6786,2025-06-01,36689.0,17,Paid Late
170522,6814,2025-06-01,3057.0,0,Paid
170571,6937,2025-06-01,2348.0,0,Paid
170588,6981,2025-06-01,1429121.0,20,Paid Late
170596,6997,2025-06-01,1103.0,0,Paid
170620,7058,2025-06-01,32192.0,3,Failed
170679,7227,2025-06-01,9399.0,0,Paid
170717,7342,2025-06-01,164635.0,9,Paid Late
170748,7429,2025-06-01,2964578.0,36,Paid Late
170749,7430,2025-06-01,1527.0,0,Paid
170774,7497,2025-06-01,25703.0,0,Paid
170775,7498,2025-06-01,180446.0,0,Paid
170815,7609,2025-06-01,55399.0,0,Paid
170949,8039,2025-06-01,1664.0,0,Paid
170968,8085,2025-06-01,6348.0,0,Paid
171007,8179,2025-06-01,26592.0,0,Paid
171010,8186,2025-06-01,688662.0,0,Paid
171055,8339,2025-06-01,26320.0,0,Paid
171056,8340,2025-06-01,3299.0,0,Paid
171063,8359,2025-06-01,220148.0,0,Paid
171075,8392,2025-06-01,1838.0,0,Paid
171188,8712,2025-06-01,2689.0,0,Paid
171192,8727,2025-06-01,7372.0,0,Paid
171206,8775,2025-06-01,792.0,0,Paid
171212,8799,2025-06-01,7671.0,0,Paid
171293,9083,2025-06-01,2033.0,0,Paid
171304,9112,2025-06-01,34660.0,0,Paid
171315,9141,2025-06-01,2243.0,0,Paid
171322,9157,2025-06-01,7372.0,26,Paid Late
171351,9229,2025-06-01,59923.0,3,Failed
171369,9269,2025-06-01,3025.0,0,Paid
171371,9272,2025-06-01,819.0,16,Paid Late
171420,9399,2025-06-01,1310.0,0,Paid
171444,9465,2025-06-01,3402.0,0,Paid
171460,9505,2025-06-01,53713.0,0,Paid
171479,9565,2025-06-01,39102.0,1,Paid Late
171502,9636,2025-06-01,13035.0,0,Paid
171528,9703,2025-06-01,49695.0,0,Paid
171535,9724,2025-06-01,24644.0,0,Paid
171553,9768,2025-06-01,52055.0,0,Paid
171580,9836,2025-06-01,65536.0,6,Paid Late
171589,9855,2025-06-01,258779.0,0,Paid
171593,9866,2025-06-01,3231.0,0,Paid
171612,9947,2025-06-01,6831.0,0,Paid
171625,9995,2025-06-01,52813.0,25,Paid Late
171677,10160,2025-06-01,1338.0,0,Paid
171696,10214,2025-06-01,793.0,0,Paid
171709,10246,2025-06-01,1495.0,16,Paid Late
171730,10322,2025-06-01,3368.0,9,Paid Late
171734,10330,2025-06-01,143673.0,0,Paid
171776,10429,2025-06-01,66036.0,0,Paid
171783,10457,2025-06-01,1080.0,8,Paid Late
171828,10591,2025-06-01,2569.0,0,Paid
171907,10771,2025-06-01,32562.0,0,Paid
172127,11425,2025-06-01,21761.0,0,Paid
172138,11457,2025-06-01,4877.0,0,Paid
172283,11861,2025-06-01,1884.0,0,Paid
172291,11883,2025-06-01,58642.0,0,Paid
172335,12008,2025-06-01,827.0,0,Paid
172365,12103,2025-06-01,59923.0,0,Paid
172386,12176,2025-06-01,35863.0,0,Paid
172405,12239,2025-06-01,3541.0,0,Paid
172425,12321,2025-06-01,37080.0,0,Paid
172444,12375,2025-06-01,104352.0,0,Paid
172528,12586,2025-06-01,1646.0,0,Paid
172529,12588,2025-06-01,2872.0,0,Paid
172534,12602,2025-06-01,519.0,38,Paid Late
172591,12728,2025-06-01,48876.0,0,Paid
172628,12819,2025-06-01,1792.0,0,Paid
172649,12867,2025-06-01,4871.0,0,Paid
172704,12990,2025-06-01,819.0,0,Paid
172742,13113,2025-06-01,17183.0,0,Paid
172755,13155,2025-06-01,548.0,0,Paid
172777,13215,2025-06-01,6555.0,16,Paid Late
172782,13230,2025-06-01,1810.0,0,Paid
172843,13412,2025-06-01,559.0,0,Paid
172865,13468,2025-06-01,2412.0,0,Paid
172870,13481,2025-06-01,7149.0,0,Paid
172888,13552,2025-06-01,56927.0,0,Paid
172913,13618,2025-06-01,1123.0,0,Paid
172920,13637,2025-06-01,6831.0,0,Paid
172924,13647,2025-06-01,1572.0,0,Paid
172973,13806,2025-06-01,57124.0,0,Paid
173042,13997,2025-06-01,2818.0,17,Paid Late
173134,14249,2025-06-01,1162.0,0,Paid
173138,14270,2025-06-01,134854.0,0,Paid
173139,14271,2025-06-01,2516.0,21,Paid Late
173158,14309,2025-06-01,9018.0,0,Paid
173173,14362,2025-06-01,16146.0,37,Failed
173181,14388,2025-06-01,1751.0,22,Paid Late
173251,14642,2025-06-01,23900.0,0,Paid
173272,14706,2025-06-01,15307.0,0,Paid
173281,14732,2025-06-01,3217.0,0,Paid
173288,14743,2025-06-01,31946.0,0,Paid
173304,14803,2025-06-01,38642.0,10,Paid Late
173314,14837,2025-06-01,22166.0,0,Paid
173356,14970,2025-06-01,1083.0,0,Paid
173386,15049,2025-06-01,2516.0,0,Paid
173446,15189,2025-06-01,2021.0,0,Paid
173449,15193,2025-06-01,23000.0,7,Paid Late
173508,15380,2025-06-01,5518.0,0,Paid
173511,15389,2025-06-01,1846.0,0,Paid
173519,15412,2025-06-01,17265.0,0,Paid
173541,15472,2025-06-01,4929.0,0,Paid
173550,15508,2025-06-01,406631.0,8,Paid Late
173586,15612,2025-06-01,3224.0,0,Paid
173594,15628,2025-06-01,540108.0,7,Failed
173650,15791,2025-06-01,819.0,0,Paid
173730,16036,2025-06-01,26440.0,17,Paid Late
173736,16048,2025-06-01,2119.0,0,Paid
173746,16073,2025-06-01,58235.0,0,Paid
173766,16131,2025-06-01,78371.0,0,Paid
173806,16280,2025-06-01,6627.0,0,Paid
173837,16353,2025-06-01,1827.0,0,Paid
173849,16381,2025-06-01,1626.0,0,Paid
173949,16705,2025-06-01,2323.0,21,Paid Late
173953,16712,2025-06-01,186033.0,0,Paid
173974,16769,2025-06-01,57793.0,0,Paid
174051,16996,2025-06-01,6438.0,44,Paid Late
174078,17072,2025-06-01,38010.0,0,Paid
174085,17095,2025-06-01,59975.0,0,Paid
174103,17147,2025-06-01,25145.0,0,Paid
174179,17352,2025-06-01,2323.0,0,Paid
174185,17368,2025-06-01,4124.0,0,Paid
174249,17555,2025-06-01,17564.0,24,Paid Late
174300,17724,2025-06-01,1174.0,0,Paid
174328,17800,2025-06-01,24447.0,0,Paid
174336,17818,2025-06-01,6348.0,0,Paid
174347,17838,2025-06-01,7751.0,0,Paid
174396,17974,2025-06-01,3368.0,0,Paid
174402,17993,2025-06-01,69976.0,0,Paid
174406,18013,2025-06-01,1593.0,0,Paid
174423,18057,2025-06-01,4592.0,0,Paid
174440,18088,2025-06-01,5906.0,0,Paid
174448,18104,2025-06-01,21997.0,0,Paid
174454,18130,2025-06-01,64675.0,0,Paid
174470,18211,2025-06-01,39647.0,0,Paid
174507,18303,2025-06-01,14574.0,0,Paid
174509,18307,2025-06-01,53713.0,5,Paid Late
174624,18662,2025-06-01,2596.0,0,Paid
174630,18682,2025-06-01,227437.0,0,Paid
174663,18808,2025-06-01,1511.0,0,Paid
174665,18811,2025-06-01,2122.0,0,Paid
174681,18901,2025-06-01,14528.0,0,Paid
174682,18902,2025-06-01,35717.0,0,Paid
174688,18914,2025-06-01,2872.0,0,Paid
174716,19002,2025-06-01,61612.0,0,Paid
174726,19036,2025-06-01,71415.0,8,Paid Late
174742,19095,2025-06-01,6210.0,0,Paid
174860,19468,2025-06-01,2707.0,0,Paid
174889,19560,2025-06-01,3651.0,0,Paid
174947,19729,2025-06-01,9228.0,0,Paid
174964,19777,2025-06-01,2420.0,11,Paid Late
174974,19794,2025-06-01,6690.0,0,Paid
174981,19811,2025-06-01,2958.0,0,Paid
175071,20071,2025-06-01,3153.0,0,Paid
175089,20131,2025-06-01,1199.0,0,Paid
175101,20162,2025-06-01,40616.0,0,Paid
175138,20296,2025-06-01,3103.0,0,Paid
175152,20335,2025-06-01,3487.0,20,Paid Late
175174,20391,2025-06-01,14361.0,11,Paid Late
175195,20457,2025-06-01,24484.0,0,Paid
175208,20493,2025-06-01,4592.0,0,Paid
175215,20516,2025-06-01,4545.0,0,Paid
175245,20595,2025-06-01,2141.0,0,Paid
175295,20711,2025-06-01,1972706.0,31,Paid Late
175332,20821,2025-06-01,40857.0,0,Paid
175373,20940,2025-06-01,2141.0,0,Paid
175386,20987,2025-06-01,1808.0,0,Paid
175405,21026,2025-06-01,1560.0,0,Paid
175442,21126,2025-06-01,4264.0,0,Paid
175496,21288,2025-06-01,3467.0,0,Paid
175576,21504,2025-06-01,3523.0,0,Paid
175591,21542,2025-06-01,2596.0,0,Paid
175597,21561,2025-06-01,2275.0,0,Paid
175635,21682,2025-06-01,57704.0,26,Paid Late
175657,21751,2025-06-01,15747.0,0,Paid
175665,21783,2025-06-01,4498.0,0,Paid
175784,22110,2025-06-01,1200.0,0,Paid
175800,22139,2025-06-01,1560.0,0,Paid
175803,22154,2025-06-01,2435.0,0,Paid
175826,22215,2025-06-01,2119.0,0,Paid
175851,22297,2025-06-01,16504.0,0,Paid
175865,22343,2025-06-01,13335.0,0,Paid
175899,22485,2025-06-01,11423.0,0,Paid
175901,22487,2025-06-01,2315.0,14,Paid Late
175927,22573,2025-06-01,6616.0,0,Paid
175968,22676,2025-06-01,3655.0,0,Paid
176005,22756,2025-06-01,692.0,32,Failed
176059,22915,2025-06-01,1430.0,10,Paid Late
176092,22999,2025-06-01,56625.0,0,Paid
176142,23130,2025-06-01,37980.0,0,Paid
176158,23169,2025-06-01,2372.0,0,Paid
176261,23467,2025-06-01,40244.0,0,Paid
176266,23484,2025-06-01,7352.0,21,Paid Late
176276,23508,2025-06-01,3072.0,14,Paid Late
176355,23713,2025-06-01,31064.0,0,Paid
176426,23931,2025-06-01,26037.0,0,Paid
176461,24011,2025-06-01,2048.0,0,Paid
176525,24199,2025-06-01,17951.0,0,Paid
176538,24261,2025-06-01,607079.0,0,Paid
176549,24298,2025-06-01,47487.0,21,Paid Late
176621,24484,2025-06-01,1792.0,0,Paid
176647,24563,2025-06-01,1846.0,0,Paid
176658,24595,2025-06-01,3614.0,8,Failed
176701,24703,2025-06-01,2219.0,13,Paid Late
176703,24712,2025-06-01,53107.0,0,Paid
176708,24733,2025-06-01,7831.0,0,Paid
176723,24772,2025-06-01,1080.0,0,Paid
176745,24829,2025-06-01,7671.0,0,Paid
176747,24838,2025-06-01,1751.0,22,Paid Late
176748,24845,2025-06-01,1427.0,0,Paid
176750,24848,2025-06-01,3138.0,0,Paid
176787,24948,2025-06-01,3368.0,0,Paid
176792,24957,2025-06-01,29292.0,0,Paid
176817,25035,2025-06-01,2033.0,0,Paid
176830,25075,2025-06-01,237761.0,0,Paid
176856,25138,2025-06-01,28196.0,0,Paid
176858,25145,2025-06-01,2372.0,0,Paid
176895,25247,2025-06-01,1057.0,0,Paid
176901,25256,2025-06-01,61877.0,0,Paid
176916,25319,2025-06-01,810.0,0,Paid
176922,25336,2025-06-01,1269.0,0,Paid
177007,25560,2025-06-01,4358.0,0,Paid
177032,25613,2025-06-01,55921.0,0,Paid
177048,25666,2025-06-01,70736.0,0,Paid
177062,25694,2025-06-01,18422.0,0,Paid
177133,25919,2025-06-01,21319.0,0,Paid
177134,25920,2025-06-01,3153.0,0,Paid
177209,26147,2025-06-01,15972.0,11,Paid Late
177334,26507,2025-06-01,924.0,0,Paid
177391,26685,2025-06-01,810.0,0,Paid
177403,26714,2025-06-01,19214.0,0,Paid
177412,26744,2025-06-01,58108.0,0,Paid
177437,26817,2025-06-01,32605.0,0,Paid
177444,26835,2025-06-01,147195.0,21,Paid Late
177472,26911,2025-06-01,751.0,24,Paid Late
177555,27133,2025-06-01,6792.0,0,Paid
177592,27248,2025-06-01,31546.0,0,Paid
177611,27315,2025-06-01,3121.0,0,Paid
177624,27337,2025-06-01,44664.0,0,Paid
177642,27392,2025-06-01,1713.0,0,Paid
177703,27545,2025-06-01,1102.0,0,Paid
177785,27778,2025-06-01,25244.0,0,Paid
177792,27791,2025-06-01,48865.0,11,Paid Late
177843,27940,2025-06-01,3416.0,0,Paid
177853,27963,2025-06-01,1774.0,0,Paid
177895,28082,2025-06-01,4824.0,0,Paid
177931,28203,2025-06-01,7512.0,0,Paid
177946,28239,2025-06-01,2672.0,0,Paid
177999,28370,2025-06-01,32057.0,0,Paid
178006,28382,2025-06-01,14838.0,0,Paid
178023,28440,2025-06-01,1338.0,0,Paid
178030,28453,2025-06-01,2726.0,0,Paid
178182,28898,2025-06-01,391824.0,0,Paid
178183,28899,2025-06-01,4523.0,0,Paid
178271,29155,2025-06-01,32696.0,3,Paid Late
178298,29251,2025-06-01,57502.0,8,Paid Late
178315,29302,2025-06-01,110674.0,0,Paid
178316,29303,2025-06-01,369144.0,0,Paid
178334,29367,2025-06-01,10306.0,0,Paid
178377,29499,2025-06-01,30077.0,0,Paid
178437,29667,2025-06-01,82879.0,0,Paid
178442,29679,2025-06-01,4452.0,0,Paid
178489,29805,2025-06-01,2243.0,0,Paid
178502,29832,2025-06-01,2171.0,0,Paid
178533,29926,2025-06-01,13277.0,0,Paid
178550,29986,2025-06-01,56080.0,0,Paid
178634,30229,2025-06-01,215516.0,0,Paid
178695,30410,2025-06-01,11300.0,0,Paid
178723,30484,2025-06-01,1087.0,0,Paid
178800,30716,2025-06-01,2659.0,22,Paid Late
178837,30819,2025-06-01,157296.0,0,Paid
178838,30820,2025-06-01,2768.0,18,Paid Late
178851,30866,2025-06-01,2348.0,0,Paid
178852,30867,2025-06-01,1713.0,0,Paid
178950,31126,2025-06-01,5103.0,40,Paid Late
178966,31160,2025-06-01,2251.0,0,Paid
178974,31179,2025-06-01,4982.0,0,Paid
179016,31324,2025-06-01,4217.0,0,Paid
179017,31331,2025-06-01,2755.0,0,Paid
179026,31348,2025-06-01,8564.0,0,Paid
179042,31392,2025-06-01,2275.0,0,Paid
179064,31468,2025-06-01,5451.0,0,Paid
179087,31544,2025-06-01,63622.0,0,Paid
179093,31563,2025-06-01,1609.0,0,Paid
179108,31595,2025-06-01,8662.0,0,Paid
179145,31691,2025-06-01,2251.0,0,Paid
179148,31701,2025-06-01,2130.0,5,Paid Late
179157,31726,2025-06-01,2898.0,0,Paid
179158,31730,2025-06-01,3393.0,0,Paid
179189,31811,2025-06-01,2872.0,0,Paid
179204,31852,2025-06-01,305521.0,0,Paid
179228,31933,2025-06-01,237114.0,0,Paid
179238,31969,2025-06-01,1467.0,0,Paid
179246,31983,2025-06-01,27698.0,0,Paid
179257,32005,2025-06-01,9197.0,0,Paid
179262,32019,2025-06-01,4001.0,0,Paid
179315,32171,2025-06-01,18771.0,0,Paid
179333,32211,2025-06-01,6693.0,0,Paid
179367,32302,2025-06-01,187657.0,0,Paid
179402,32392,2025-06-01,1808.0,0,Paid
179411,32430,2025-06-01,27135.0,0,Paid
179417,32453,2025-06-01,785.0,0,Paid
179442,32521,2025-06-01,827.0,0,Paid
179445,32529,2025-06-01,2098.0,0,Paid
179448,32536,2025-06-01,12101.0,0,Paid
179548,32811,2025-06-01,29200.0,0,Paid
179577,32920,2025-06-01,1324.0,0,Paid
179581,32935,2025-06-01,378443.0,0,Paid
179606,32995,2025-06-01,23894.0,0,Paid
179659,33137,2025-06-01,462110.0,15,Failed
179677,33202,2025-06-01,229273.0,0,Paid
179681,33208,2025-06-01,56683.0,0,Paid
179733,33372,2025-06-01,34162.0,0,Paid
179857,33774,2025-06-01,1789.0,0,Paid
179858,33776,2025-06-01,2348.0,14,Failed
179859,33778,2025-06-01,1990.0,0,Paid
179865,33794,2025-06-01,59261.0,0,Paid
179866,33796,2025-06-01,17556.0,0,Paid
179903,33919,2025-06-01,49721.0,0,Paid
179909,33945,2025-06-01,14236.0,0,Paid
179922,33975,2025-06-01,4170.0,0,Paid
179929,34001,2025-06-01,3430.0,0,Paid
179951,34076,2025-06-01,2382.0,14,Paid Late
179991,34201,2025-06-01,6417.0,0,Paid
180008,34261,2025-06-01,3416.0,0,Paid
180063,34441,2025-06-01,304085.0,0,Paid
180075,34482,2025-06-01,5351.0,12,Paid Late
180115,34615,2025-06-01,59859.0,6,Failed
180151,34721,2025-06-01,21805.0,0,Paid
180155,34735,2025-06-01,51574.0,0,Paid
180182,34795,2025-06-01,3430.0,0,Paid
180205,34863,2025-06-01,4965.0,0,Paid
180208,34879,2025-06-01,2190.0,13,Failed
180211,34889,2025-06-01,1642.0,25,Failed
180251,35003,2025-06-01,37860.0,0,Paid
180334,35266,2025-06-01,26881.0,0,Paid
180362,35343,2025-06-01,4639.0,16,Failed
180365,35346,2025-06-01,1678.0,19,Paid Late
180393,35439,2025-06-01,2740.0,0,Paid
180424,35550,2025-06-01,802.0,0,Paid
180530,35860,2025-06-01,1186.0,0,Paid
180550,35933,2025-06-01,282345.0,0,Paid
180576,36017,2025-06-01,34287.0,0,Paid
180577,36021,2025-06-01,810.0,0,Paid
180624,36158,2025-06-01,519.0,0,Paid
180630,36173,2025-06-01,835.0,0,Paid
180635,36197,2025-06-01,5842.0,0,Paid
180812,36773,2025-06-01,4042.0,0,Paid
180821,36791,2025-06-01,4083.0,0,Paid
180830,36815,2025-06-01,18148.0,4,Failed
180852,36886,2025-06-01,1338.0,23,Paid Late
180859,36906,2025-06-01,1618.0,43,Paid Late
180865,36920,2025-06-01,3877.0,0,Paid
180890,36980,2025-06-01,19507.0,30,Paid Late
180894,36995,2025-06-01,214142.0,0,Paid
180934,37116,2025-06-01,231219.0,0,Paid
180944,37134,2025-06-01,3223.0,0,Paid
180961,37179,2025-06-01,2019.0,0,Paid
180990,37285,2025-06-01,45433.0,0,Paid
181006,37335,2025-06-01,2403.0,0,Paid
181038,37424,2025-06-01,116696.0,15,Paid Late
181052,37460,2025-06-01,281043.0,0,Paid
181059,37476,2025-06-01,31946.0,0,Paid
181064,37487,2025-06-01,111977.0,0,Paid
181068,37500,2025-06-01,7512.0,0,Paid
181110,37605,2025-06-01,31843.0,21,Paid Late
181136,37672,2025-06-01,30109.0,0,Paid
181160,37747,2025-06-01,1162.0,0,Paid
181223,37940,2025-06-01,5969.0,0,Paid
181239,37982,2025-06-01,27170.0,6,Failed
181265,38086,2025-06-01,68496.0,0,Paid
181267,38095,2025-06-01,3381.0,0,Paid
181302,38198,2025-06-01,819.0,0,Paid
181308,38211,2025-06-01,3467.0,12,Paid Late
181317,38227,2025-06-01,2339.0,0,Paid
181342,38306,2025-06-01,2667.0,0,Paid
181441,38612,2025-06-01,16682.0,45,Paid Late
181497,38766,2025-06-01,62413.0,0,Paid
181515,38812,2025-06-01,2396.0,27,Failed
181519,38823,2025-06-01,16893.0,10,Failed
181527,38848,2025-06-01,1537531.0,0,Paid
181541,38906,2025-06-01,101271.0,0,Paid
181554,38939,2025-06-01,67627.0,0,Paid
181600,39062,2025-06-01,6553.0,0,Paid
181709,39416,2025-06-01,1148645.0,0,Paid
181801,39739,2025-06-01,3368.0,0,Paid
181850,39869,2025-06-01,3614.0,25,Paid Late
181932,40093,2025-06-01,1810.0,0,Paid
181952,40166,2025-06-01,3308.0,0,Paid
181983,40270,2025-06-01,3452.0,0,Paid
182068,40485,2025-06-01,2902.0,0,Paid
182152,40757,2025-06-01,9177.0,0,Paid
182175,40826,2025-06-01,7149.0,0,Paid
182180,40843,2025-06-01,2033.0,24,Paid Late
182193,40892,2025-06-01,30093.0,2,Failed
182325,41289,2025-06-01,2355.0,0,Paid
182368,41404,2025-06-01,6037.0,0,Paid
182413,41531,2025-06-01,95639.0,15,Paid Late
182420,41542,2025-06-01,35417.0,0,Paid
182426,41554,2025-06-01,5822.0,0,Paid
182440,41601,2025-06-01,6037.0,1,Paid Late
182454,41660,2025-06-01,4498.0,0,Paid
182459,41686,2025-06-01,1324.0,64,Failed
182465,41704,2025-06-01,1223.0,0,Paid
182468,41709,2025-06-01,59497.0,26,Paid Late
182470,41717,2025-06-01,1046.0,0,Paid
182471,41724,2025-06-01,39031.0,0,Paid
182475,41740,2025-06-01,3504.0,0,Paid
182488,41776,2025-06-01,1690.0,0,Paid
182506,41834,2025-06-01,2872.0,18,Paid Late
182514,41859,2025-06-01,5567.0,0,Paid
182518,41868,2025-06-01,3282.0,0,Paid
182519,41869,2025-06-01,228971.0,0,Paid
182525,41888,2025-06-01,37287.0,0,Paid
182540,41946,2025-06-01,1412.0,0,Paid
182545,41956,2025-06-01,3196.0,0,Paid
182548,41961,2025-06-01,4639.0,0,Paid
182553,41970,2025-06-01,15914.0,0,Paid
182560,41985,2025-06-01,519.0,0,Paid
182586,42058,2025-06-01,5335.0,0,Paid
182587,42060,2025-06-01,64393.0,0,Paid
182605,42105,2025-06-01,2931.0,0,Paid
182631,42176,2025-06-01,3541.0,19,Paid Late
182637,42196,2025-06-01,542.0,0,Paid
182656,42253,2025-06-01,28620.0,23,Paid Late
182662,42264,2025-06-01,9584.0,0,Paid
182703,42398,2025-06-01,287332.0,0,Paid
182714,42428,2025-06-01,2868.0,0,Paid
182720,42446,2025-06-01,759.0,0,Paid
182768,42620,2025-06-01,2872.0,0,Paid
182774,42635,2025-06-01,548.0,0,Paid
182850,42868,2025-06-01,1137.0,0,Paid
182904,43041,2025-06-01,210808.0,0,Paid
182950,43162,2025-06-01,995.0,0,Paid
182951,43165,2025-06-01,24803.0,10,Paid Late
182966,43194,2025-06-01,1481.0,0,Paid
182997,43280,2025-06-01,329551.0,11,Paid Late
183030,43358,2025-06-01,58231.0,0,Paid
183057,43428,2025-06-01,1682.0,0,Paid
183061,43444,2025-06-01,6287.0,6,Failed
183090,43533,2025-06-01,23210.0,0,Paid
183097,43556,2025-06-01,2726.0,0,Paid
183135,43663,2025-06-01,36167.0,18,Failed
183136,43665,2025-06-01,2122.0,22,Failed
183150,43702,2025-06-01,2784.0,14,Paid Late
183302,44132,2025-06-01,2251.0,0,Paid
183331,44211,2025-06-01,4083.0,0,Paid
183352,44258,2025-06-01,9487.0,0,Paid
183418,44476,2025-06-01,59497.0,0,Paid
183439,44541,2025-06-01,1569.0,0,Paid
183451,44577,2025-06-01,6037.0,0,Paid
183490,44692,2025-06-01,54366.0,0,Paid
183503,44722,2025-06-01,13425.0,0,Paid
183588,44979,2025-06-01,2119.0,0,Paid
183615,45066,2025-06-01,19937.0,10,Paid Late
183648,45151,2025-06-01,1137.0,0,Paid
183704,45344,2025-06-01,38339.0,0,Paid
183727,45395,2025-06-01,3651.0,0,Paid
183736,45424,2025-06-01,1774.0,0,Paid
183766,45507,2025-06-01,2195.0,0,Paid
183781,45541,2025-06-01,58108.0,0,Paid
183798,45606,2025-06-01,30648.0,0,Paid
183799,45608,2025-06-01,542.0,6,Paid Late
183833,45702,2025-06-01,1770.0,0,Paid
183836,45708,2025-06-01,2921.0,5,Failed
183851,45757,2025-06-01,15747.0,0,Paid
183880,45831,2025-06-01,1338.0,0,Paid
183905,45909,2025-06-01,15775.0,0,Paid
183935,45983,2025-06-01,252276.0,0,Paid
183966,46074,2025-06-01,90483.0,0,Paid
183973,46088,2025-06-01,7372.0,0,Paid
183977,46114,2025-06-01,50101.0,0,Paid
183995,46158,2025-06-01,21092.0,0,Paid
184117,46503,2025-06-01,145189.0,0,Paid
184150,46607,2025-06-01,2856.0,0,Paid
184170,46659,2025-06-01,1256.0,13,Paid Late
184187,46708,2025-06-01,4639.0,0,Paid
184197,46731,2025-06-01,4452.0,0,Paid
184202,46740,2025-06-01,39523.0,0,Paid
184260,46903,2025-06-01,13610.0,0,Paid
184313,47036,2025-06-01,3334.0,0,Paid
184374,47208,2025-06-01,1046.0,0,Paid
184444,47413,2025-06-01,1057.0,0,Paid
184480,47522,2025-06-01,19732.0,0,Paid
184482,47527,2025-06-01,4452.0,0,Paid
184529,47666,2025-06-01,1713.0,11,Paid Late
184598,47863,2025-06-01,1884.0,10,Paid Late
184608,47889,2025-06-01,203288.0,0,Paid
184613,47913,2025-06-01,3231.0,18,Paid Late
184632,47989,2025-06-01,6831.0,5,Paid Late
184650,48050,2025-06-01,542.0,0,Paid
184715,48223,2025-06-01,8132.0,8,Paid Late
184756,48337,2025-06-01,3162.0,0,Paid
184765,48355,2025-06-01,4592.0,0,Paid
184787,48427,2025-06-01,3231.0,0,Paid
184840,48567,2025-06-01,1269.0,0,Paid
184930,48808,2025-06-01,59255.0,0,Paid
185005,49009,2025-06-01,7592.0,0,Paid
185048,49130,2025-06-01,4001.0,0,Paid
185052,49144,2025-06-01,3487.0,16,Paid Late
185060,49168,2025-06-01,21092.0,0,Paid
185064,49176,2025-06-01,22140.0,0,Paid
185081,49214,2025-06-01,2076.0,13,Failed
185125,49313,2025-06-01,2044.0,0,Paid
185164,49489,2025-06-01,2542.0,0,Paid
185196,49606,2025-06-01,1102.0,0,Paid
185201,49617,2025-06-01,11164.0,0,Paid
185208,49642,2025-06-01,2843.0,10,Paid Late
185233,49707,2025-06-01,738158.0,0,Paid
185276,49872,2025-06-01,5842.0,10,Failed
185292,49913,2025-06-01,3547.0,9,Paid Late
185321,49980,2025-06-01,70024.0,0,Paid
185336,23,2025-07-01,5683.0,13,Paid Late
185344,43,2025-07-01,81686.0,0,Paid
185346,48,2025-07-01,1950.0,0,Paid
185349,58,2025-07-01,5139.0,0,Paid
185367,119,2025-07-01,58864.0,0,Paid
185407,222,2025-07-01,802.0,0,Paid
185417,247,2025-07-01,11489.0,0,Paid
185454,335,2025-07-01,1283.0,0,Paid
185462,356,2025-07-01,2917.0,0,Paid
185471,379,2025-07-01,12923.0,0,Paid
185525,531,2025-07-01,2922.0,0,Paid
185541,575,2025-07-01,40616.0,0,Paid
185578,668,2025-07-01,548.0,9,Paid Late
185581,685,2025-07-01,2323.0,5,Paid Late
185584,689,2025-07-01,2363.0,0,Paid
185644,855,2025-07-01,3712.0,0,Paid
185657,895,2025-07-01,1946.0,0,Paid
185704,1048,2025-07-01,22042.0,0,Paid
185707,1054,2025-07-01,2814.0,0,Paid
185711,1061,2025-07-01,1560.0,0,Paid
185714,1073,2025-07-01,2076.0,0,Paid
185719,1092,2025-07-01,1046.0,0,Paid
185770,1227,2025-07-01,3057.0,0,Paid
185774,1237,2025-07-01,2011.0,0,Paid
185802,1314,2025-07-01,5652.0,0,Paid
185818,1362,2025-07-01,5518.0,19,Failed
185828,1385,2025-07-01,1186.0,0,Paid
185833,1402,2025-07-01,39682.0,0,Paid
185973,1806,2025-07-01,59603.0,0,Paid
186012,1917,2025-07-01,74436.0,0,Paid
186062,2082,2025-07-01,42635.0,0,Paid
186240,2554,2025-07-01,1633986.0,0,Paid
186246,2575,2025-07-01,734.0,0,Paid
186262,2620,2025-07-01,25733.0,26,Paid Late
186290,2713,2025-07-01,1310.0,13,Paid Late
186309,2754,2025-07-01,1558.0,0,Paid
186311,2761,2025-07-01,1572.0,0,Paid
186313,2768,2025-07-01,4274.0,0,Paid
186409,3054,2025-07-01,768.0,0,Paid
186453,3171,2025-07-01,137615.0,0,Paid
186470,3225,2025-07-01,10368.0,0,Paid
186492,3285,2025-07-01,106645.0,0,Paid
186512,3344,2025-07-01,61376.0,0,Paid
186538,3421,2025-07-01,33627.0,0,Paid
186539,3422,2025-07-01,9439.0,4,Paid Late
186616,3656,2025-07-01,2489.0,0,Paid
186676,3835,2025-07-01,7352.0,0,Paid
186678,3840,2025-07-01,1296.0,0,Paid
186714,3966,2025-07-01,2898.0,14,Paid Late
186855,4376,2025-07-01,2011.0,0,Paid
186881,4453,2025-07-01,35797.0,0,Paid
186907,4534,2025-07-01,4634.0,11,Paid Late
186920,4576,2025-07-01,5087.0,0,Paid
186933,4613,2025-07-01,74790.0,71,Failed
186941,4626,2025-07-01,55699.0,47,Paid Late
187000,4788,2025-07-01,24028.0,0,Paid
187009,4810,2025-07-01,31839.0,0,Paid
187012,4819,2025-07-01,201004.0,9,Paid Late
187049,4922,2025-07-01,5161.0,0,Paid
187084,5023,2025-07-01,3089.0,0,Paid
187093,5046,2025-07-01,37180.0,4,Paid Late
187140,5161,2025-07-01,3299.0,19,Paid Late
187152,5199,2025-07-01,5451.0,0,Paid
187213,5367,2025-07-01,103614.0,0,Paid
187229,5411,2025-07-01,66539.0,0,Paid
187238,5428,2025-07-01,7149.0,0,Paid
187273,5513,2025-07-01,56636.0,0,Paid
187292,5566,2025-07-01,4498.0,0,Paid
187333,5657,2025-07-01,565.0,21,Failed
187353,5717,2025-07-01,26526.0,0,Paid
187366,5749,2025-07-01,2339.0,0,Paid
187368,5754,2025-07-01,2141.0,0,Paid
187383,5786,2025-07-01,2540.0,0,Paid
187417,5855,2025-07-01,3265.0,0,Paid
187458,5985,2025-07-01,1160.0,35,Paid Late
187494,6092,2025-07-01,101329.0,12,Paid Late
187495,6096,2025-07-01,11021.0,0,Paid
187516,6149,2025-07-01,67102.0,0,Paid
187567,6298,2025-07-01,71334.0,0,Paid
187575,6317,2025-07-01,1283.0,17,Paid Late
187587,6362,2025-07-01,1123.0,0,Paid
187633,6487,2025-07-01,1884.0,0,Paid
187647,6529,2025-07-01,120502.0,0,Paid
187653,6545,2025-07-01,20610.0,0,Paid
187693,6670,2025-07-01,1433203.0,0,Paid
187700,6693,2025-07-01,98223.0,40,Paid Late
187713,6744,2025-07-01,31650.0,0,Paid
187725,6786,2025-07-01,36689.0,15,Paid Late
187739,6814,2025-07-01,3057.0,0,Paid
187787,6937,2025-07-01,2348.0,0,Paid
187812,6997,2025-07-01,1103.0,0,Paid
187835,7058,2025-07-01,32192.0,0,Paid
187896,7227,2025-07-01,9399.0,0,Paid
187960,7430,2025-07-01,1527.0,20,Paid Late
187985,7497,2025-07-01,25703.0,0,Paid
188026,7609,2025-07-01,55399.0,0,Paid
188158,8004,2025-07-01,1365228.0,0,Paid
188168,8039,2025-07-01,1664.0,0,Paid
188186,8085,2025-07-01,6348.0,0,Paid
188226,8179,2025-07-01,26592.0,0,Paid
188242,8236,2025-07-01,1162.0,0,Paid
188274,8339,2025-07-01,26320.0,0,Paid
188275,8340,2025-07-01,3299.0,33,Failed
188282,8359,2025-07-01,220148.0,9,Paid Late
188293,8392,2025-07-01,1838.0,0,Paid
188409,8712,2025-07-01,2689.0,0,Paid
188413,8727,2025-07-01,7372.0,17,Paid Late
188426,8775,2025-07-01,792.0,0,Paid
188434,8799,2025-07-01,7671.0,0,Paid
188510,9083,2025-07-01,2033.0,0,Paid
188523,9112,2025-07-01,34660.0,0,Paid
188534,9141,2025-07-01,2243.0,13,Paid Late
188542,9157,2025-07-01,7372.0,0,Paid
188570,9229,2025-07-01,59923.0,4,Paid Late
188586,9269,2025-07-01,3025.0,11,Paid Late
188587,9272,2025-07-01,819.0,24,Failed
188635,9399,2025-07-01,1310.0,0,Paid
188656,9465,2025-07-01,3402.0,0,Paid
188673,9505,2025-07-01,53713.0,9,Failed
188695,9565,2025-07-01,39102.0,0,Paid
188715,9636,2025-07-01,13035.0,0,Paid
188742,9703,2025-07-01,49695.0,30,Failed
188749,9724,2025-07-01,24644.0,0,Paid
188768,9768,2025-07-01,52055.0,0,Paid
188794,9836,2025-07-01,65536.0,0,Paid
188806,9866,2025-07-01,3231.0,0,Paid
188827,9947,2025-07-01,6831.0,17,Failed
188839,9995,2025-07-01,52813.0,0,Paid
188890,10160,2025-07-01,1338.0,14,Paid Late
188906,10214,2025-07-01,793.0,0,Paid
188921,10246,2025-07-01,1495.0,0,Paid
188934,10289,2025-07-01,697982.0,0,Paid
188942,10316,2025-07-01,751270.0,0,Paid
188943,10322,2025-07-01,3368.0,0,Paid
188947,10330,2025-07-01,143673.0,0,Paid
188988,10429,2025-07-01,66036.0,0,Paid
188996,10457,2025-07-01,1080.0,0,Paid
189044,10591,2025-07-01,2569.0,0,Paid
189123,10771,2025-07-01,32562.0,0,Paid
189127,10780,2025-07-01,4042.0,0,Paid
189341,11425,2025-07-01,21761.0,0,Paid
189353,11457,2025-07-01,4877.0,0,Paid
189502,11861,2025-07-01,1884.0,0,Paid
189512,11883,2025-07-01,58642.0,0,Paid
189554,12008,2025-07-01,827.0,0,Paid
189586,12103,2025-07-01,59923.0,18,Paid Late
189607,12176,2025-07-01,35863.0,0,Paid
189623,12239,2025-07-01,3541.0,0,Paid
189643,12321,2025-07-01,37080.0,0,Paid
189663,12375,2025-07-01,104352.0,0,Paid
189744,12586,2025-07-01,1646.0,0,Paid
189745,12587,2025-07-01,490298.0,0,Paid
189746,12588,2025-07-01,2872.0,0,Paid
189750,12602,2025-07-01,519.0,0,Paid
189803,12728,2025-07-01,48876.0,0,Paid
189807,12734,2025-07-01,363226.0,41,Paid Late
189842,12819,2025-07-01,1792.0,0,Paid
189864,12867,2025-07-01,4871.0,0,Paid
189919,12990,2025-07-01,819.0,0,Paid
189966,13155,2025-07-01,548.0,0,Paid
189988,13215,2025-07-01,6555.0,0,Paid
189994,13230,2025-07-01,1810.0,0,Paid
190052,13412,2025-07-01,559.0,9,Paid Late
190067,13468,2025-07-01,2412.0,0,Paid
190071,13481,2025-07-01,7149.0,0,Paid
190093,13562,2025-07-01,18706.0,30,Paid Late
190102,13575,2025-07-01,294948.0,0,Paid
190117,13618,2025-07-01,1123.0,0,Paid
190125,13637,2025-07-01,6831.0,0,Paid
190129,13647,2025-07-01,1572.0,0,Paid
190149,13704,2025-07-01,21697.0,59,Paid Late
190179,13806,2025-07-01,57124.0,0,Paid
190250,13997,2025-07-01,2818.0,31,Paid Late
190254,14004,2025-07-01,235494.0,0,Paid
190343,14249,2025-07-01,1162.0,0,Paid
190347,14270,2025-07-01,134854.0,8,Paid Late
190348,14271,2025-07-01,2516.0,0,Paid
190388,14388,2025-07-01,1751.0,11,Failed
190484,14706,2025-07-01,15307.0,0,Paid
190493,14732,2025-07-01,3217.0,0,Paid
190527,14837,2025-07-01,22166.0,0,Paid
190573,14970,2025-07-01,1083.0,0,Paid
190601,15049,2025-07-01,2516.0,0,Paid
190658,15189,2025-07-01,2021.0,0,Paid
190660,15193,2025-07-01,23000.0,0,Paid
190724,15380,2025-07-01,5518.0,0,Paid
190728,15389,2025-07-01,1846.0,0,Paid
190739,15412,2025-07-01,17265.0,0,Paid
190763,15472,2025-07-01,4929.0,0,Paid
190806,15612,2025-07-01,3224.0,0,Paid
190820,15639,2025-07-01,2521.0,0,Paid
190880,15791,2025-07-01,819.0,0,Paid
190966,16036,2025-07-01,26440.0,0,Paid
190971,16048,2025-07-01,2119.0,0,Paid
190981,16073,2025-07-01,58235.0,0,Paid
191006,16131,2025-07-01,78371.0,5,Failed
191045,16280,2025-07-01,6627.0,0,Paid
191077,16348,2025-07-01,24985.0,5,Paid Late
191079,16353,2025-07-01,1827.0,0,Paid
191091,16381,2025-07-01,1626.0,17,Failed
191203,16705,2025-07-01,2323.0,27,Paid Late
191206,16712,2025-07-01,186033.0,9,Paid Late
191228,16769,2025-07-01,57793.0,0,Paid
191308,16996,2025-07-01,6438.0,0,Paid
191333,17072,2025-07-01,38010.0,0,Paid
191341,17095,2025-07-01,59975.0,0,Paid
191361,17147,2025-07-01,25145.0,0,Paid
191444,17352,2025-07-01,2323.0,0,Paid
191450,17368,2025-07-01,4124.0,0,Paid
191514,17555,2025-07-01,17564.0,0,Paid
191561,17724,2025-07-01,1174.0,0,Paid
191589,17800,2025-07-01,24447.0,0,Paid
191596,17818,2025-07-01,6348.0,0,Paid
191607,17838,2025-07-01,7751.0,0,Paid
191640,17920,2025-07-01,1036757.0,0,Paid
191660,17974,2025-07-01,3368.0,0,Paid
191669,17993,2025-07-01,69976.0,0,Paid
191673,17998,2025-07-01,30704.0,0,Paid
191674,18013,2025-07-01,1593.0,17,Paid Late
191693,18057,2025-07-01,4592.0,0,Paid
191711,18088,2025-07-01,5906.0,25,Paid Late
191718,18104,2025-07-01,21997.0,0,Paid
191725,18130,2025-07-01,64675.0,0,Paid
191779,18303,2025-07-01,14574.0,0,Paid
191782,18307,2025-07-01,53713.0,0,Paid
191902,18662,2025-07-01,2596.0,0,Paid
191950,18808,2025-07-01,1511.0,0,Paid
191952,18811,2025-07-01,2122.0,8,Paid Late
191971,18901,2025-07-01,14528.0,0,Paid
191972,18902,2025-07-01,35717.0,0,Paid
191978,18914,2025-07-01,2872.0,0,Paid
192008,19002,2025-07-01,61612.0,0,Paid
192016,19036,2025-07-01,71415.0,19,Failed
192034,19095,2025-07-01,6210.0,0,Paid
192156,19468,2025-07-01,2707.0,0,Paid
192184,19560,2025-07-01,3651.0,0,Paid
192244,19729,2025-07-01,9228.0,0,Paid
192260,19777,2025-07-01,2420.0,0,Paid
192268,19794,2025-07-01,6690.0,0,Paid
192274,19811,2025-07-01,2958.0,0,Paid
192358,20071,2025-07-01,3153.0,0,Paid
192360,20082,2025-07-01,65108.0,0,Paid
192379,20131,2025-07-01,1199.0,0,Paid
192393,20162,2025-07-01,40616.0,0,Paid
192432,20296,2025-07-01,3103.0,0,Paid
192445,20335,2025-07-01,3487.0,0,Paid
192463,20391,2025-07-01,14361.0,0,Paid
192497,20493,2025-07-01,4592.0,0,Paid
192505,20516,2025-07-01,4545.0,0,Paid
192533,20595,2025-07-01,2141.0,0,Paid
192622,20821,2025-07-01,40857.0,0,Paid
192668,20940,2025-07-01,2141.0,0,Paid
192683,20987,2025-07-01,1808.0,0,Paid
192699,21026,2025-07-01,1560.0,0,Paid
192740,21126,2025-07-01,4264.0,0,Paid
192796,21288,2025-07-01,3467.0,0,Paid
192870,21504,2025-07-01,3523.0,0,Paid
192885,21542,2025-07-01,2596.0,0,Paid
192892,21561,2025-07-01,2275.0,0,Paid
192930,21682,2025-07-01,57704.0,0,Paid
192953,21751,2025-07-01,15747.0,25,Paid Late
192961,21783,2025-07-01,4498.0,0,Paid
193081,22110,2025-07-01,1200.0,0,Paid
193096,22139,2025-07-01,1560.0,0,Paid
193100,22154,2025-07-01,2435.0,26,Paid Late
193122,22215,2025-07-01,2119.0,0,Paid
193146,22297,2025-07-01,16504.0,0,Paid
193159,22343,2025-07-01,13335.0,0,Paid
193197,22485,2025-07-01,11423.0,0,Paid
193199,22487,2025-07-01,2315.0,0,Paid
193225,22573,2025-07-01,6616.0,0,Paid
193262,22662,2025-07-01,7081.0,0,Paid
193268,22676,2025-07-01,3655.0,20,Paid Late
193301,22756,2025-07-01,692.0,0,Paid
193352,22915,2025-07-01,1430.0,0,Paid
193386,22999,2025-07-01,56625.0,0,Paid
193437,23130,2025-07-01,37980.0,10,Failed
193454,23169,2025-07-01,2372.0,0,Paid
193552,23467,2025-07-01,40244.0,0,Paid
193557,23484,2025-07-01,7352.0,0,Paid
193567,23508,2025-07-01,3072.0,0,Paid
193638,23713,2025-07-01,31064.0,0,Paid
193717,23931,2025-07-01,26037.0,0,Paid
193755,24011,2025-07-01,2048.0,0,Paid
193768,24061,2025-07-01,12550.0,0,Paid
193815,24199,2025-07-01,17951.0,0,Paid
193827,24244,2025-07-01,165456.0,0,Paid
193840,24298,2025-07-01,47487.0,5,Paid Late
193905,24484,2025-07-01,1792.0,0,Paid
193929,24563,2025-07-01,1846.0,0,Paid
193940,24595,2025-07-01,3614.0,25,Failed
193984,24703,2025-07-01,2219.0,0,Paid
193986,24712,2025-07-01,53107.0,0,Paid
193991,24733,2025-07-01,7831.0,0,Paid
194005,24772,2025-07-01,1080.0,13,Failed
194024,24829,2025-07-01,7671.0,0,Paid
194026,24838,2025-07-01,1751.0,3,Paid Late
194029,24845,2025-07-01,1427.0,8,Failed
194031,24848,2025-07-01,3138.0,0,Paid
194068,24948,2025-07-01,3368.0,0,Paid
194072,24957,2025-07-01,29292.0,0,Paid
194100,25035,2025-07-01,2033.0,0,Paid
194114,25075,2025-07-01,237761.0,0,Paid
194139,25138,2025-07-01,28196.0,0,Paid
194141,25145,2025-07-01,2372.0,0,Paid
194175,25247,2025-07-01,1057.0,0,Paid
194181,25256,2025-07-01,61877.0,0,Paid
194200,25319,2025-07-01,810.0,0,Paid
194206,25336,2025-07-01,1269.0,0,Paid
194295,25560,2025-07-01,4358.0,42,Paid Late
194318,25613,2025-07-01,55921.0,0,Paid
194336,25666,2025-07-01,70736.0,0,Paid
194344,25687,2025-07-01,29365.0,22,Paid Late
194349,25694,2025-07-01,18422.0,0,Paid
194426,25919,2025-07-01,21319.0,9,Paid Late
194427,25920,2025-07-01,3153.0,0,Paid
194501,26147,2025-07-01,15972.0,9,Paid Late
194629,26507,2025-07-01,924.0,27,Failed
194688,26685,2025-07-01,810.0,0,Paid
194700,26714,2025-07-01,19214.0,3,Paid Late
194711,26744,2025-07-01,58108.0,0,Paid
194736,26817,2025-07-01,32605.0,0,Paid
194745,26835,2025-07-01,147195.0,0,Paid
194776,26911,2025-07-01,751.0,0,Paid
194851,27133,2025-07-01,6792.0,0,Paid
194891,27248,2025-07-01,31546.0,0,Paid
194907,27315,2025-07-01,3121.0,0,Paid
194920,27337,2025-07-01,44664.0,0,Paid
194939,27392,2025-07-01,1713.0,0,Paid
194983,27489,2025-07-01,194605.0,0,Paid
195001,27545,2025-07-01,1102.0,0,Paid
195083,27778,2025-07-01,25244.0,11,Paid Late
195088,27791,2025-07-01,48865.0,0,Paid
195141,27940,2025-07-01,3416.0,0,Paid
195152,27963,2025-07-01,1774.0,0,Paid
195194,28082,2025-07-01,4824.0,0,Paid
195226,28203,2025-07-01,7512.0,0,Paid
195239,28239,2025-07-01,2672.0,0,Paid
195289,28370,2025-07-01,32057.0,0,Paid
195295,28382,2025-07-01,14838.0,0,Paid
195313,28440,2025-07-01,1338.0,0,Paid
195318,28453,2025-07-01,2726.0,4,Paid Late
195469,28899,2025-07-01,4523.0,0,Paid
195555,29155,2025-07-01,32696.0,0,Paid
195574,29218,2025-07-01,49594.0,0,Paid
195586,29251,2025-07-01,57502.0,0,Paid
195604,29302,2025-07-01,110674.0,19,Paid Late
195623,29367,2025-07-01,10306.0,0,Paid
195667,29499,2025-07-01,30077.0,0,Paid
195729,29667,2025-07-01,82879.0,0,Paid
195734,29679,2025-07-01,4452.0,0,Paid
195768,29769,2025-07-01,57618.0,0,Paid
195783,29805,2025-07-01,2243.0,0,Paid
195795,29832,2025-07-01,2171.0,0,Paid
195827,29918,2025-07-01,27454.0,16,Paid Late
195831,29926,2025-07-01,13277.0,0,Paid
195847,29986,2025-07-01,56080.0,17,Paid Late
195931,30229,2025-07-01,215516.0,0,Paid
195944,30263,2025-07-01,5724.0,0,Paid
195967,30344,2025-07-01,12841.0,0,Paid
195977,30372,2025-07-01,2235190.0,0,Paid
195980,30382,2025-07-01,101423.0,0,Paid
195989,30410,2025-07-01,11300.0,0,Paid
196015,30484,2025-07-01,1087.0,0,Paid
196051,30593,2025-07-01,28933.0,18,Paid Late
196089,30716,2025-07-01,2659.0,0,Paid
196121,30798,2025-07-01,48100.0,0,Paid
196129,30819,2025-07-01,157296.0,0,Paid
196130,30820,2025-07-01,2768.0,0,Paid
196135,30839,2025-07-01,2770157.0,0,Paid
196145,30866,2025-07-01,2348.0,0,Paid
196146,30867,2025-07-01,1713.0,0,Paid
196242,31125,2025-07-01,34992.0,0,Paid
196243,31126,2025-07-01,5103.0,0,Paid
196258,31160,2025-07-01,2251.0,0,Paid
196265,31179,2025-07-01,4982.0,0,Paid
196311,31324,2025-07-01,4217.0,0,Paid
196312,31331,2025-07-01,2755.0,35,Failed
196335,31392,2025-07-01,2275.0,0,Paid
196354,31468,2025-07-01,5451.0,0,Paid
196385,31544,2025-07-01,63622.0,0,Paid
196391,31563,2025-07-01,1609.0,0,Paid
196441,31691,2025-07-01,2251.0,0,Paid
196445,31701,2025-07-01,2130.0,0,Paid
196456,31726,2025-07-01,2898.0,0,Paid
196457,31730,2025-07-01,3393.0,0,Paid
196475,31775,2025-07-01,14322.0,0,Paid
196488,31811,2025-07-01,2872.0,0,Paid
196536,31969,2025-07-01,1467.0,0,Paid
196544,31983,2025-07-01,27698.0,13,Paid Late
196553,32005,2025-07-01,9197.0,22,Failed
196559,32019,2025-07-01,4001.0,14,Paid Late
196595,32121,2025-07-01,34824.0,0,Paid
196601,32137,2025-07-01,50694.0,10,Failed
196610,32171,2025-07-01,18771.0,0,Paid
196626,32211,2025-07-01,6693.0,0,Paid
196659,32302,2025-07-01,187657.0,0,Paid
196698,32392,2025-07-01,1808.0,0,Paid
196702,32405,2025-07-01,5883.0,19,Paid Late
196709,32430,2025-07-01,27135.0,0,Paid
196715,32453,2025-07-01,785.0,0,Paid
196740,32521,2025-07-01,827.0,0,Paid
196743,32529,2025-07-01,2098.0,0,Paid
196747,32536,2025-07-01,12101.0,0,Paid
196853,32811,2025-07-01,29200.0,0,Paid
196888,32920,2025-07-01,1324.0,21,Paid Late
196912,32995,2025-07-01,23894.0,0,Paid
196988,33208,2025-07-01,56683.0,0,Paid
197040,33372,2025-07-01,34162.0,0,Paid
197170,33774,2025-07-01,1789.0,0,Paid
197171,33776,2025-07-01,2348.0,26,Paid Late
197172,33778,2025-07-01,1990.0,16,Paid Late
197178,33794,2025-07-01,59261.0,0,Paid
197179,33796,2025-07-01,17556.0,0,Paid
197218,33919,2025-07-01,49721.0,0,Paid
197224,33945,2025-07-01,14236.0,0,Paid
197235,33975,2025-07-01,4170.0,0,Paid
197244,34001,2025-07-01,3430.0,0,Paid
197254,34048,2025-07-01,26590.0,0,Paid
197266,34076,2025-07-01,2382.0,0,Paid
197303,34201,2025-07-01,6417.0,0,Paid
197320,34261,2025-07-01,3416.0,18,Paid Late
197322,34265,2025-07-01,1719.0,0,Paid
197383,34482,2025-07-01,5351.0,0,Paid
197422,34615,2025-07-01,59859.0,13,Failed
197459,34721,2025-07-01,21805.0,0,Paid
197464,34735,2025-07-01,51574.0,0,Paid
197487,34795,2025-07-01,3430.0,0,Paid
197510,34863,2025-07-01,4965.0,0,Paid
197514,34879,2025-07-01,2190.0,0,Paid
197518,34889,2025-07-01,1642.0,0,Paid
197555,35003,2025-07-01,37860.0,0,Paid
197666,35343,2025-07-01,4639.0,14,Paid Late
197669,35346,2025-07-01,1678.0,28,Paid Late
197697,35439,2025-07-01,2740.0,0,Paid
197730,35528,2025-07-01,8197.0,0,Paid
197734,35550,2025-07-01,802.0,0,Paid
197787,35710,2025-07-01,26395.0,0,Paid
197843,35860,2025-07-01,1186.0,0,Paid
197864,35933,2025-07-01,282345.0,0,Paid
197895,36017,2025-07-01,34287.0,7,Failed
197897,36021,2025-07-01,810.0,0,Paid
197942,36158,2025-07-01,519.0,10,Paid Late
197947,36173,2025-07-01,835.0,0,Paid
197952,36197,2025-07-01,5842.0,0,Paid
198086,36602,2025-07-01,1930662.0,14,Failed
198137,36773,2025-07-01,4042.0,7,Failed
198146,36791,2025-07-01,4083.0,0,Paid
198156,36815,2025-07-01,18148.0,0,Paid
198177,36886,2025-07-01,1338.0,0,Paid
198185,36906,2025-07-01,1618.0,0,Paid
198192,36920,2025-07-01,3877.0,0,Paid
198216,36980,2025-07-01,19507.0,0,Paid
198220,36995,2025-07-01,214142.0,0,Paid
198252,37105,2025-07-01,2275.0,0,Paid
198254,37109,2025-07-01,666997.0,0,Paid
198257,37116,2025-07-01,231219.0,0,Paid
198268,37134,2025-07-01,3223.0,0,Paid
198292,37179,2025-07-01,2019.0,6,Paid Late
198325,37285,2025-07-01,45433.0,0,Paid
198339,37335,2025-07-01,2403.0,0,Paid
198372,37424,2025-07-01,116696.0,0,Paid
198386,37460,2025-07-01,281043.0,1,Paid Late
198399,37487,2025-07-01,111977.0,0,Paid
198404,37500,2025-07-01,7512.0,0,Paid
198445,37605,2025-07-01,31843.0,0,Paid
198472,37672,2025-07-01,30109.0,0,Paid
198497,37747,2025-07-01,1162.0,3,Failed
198556,37940,2025-07-01,5969.0,0,Paid
198574,37982,2025-07-01,27170.0,0,Paid
198586,38022,2025-07-01,3368.0,0,Paid
198598,38086,2025-07-01,68496.0,0,Paid
198600,38095,2025-07-01,3381.0,0,Paid
198635,38198,2025-07-01,819.0,0,Paid
198641,38211,2025-07-01,3467.0,12,Paid Late
198649,38227,2025-07-01,2339.0,0,Paid
198661,38268,2025-07-01,15044.0,0,Paid
198674,38306,2025-07-01,2667.0,28,Failed
198778,38612,2025-07-01,16682.0,12,Failed
198831,38766,2025-07-01,62413.0,9,Paid Late
198847,38812,2025-07-01,2396.0,0,Paid
198850,38823,2025-07-01,16893.0,0,Paid
198875,38906,2025-07-01,101271.0,20,Paid Late
198886,38939,2025-07-01,67627.0,0,Paid
198916,39017,2025-07-01,11178.0,15,Paid Late
198922,39037,2025-07-01,16589.0,18,Paid Late
198936,39062,2025-07-01,6553.0,0,Paid
199138,39739,2025-07-01,3368.0,0,Paid
199186,39869,2025-07-01,3614.0,55,Failed
199263,40093,2025-07-01,1810.0,0,Paid
199287,40166,2025-07-01,3308.0,6,Paid Late
199326,40270,2025-07-01,3452.0,0,Paid
199408,40485,2025-07-01,2902.0,0,Paid
199465,40659,2025-07-01,802.0,0,Paid
199498,40757,2025-07-01,9177.0,0,Paid
199519,40826,2025-07-01,7149.0,0,Paid
199524,40843,2025-07-01,2033.0,0,Paid
199538,40892,2025-07-01,30093.0,8,Paid Late
199551,40936,2025-07-01,23706.0,0,Paid
199612,41128,2025-07-01,14670.0,0,Paid
199676,41289,2025-07-01,2355.0,0,Paid
199769,41531,2025-07-01,95639.0,0,Paid
199776,41542,2025-07-01,35417.0,0,Paid
199783,41554,2025-07-01,5822.0,45,Failed
199815,41660,2025-07-01,4498.0,0,Paid
199820,41686,2025-07-01,1324.0,0,Paid
199825,41704,2025-07-01,1223.0,0,Paid
199829,41709,2025-07-01,59497.0,35,Paid Late
199831,41717,2025-07-01,1046.0,0,Paid
199836,41740,2025-07-01,3504.0,0,Paid
199852,41776,2025-07-01,1690.0,0,Paid
199871,41834,2025-07-01,2872.0,24,Paid Late
199877,41853,2025-07-01,181849.0,0,Paid
199881,41859,2025-07-01,5567.0,0,Paid
199885,41868,2025-07-01,3282.0,16,Paid Late
199892,41888,2025-07-01,37287.0,0,Paid
199907,41946,2025-07-01,1412.0,21,Paid Late
199912,41955,2025-07-01,3959.0,0,Paid
199913,41956,2025-07-01,3196.0,0,Paid
199916,41961,2025-07-01,4639.0,0,Paid
199922,41970,2025-07-01,15914.0,0,Paid
199931,41985,2025-07-01,519.0,0,Paid
199956,42058,2025-07-01,5335.0,0,Paid
199957,42060,2025-07-01,64393.0,0,Paid
199971,42105,2025-07-01,2931.0,0,Paid
199997,42176,2025-07-01,3541.0,36,Paid Late
200005,42196,2025-07-01,542.0,53,Failed
200032,42264,2025-07-01,9584.0,0,Paid
200073,42398,2025-07-01,287332.0,0,Paid
200083,42428,2025-07-01,2868.0,0,Paid
200091,42446,2025-07-01,759.0,21,Paid Late
200145,42620,2025-07-01,2872.0,0,Paid
200152,42635,2025-07-01,548.0,0,Paid
200227,42868,2025-07-01,1137.0,0,Paid
200286,43041,2025-07-01,210808.0,0,Paid
200333,43162,2025-07-01,995.0,20,Paid Late
200334,43165,2025-07-01,24803.0,0,Paid
200347,43194,2025-07-01,1481.0,0,Paid
200351,43202,2025-07-01,216983.0,0,Paid
200412,43358,2025-07-01,58231.0,0,Paid
200438,43428,2025-07-01,1682.0,9,Paid Late
200443,43444,2025-07-01,6287.0,0,Paid
200472,43533,2025-07-01,23210.0,0,Paid
200480,43556,2025-07-01,2726.0,26,Paid Late
200519,43663,2025-07-01,36167.0,12,Paid Late
200520,43665,2025-07-01,2122.0,15,Paid Late
200527,43687,2025-07-01,32670.0,13,Paid Late
200534,43702,2025-07-01,2784.0,0,Paid
200687,44132,2025-07-01,2251.0,13,Paid Late
200713,44211,2025-07-01,4083.0,0,Paid
200736,44258,2025-07-01,9487.0,0,Paid
200772,44365,2025-07-01,7671.0,0,Paid
200823,44541,2025-07-01,1569.0,0,Paid
200848,44620,2025-07-01,24455.0,0,Paid
200878,44692,2025-07-01,54366.0,10,Paid Late
200892,44722,2025-07-01,13425.0,0,Paid
200977,44979,2025-07-01,2119.0,0,Paid
201039,45151,2025-07-01,1137.0,0,Paid
201095,45344,2025-07-01,38339.0,0,Paid
201117,45395,2025-07-01,3651.0,29,Failed
201125,45424,2025-07-01,1774.0,0,Paid
201155,45507,2025-07-01,2195.0,0,Paid
201169,45541,2025-07-01,58108.0,0,Paid
201187,45606,2025-07-01,30648.0,43,Paid Late
201188,45608,2025-07-01,542.0,0,Paid
201223,45702,2025-07-01,1770.0,0,Paid
201226,45708,2025-07-01,2921.0,36,Paid Late
201240,45757,2025-07-01,15747.0,0,Paid
201266,45831,2025-07-01,1338.0,0,Paid
201295,45909,2025-07-01,15775.0,18,Failed
201325,45983,2025-07-01,252276.0,0,Paid
201361,46074,2025-07-01,90483.0,15,Paid Late
201368,46088,2025-07-01,7372.0,0,Paid
201394,46158,2025-07-01,21092.0,0,Paid
201518,46503,2025-07-01,145189.0,0,Paid
201554,46607,2025-07-01,2856.0,0,Paid
201570,46659,2025-07-01,1256.0,0,Paid
201589,46708,2025-07-01,4639.0,0,Paid
201600,46731,2025-07-01,4452.0,6,Failed
201605,46740,2025-07-01,39523.0,0,Paid
201656,46903,2025-07-01,13610.0,0,Paid
201710,47036,2025-07-01,3334.0,6,Paid Late
201770,47208,2025-07-01,1046.0,0,Paid
201838,47413,2025-07-01,1057.0,0,Paid
201856,47460,2025-07-01,66528.0,0,Paid
201878,47527,2025-07-01,4452.0,0,Paid
201930,47666,2025-07-01,1713.0,0,Paid
201933,47675,2025-07-01,402451.0,0,Paid
201998,47863,2025-07-01,1884.0,0,Paid
202007,47889,2025-07-01,203288.0,0,Paid
202015,47913,2025-07-01,3231.0,6,Paid Late
202034,47989,2025-07-01,6831.0,9,Paid Late
202051,48050,2025-07-01,542.0,0,Paid
202117,48223,2025-07-01,8132.0,42,Paid Late
202140,48299,2025-07-01,36742.0,0,Paid
202156,48337,2025-07-01,3162.0,0,Paid
202164,48355,2025-07-01,4592.0,0,Paid
202187,48427,2025-07-01,3231.0,0,Paid
202188,48428,2025-07-01,13208.0,6,Paid Late
202240,48567,2025-07-01,1269.0,0,Paid
202330,48808,2025-07-01,59255.0,0,Paid
202402,49009,2025-07-01,7592.0,0,Paid
202443,49130,2025-07-01,4001.0,24,Failed
202447,49144,2025-07-01,3487.0,5,Paid Late
202456,49168,2025-07-01,21092.0,0,Paid
202480,49214,2025-07-01,2076.0,0,Paid
202496,49249,2025-07-01,714658.0,0,Paid
202522,49313,2025-07-01,2044.0,0,Paid
202563,49489,2025-07-01,2542.0,0,Paid
202573,49517,2025-07-01,667192.0,4,Paid Late
202600,49606,2025-07-01,1102.0,0,Paid
202606,49617,2025-07-01,11164.0,0,Paid
202614,49642,2025-07-01,2843.0,0,Paid
202678,49872,2025-07-01,5842.0,0,Paid
202695,49913,2025-07-01,3547.0,0,Paid
202718,49980,2025-07-01,70024.0,0,Paid
202734,18,2025-08-01,10940.0,0,Paid
202736,23,2025-08-01,5683.0,0,Paid
202743,43,2025-08-01,81686.0,20,Failed
202746,48,2025-08-01,1950.0,0,Paid
202749,58,2025-08-01,5139.0,0,Paid
202762,119,2025-08-01,58864.0,8,Paid Late
202805,222,2025-08-01,802.0,0,Paid
202816,247,2025-08-01,11489.0,0,Paid
202837,300,2025-08-01,2493731.0,15,Paid Late
202848,319,2025-08-01,274396.0,0,Paid
202855,335,2025-08-01,1283.0,0,Paid
202862,356,2025-08-01,2917.0,0,Paid
202871,379,2025-08-01,12923.0,0,Paid
202931,531,2025-08-01,2922.0,0,Paid
202948,575,2025-08-01,40616.0,0,Paid
202991,668,2025-08-01,548.0,0,Paid
202994,685,2025-08-01,2323.0,0,Paid
202997,689,2025-08-01,2363.0,19,Paid Late
203064,855,2025-08-01,3712.0,33,Failed
203076,895,2025-08-01,1946.0,21,Failed
203117,1022,2025-08-01,31955.0,0,Paid
203128,1048,2025-08-01,22042.0,0,Paid
203131,1054,2025-08-01,2814.0,20,Paid Late
203135,1061,2025-08-01,1560.0,0,Paid
203138,1073,2025-08-01,2076.0,0,Paid
203144,1092,2025-08-01,1046.0,0,Paid
203195,1227,2025-08-01,3057.0,0,Paid
203199,1237,2025-08-01,2011.0,0,Paid
203230,1314,2025-08-01,5652.0,20,Paid Late
203246,1362,2025-08-01,5518.0,0,Paid
203255,1385,2025-08-01,1186.0,0,Paid
203260,1402,2025-08-01,39682.0,34,Paid Late
203404,1806,2025-08-01,59603.0,0,Paid
203443,1917,2025-08-01,74436.0,0,Paid
203492,2082,2025-08-01,42635.0,0,Paid
203682,2575,2025-08-01,734.0,0,Paid
203695,2620,2025-08-01,25733.0,0,Paid
203724,2705,2025-08-01,661165.0,0,Paid
203726,2713,2025-08-01,1310.0,54,Failed
203744,2754,2025-08-01,1558.0,0,Paid
203746,2761,2025-08-01,1572.0,0,Paid
203749,2768,2025-08-01,4274.0,0,Paid
203762,2803,2025-08-01,671296.0,27,Paid Late
203791,2899,2025-08-01,30661.0,0,Paid
203847,3054,2025-08-01,768.0,0,Paid
203892,3171,2025-08-01,137615.0,7,Paid Late
203930,3285,2025-08-01,106645.0,0,Paid
203974,3421,2025-08-01,33627.0,0,Paid
203975,3422,2025-08-01,9439.0,2,Paid Late
204056,3656,2025-08-01,2489.0,0,Paid
204120,3835,2025-08-01,7352.0,0,Paid
204122,3840,2025-08-01,1296.0,0,Paid
204162,3966,2025-08-01,2898.0,10,Paid Late
204306,4376,2025-08-01,2011.0,0,Paid
204336,4453,2025-08-01,35797.0,0,Paid
204357,4520,2025-08-01,25088.0,0,Paid
204362,4534,2025-08-01,4634.0,13,Paid Late
204375,4562,2025-08-01,30391.0,0,Paid
204379,4576,2025-08-01,5087.0,0,Paid
204400,4626,2025-08-01,55699.0,32,Paid Late
204408,4654,2025-08-01,1063076.0,25,Paid Late
204453,4759,2025-08-01,34592.0,0,Paid
204468,4788,2025-08-01,24028.0,0,Paid
204476,4810,2025-08-01,31839.0,0,Paid
204478,4819,2025-08-01,201004.0,25,Paid Late
204516,4922,2025-08-01,5161.0,0,Paid
204529,4953,2025-08-01,714020.0,0,Paid
204540,4988,2025-08-01,507146.0,0,Paid
204555,5023,2025-08-01,3089.0,20,Paid Late
204565,5046,2025-08-01,37180.0,18,Failed
204612,5161,2025-08-01,3299.0,28,Paid Late
204623,5199,2025-08-01,5451.0,17,Paid Late
204684,5367,2025-08-01,103614.0,0,Paid
204696,5398,2025-08-01,36277.0,0,Paid
204700,5411,2025-08-01,66539.0,0,Paid
204709,5428,2025-08-01,7149.0,0,Paid
204743,5513,2025-08-01,56636.0,0,Paid
204762,5566,2025-08-01,4498.0,0,Paid
204801,5657,2025-08-01,565.0,0,Paid
204803,5659,2025-08-01,20634.0,6,Failed
204824,5717,2025-08-01,26526.0,0,Paid
204835,5749,2025-08-01,2339.0,0,Paid
204838,5754,2025-08-01,2141.0,17,Failed
204853,5786,2025-08-01,2540.0,0,Paid
204888,5855,2025-08-01,3265.0,0,Paid
204930,5985,2025-08-01,1160.0,0,Paid
204965,6092,2025-08-01,101329.0,10,Failed
204966,6096,2025-08-01,11021.0,0,Paid
204968,6100,2025-08-01,296039.0,0,Paid
204981,6134,2025-08-01,20347.0,0,Paid
204987,6149,2025-08-01,67102.0,0,Paid
205041,6317,2025-08-01,1283.0,0,Paid
205053,6362,2025-08-01,1123.0,0,Paid
205099,6487,2025-08-01,1884.0,0,Paid
205113,6529,2025-08-01,120502.0,0,Paid
205118,6545,2025-08-01,20610.0,0,Paid
205122,6557,2025-08-01,1434866.0,0,Paid
205154,6653,2025-08-01,128455.0,0,Paid
205168,6693,2025-08-01,98223.0,0,Paid
205182,6744,2025-08-01,31650.0,19,Paid Late
205193,6786,2025-08-01,36689.0,0,Paid
205207,6814,2025-08-01,3057.0,0,Paid
205255,6937,2025-08-01,2348.0,0,Paid
205280,6997,2025-08-01,1103.0,0,Paid
205297,7039,2025-08-01,6624.0,0,Paid
205303,7058,2025-08-01,32192.0,26,Paid Late
205363,7227,2025-08-01,9399.0,0,Paid
205426,7430,2025-08-01,1527.0,0,Paid
205449,7497,2025-08-01,25703.0,0,Paid
205493,7609,2025-08-01,55399.0,0,Paid
205637,8039,2025-08-01,1664.0,0,Paid
205658,8085,2025-08-01,6348.0,0,Paid
205701,8179,2025-08-01,26592.0,0,Paid
205722,8236,2025-08-01,1162.0,0,Paid
205755,8339,2025-08-01,26320.0,0,Paid
205756,8340,2025-08-01,3299.0,0,Paid
205764,8359,2025-08-01,220148.0,13,Paid Late
205774,8392,2025-08-01,1838.0,0,Paid
205784,8424,2025-08-01,542.0,0,Paid
205885,8712,2025-08-01,2689.0,0,Paid
205889,8727,2025-08-01,7372.0,0,Paid
205903,8775,2025-08-01,792.0,0,Paid
205911,8799,2025-08-01,7671.0,0,Paid
205983,9057,2025-08-01,19116.0,0,Paid
205990,9083,2025-08-01,2033.0,0,Paid
206003,9104,2025-08-01,36126.0,0,Paid
206007,9112,2025-08-01,34660.0,0,Paid
206018,9141,2025-08-01,2243.0,0,Paid
206025,9157,2025-08-01,7372.0,0,Paid
206052,9229,2025-08-01,59923.0,0,Paid
206067,9269,2025-08-01,3025.0,0,Paid
206068,9272,2025-08-01,819.0,11,Paid Late
206117,9399,2025-08-01,1310.0,0,Paid
206137,9465,2025-08-01,3402.0,0,Paid
206152,9505,2025-08-01,53713.0,0,Paid
206170,9565,2025-08-01,39102.0,0,Paid
206188,9636,2025-08-01,13035.0,0,Paid
206213,9703,2025-08-01,49695.0,3,Paid Late
206220,9724,2025-08-01,24644.0,0,Paid
206239,9768,2025-08-01,52055.0,0,Paid
206267,9836,2025-08-01,65536.0,0,Paid
206279,9866,2025-08-01,3231.0,13,Failed
206302,9947,2025-08-01,6831.0,0,Paid
206317,9995,2025-08-01,52813.0,0,Paid
206372,10160,2025-08-01,1338.0,0,Paid
206388,10214,2025-08-01,793.0,0,Paid
206402,10246,2025-08-01,1495.0,0,Paid
206422,10322,2025-08-01,3368.0,0,Paid
206426,10330,2025-08-01,143673.0,0,Paid
206445,10376,2025-08-01,38426.0,0,Paid
206470,10429,2025-08-01,66036.0,0,Paid
206478,10457,2025-08-01,1080.0,0,Paid
206530,10591,2025-08-01,2569.0,34,Paid Late
206606,10771,2025-08-01,32562.0,7,Paid Late
206609,10776,2025-08-01,22658.0,28,Paid Late
206611,10780,2025-08-01,4042.0,0,Paid
206774,11261,2025-08-01,4545.0,53,Paid Late
206826,11425,2025-08-01,21761.0,8,Paid Late
206839,11457,2025-08-01,4877.0,0,Paid
206846,11474,2025-08-01,36644.0,0,Paid
206964,11789,2025-08-01,121770.0,0,Paid
206998,11861,2025-08-01,1884.0,13,Paid Late
207006,11883,2025-08-01,58642.0,0,Paid
207051,12008,2025-08-01,827.0,0,Paid
207084,12103,2025-08-01,59923.0,56,Paid Late
207108,12176,2025-08-01,35863.0,0,Paid
207123,12239,2025-08-01,3541.0,0,Paid
207144,12321,2025-08-01,37080.0,0,Paid
207163,12375,2025-08-01,104352.0,29,Paid Late
207241,12586,2025-08-01,1646.0,0,Paid
207242,12588,2025-08-01,2872.0,0,Paid
207246,12602,2025-08-01,519.0,0,Paid
207278,12673,2025-08-01,13242.0,0,Paid
207288,12693,2025-08-01,24829.0,0,Paid
207304,12728,2025-08-01,48876.0,0,Paid
207344,12819,2025-08-01,1792.0,0,Paid
207361,12867,2025-08-01,4871.0,0,Paid
207417,12990,2025-08-01,819.0,0,Paid
207472,13155,2025-08-01,548.0,0,Paid
207496,13215,2025-08-01,6555.0,0,Paid
207502,13230,2025-08-01,1810.0,0,Paid
207561,13412,2025-08-01,559.0,0,Paid
207576,13468,2025-08-01,2412.0,0,Paid
207580,13481,2025-08-01,7149.0,0,Paid
207629,13618,2025-08-01,1123.0,0,Paid
207636,13637,2025-08-01,6831.0,0,Paid
207640,13647,2025-08-01,1572.0,0,Paid
207694,13806,2025-08-01,57124.0,0,Paid
207767,13997,2025-08-01,2818.0,0,Paid
207857,14249,2025-08-01,1162.0,0,Paid
207862,14270,2025-08-01,134854.0,15,Failed
207863,14271,2025-08-01,2516.0,20,Paid Late
207868,14279,2025-08-01,59719.0,0,Paid
207907,14388,2025-08-01,1751.0,0,Paid
208009,14706,2025-08-01,15307.0,0,Paid
208016,14732,2025-08-01,3217.0,0,Paid
208049,14827,2025-08-01,38048.0,0,Paid
208053,14837,2025-08-01,22166.0,0,Paid
208101,14970,2025-08-01,1083.0,0,Paid
208129,15049,2025-08-01,2516.0,0,Paid
208190,15189,2025-08-01,2021.0,0,Paid
208192,15193,2025-08-01,23000.0,6,Failed
208257,15368,2025-08-01,645.0,0,Paid
208261,15380,2025-08-01,5518.0,0,Paid
208265,15389,2025-08-01,1846.0,0,Paid
208275,15412,2025-08-01,17265.0,15,Paid Late
208299,15472,2025-08-01,4929.0,0,Paid
208340,15612,2025-08-01,3224.0,0,Paid
208354,15639,2025-08-01,2521.0,0,Paid
208406,15791,2025-08-01,819.0,0,Paid
208495,16036,2025-08-01,26440.0,0,Paid
208499,16048,2025-08-01,2119.0,0,Paid
208509,16073,2025-08-01,58235.0,9,Paid Late
208529,16131,2025-08-01,78371.0,29,Paid Late
208560,16241,2025-08-01,14450.0,0,Paid
208572,16280,2025-08-01,6627.0,0,Paid
208602,16348,2025-08-01,24985.0,0,Paid
208605,16353,2025-08-01,1827.0,0,Paid
208619,16381,2025-08-01,1626.0,0,Paid
208658,16487,2025-08-01,159592.0,0,Paid
208733,16705,2025-08-01,2323.0,4,Paid Late
208736,16712,2025-08-01,186033.0,0,Paid
208757,16769,2025-08-01,57793.0,0,Paid
208837,16996,2025-08-01,6438.0,25,Paid Late
208864,17072,2025-08-01,38010.0,0,Paid
208872,17095,2025-08-01,59975.0,30,Paid Late
208890,17147,2025-08-01,25145.0,0,Paid
208976,17352,2025-08-01,2323.0,0,Paid
208982,17368,2025-08-01,4124.0,0,Paid
209051,17555,2025-08-01,17564.0,40,Failed
209102,17724,2025-08-01,1174.0,0,Paid
209127,17794,2025-08-01,111942.0,12,Failed
209130,17800,2025-08-01,24447.0,0,Paid
209136,17818,2025-08-01,6348.0,0,Paid
209146,17838,2025-08-01,7751.0,0,Paid
209158,17862,2025-08-01,11545.0,0,Paid
209197,17974,2025-08-01,3368.0,15,Failed
209205,17993,2025-08-01,69976.0,0,Paid
209211,18013,2025-08-01,1593.0,0,Paid
209227,18057,2025-08-01,4592.0,0,Paid
209243,18088,2025-08-01,5906.0,0,Paid
209251,18104,2025-08-01,21997.0,11,Paid Late
209258,18130,2025-08-01,64675.0,0,Paid
209315,18303,2025-08-01,14574.0,32,Paid Late
209317,18307,2025-08-01,53713.0,0,Paid
209431,18662,2025-08-01,2596.0,0,Paid
209479,18808,2025-08-01,1511.0,9,Paid Late
209481,18811,2025-08-01,2122.0,0,Paid
209496,18887,2025-08-01,102058.0,0,Paid
209500,18901,2025-08-01,14528.0,0,Paid
209501,18902,2025-08-01,35717.0,44,Failed
209506,18914,2025-08-01,2872.0,0,Paid
209537,18997,2025-08-01,5451.0,0,Paid
209538,19002,2025-08-01,61612.0,0,Paid
209547,19036,2025-08-01,71415.0,18,Failed
209562,19079,2025-08-01,248292.0,0,Paid
209570,19095,2025-08-01,6210.0,0,Paid
209695,19468,2025-08-01,2707.0,0,Paid
209727,19560,2025-08-01,3651.0,0,Paid
209787,19729,2025-08-01,9228.0,0,Paid
209809,19777,2025-08-01,2420.0,0,Paid
209817,19794,2025-08-01,6690.0,0,Paid
209823,19811,2025-08-01,2958.0,0,Paid
209909,20071,2025-08-01,3153.0,0,Paid
209912,20082,2025-08-01,65108.0,0,Paid
209932,20131,2025-08-01,1199.0,0,Paid
209945,20162,2025-08-01,40616.0,0,Paid
209985,20296,2025-08-01,3103.0,0,Paid
210001,20335,2025-08-01,3487.0,11,Paid Late
210007,20357,2025-08-01,1243523.0,0,Paid
210021,20391,2025-08-01,14361.0,0,Paid
210056,20493,2025-08-01,4592.0,0,Paid
210064,20516,2025-08-01,4545.0,0,Paid
210093,20595,2025-08-01,2141.0,0,Paid
210127,20677,2025-08-01,46293.0,0,Paid
210186,20821,2025-08-01,40857.0,0,Paid
210228,20940,2025-08-01,2141.0,0,Paid
210245,20987,2025-08-01,1808.0,0,Paid
210262,21026,2025-08-01,1560.0,13,Paid Late
210304,21126,2025-08-01,4264.0,0,Paid
210313,21156,2025-08-01,12965.0,5,Paid Late
210326,21189,2025-08-01,10044.0,0,Paid
210362,21288,2025-08-01,3467.0,0,Paid
210442,21504,2025-08-01,3523.0,0,Paid
210455,21542,2025-08-01,2596.0,0,Paid
210462,21561,2025-08-01,2275.0,0,Paid
210499,21682,2025-08-01,57704.0,0,Paid
210522,21751,2025-08-01,15747.0,0,Paid
210532,21783,2025-08-01,4498.0,0,Paid
210657,22110,2025-08-01,1200.0,0,Paid
210671,22139,2025-08-01,1560.0,39,Paid Late
210674,22154,2025-08-01,2435.0,0,Paid
210695,22215,2025-08-01,2119.0,0,Paid
210696,22217,2025-08-01,73775.0,0,Paid
210719,22297,2025-08-01,16504.0,0,Paid
210732,22343,2025-08-01,13335.0,0,Paid
210771,22485,2025-08-01,11423.0,15,Paid Late
210773,22487,2025-08-01,2315.0,7,Failed
210805,22573,2025-08-01,6616.0,0,Paid
210820,22605,2025-08-01,1610.0,0,Paid
210845,22662,2025-08-01,7081.0,0,Paid
210851,22676,2025-08-01,3655.0,0,Paid
210885,22756,2025-08-01,692.0,0,Paid
210889,22768,2025-08-01,64465.0,0,Paid
210939,22915,2025-08-01,1430.0,0,Paid
210953,22949,2025-08-01,980564.0,0,Paid
210975,22999,2025-08-01,56625.0,0,Paid
211027,23130,2025-08-01,37980.0,0,Paid
211045,23169,2025-08-01,2372.0,0,Paid
211061,23219,2025-08-01,54486.0,7,Paid Late
211144,23467,2025-08-01,40244.0,0,Paid
211149,23484,2025-08-01,7352.0,22,Paid Late
211159,23508,2025-08-01,3072.0,0,Paid
211160,23512,2025-08-01,67900.0,0,Paid
211233,23713,2025-08-01,31064.0,0,Paid
211302,23892,2025-08-01,810.0,3,Paid Late
211316,23931,2025-08-01,26037.0,0,Paid
211357,24011,2025-08-01,2048.0,0,Paid
211413,24199,2025-08-01,17951.0,12,Paid Late
211441,24298,2025-08-01,47487.0,0,Paid
211506,24484,2025-08-01,1792.0,0,Paid
211534,24563,2025-08-01,1846.0,0,Paid
211545,24595,2025-08-01,3614.0,10,Failed
211551,24630,2025-08-01,50101.0,18,Paid Late
211590,24703,2025-08-01,2219.0,0,Paid
211594,24712,2025-08-01,53107.0,0,Paid
211600,24733,2025-08-01,7831.0,0,Paid
211615,24772,2025-08-01,1080.0,0,Paid
211637,24829,2025-08-01,7671.0,0,Paid
211640,24838,2025-08-01,1751.0,0,Paid
211641,24845,2025-08-01,1427.0,21,Paid Late
211643,24848,2025-08-01,3138.0,0,Paid
211679,24948,2025-08-01,3368.0,0,Paid
211683,24957,2025-08-01,29292.0,0,Paid
211710,25035,2025-08-01,2033.0,0,Paid
211726,25075,2025-08-01,237761.0,0,Paid
211753,25138,2025-08-01,28196.0,5,Paid Late
211757,25145,2025-08-01,2372.0,0,Paid
211797,25247,2025-08-01,1057.0,0,Paid
211804,25256,2025-08-01,61877.0,7,Failed
211825,25319,2025-08-01,810.0,0,Paid
211834,25336,2025-08-01,1269.0,0,Paid
211922,25560,2025-08-01,4358.0,0,Paid
211930,25577,2025-08-01,1136430.0,0,Paid
211945,25613,2025-08-01,55921.0,0,Paid
211962,25666,2025-08-01,70736.0,0,Paid
211975,25694,2025-08-01,18422.0,0,Paid
212050,25909,2025-08-01,14720.0,0,Paid
212054,25919,2025-08-01,21319.0,0,Paid
212055,25920,2025-08-01,3153.0,71,Paid Late
212067,25951,2025-08-01,1755.0,0,Paid
212125,26147,2025-08-01,15972.0,0,Paid
212189,26312,2025-08-01,239771.0,0,Paid
212253,26507,2025-08-01,924.0,0,Paid
212304,26685,2025-08-01,810.0,0,Paid
212317,26714,2025-08-01,19214.0,0,Paid
212324,26734,2025-08-01,300974.0,38,Paid Late
212329,26744,2025-08-01,58108.0,0,Paid
212356,26817,2025-08-01,32605.0,0,Paid
212363,26835,2025-08-01,147195.0,18,Paid Late
212392,26911,2025-08-01,751.0,0,Paid
212470,27133,2025-08-01,6792.0,0,Paid
212507,27248,2025-08-01,31546.0,0,Paid
212529,27315,2025-08-01,3121.0,0,Paid
212540,27337,2025-08-01,44664.0,0,Paid
212556,27392,2025-08-01,1713.0,0,Paid
212621,27545,2025-08-01,1102.0,0,Paid
212713,27778,2025-08-01,25244.0,0,Paid
212718,27791,2025-08-01,48865.0,0,Paid
212774,27940,2025-08-01,3416.0,0,Paid
212783,27963,2025-08-01,1774.0,0,Paid
212829,28082,2025-08-01,4824.0,0,Paid
212864,28203,2025-08-01,7512.0,0,Paid
212877,28239,2025-08-01,2672.0,0,Paid
212892,28278,2025-08-01,570380.0,15,Paid Late
212929,28370,2025-08-01,32057.0,0,Paid
212935,28382,2025-08-01,14838.0,0,Paid
212955,28440,2025-08-01,1338.0,0,Paid
212959,28453,2025-08-01,2726.0,0,Paid
213110,28899,2025-08-01,4523.0,0,Paid
213191,29155,2025-08-01,32696.0,18,Paid Late
213222,29251,2025-08-01,57502.0,0,Paid
213240,29302,2025-08-01,110674.0,0,Paid
213259,29367,2025-08-01,10306.0,0,Paid
213301,29499,2025-08-01,30077.0,0,Paid
213355,29667,2025-08-01,82879.0,0,Paid
213361,29679,2025-08-01,4452.0,0,Paid
213405,29805,2025-08-01,2243.0,0,Paid
213416,29832,2025-08-01,2171.0,0,Paid
213442,29897,2025-08-01,13208.0,39,Paid Late
213450,29926,2025-08-01,13277.0,0,Paid
213466,29986,2025-08-01,56080.0,0,Paid
213555,30229,2025-08-01,215516.0,15,Paid Late
213614,30410,2025-08-01,11300.0,31,Paid Late
213642,30484,2025-08-01,1087.0,0,Paid
213712,30716,2025-08-01,2659.0,44,Paid Late
213717,30738,2025-08-01,69498.0,0,Paid
213745,30798,2025-08-01,48100.0,0,Paid
213751,30819,2025-08-01,157296.0,0,Paid
213752,30820,2025-08-01,2768.0,0,Paid
213768,30866,2025-08-01,2348.0,0,Paid
213769,30867,2025-08-01,1713.0,0,Paid
213857,31126,2025-08-01,5103.0,0,Paid
213870,31160,2025-08-01,2251.0,0,Paid
213879,31179,2025-08-01,4982.0,0,Paid
213929,31324,2025-08-01,4217.0,0,Paid
213930,31331,2025-08-01,2755.0,0,Paid
213954,31392,2025-08-01,2275.0,0,Paid
213979,31468,2025-08-01,5451.0,0,Paid
214010,31544,2025-08-01,63622.0,0,Paid
214015,31563,2025-08-01,1609.0,0,Paid
214062,31691,2025-08-01,2251.0,0,Paid
214065,31701,2025-08-01,2130.0,18,Failed
214074,31726,2025-08-01,2898.0,0,Paid
214075,31730,2025-08-01,3393.0,0,Paid
214094,31775,2025-08-01,14322.0,0,Paid
214110,31811,2025-08-01,2872.0,0,Paid
214165,31969,2025-08-01,1467.0,0,Paid
214172,31983,2025-08-01,27698.0,0,Paid
214181,32005,2025-08-01,9197.0,0,Paid
214188,32019,2025-08-01,4001.0,17,Failed
214190,32021,2025-08-01,14742.0,5,Paid Late
214224,32121,2025-08-01,34824.0,10,Paid Late
214230,32137,2025-08-01,50694.0,13,Paid Late
214242,32171,2025-08-01,18771.0,0,Paid
214260,32211,2025-08-01,6693.0,3,Paid Late
214290,32302,2025-08-01,187657.0,15,Failed
214326,32392,2025-08-01,1808.0,0,Paid
214332,32405,2025-08-01,5883.0,0,Paid
214339,32430,2025-08-01,27135.0,0,Paid
214346,32453,2025-08-01,785.0,0,Paid
214371,32521,2025-08-01,827.0,0,Paid
214375,32529,2025-08-01,2098.0,0,Paid
214379,32536,2025-08-01,12101.0,6,Paid Late
214446,32673,2025-08-01,34517.0,0,Paid
214496,32811,2025-08-01,29200.0,0,Paid
214534,32920,2025-08-01,1324.0,0,Paid
214559,32995,2025-08-01,23894.0,0,Paid
214633,33208,2025-08-01,56683.0,0,Paid
214658,33284,2025-08-01,956.0,0,Paid
214685,33372,2025-08-01,34162.0,0,Paid
214811,33774,2025-08-01,1789.0,0,Paid
214812,33776,2025-08-01,2348.0,0,Paid
214813,33778,2025-08-01,1990.0,15,Paid Late
214823,33794,2025-08-01,59261.0,0,Paid
214824,33796,2025-08-01,17556.0,0,Paid
214851,33871,2025-08-01,2607336.0,23,Paid Late
214868,33919,2025-08-01,49721.0,0,Paid
214874,33945,2025-08-01,14236.0,0,Paid
214885,33975,2025-08-01,4170.0,0,Paid
214892,34001,2025-08-01,3430.0,0,Paid
214897,34013,2025-08-01,2246573.0,0,Paid
214904,34038,2025-08-01,46796.0,0,Paid
214917,34076,2025-08-01,2382.0,0,Paid
214957,34201,2025-08-01,6417.0,0,Paid
214977,34261,2025-08-01,3416.0,0,Paid
214980,34265,2025-08-01,1719.0,0,Paid
215047,34482,2025-08-01,5351.0,22,Paid Late
215073,34559,2025-08-01,35876.0,0,Paid
215084,34615,2025-08-01,59859.0,0,Paid
215122,34721,2025-08-01,21805.0,0,Paid
215125,34735,2025-08-01,51574.0,0,Paid
215147,34795,2025-08-01,3430.0,0,Paid
215169,34863,2025-08-01,4965.0,0,Paid
215173,34879,2025-08-01,2190.0,0,Paid
215177,34889,2025-08-01,1642.0,0,Paid
215217,35003,2025-08-01,37860.0,0,Paid
215241,35071,2025-08-01,25348.0,0,Paid
215336,35343,2025-08-01,4639.0,35,Paid Late
215339,35346,2025-08-01,1678.0,23,Paid Late
215366,35439,2025-08-01,2740.0,0,Paid
215403,35550,2025-08-01,802.0,0,Paid
215511,35860,2025-08-01,1186.0,0,Paid
215533,35933,2025-08-01,282345.0,0,Paid
215569,36017,2025-08-01,34287.0,41,Failed
215571,36021,2025-08-01,810.0,21,Paid Late
215590,36076,2025-08-01,62003.0,11,Paid Late
215613,36158,2025-08-01,519.0,0,Paid
215616,36173,2025-08-01,835.0,0,Paid
215620,36197,2025-08-01,5842.0,27,Paid Late
215623,36206,2025-08-01,24052.0,19,Paid Late
215694,36413,2025-08-01,1485702.0,59,Failed
215807,36773,2025-08-01,4042.0,0,Paid
215816,36791,2025-08-01,4083.0,0,Paid
215824,36815,2025-08-01,18148.0,0,Paid
215829,36833,2025-08-01,440186.0,10,Paid Late
215844,36886,2025-08-01,1338.0,0,Paid
215853,36906,2025-08-01,1618.0,0,Paid
215861,36920,2025-08-01,3877.0,0,Paid
215887,36980,2025-08-01,19507.0,0,Paid
215892,36995,2025-08-01,214142.0,0,Paid
215924,37105,2025-08-01,2275.0,6,Paid Late
215928,37116,2025-08-01,231219.0,0,Paid
215938,37134,2025-08-01,3223.0,0,Paid
215957,37179,2025-08-01,2019.0,0,Paid
215995,37285,2025-08-01,45433.0,0,Paid
216009,37335,2025-08-01,2403.0,0,Paid
216042,37424,2025-08-01,116696.0,0,Paid
216056,37460,2025-08-01,281043.0,0,Paid
216068,37487,2025-08-01,111977.0,0,Paid
216073,37500,2025-08-01,7512.0,0,Paid
216116,37605,2025-08-01,31843.0,0,Paid
216142,37672,2025-08-01,30109.0,0,Paid
216170,37747,2025-08-01,1162.0,0,Paid
216233,37940,2025-08-01,5969.0,0,Paid
216251,37982,2025-08-01,27170.0,0,Paid
216268,38022,2025-08-01,3368.0,0,Paid
216280,38086,2025-08-01,68496.0,0,Paid
216283,38095,2025-08-01,3381.0,0,Paid
216317,38197,2025-08-01,6624.0,0,Paid
216318,38198,2025-08-01,819.0,0,Paid
216324,38211,2025-08-01,3467.0,37,Failed
216332,38227,2025-08-01,2339.0,0,Paid
216357,38306,2025-08-01,2667.0,0,Paid
216455,38612,2025-08-01,16682.0,31,Paid Late
216512,38766,2025-08-01,62413.0,0,Paid
216529,38812,2025-08-01,2396.0,14,Paid Late
216532,38823,2025-08-01,16893.0,0,Paid
216551,38906,2025-08-01,101271.0,0,Paid
216565,38939,2025-08-01,67627.0,0,Paid
216615,39062,2025-08-01,6553.0,0,Paid
216831,39739,2025-08-01,3368.0,0,Paid
216875,39869,2025-08-01,3614.0,0,Paid
216884,39899,2025-08-01,15962.0,0,Paid
216952,40093,2025-08-01,1810.0,0,Paid
216980,40166,2025-08-01,3308.0,0,Paid
217017,40270,2025-08-01,3452.0,0,Paid
217095,40485,2025-08-01,2902.0,0,Paid
217152,40659,2025-08-01,802.0,0,Paid
217183,40757,2025-08-01,9177.0,0,Paid
217209,40826,2025-08-01,7149.0,0,Paid
217214,40843,2025-08-01,2033.0,0,Paid
217228,40892,2025-08-01,30093.0,0,Paid
217298,41124,2025-08-01,51862.0,0,Paid
217299,41128,2025-08-01,14670.0,0,Paid
217361,41289,2025-08-01,2355.0,0,Paid
217459,41531,2025-08-01,95639.0,0,Paid
217466,41542,2025-08-01,35417.0,0,Paid
217474,41554,2025-08-01,5822.0,0,Paid
217507,41660,2025-08-01,4498.0,36,Paid Late
217514,41686,2025-08-01,1324.0,0,Paid
217519,41704,2025-08-01,1223.0,0,Paid
217523,41709,2025-08-01,59497.0,10,Paid Late
217526,41717,2025-08-01,1046.0,28,Paid Late
217530,41740,2025-08-01,3504.0,0,Paid
217546,41776,2025-08-01,1690.0,0,Paid
217571,41834,2025-08-01,2872.0,0,Paid
217579,41853,2025-08-01,181849.0,0,Paid
217583,41859,2025-08-01,5567.0,0,Paid
217587,41868,2025-08-01,3282.0,0,Paid
217594,41888,2025-08-01,37287.0,0,Paid
217608,41946,2025-08-01,1412.0,0,Paid
217614,41955,2025-08-01,3959.0,0,Paid
217615,41956,2025-08-01,3196.0,0,Paid
217618,41961,2025-08-01,4639.0,0,Paid
217624,41970,2025-08-01,15914.0,0,Paid
217633,41985,2025-08-01,519.0,43,Paid Late
217661,42058,2025-08-01,5335.0,0,Paid
217662,42060,2025-08-01,64393.0,2,Paid Late
217676,42105,2025-08-01,2931.0,0,Paid
217702,42176,2025-08-01,3541.0,25,Failed
217708,42196,2025-08-01,542.0,0,Paid
217734,42264,2025-08-01,9584.0,0,Paid
217777,42398,2025-08-01,287332.0,13,Paid Late
217786,42428,2025-08-01,2868.0,0,Paid
217793,42446,2025-08-01,759.0,10,Failed
217849,42620,2025-08-01,2872.0,0,Paid
217858,42635,2025-08-01,548.0,0,Paid
217934,42868,2025-08-01,1137.0,0,Paid
217996,43041,2025-08-01,210808.0,0,Paid
218046,43162,2025-08-01,995.0,0,Paid
218047,43165,2025-08-01,24803.0,0,Paid
218060,43194,2025-08-01,1481.0,0,Paid
218127,43358,2025-08-01,58231.0,0,Paid
218156,43428,2025-08-01,1682.0,1,Paid Late
218162,43444,2025-08-01,6287.0,0,Paid
218190,43533,2025-08-01,23210.0,0,Paid
218198,43556,2025-08-01,2726.0,0,Paid
218241,43663,2025-08-01,36167.0,9,Failed
218242,43665,2025-08-01,2122.0,0,Paid
218256,43702,2025-08-01,2784.0,0,Paid
218404,44132,2025-08-01,2251.0,0,Paid
218431,44211,2025-08-01,4083.0,0,Paid
218454,44258,2025-08-01,9487.0,0,Paid
218490,44365,2025-08-01,7671.0,0,Paid
218525,44491,2025-08-01,403412.0,8,Paid Late
218541,44541,2025-08-01,1569.0,0,Paid
218569,44611,2025-08-01,1846.0,0,Paid
218572,44620,2025-08-01,24455.0,0,Paid
218582,44643,2025-08-01,34052.0,0,Paid
218602,44692,2025-08-01,54366.0,0,Paid
218612,44722,2025-08-01,13425.0,0,Paid
218645,44799,2025-08-01,67900.0,0,Paid
218704,44979,2025-08-01,2119.0,0,Paid
218733,45081,2025-08-01,13403.0,27,Paid Late
218758,45151,2025-08-01,1137.0,0,Paid
218816,45344,2025-08-01,38339.0,28,Paid Late
218838,45395,2025-08-01,3651.0,0,Paid
218846,45424,2025-08-01,1774.0,0,Paid
218877,45507,2025-08-01,2195.0,0,Paid
218892,45541,2025-08-01,58108.0,0,Paid
218913,45606,2025-08-01,30648.0,0,Paid
218914,45608,2025-08-01,542.0,0,Paid
218951,45702,2025-08-01,1770.0,40,Paid Late
218956,45708,2025-08-01,2921.0,0,Paid
218975,45757,2025-08-01,15747.0,0,Paid
219000,45827,2025-08-01,7831.0,0,Paid
219002,45831,2025-08-01,1338.0,0,Paid
219031,45909,2025-08-01,15775.0,0,Paid
219059,45983,2025-08-01,252276.0,0,Paid
219071,46011,2025-08-01,242402.0,0,Paid
219096,46074,2025-08-01,90483.0,0,Paid
219103,46088,2025-08-01,7372.0,0,Paid
219129,46158,2025-08-01,21092.0,0,Paid
219246,46503,2025-08-01,145189.0,0,Paid
219279,46607,2025-08-01,2856.0,0,Paid
219297,46659,2025-08-01,1256.0,0,Paid
219312,46708,2025-08-01,4639.0,0,Paid
219323,46731,2025-08-01,4452.0,0,Paid
219329,46740,2025-08-01,39523.0,0,Paid
219386,46903,2025-08-01,13610.0,0,Paid
219436,47036,2025-08-01,3334.0,0,Paid
219493,47208,2025-08-01,1046.0,0,Paid
219560,47413,2025-08-01,1057.0,0,Paid
219595,47527,2025-08-01,4452.0,0,Paid
219647,47666,2025-08-01,1713.0,20,Paid Late
219713,47863,2025-08-01,1884.0,0,Paid
219718,47874,2025-08-01,1282835.0,21,Failed
219726,47889,2025-08-01,203288.0,0,Paid
219734,47913,2025-08-01,3231.0,20,Failed
219754,47989,2025-08-01,6831.0,11,Failed
219773,48050,2025-08-01,542.0,0,Paid
219833,48223,2025-08-01,8132.0,36,Paid Late
219868,48337,2025-08-01,3162.0,0,Paid
219876,48355,2025-08-01,4592.0,0,Paid
219901,48427,2025-08-01,3231.0,0,Paid
219951,48567,2025-08-01,1269.0,0,Paid
219979,48644,2025-08-01,2843.0,0,Paid
220041,48808,2025-08-01,59255.0,0,Paid
220110,49009,2025-08-01,7592.0,15,Paid Late
220140,49099,2025-08-01,17144.0,0,Paid
220154,49130,2025-08-01,4001.0,0,Paid
220157,49144,2025-08-01,3487.0,0,Paid
220164,49168,2025-08-01,21092.0,0,Paid
220183,49214,2025-08-01,2076.0,6,Paid Late
220227,49313,2025-08-01,2044.0,0,Paid
220279,49489,2025-08-01,2542.0,0,Paid
220311,49606,2025-08-01,1102.0,0,Paid
220316,49617,2025-08-01,11164.0,0,Paid
220326,49642,2025-08-01,2843.0,0,Paid
220383,49808,2025-08-01,734.0,5,Paid Late
220400,49872,2025-08-01,5842.0,24,Paid Late
220417,49913,2025-08-01,3547.0,0,Paid
220442,49980,2025-08-01,70024.0,16,Paid Late
220456,23,2025-09-01,5683.0,0,Paid
220462,43,2025-09-01,81686.0,0,Paid
220464,48,2025-09-01,1950.0,0,Paid
220466,58,2025-09-01,5139.0,0,Paid
220482,119,2025-09-01,58864.0,0,Paid
220521,222,2025-09-01,802.0,0,Paid
220533,247,2025-09-01,11489.0,0,Paid
220571,335,2025-09-01,1283.0,0,Paid
220579,356,2025-09-01,2917.0,0,Paid
220590,379,2025-09-01,12923.0,0,Paid
220643,508,2025-09-01,2483816.0,24,Paid Late
220648,531,2025-09-01,2922.0,0,Paid
220665,575,2025-09-01,40616.0,0,Paid
220705,668,2025-09-01,548.0,4,Paid Late
220710,685,2025-09-01,2323.0,4,Paid Late
220712,689,2025-09-01,2363.0,0,Paid
220780,855,2025-09-01,3712.0,18,Failed
220793,895,2025-09-01,1946.0,0,Paid
220838,1022,2025-09-01,31955.0,0,Paid
220848,1048,2025-09-01,22042.0,0,Paid
220851,1054,2025-09-01,2814.0,0,Paid
220855,1061,2025-09-01,1560.0,0,Paid
220860,1073,2025-09-01,2076.0,5,Paid Late
220865,1092,2025-09-01,1046.0,0,Paid
220872,1107,2025-09-01,34350.0,8,Paid Late
220916,1227,2025-09-01,3057.0,18,Failed
220919,1237,2025-09-01,2011.0,13,Paid Late
220947,1314,2025-09-01,5652.0,0,Paid
220961,1362,2025-09-01,5518.0,4,Paid Late
220969,1385,2025-09-01,1186.0,0,Paid
220974,1402,2025-09-01,39682.0,0,Paid
221113,1806,2025-09-01,59603.0,0,Paid
221153,1917,2025-09-01,74436.0,0,Paid
221171,1974,2025-09-01,40532.0,0,Paid
221176,1983,2025-09-01,647546.0,0,Paid
221211,2082,2025-09-01,42635.0,14,Paid Late
221404,2575,2025-09-01,734.0,0,Paid
221416,2620,2025-09-01,25733.0,0,Paid
221452,2713,2025-09-01,1310.0,15,Failed
221470,2754,2025-09-01,1558.0,0,Paid
221472,2761,2025-09-01,1572.0,0,Paid
221474,2768,2025-09-01,4274.0,0,Paid
221498,2845,2025-09-01,1177772.0,44,Paid Late
221571,3054,2025-09-01,768.0,0,Paid
221618,3171,2025-09-01,137615.0,0,Paid
221653,3285,2025-09-01,106645.0,0,Paid
221692,3421,2025-09-01,33627.0,0,Paid
221693,3422,2025-09-01,9439.0,11,Paid Late
221775,3656,2025-09-01,2489.0,0,Paid
221830,3805,2025-09-01,53122.0,0,Paid
221839,3835,2025-09-01,7352.0,0,Paid
221841,3840,2025-09-01,1296.0,0,Paid
221877,3966,2025-09-01,2898.0,17,Failed
222018,4376,2025-09-01,2011.0,0,Paid
222044,4453,2025-09-01,35797.0,0,Paid
222068,4534,2025-09-01,4634.0,9,Paid Late
222082,4576,2025-09-01,5087.0,0,Paid
222102,4626,2025-09-01,55699.0,14,Paid Late
222158,4788,2025-09-01,24028.0,0,Paid
222166,4810,2025-09-01,31839.0,0,Paid
222168,4819,2025-09-01,201004.0,0,Paid
222210,4922,2025-09-01,5161.0,0,Paid
222247,5023,2025-09-01,3089.0,0,Paid
222257,5046,2025-09-01,37180.0,33,Paid Late
222302,5161,2025-09-01,3299.0,8,Failed
222312,5199,2025-09-01,5451.0,0,Paid
222320,5215,2025-09-01,870016.0,9,Paid Late
222378,5367,2025-09-01,103614.0,0,Paid
222380,5370,2025-09-01,1028678.0,0,Paid
222392,5398,2025-09-01,36277.0,13,Failed
222398,5411,2025-09-01,66539.0,0,Paid
222407,5428,2025-09-01,7149.0,0,Paid
222441,5513,2025-09-01,56636.0,0,Paid
222458,5566,2025-09-01,4498.0,0,Paid
222498,5657,2025-09-01,565.0,0,Paid
222499,5659,2025-09-01,20634.0,0,Paid
222507,5678,2025-09-01,44237.0,0,Paid
222522,5717,2025-09-01,26526.0,0,Paid
222532,5747,2025-09-01,502319.0,31,Failed
222533,5749,2025-09-01,2339.0,0,Paid
222535,5754,2025-09-01,2141.0,0,Paid
222551,5786,2025-09-01,2540.0,0,Paid
222584,5855,2025-09-01,3265.0,0,Paid
222627,5985,2025-09-01,1160.0,0,Paid
222662,6092,2025-09-01,101329.0,0,Paid
222664,6096,2025-09-01,11021.0,26,Failed
222683,6149,2025-09-01,67102.0,0,Paid
222738,6312,2025-09-01,25639.0,12,Paid Late
222742,6317,2025-09-01,1283.0,29,Paid Late
222753,6362,2025-09-01,1123.0,0,Paid
222800,6487,2025-09-01,1884.0,0,Paid
222812,6515,2025-09-01,121770.0,0,Paid
222818,6529,2025-09-01,120502.0,0,Paid
222826,6545,2025-09-01,20610.0,0,Paid
222876,6693,2025-09-01,98223.0,0,Paid
222890,6744,2025-09-01,31650.0,30,Paid Late
222901,6786,2025-09-01,36689.0,0,Paid
222915,6814,2025-09-01,3057.0,0,Paid
222964,6937,2025-09-01,2348.0,0,Paid
222991,6997,2025-09-01,1103.0,0,Paid
223012,7039,2025-09-01,6624.0,0,Paid
223017,7058,2025-09-01,32192.0,0,Paid
223077,7227,2025-09-01,9399.0,0,Paid
223119,7357,2025-09-01,81994.0,0,Paid
223141,7430,2025-09-01,1527.0,0,Paid
223162,7497,2025-09-01,25703.0,0,Paid
223207,7609,2025-09-01,55399.0,0,Paid
223353,8039,2025-09-01,1664.0,0,Paid
223369,8085,2025-09-01,6348.0,0,Paid
223415,8179,2025-09-01,26592.0,0,Paid
223438,8236,2025-09-01,1162.0,0,Paid
223475,8339,2025-09-01,26320.0,0,Paid
223476,8340,2025-09-01,3299.0,0,Paid
223487,8359,2025-09-01,220148.0,0,Paid
223498,8392,2025-09-01,1838.0,0,Paid
223509,8424,2025-09-01,542.0,0,Paid
223578,8642,2025-09-01,71636.0,0,Paid
223605,8712,2025-09-01,2689.0,0,Paid
223608,8727,2025-09-01,7372.0,16,Paid Late
223625,8775,2025-09-01,792.0,0,Paid
223635,8799,2025-09-01,7671.0,13,Failed
223652,8874,2025-09-01,256856.0,0,Paid
223719,9083,2025-09-01,2033.0,0,Paid
223733,9112,2025-09-01,34660.0,0,Paid
223743,9141,2025-09-01,2243.0,0,Paid
223749,9157,2025-09-01,7372.0,0,Paid
223777,9229,2025-09-01,59923.0,10,Paid Late
223793,9269,2025-09-01,3025.0,0,Paid
223794,9272,2025-09-01,819.0,38,Paid Late
223844,9399,2025-09-01,1310.0,0,Paid
223867,9465,2025-09-01,3402.0,0,Paid
223882,9505,2025-09-01,53713.0,0,Paid
223899,9565,2025-09-01,39102.0,0,Paid
223919,9636,2025-09-01,13035.0,0,Paid
223944,9703,2025-09-01,49695.0,0,Paid
223951,9724,2025-09-01,24644.0,0,Paid
223971,9768,2025-09-01,52055.0,3,Paid Late
224005,9836,2025-09-01,65536.0,0,Paid
224016,9866,2025-09-01,3231.0,0,Paid
224034,9947,2025-09-01,6831.0,0,Paid
224045,9995,2025-09-01,52813.0,11,Paid Late
224094,10160,2025-09-01,1338.0,0,Paid
224111,10214,2025-09-01,793.0,0,Paid
224125,10246,2025-09-01,1495.0,0,Paid
224145,10322,2025-09-01,3368.0,0,Paid
224149,10330,2025-09-01,143673.0,0,Paid
224198,10429,2025-09-01,66036.0,0,Paid
224208,10457,2025-09-01,1080.0,0,Paid
224252,10591,2025-09-01,2569.0,0,Paid
224327,10771,2025-09-01,32562.0,0,Paid
224330,10780,2025-09-01,4042.0,0,Paid
224438,11117,2025-09-01,1773371.0,0,Paid
224485,11261,2025-09-01,4545.0,0,Paid
224491,11277,2025-09-01,1385921.0,0,Paid
224546,11425,2025-09-01,21761.0,5,Paid Late
224558,11457,2025-09-01,4877.0,0,Paid
224635,11650,2025-09-01,359640.0,0,Paid
224684,11789,2025-09-01,121770.0,25,Paid Late
224718,11861,2025-09-01,1884.0,0,Paid
224725,11883,2025-09-01,58642.0,0,Paid
224770,12008,2025-09-01,827.0,0,Paid
224801,12103,2025-09-01,59923.0,0,Paid
224825,12176,2025-09-01,35863.0,0,Paid
224843,12239,2025-09-01,3541.0,0,Paid
224865,12321,2025-09-01,37080.0,0,Paid
224876,12358,2025-09-01,207781.0,0,Paid
224887,12375,2025-09-01,104352.0,26,Paid Late
224894,12392,2025-09-01,3057.0,0,Paid
224969,12586,2025-09-01,1646.0,0,Paid
224970,12588,2025-09-01,2872.0,10,Paid Late
224975,12602,2025-09-01,519.0,0,Paid
225009,12673,2025-09-01,13242.0,0,Paid
225031,12728,2025-09-01,48876.0,0,Paid
225068,12819,2025-09-01,1792.0,21,Paid Late
225085,12867,2025-09-01,4871.0,0,Paid
225133,12962,2025-09-01,350287.0,44,Failed
225141,12990,2025-09-01,819.0,0,Paid
225196,13155,2025-09-01,548.0,0,Paid
225222,13215,2025-09-01,6555.0,0,Paid
225228,13230,2025-09-01,1810.0,21,Paid Late
225289,13412,2025-09-01,559.0,0,Paid
225303,13468,2025-09-01,2412.0,0,Paid
225308,13481,2025-09-01,7149.0,24,Paid Late
225358,13618,2025-09-01,1123.0,0,Paid
225365,13637,2025-09-01,6831.0,20,Paid Late
225369,13647,2025-09-01,1572.0,0,Paid
225424,13806,2025-09-01,57124.0,0,Paid
225494,13997,2025-09-01,2818.0,17,Paid Late
225591,14249,2025-09-01,1162.0,0,Paid
225596,14270,2025-09-01,134854.0,0,Paid
225597,14271,2025-09-01,2516.0,0,Paid
225602,14279,2025-09-01,59719.0,0,Paid
225640,14388,2025-09-01,1751.0,0,Paid
225737,14706,2025-09-01,15307.0,0,Paid
225745,14732,2025-09-01,3217.0,0,Paid
225779,14837,2025-09-01,22166.0,0,Paid
225823,14970,2025-09-01,1083.0,0,Paid
225851,15049,2025-09-01,2516.0,0,Paid
225908,15186,2025-09-01,1719.0,0,Paid
225909,15189,2025-09-01,2021.0,0,Paid
225911,15193,2025-09-01,23000.0,0,Paid
225958,15315,2025-09-01,21254.0,0,Paid
225980,15368,2025-09-01,645.0,0,Paid
225985,15380,2025-09-01,5518.0,0,Paid
225991,15389,2025-09-01,1846.0,0,Paid
226000,15412,2025-09-01,17265.0,0,Paid
226022,15472,2025-09-01,4929.0,17,Paid Late
226063,15612,2025-09-01,3224.0,0,Paid
226077,15639,2025-09-01,2521.0,0,Paid
226078,15642,2025-09-01,35737.0,0,Paid
226134,15791,2025-09-01,819.0,20,Paid Late
226225,16036,2025-09-01,26440.0,0,Paid
226228,16048,2025-09-01,2119.0,0,Paid
226239,16073,2025-09-01,58235.0,0,Paid
226259,16131,2025-09-01,78371.0,0,Paid
226304,16280,2025-09-01,6627.0,0,Paid
226330,16348,2025-09-01,24985.0,0,Paid
226332,16353,2025-09-01,1827.0,0,Paid
226344,16381,2025-09-01,1626.0,0,Paid
226383,16487,2025-09-01,159592.0,26,Paid Late
226465,16705,2025-09-01,2323.0,0,Paid
226468,16712,2025-09-01,186033.0,0,Paid
226490,16769,2025-09-01,57793.0,0,Paid
226572,16996,2025-09-01,6438.0,0,Paid
226598,17072,2025-09-01,38010.0,0,Paid
226606,17095,2025-09-01,59975.0,0,Paid
226626,17147,2025-09-01,25145.0,0,Paid
226713,17352,2025-09-01,2323.0,0,Paid
226719,17368,2025-09-01,4124.0,0,Paid
226788,17555,2025-09-01,17564.0,0,Paid
226837,17724,2025-09-01,1174.0,0,Paid
226869,17800,2025-09-01,24447.0,0,Paid
226876,17818,2025-09-01,6348.0,0,Paid
226887,17838,2025-09-01,7751.0,0,Paid
226899,17862,2025-09-01,11545.0,0,Paid
226938,17974,2025-09-01,3368.0,0,Paid
226945,17993,2025-09-01,69976.0,0,Paid
226952,18013,2025-09-01,1593.0,15,Failed
226970,18057,2025-09-01,4592.0,0,Paid
226984,18088,2025-09-01,5906.0,20,Paid Late
226991,18104,2025-09-01,21997.0,0,Paid
226998,18130,2025-09-01,64675.0,0,Paid
227006,18148,2025-09-01,864583.0,0,Paid
227051,18303,2025-09-01,14574.0,0,Paid
227054,18307,2025-09-01,53713.0,0,Paid
227170,18662,2025-09-01,2596.0,0,Paid
227191,18710,2025-09-01,35618.0,0,Paid
227225,18808,2025-09-01,1511.0,0,Paid
227227,18811,2025-09-01,2122.0,0,Paid
227248,18887,2025-09-01,102058.0,0,Paid
227250,18901,2025-09-01,14528.0,0,Paid
227251,18902,2025-09-01,35717.0,0,Paid
227256,18914,2025-09-01,2872.0,0,Paid
227287,18997,2025-09-01,5451.0,0,Paid
227288,19002,2025-09-01,61612.0,0,Paid
227300,19036,2025-09-01,71415.0,0,Paid
227318,19095,2025-09-01,6210.0,0,Paid
227456,19468,2025-09-01,2707.0,20,Paid Late
227463,19491,2025-09-01,28037.0,14,Paid Late
227487,19560,2025-09-01,3651.0,0,Paid
227545,19729,2025-09-01,9228.0,0,Paid
227564,19777,2025-09-01,2420.0,0,Paid
227573,19794,2025-09-01,6690.0,0,Paid
227579,19811,2025-09-01,2958.0,0,Paid
227666,20071,2025-09-01,3153.0,0,Paid
227669,20082,2025-09-01,65108.0,16,Failed
227691,20131,2025-09-01,1199.0,0,Paid
227704,20162,2025-09-01,40616.0,0,Paid
227748,20296,2025-09-01,3103.0,0,Paid
227764,20335,2025-09-01,3487.0,6,Paid Late
227782,20391,2025-09-01,14361.0,0,Paid
227815,20493,2025-09-01,4592.0,0,Paid
227822,20516,2025-09-01,4545.0,0,Paid
227850,20595,2025-09-01,2141.0,0,Paid
227882,20677,2025-09-01,46293.0,0,Paid
227935,20821,2025-09-01,40857.0,0,Paid
227977,20940,2025-09-01,2141.0,0,Paid
227992,20987,2025-09-01,1808.0,0,Paid
227994,20992,2025-09-01,10519.0,0,Paid
228009,21026,2025-09-01,1560.0,0,Paid
228053,21126,2025-09-01,4264.0,0,Paid
228063,21156,2025-09-01,12965.0,0,Paid
228115,21288,2025-09-01,3467.0,0,Paid
228189,21504,2025-09-01,3523.0,6,Paid Late
228193,21512,2025-09-01,5108.0,0,Paid
228206,21542,2025-09-01,2596.0,0,Paid
228213,21561,2025-09-01,2275.0,0,Paid
228250,21682,2025-09-01,57704.0,0,Paid
228273,21751,2025-09-01,15747.0,0,Paid
228283,21783,2025-09-01,4498.0,12,Failed
228405,22110,2025-09-01,1200.0,0,Paid
228417,22139,2025-09-01,1560.0,0,Paid
228420,22154,2025-09-01,2435.0,0,Paid
228437,22215,2025-09-01,2119.0,10,Failed
228460,22297,2025-09-01,16504.0,0,Paid
228474,22343,2025-09-01,13335.0,0,Paid
228514,22475,2025-09-01,61376.0,0,Paid
228518,22485,2025-09-01,11423.0,0,Paid
228520,22487,2025-09-01,2315.0,0,Paid
228551,22573,2025-09-01,6616.0,0,Paid
228566,22605,2025-09-01,1610.0,0,Paid
228589,22662,2025-09-01,7081.0,0,Paid
228595,22676,2025-09-01,3655.0,0,Paid
228629,22756,2025-09-01,692.0,0,Paid
228650,22825,2025-09-01,351011.0,0,Paid
228682,22915,2025-09-01,1430.0,0,Paid
228717,22999,2025-09-01,56625.0,0,Paid
228764,23108,2025-09-01,12280.0,16,Paid Late
228772,23130,2025-09-01,37980.0,0,Paid
228789,23169,2025-09-01,2372.0,0,Paid
228901,23467,2025-09-01,40244.0,15,Paid Late
228906,23484,2025-09-01,7352.0,0,Paid
228915,23508,2025-09-01,3072.0,0,Paid
228984,23713,2025-09-01,31064.0,0,Paid
229050,23892,2025-09-01,810.0,0,Paid
229062,23931,2025-09-01,26037.0,0,Paid
229103,24011,2025-09-01,2048.0,0,Paid
229165,24199,2025-09-01,17951.0,0,Paid
229191,24298,2025-09-01,47487.0,0,Paid
229256,24484,2025-09-01,1792.0,0,Paid
229279,24563,2025-09-01,1846.0,0,Paid
229292,24595,2025-09-01,3614.0,0,Paid
229336,24703,2025-09-01,2219.0,0,Paid
229338,24712,2025-09-01,53107.0,0,Paid
229344,24733,2025-09-01,7831.0,0,Paid
229357,24772,2025-09-01,1080.0,0,Paid
229378,24829,2025-09-01,7671.0,0,Paid
229382,24838,2025-09-01,1751.0,0,Paid
229383,24845,2025-09-01,1427.0,14,Paid Late
229385,24848,2025-09-01,3138.0,0,Paid
229426,24948,2025-09-01,3368.0,0,Paid
229429,24957,2025-09-01,29292.0,0,Paid
229460,25035,2025-09-01,2033.0,0,Paid
229474,25075,2025-09-01,237761.0,0,Paid
229504,25138,2025-09-01,28196.0,0,Paid
229507,25145,2025-09-01,2372.0,0,Paid
229543,25247,2025-09-01,1057.0,0,Paid
229549,25256,2025-09-01,61877.0,0,Paid
229565,25319,2025-09-01,810.0,3,Failed
229571,25336,2025-09-01,1269.0,14,Paid Late
229670,25560,2025-09-01,4358.0,0,Paid
229693,25613,2025-09-01,55921.0,0,Paid
229710,25666,2025-09-01,70736.0,0,Paid
229725,25694,2025-09-01,18422.0,0,Paid
229805,25919,2025-09-01,21319.0,43,Failed
229806,25920,2025-09-01,3153.0,0,Paid
229818,25951,2025-09-01,1755.0,22,Paid Late
229876,26147,2025-09-01,15972.0,0,Paid
230004,26507,2025-09-01,924.0,0,Paid
230058,26685,2025-09-01,810.0,0,Paid
230072,26714,2025-09-01,19214.0,0,Paid
230082,26744,2025-09-01,58108.0,0,Paid
230108,26817,2025-09-01,32605.0,0,Paid
230116,26835,2025-09-01,147195.0,24,Paid Late
230147,26911,2025-09-01,751.0,0,Paid
230224,27133,2025-09-01,6792.0,0,Paid
230268,27248,2025-09-01,31546.0,0,Paid
230292,27315,2025-09-01,3121.0,41,Failed
230300,27337,2025-09-01,44664.0,0,Paid
230315,27392,2025-09-01,1713.0,0,Paid
230383,27545,2025-09-01,1102.0,0,Paid
230446,27708,2025-09-01,1718323.0,0,Paid
230465,27750,2025-09-01,24829.0,35,Paid Late
230476,27778,2025-09-01,25244.0,0,Paid
230482,27791,2025-09-01,48865.0,0,Paid
230537,27940,2025-09-01,3416.0,0,Paid
230548,27963,2025-09-01,1774.0,0,Paid
230594,28082,2025-09-01,4824.0,0,Paid
230633,28203,2025-09-01,7512.0,0,Paid
230645,28239,2025-09-01,2672.0,0,Paid
230696,28370,2025-09-01,32057.0,3,Paid Late
230702,28382,2025-09-01,14838.0,0,Paid
230723,28440,2025-09-01,1338.0,0,Paid
230728,28453,2025-09-01,2726.0,0,Paid
230740,28485,2025-09-01,2305876.0,50,Paid Late
230825,28746,2025-09-01,7538.0,0,Paid
230882,28899,2025-09-01,4523.0,0,Paid
230939,29074,2025-09-01,62115.0,0,Paid
230953,29124,2025-09-01,1931299.0,0,Paid
230965,29155,2025-09-01,32696.0,0,Paid
230996,29251,2025-09-01,57502.0,0,Paid
231015,29302,2025-09-01,110674.0,2,Paid Late
231035,29367,2025-09-01,10306.0,0,Paid
231081,29499,2025-09-01,30077.0,0,Paid
231137,29667,2025-09-01,82879.0,0,Paid
231143,29679,2025-09-01,4452.0,0,Paid
231147,29688,2025-09-01,25088.0,0,Paid
231185,29805,2025-09-01,2243.0,0,Paid
231196,29832,2025-09-01,2171.0,0,Paid
231230,29926,2025-09-01,13277.0,5,Paid Late
231248,29986,2025-09-01,56080.0,0,Paid
231289,30111,2025-09-01,1791472.0,0,Paid
231333,30229,2025-09-01,215516.0,0,Paid
231395,30410,2025-09-01,11300.0,0,Paid
231426,30484,2025-09-01,1087.0,0,Paid
231448,30559,2025-09-01,63266.0,0,Paid
231462,30601,2025-09-01,2944426.0,0,Paid
231491,30716,2025-09-01,2659.0,8,Paid Late
231527,30798,2025-09-01,48100.0,0,Paid
231528,30800,2025-09-01,28037.0,0,Paid
231534,30819,2025-09-01,157296.0,0,Paid
231535,30820,2025-09-01,2768.0,0,Paid
231551,30866,2025-09-01,2348.0,24,Paid Late
231552,30867,2025-09-01,1713.0,28,Paid Late
231641,31126,2025-09-01,5103.0,0,Paid
231656,31160,2025-09-01,2251.0,0,Paid
231663,31179,2025-09-01,4982.0,0,Paid
231710,31324,2025-09-01,4217.0,0,Paid
231712,31331,2025-09-01,2755.0,0,Paid
231737,31392,2025-09-01,2275.0,0,Paid
231759,31468,2025-09-01,5451.0,0,Paid
231787,31544,2025-09-01,63622.0,0,Paid
231793,31563,2025-09-01,1609.0,0,Paid
231847,31691,2025-09-01,2251.0,0,Paid
231850,31701,2025-09-01,2130.0,0,Paid
231860,31726,2025-09-01,2898.0,0,Paid
231862,31730,2025-09-01,3393.0,36,Paid Late
231882,31775,2025-09-01,14322.0,0,Paid
231899,31811,2025-09-01,2872.0,0,Paid
231950,31969,2025-09-01,1467.0,0,Paid
231957,31983,2025-09-01,27698.0,0,Paid
231969,32005,2025-09-01,9197.0,13,Paid Late
231976,32019,2025-09-01,4001.0,0,Paid
232011,32121,2025-09-01,34824.0,0,Paid
232017,32137,2025-09-01,50694.0,10,Failed
232029,32171,2025-09-01,18771.0,0,Paid
232048,32211,2025-09-01,6693.0,0,Paid
232079,32302,2025-09-01,187657.0,0,Paid
232110,32392,2025-09-01,1808.0,20,Paid Late
232115,32405,2025-09-01,5883.0,0,Paid
232125,32430,2025-09-01,27135.0,0,Paid
232135,32453,2025-09-01,785.0,0,Paid
232160,32521,2025-09-01,827.0,0,Paid
232164,32529,2025-09-01,2098.0,0,Paid
232166,32536,2025-09-01,12101.0,0,Paid
232275,32811,2025-09-01,29200.0,0,Paid
232310,32920,2025-09-01,1324.0,0,Paid
232337,32995,2025-09-01,23894.0,0,Paid
232386,33130,2025-09-01,2902.0,0,Paid
232418,33208,2025-09-01,56683.0,0,Paid
232444,33284,2025-09-01,956.0,0,Paid
232474,33372,2025-09-01,34162.0,0,Paid
232476,33383,2025-09-01,382374.0,0,Paid
232605,33774,2025-09-01,1789.0,0,Paid
232606,33776,2025-09-01,2348.0,0,Paid
232607,33778,2025-09-01,1990.0,0,Paid
232616,33794,2025-09-01,59261.0,0,Paid
232617,33796,2025-09-01,17556.0,0,Paid
232657,33919,2025-09-01,49721.0,0,Paid
232664,33945,2025-09-01,14236.0,0,Paid
232677,33971,2025-09-01,168253.0,0,Paid
232678,33975,2025-09-01,4170.0,0,Paid
232684,34001,2025-09-01,3430.0,19,Paid Late
232693,34038,2025-09-01,46796.0,0,Paid
232707,34076,2025-09-01,2382.0,0,Paid
232745,34201,2025-09-01,6417.0,15,Failed
232764,34261,2025-09-01,3416.0,0,Paid
232766,34265,2025-09-01,1719.0,0,Paid
232832,34482,2025-09-01,5351.0,0,Paid
232859,34559,2025-09-01,35876.0,0,Paid
232872,34615,2025-09-01,59859.0,0,Paid
232910,34721,2025-09-01,21805.0,0,Paid
232915,34735,2025-09-01,51574.0,0,Paid
232941,34795,2025-09-01,3430.0,0,Paid
232961,34863,2025-09-01,4965.0,0,Paid
232965,34879,2025-09-01,2190.0,20,Paid Late
232969,34889,2025-09-01,1642.0,47,Failed
232999,34969,2025-09-01,133996.0,15,Paid Late
233005,34988,2025-09-01,23522.0,0,Paid
233012,35003,2025-09-01,37860.0,0,Paid
233033,35071,2025-09-01,25348.0,27,Paid Late
233132,35343,2025-09-01,4639.0,30,Paid Late
233135,35346,2025-09-01,1678.0,0,Paid
233166,35439,2025-09-01,2740.0,9,Failed
233203,35550,2025-09-01,802.0,0,Paid
233314,35860,2025-09-01,1186.0,11,Paid Late
233338,35933,2025-09-01,282345.0,0,Paid
233367,36017,2025-09-01,34287.0,33,Paid Late
233369,36021,2025-09-01,810.0,7,Paid Late
233416,36158,2025-09-01,519.0,0,Paid
233419,36173,2025-09-01,835.0,0,Paid
233424,36197,2025-09-01,5842.0,0,Paid
233611,36773,2025-09-01,4042.0,27,Failed
233618,36791,2025-09-01,4083.0,0,Paid
233626,36815,2025-09-01,18148.0,0,Paid
233648,36886,2025-09-01,1338.0,0,Paid
233653,36906,2025-09-01,1618.0,0,Paid
233658,36920,2025-09-01,3877.0,0,Paid
233681,36980,2025-09-01,19507.0,0,Paid
233686,36995,2025-09-01,214142.0,11,Failed
233719,37105,2025-09-01,2275.0,32,Paid Late
233723,37116,2025-09-01,231219.0,0,Paid
233733,37134,2025-09-01,3223.0,0,Paid
233751,37179,2025-09-01,2019.0,0,Paid
233794,37285,2025-09-01,45433.0,0,Paid
233809,37335,2025-09-01,2403.0,0,Paid
233842,37424,2025-09-01,116696.0,0,Paid
233856,37460,2025-09-01,281043.0,0,Paid
233867,37487,2025-09-01,111977.0,0,Paid
233872,37500,2025-09-01,7512.0,0,Paid
233914,37605,2025-09-01,31843.0,0,Paid
233941,37672,2025-09-01,30109.0,9,Failed
233965,37747,2025-09-01,1162.0,0,Paid
234034,37940,2025-09-01,5969.0,0,Paid
234050,37982,2025-09-01,27170.0,0,Paid
234064,38022,2025-09-01,3368.0,0,Paid
234081,38086,2025-09-01,68496.0,0,Paid
234086,38095,2025-09-01,3381.0,0,Paid
234090,38111,2025-09-01,14148.0,0,Paid
234124,38197,2025-09-01,6624.0,10,Paid Late
234125,38198,2025-09-01,819.0,0,Paid
234131,38211,2025-09-01,3467.0,15,Failed
234139,38227,2025-09-01,2339.0,0,Paid
234164,38306,2025-09-01,2667.0,0,Paid
234267,38612,2025-09-01,16682.0,0,Paid
234289,38664,2025-09-01,75082.0,0,Paid
234325,38766,2025-09-01,62413.0,0,Paid
234341,38812,2025-09-01,2396.0,15,Paid Late
234347,38823,2025-09-01,16893.0,0,Paid
234366,38906,2025-09-01,101271.0,0,Paid
234379,38939,2025-09-01,67627.0,0,Paid
234428,39062,2025-09-01,6553.0,0,Paid
234467,39190,2025-09-01,106369.0,0,Paid
234472,39196,2025-09-01,20347.0,0,Paid
234580,39541,2025-09-01,257137.0,10,Paid Late
234638,39715,2025-09-01,1619482.0,0,Paid
234646,39739,2025-09-01,3368.0,0,Paid
234666,39810,2025-09-01,296530.0,0,Paid
234688,39869,2025-09-01,3614.0,0,Paid
234719,39965,2025-09-01,59077.0,0,Paid
234763,40093,2025-09-01,1810.0,0,Paid
234789,40166,2025-09-01,3308.0,0,Paid
234823,40270,2025-09-01,3452.0,0,Paid
234903,40485,2025-09-01,2902.0,0,Paid
234960,40659,2025-09-01,802.0,0,Paid
234994,40757,2025-09-01,9177.0,0,Paid
235021,40826,2025-09-01,7149.0,0,Paid
235025,40843,2025-09-01,2033.0,0,Paid
235040,40892,2025-09-01,30093.0,0,Paid
235114,41128,2025-09-01,14670.0,0,Paid
235134,41168,2025-09-01,31147.0,0,Paid
235181,41289,2025-09-01,2355.0,0,Paid
235186,41296,2025-09-01,4871.0,11,Failed
235278,41531,2025-09-01,95639.0,0,Paid
235286,41542,2025-09-01,35417.0,0,Paid
235292,41554,2025-09-01,5822.0,0,Paid
235323,41660,2025-09-01,4498.0,5,Paid Late
235329,41686,2025-09-01,1324.0,0,Paid
235336,41704,2025-09-01,1223.0,0,Paid
235340,41709,2025-09-01,59497.0,0,Paid
235342,41717,2025-09-01,1046.0,0,Paid
235346,41740,2025-09-01,3504.0,9,Paid Late
235361,41776,2025-09-01,1690.0,0,Paid
235383,41834,2025-09-01,2872.0,0,Paid
235390,41853,2025-09-01,181849.0,0,Paid
235394,41859,2025-09-01,5567.0,0,Paid
235398,41868,2025-09-01,3282.0,0,Paid
235404,41888,2025-09-01,37287.0,0,Paid
235407,41897,2025-09-01,604606.0,0,Paid
235423,41946,2025-09-01,1412.0,0,Paid
235427,41955,2025-09-01,3959.0,0,Paid
235428,41956,2025-09-01,3196.0,0,Paid
235431,41961,2025-09-01,4639.0,0,Paid
235437,41970,2025-09-01,15914.0,0,Paid
235446,41985,2025-09-01,519.0,0,Paid
235475,42058,2025-09-01,5335.0,9,Paid Late
235476,42060,2025-09-01,64393.0,46,Paid Late
235493,42105,2025-09-01,2931.0,12,Paid Late
235520,42176,2025-09-01,3541.0,0,Paid
235527,42196,2025-09-01,542.0,0,Paid
235554,42264,2025-09-01,9584.0,0,Paid
235593,42398,2025-09-01,287332.0,0,Paid
235602,42428,2025-09-01,2868.0,19,Paid Late
235610,42446,2025-09-01,759.0,8,Paid Late
235662,42620,2025-09-01,2872.0,0,Paid
235670,42635,2025-09-01,548.0,0,Paid
235743,42868,2025-09-01,1137.0,0,Paid
235771,42960,2025-09-01,2408.0,26,Failed
235803,43041,2025-09-01,210808.0,0,Paid
235852,43162,2025-09-01,995.0,0,Paid
235853,43165,2025-09-01,24803.0,14,Failed
235866,43194,2025-09-01,1481.0,10,Failed
235937,43358,2025-09-01,58231.0,0,Paid
235967,43428,2025-09-01,1682.0,0,Paid
235971,43444,2025-09-01,6287.0,0,Paid
236002,43533,2025-09-01,23210.0,0,Paid
236005,43540,2025-09-01,11297.0,12,Paid Late
236012,43556,2025-09-01,2726.0,0,Paid
236053,43663,2025-09-01,36167.0,11,Paid Late
236055,43665,2025-09-01,2122.0,0,Paid
236074,43702,2025-09-01,2784.0,0,Paid
236229,44132,2025-09-01,2251.0,0,Paid
236255,44211,2025-09-01,4083.0,0,Paid
236279,44258,2025-09-01,9487.0,0,Paid
236313,44356,2025-09-01,5277.0,12,Failed
236319,44365,2025-09-01,7671.0,0,Paid
236376,44541,2025-09-01,1569.0,0,Paid
236385,44570,2025-09-01,965380.0,3,Paid Late
236404,44611,2025-09-01,1846.0,0,Paid
236406,44620,2025-09-01,24455.0,0,Paid
236433,44692,2025-09-01,54366.0,0,Paid
236443,44722,2025-09-01,13425.0,0,Paid
236540,44979,2025-09-01,2119.0,0,Paid
236592,45151,2025-09-01,1137.0,0,Paid
236613,45232,2025-09-01,109836.0,0,Paid
236633,45290,2025-09-01,56992.0,36,Paid Late
236654,45344,2025-09-01,38339.0,0,Paid
236678,45395,2025-09-01,3651.0,0,Paid
236687,45424,2025-09-01,1774.0,0,Paid
236721,45507,2025-09-01,2195.0,0,Paid
236737,45541,2025-09-01,58108.0,0,Paid
236740,45547,2025-09-01,2014.0,0,Paid
236760,45606,2025-09-01,30648.0,19,Failed
236761,45608,2025-09-01,542.0,3,Failed
236794,45702,2025-09-01,1770.0,0,Paid
236799,45708,2025-09-01,2921.0,0,Paid
236818,45757,2025-09-01,15747.0,0,Paid
236842,45827,2025-09-01,7831.0,0,Paid
236845,45831,2025-09-01,1338.0,0,Paid
236874,45909,2025-09-01,15775.0,11,Paid Late
236903,45983,2025-09-01,252276.0,0,Paid
236916,46011,2025-09-01,242402.0,38,Paid Late
236941,46074,2025-09-01,90483.0,0,Paid
236948,46088,2025-09-01,7372.0,0,Paid
236976,46158,2025-09-01,21092.0,0,Paid
236999,46227,2025-09-01,23177.0,21,Paid Late
237099,46503,2025-09-01,145189.0,0,Paid
237135,46607,2025-09-01,2856.0,0,Paid
237155,46659,2025-09-01,1256.0,0,Paid
237172,46708,2025-09-01,4639.0,0,Paid
237183,46731,2025-09-01,4452.0,68,Paid Late
237186,46734,2025-09-01,41336.0,17,Failed
237189,46740,2025-09-01,39523.0,0,Paid
237222,46829,2025-09-01,1498295.0,0,Paid
237246,46898,2025-09-01,38243.0,0,Paid
237248,46903,2025-09-01,13610.0,0,Paid
237304,47036,2025-09-01,3334.0,0,Paid
237362,47208,2025-09-01,1046.0,0,Paid
237387,47280,2025-09-01,23177.0,0,Paid
237429,47413,2025-09-01,1057.0,0,Paid
237464,47527,2025-09-01,4452.0,0,Paid
237516,47666,2025-09-01,1713.0,0,Paid
237585,47863,2025-09-01,1884.0,0,Paid
237596,47889,2025-09-01,203288.0,0,Paid
237605,47913,2025-09-01,3231.0,0,Paid
237607,47922,2025-09-01,1324.0,19,Paid Late
237627,47989,2025-09-01,6831.0,37,Paid Late
237649,48050,2025-09-01,542.0,0,Paid
237675,48123,2025-09-01,2870.0,0,Paid
237689,48159,2025-09-01,3783.0,0,Paid
237714,48223,2025-09-01,8132.0,8,Paid Late
237749,48337,2025-09-01,3162.0,0,Paid
237759,48355,2025-09-01,4592.0,0,Paid
237780,48427,2025-09-01,3231.0,0,Paid
237824,48538,2025-09-01,8381.0,0,Paid
237835,48567,2025-09-01,1269.0,0,Paid
237864,48644,2025-09-01,2843.0,0,Paid
237923,48808,2025-09-01,59255.0,0,Paid
237963,48925,2025-09-01,167368.0,0,Paid
238001,49009,2025-09-01,7592.0,0,Paid
238034,49099,2025-09-01,17144.0,29,Failed
238047,49130,2025-09-01,4001.0,0,Paid
238050,49144,2025-09-01,3487.0,0,Paid
238058,49168,2025-09-01,21092.0,0,Paid
238077,49214,2025-09-01,2076.0,0,Paid
238121,49313,2025-09-01,2044.0,0,Paid
238124,49323,2025-09-01,356260.0,18,Failed
238170,49489,2025-09-01,2542.0,0,Paid
238196,49606,2025-09-01,1102.0,0,Paid
238202,49617,2025-09-01,11164.0,0,Paid
238212,49642,2025-09-01,2843.0,0,Paid
238263,49808,2025-09-01,734.0,0,Paid
238284,49872,2025-09-01,5842.0,18,Paid Late
238302,49913,2025-09-01,3547.0,0,Paid
238309,49931,2025-09-01,2740198.0,0,Paid
238328,49980,2025-09-01,70024.0,0,Paid
238342,23,2025-10-01,5683.0,0,Paid
238348,43,2025-10-01,81686.0,0,Paid
238350,48,2025-10-01,1950.0,0,Paid
238352,58,2025-10-01,5139.0,11,Failed
238367,119,2025-10-01,58864.0,0,Paid
238380,155,2025-10-01,5776.0,0,Paid
238409,222,2025-10-01,802.0,0,Paid
238421,247,2025-10-01,11489.0,0,Paid
238439,283,2025-10-01,70779.0,0,Paid
238462,334,2025-10-01,313384.0,24,Paid Late
238463,335,2025-10-01,1283.0,0,Paid
238471,356,2025-10-01,2917.0,0,Paid
238480,379,2025-10-01,12923.0,0,Paid
238536,531,2025-10-01,2922.0,0,Paid
238552,575,2025-10-01,40616.0,0,Paid
238594,668,2025-10-01,548.0,0,Paid
238598,685,2025-10-01,2323.0,25,Failed
238600,689,2025-10-01,2363.0,0,Paid
238672,855,2025-10-01,3712.0,0,Paid
238689,895,2025-10-01,1946.0,8,Paid Late
238731,1022,2025-10-01,31955.0,0,Paid
238741,1048,2025-10-01,22042.0,0,Paid
238743,1054,2025-10-01,2814.0,0,Paid
238747,1061,2025-10-01,1560.0,27,Paid Late
238751,1073,2025-10-01,2076.0,0,Paid
238756,1092,2025-10-01,1046.0,0,Paid
238760,1107,2025-10-01,34350.0,0,Paid
238807,1227,2025-10-01,3057.0,13,Failed
238812,1237,2025-10-01,2011.0,0,Paid
238827,1275,2025-10-01,17144.0,0,Paid
238843,1314,2025-10-01,5652.0,0,Paid
238861,1362,2025-10-01,5518.0,0,Paid
238869,1385,2025-10-01,1186.0,0,Paid
238876,1402,2025-10-01,39682.0,0,Paid
239015,1806,2025-10-01,59603.0,19,Paid Late
239060,1917,2025-10-01,74436.0,0,Paid
239097,2044,2025-10-01,5486.0,17,Paid Late
239103,2060,2025-10-01,34052.0,8,Paid Late
239113,2082,2025-10-01,42635.0,0,Paid
239301,2575,2025-10-01,734.0,0,Paid
239312,2620,2025-10-01,25733.0,5,Paid Late
239345,2713,2025-10-01,1310.0,10,Paid Late
239363,2754,2025-10-01,1558.0,0,Paid
239366,2761,2025-10-01,1572.0,0,Paid
239370,2768,2025-10-01,4274.0,0,Paid
239471,3054,2025-10-01,768.0,0,Paid
239517,3171,2025-10-01,137615.0,0,Paid
239549,3285,2025-10-01,106645.0,0,Paid
239590,3421,2025-10-01,33627.0,0,Paid
239591,3422,2025-10-01,9439.0,15,Paid Late
239675,3656,2025-10-01,2489.0,0,Paid
239729,3805,2025-10-01,53122.0,0,Paid
239738,3835,2025-10-01,7352.0,0,Paid
239741,3840,2025-10-01,1296.0,0,Paid
239777,3966,2025-10-01,2898.0,15,Paid Late
239896,4306,2025-10-01,39377.0,23,Paid Late
239922,4376,2025-10-01,2011.0,0,Paid
239948,4453,2025-10-01,35797.0,0,Paid
239974,4534,2025-10-01,4634.0,0,Paid
239988,4576,2025-10-01,5087.0,0,Paid
240011,4626,2025-10-01,55699.0,2,Failed
240070,4788,2025-10-01,24028.0,0,Paid
240077,4810,2025-10-01,31839.0,0,Paid
240080,4819,2025-10-01,201004.0,6,Paid Late
240123,4922,2025-10-01,5161.0,43,Paid Late
240160,5023,2025-10-01,3089.0,0,Paid
240170,5046,2025-10-01,37180.0,42,Paid Late
240220,5161,2025-10-01,3299.0,0,Paid
240233,5199,2025-10-01,5451.0,0,Paid
240284,5329,2025-10-01,1674691.0,0,Paid
240302,5367,2025-10-01,103614.0,0,Paid
240314,5398,2025-10-01,36277.0,30,Paid Late
240318,5411,2025-10-01,66539.0,0,Paid
240327,5428,2025-10-01,7149.0,0,Paid
240364,5513,2025-10-01,56636.0,0,Paid
240382,5566,2025-10-01,4498.0,0,Paid
240423,5657,2025-10-01,565.0,0,Paid
240424,5659,2025-10-01,20634.0,0,Paid
240449,5717,2025-10-01,26526.0,0,Paid
240460,5749,2025-10-01,2339.0,0,Paid
240461,5754,2025-10-01,2141.0,3,Paid Late
240476,5786,2025-10-01,2540.0,0,Paid
240508,5855,2025-10-01,3265.0,0,Paid
240552,5985,2025-10-01,1160.0,0,Paid
240579,6058,2025-10-01,62683.0,0,Paid
240591,6092,2025-10-01,101329.0,0,Paid
240592,6096,2025-10-01,11021.0,0,Paid
240614,6149,2025-10-01,67102.0,0,Paid
240665,6293,2025-10-01,1083629.0,0,Paid
240674,6317,2025-10-01,1283.0,27,Failed
240684,6359,2025-10-01,5918.0,0,Paid
240685,6362,2025-10-01,1123.0,0,Paid
240733,6487,2025-10-01,1884.0,0,Paid
240748,6529,2025-10-01,120502.0,0,Paid
240754,6545,2025-10-01,20610.0,0,Paid
240795,6669,2025-10-01,26298.0,24,Failed
240803,6693,2025-10-01,98223.0,0,Paid
240816,6744,2025-10-01,31650.0,0,Paid
240831,6786,2025-10-01,36689.0,6,Failed
240846,6814,2025-10-01,3057.0,0,Paid
240890,6937,2025-10-01,2348.0,0,Paid
240918,6997,2025-10-01,1103.0,0,Paid
240938,7039,2025-10-01,6624.0,0,Paid
240943,7058,2025-10-01,32192.0,0,Paid
241007,7227,2025-10-01,9399.0,0,Paid
241069,7430,2025-10-01,1527.0,12,Paid Late
241087,7497,2025-10-01,25703.0,0,Paid
241135,7609,2025-10-01,55399.0,0,Paid
241295,8039,2025-10-01,1664.0,0,Paid
241315,8085,2025-10-01,6348.0,0,Paid
241353,8179,2025-10-01,26592.0,4,Paid Late
241376,8236,2025-10-01,1162.0,0,Paid
241410,8339,2025-10-01,26320.0,0,Paid
241411,8340,2025-10-01,3299.0,0,Paid
241421,8359,2025-10-01,220148.0,0,Paid
241432,8392,2025-10-01,1838.0,0,Paid
241445,8424,2025-10-01,542.0,0,Paid
241545,8712,2025-10-01,2689.0,0,Paid
241548,8727,2025-10-01,7372.0,0,Paid
241565,8775,2025-10-01,792.0,0,Paid
241575,8799,2025-10-01,7671.0,14,Paid Late
241664,9083,2025-10-01,2033.0,0,Paid
241679,9112,2025-10-01,34660.0,0,Paid
241690,9141,2025-10-01,2243.0,13,Paid Late
241696,9157,2025-10-01,7372.0,3,Paid Late
241724,9229,2025-10-01,59923.0,0,Paid
241738,9269,2025-10-01,3025.0,0,Paid
241739,9272,2025-10-01,819.0,29,Paid Late
241757,9313,2025-10-01,11610.0,0,Paid
241778,9365,2025-10-01,43780.0,0,Paid
241796,9399,2025-10-01,1310.0,0,Paid
241817,9465,2025-10-01,3402.0,0,Paid
241831,9505,2025-10-01,53713.0,0,Paid
241850,9565,2025-10-01,39102.0,0,Paid
241869,9636,2025-10-01,13035.0,0,Paid
241890,9694,2025-10-01,45101.0,0,Paid
241893,9703,2025-10-01,49695.0,11,Paid Late
241902,9724,2025-10-01,24644.0,0,Paid
241920,9768,2025-10-01,52055.0,0,Paid
241951,9836,2025-10-01,65536.0,0,Paid
241962,9866,2025-10-01,3231.0,0,Paid
241984,9947,2025-10-01,6831.0,0,Paid
241998,9995,2025-10-01,52813.0,34,Paid Late
242048,10160,2025-10-01,1338.0,0,Paid
242064,10214,2025-10-01,793.0,0,Paid
242079,10246,2025-10-01,1495.0,0,Paid
242087,10268,2025-10-01,16767.0,0,Paid
242101,10304,2025-10-01,31925.0,0,Paid
242105,10322,2025-10-01,3368.0,0,Paid
242109,10330,2025-10-01,143673.0,0,Paid
242155,10429,2025-10-01,66036.0,0,Paid
242157,10432,2025-10-01,530.0,0,Paid
242167,10457,2025-10-01,1080.0,0,Paid
242206,10578,2025-10-01,534341.0,20,Paid Late
242211,10591,2025-10-01,2569.0,0,Paid
242290,10771,2025-10-01,32562.0,0,Paid
242294,10780,2025-10-01,4042.0,0,Paid
242429,11188,2025-10-01,105408.0,13,Paid Late
242455,11261,2025-10-01,4545.0,0,Paid
242490,11348,2025-10-01,7927.0,0,Paid
242514,11425,2025-10-01,21761.0,0,Paid
242528,11457,2025-10-01,4877.0,0,Paid
242652,11789,2025-10-01,121770.0,21,Failed
242686,11861,2025-10-01,1884.0,0,Paid
242690,11877,2025-10-01,33037.0,0,Paid
242692,11883,2025-10-01,58642.0,0,Paid
242739,12008,2025-10-01,827.0,0,Paid
242767,12103,2025-10-01,59923.0,24,Failed
242780,12136,2025-10-01,32670.0,0,Paid
242792,12176,2025-10-01,35863.0,0,Paid
242809,12239,2025-10-01,3541.0,0,Paid
242811,12244,2025-10-01,4452.0,0,Paid
242835,12321,2025-10-01,37080.0,0,Paid
242859,12375,2025-10-01,104352.0,0,Paid
242865,12392,2025-10-01,3057.0,0,Paid
242890,12473,2025-10-01,12679.0,0,Paid
242944,12586,2025-10-01,1646.0,0,Paid
242945,12588,2025-10-01,2872.0,0,Paid
242947,12592,2025-10-01,2609.0,0,Paid
242953,12602,2025-10-01,519.0,0,Paid
242985,12673,2025-10-01,13242.0,0,Paid
243007,12728,2025-10-01,48876.0,0,Paid
243041,12819,2025-10-01,1792.0,0,Paid
243057,12867,2025-10-01,4871.0,0,Paid
243116,12990,2025-10-01,819.0,0,Paid
243169,13155,2025-10-01,548.0,0,Paid
243191,13215,2025-10-01,6555.0,0,Paid
243197,13230,2025-10-01,1810.0,0,Paid
243259,13412,2025-10-01,559.0,17,Paid Late
243275,13468,2025-10-01,2412.0,0,Paid
243282,13481,2025-10-01,7149.0,0,Paid
243329,13618,2025-10-01,1123.0,0,Paid
243336,13637,2025-10-01,6831.0,10,Paid Late
243341,13647,2025-10-01,1572.0,0,Paid
243396,13806,2025-10-01,57124.0,0,Paid
243459,13997,2025-10-01,2818.0,0,Paid
243564,14249,2025-10-01,1162.0,3,Paid Late
243569,14270,2025-10-01,134854.0,19,Failed
243570,14271,2025-10-01,2516.0,0,Paid
243576,14279,2025-10-01,59719.0,0,Paid
243580,14289,2025-10-01,769705.0,21,Failed
243614,14388,2025-10-01,1751.0,0,Paid
243706,14706,2025-10-01,15307.0,0,Paid
243714,14732,2025-10-01,3217.0,0,Paid
243743,14837,2025-10-01,22166.0,0,Paid
243794,14970,2025-10-01,1083.0,0,Paid
243823,15049,2025-10-01,2516.0,13,Paid Late
243875,15186,2025-10-01,1719.0,0,Paid
243876,15189,2025-10-01,2021.0,0,Paid
243878,15193,2025-10-01,23000.0,8,Failed
243940,15368,2025-10-01,645.0,0,Paid
243945,15380,2025-10-01,5518.0,0,Paid
243950,15389,2025-10-01,1846.0,4,Paid Late
243959,15412,2025-10-01,17265.0,0,Paid
243987,15472,2025-10-01,4929.0,0,Paid
244031,15612,2025-10-01,3224.0,0,Paid
244045,15639,2025-10-01,2521.0,0,Paid
244097,15791,2025-10-01,819.0,0,Paid
244191,16036,2025-10-01,26440.0,0,Paid
244194,16048,2025-10-01,2119.0,19,Paid Late
244206,16073,2025-10-01,58235.0,0,Paid
244227,16131,2025-10-01,78371.0,0,Paid
244269,16280,2025-10-01,6627.0,0,Paid
244272,16284,2025-10-01,1540696.0,0,Paid
244298,16348,2025-10-01,24985.0,0,Paid
244301,16353,2025-10-01,1827.0,0,Paid
244312,16381,2025-10-01,1626.0,13,Failed
244356,16487,2025-10-01,159592.0,7,Failed
244428,16664,2025-10-01,21697.0,0,Paid
244439,16705,2025-10-01,2323.0,0,Paid
244441,16712,2025-10-01,186033.0,0,Paid
244466,16769,2025-10-01,57793.0,0,Paid
244538,16963,2025-10-01,291319.0,0,Paid
244550,16996,2025-10-01,6438.0,7,Paid Late
244575,17072,2025-10-01,38010.0,0,Paid
244583,17095,2025-10-01,59975.0,8,Paid Late
244601,17147,2025-10-01,25145.0,0,Paid
244691,17352,2025-10-01,2323.0,0,Paid
244698,17368,2025-10-01,4124.0,0,Paid
244723,17432,2025-10-01,21919.0,0,Paid
244767,17555,2025-10-01,17564.0,0,Paid
244818,17724,2025-10-01,1174.0,0,Paid
244840,17774,2025-10-01,189790.0,0,Paid
244853,17800,2025-10-01,24447.0,0,Paid
244861,17818,2025-10-01,6348.0,0,Paid
244862,17819,2025-10-01,2339.0,0,Paid
244874,17838,2025-10-01,7751.0,0,Paid
244886,17862,2025-10-01,11545.0,12,Paid Late
244911,17929,2025-10-01,120313.0,17,Paid Late
244933,17974,2025-10-01,3368.0,0,Paid
244940,17993,2025-10-01,69976.0,0,Paid
244947,18013,2025-10-01,1593.0,5,Paid Late
244965,18057,2025-10-01,4592.0,0,Paid
244980,18088,2025-10-01,5906.0,0,Paid
244988,18104,2025-10-01,21997.0,6,Paid Late
244997,18130,2025-10-01,64675.0,0,Paid
245049,18303,2025-10-01,14574.0,0,Paid
245052,18307,2025-10-01,53713.0,0,Paid
245151,18605,2025-10-01,13425.0,0,Paid
245168,18662,2025-10-01,2596.0,0,Paid
245188,18720,2025-10-01,122818.0,0,Paid
245221,18808,2025-10-01,1511.0,0,Paid
245223,18811,2025-10-01,2122.0,0,Paid
245244,18887,2025-10-01,102058.0,0,Paid
245247,18901,2025-10-01,14528.0,0,Paid
245248,18902,2025-10-01,35717.0,0,Paid
245253,18914,2025-10-01,2872.0,0,Paid
245287,18997,2025-10-01,5451.0,0,Paid
245289,19002,2025-10-01,61612.0,0,Paid
245297,19036,2025-10-01,71415.0,27,Paid Late
245312,19095,2025-10-01,6210.0,0,Paid
245437,19468,2025-10-01,2707.0,7,Paid Late
245472,19560,2025-10-01,3651.0,0,Paid
245531,19729,2025-10-01,9228.0,4,Paid Late
245547,19769,2025-10-01,3282.0,0,Paid
245552,19777,2025-10-01,2420.0,0,Paid
245560,19794,2025-10-01,6690.0,0,Paid
245566,19811,2025-10-01,2958.0,0,Paid
245651,20071,2025-10-01,3153.0,0,Paid
245654,20082,2025-10-01,65108.0,40,Paid Late
245674,20131,2025-10-01,1199.0,5,Paid Late
245687,20162,2025-10-01,40616.0,0,Paid
245725,20296,2025-10-01,3103.0,0,Paid
245737,20335,2025-10-01,3487.0,0,Paid
245758,20391,2025-10-01,14361.0,0,Paid
245789,20493,2025-10-01,4592.0,0,Paid
245796,20516,2025-10-01,4545.0,0,Paid
245823,20595,2025-10-01,2141.0,0,Paid
245855,20677,2025-10-01,46293.0,0,Paid
245914,20821,2025-10-01,40857.0,0,Paid
245962,20940,2025-10-01,2141.0,0,Paid
245980,20987,2025-10-01,1808.0,0,Paid
245996,21026,2025-10-01,1560.0,0,Paid
246036,21126,2025-10-01,4264.0,0,Paid
246047,21156,2025-10-01,12965.0,0,Paid
246100,21287,2025-10-01,2219.0,0,Paid
246101,21288,2025-10-01,3467.0,0,Paid
246182,21504,2025-10-01,3523.0,0,Paid
246197,21542,2025-10-01,2596.0,0,Paid
246206,21561,2025-10-01,2275.0,0,Paid
246245,21682,2025-10-01,57704.0,0,Paid
246269,21751,2025-10-01,15747.0,0,Paid
246277,21783,2025-10-01,4498.0,0,Paid
246399,22110,2025-10-01,1200.0,0,Paid
246411,22139,2025-10-01,1560.0,0,Paid
246415,22154,2025-10-01,2435.0,0,Paid
246435,22215,2025-10-01,2119.0,0,Paid
246457,22297,2025-10-01,16504.0,0,Paid
246469,22343,2025-10-01,13335.0,0,Paid
246471,22350,2025-10-01,33988.0,0,Paid
246512,22485,2025-10-01,11423.0,0,Paid
246514,22487,2025-10-01,2315.0,0,Paid
246515,22492,2025-10-01,706536.0,0,Paid
246546,22573,2025-10-01,6616.0,0,Paid
246557,22593,2025-10-01,20142.0,0,Paid
246563,22605,2025-10-01,1610.0,0,Paid
246588,22662,2025-10-01,7081.0,0,Paid
246595,22676,2025-10-01,3655.0,15,Paid Late
246628,22756,2025-10-01,692.0,0,Paid
246688,22915,2025-10-01,1430.0,0,Paid
246723,22999,2025-10-01,56625.0,0,Paid
246774,23130,2025-10-01,37980.0,0,Paid
246791,23169,2025-10-01,2372.0,0,Paid
246906,23467,2025-10-01,40244.0,0,Paid
246913,23484,2025-10-01,7352.0,0,Paid
246922,23508,2025-10-01,3072.0,0,Paid
246991,23713,2025-10-01,31064.0,12,Failed
247066,23892,2025-10-01,810.0,1,Paid Late
247078,23931,2025-10-01,26037.0,0,Paid
247116,24011,2025-10-01,2048.0,0,Paid
247152,24117,2025-10-01,56635.0,0,Paid
247184,24199,2025-10-01,17951.0,0,Paid
247211,24298,2025-10-01,47487.0,0,Paid
247271,24484,2025-10-01,1792.0,0,Paid
247298,24563,2025-10-01,1846.0,0,Paid
247309,24595,2025-10-01,3614.0,0,Paid
247354,24703,2025-10-01,2219.0,0,Paid
247356,24712,2025-10-01,53107.0,0,Paid
247362,24733,2025-10-01,7831.0,0,Paid
247376,24772,2025-10-01,1080.0,9,Paid Late
247399,24829,2025-10-01,7671.0,0,Paid
247402,24838,2025-10-01,1751.0,0,Paid
247403,24845,2025-10-01,1427.0,0,Paid
247405,24848,2025-10-01,3138.0,0,Paid
247444,24948,2025-10-01,3368.0,0,Paid
247448,24957,2025-10-01,29292.0,0,Paid
247455,24976,2025-10-01,13856.0,16,Failed
247481,25035,2025-10-01,2033.0,0,Paid
247495,25075,2025-10-01,237761.0,0,Paid
247522,25138,2025-10-01,28196.0,0,Paid
247525,25145,2025-10-01,2372.0,0,Paid
247560,25247,2025-10-01,1057.0,0,Paid
247566,25256,2025-10-01,61877.0,0,Paid
247579,25308,2025-10-01,1608422.0,0,Paid
247585,25319,2025-10-01,810.0,0,Paid
247591,25336,2025-10-01,1269.0,0,Paid
247684,25560,2025-10-01,4358.0,32,Failed
247705,25613,2025-10-01,55921.0,0,Paid
247721,25666,2025-10-01,70736.0,0,Paid
247734,25694,2025-10-01,18422.0,0,Paid
247814,25919,2025-10-01,21319.0,0,Paid
247815,25920,2025-10-01,3153.0,0,Paid
247828,25951,2025-10-01,1755.0,0,Paid
247840,25988,2025-10-01,13856.0,0,Paid
247857,26042,2025-10-01,35629.0,0,Paid
247889,26147,2025-10-01,15972.0,0,Paid
248013,26507,2025-10-01,924.0,0,Paid
248021,26521,2025-10-01,10336.0,0,Paid
248029,26568,2025-10-01,1431886.0,0,Paid
248071,26685,2025-10-01,810.0,0,Paid
248085,26714,2025-10-01,19214.0,0,Paid
248096,26744,2025-10-01,58108.0,0,Paid
248121,26817,2025-10-01,32605.0,0,Paid
248129,26835,2025-10-01,147195.0,15,Paid Late
248145,26878,2025-10-01,22712.0,0,Paid
248159,26911,2025-10-01,751.0,0,Paid
248235,27133,2025-10-01,6792.0,0,Paid
248284,27248,2025-10-01,31546.0,0,Paid
248308,27315,2025-10-01,3121.0,7,Paid Late
248310,27322,2025-10-01,65172.0,0,Paid
248316,27337,2025-10-01,44664.0,0,Paid
248334,27392,2025-10-01,1713.0,24,Paid Late
248403,27545,2025-10-01,1102.0,0,Paid
248498,27778,2025-10-01,25244.0,0,Paid
248504,27791,2025-10-01,48865.0,23,Failed
248559,27940,2025-10-01,3416.0,0,Paid
248571,27963,2025-10-01,1774.0,0,Paid
248617,28082,2025-10-01,4824.0,0,Paid
248660,28203,2025-10-01,7512.0,0,Paid
248674,28239,2025-10-01,2672.0,0,Paid
248695,28284,2025-10-01,113903.0,0,Paid
248728,28370,2025-10-01,32057.0,7,Paid Late
248734,28382,2025-10-01,14838.0,25,Paid Late
248753,28440,2025-10-01,1338.0,22,Paid Late
248758,28453,2025-10-01,2726.0,0,Paid
248779,28508,2025-10-01,2579.0,0,Paid
248835,28689,2025-10-01,2167.0,39,Failed
248859,28746,2025-10-01,7538.0,0,Paid
248916,28899,2025-10-01,4523.0,15,Paid Late
248922,28909,2025-10-01,16319.0,0,Paid
248985,29074,2025-10-01,62115.0,23,Paid Late
249010,29155,2025-10-01,32696.0,0,Paid
249015,29175,2025-10-01,2388.0,14,Failed
249042,29251,2025-10-01,57502.0,0,Paid
249061,29302,2025-10-01,110674.0,14,Paid Late
249085,29367,2025-10-01,10306.0,0,Paid
249133,29499,2025-10-01,30077.0,0,Paid
249141,29526,2025-10-01,18263.0,2,Paid Late
249151,29546,2025-10-01,23809.0,17,Paid Late
249193,29667,2025-10-01,82879.0,0,Paid
249199,29679,2025-10-01,4452.0,0,Paid
249240,29805,2025-10-01,2243.0,0,Paid
249251,29832,2025-10-01,2171.0,0,Paid
249289,29926,2025-10-01,13277.0,0,Paid
249306,29986,2025-10-01,56080.0,0,Paid
249398,30229,2025-10-01,215516.0,0,Paid
249454,30410,2025-10-01,11300.0,24,Paid Late
249484,30484,2025-10-01,1087.0,0,Paid
249529,30607,2025-10-01,5054.0,8,Failed
249559,30716,2025-10-01,2659.0,0,Paid
249596,30798,2025-10-01,48100.0,8,Paid Late
249602,30819,2025-10-01,157296.0,0,Paid
249603,30820,2025-10-01,2768.0,0,Paid
249619,30866,2025-10-01,2348.0,2,Failed
249620,30867,2025-10-01,1713.0,20,Paid Late
249633,30920,2025-10-01,1527.0,0,Paid
249712,31126,2025-10-01,5103.0,8,Paid Late
249726,31160,2025-10-01,2251.0,0,Paid
249735,31179,2025-10-01,4982.0,0,Paid
249784,31324,2025-10-01,4217.0,0,Paid
249787,31331,2025-10-01,2755.0,0,Paid
249815,31392,2025-10-01,2275.0,23,Paid Late
249821,31417,2025-10-01,3184.0,0,Paid
249839,31468,2025-10-01,5451.0,0,Paid
249867,31544,2025-10-01,63622.0,0,Paid
249873,31563,2025-10-01,1609.0,0,Paid
249924,31691,2025-10-01,2251.0,0,Paid
249928,31701,2025-10-01,2130.0,0,Paid
249937,31726,2025-10-01,2898.0,0,Paid
249938,31730,2025-10-01,3393.0,0,Paid
249958,31775,2025-10-01,14322.0,0,Paid
249975,31811,2025-10-01,2872.0,0,Paid
250029,31969,2025-10-01,1467.0,0,Paid
250036,31983,2025-10-01,27698.0,0,Paid
250048,32005,2025-10-01,9197.0,0,Paid
250054,32019,2025-10-01,4001.0,0,Paid
250092,32121,2025-10-01,34824.0,0,Paid
250098,32137,2025-10-01,50694.0,0,Paid
250110,32171,2025-10-01,18771.0,0,Paid
250133,32211,2025-10-01,6693.0,3,Failed
250163,32302,2025-10-01,187657.0,0,Paid
250201,32392,2025-10-01,1808.0,5,Paid Late
250205,32405,2025-10-01,5883.0,0,Paid
250210,32422,2025-10-01,145887.0,0,Paid
250213,32430,2025-10-01,27135.0,0,Paid
250221,32453,2025-10-01,785.0,0,Paid
250249,32521,2025-10-01,827.0,0,Paid
250253,32529,2025-10-01,2098.0,0,Paid
250255,32536,2025-10-01,12101.0,26,Failed
250294,32617,2025-10-01,81994.0,9,Paid Late
250366,32811,2025-10-01,29200.0,0,Paid
250399,32920,2025-10-01,1324.0,0,Paid
250428,32995,2025-10-01,23894.0,0,Paid
250478,33130,2025-10-01,2902.0,0,Paid
250482,33138,2025-10-01,1511.0,0,Paid
250504,33208,2025-10-01,56683.0,0,Paid
250533,33284,2025-10-01,956.0,0,Paid
250555,33351,2025-10-01,49086.0,0,Paid
250564,33372,2025-10-01,34162.0,0,Paid
250692,33774,2025-10-01,1789.0,19,Paid Late
250693,33776,2025-10-01,2348.0,36,Paid Late
250694,33778,2025-10-01,1990.0,0,Paid
250704,33794,2025-10-01,59261.0,0,Paid
250705,33796,2025-10-01,17556.0,0,Paid
250731,33870,2025-10-01,1058162.0,9,Failed
250749,33919,2025-10-01,49721.0,0,Paid
250757,33945,2025-10-01,14236.0,0,Paid
250769,33975,2025-10-01,4170.0,0,Paid
250776,34001,2025-10-01,3430.0,0,Paid
250785,34038,2025-10-01,46796.0,0,Paid
250801,34076,2025-10-01,2382.0,0,Paid
250838,34201,2025-10-01,6417.0,0,Paid
250857,34261,2025-10-01,3416.0,0,Paid
250859,34265,2025-10-01,1719.0,0,Paid
250929,34482,2025-10-01,5351.0,0,Paid
250956,34559,2025-10-01,35876.0,0,Paid
250972,34615,2025-10-01,59859.0,0,Paid
251014,34721,2025-10-01,21805.0,0,Paid
251019,34735,2025-10-01,51574.0,0,Paid
251040,34795,2025-10-01,3430.0,28,Paid Late
251066,34863,2025-10-01,4965.0,0,Paid
251070,34879,2025-10-01,2190.0,14,Paid Late
251074,34889,2025-10-01,1642.0,0,Paid
251113,35003,2025-10-01,37860.0,0,Paid
251128,35057,2025-10-01,83711.0,0,Paid
251135,35071,2025-10-01,25348.0,0,Paid
251153,35118,2025-10-01,21492.0,0,Paid
251240,35343,2025-10-01,4639.0,0,Paid
251243,35346,2025-10-01,1678.0,0,Paid
251264,35412,2025-10-01,1091794.0,0,Paid
251274,35439,2025-10-01,2740.0,0,Paid
251311,35550,2025-10-01,802.0,0,Paid
251433,35860,2025-10-01,1186.0,0,Paid
251450,35912,2025-10-01,2542.0,0,Paid
251458,35933,2025-10-01,282345.0,0,Paid
251490,36017,2025-10-01,34287.0,0,Paid
251491,36021,2025-10-01,810.0,0,Paid
251513,36077,2025-10-01,64465.0,0,Paid
251538,36158,2025-10-01,519.0,0,Paid
251542,36173,2025-10-01,835.0,0,Paid
251548,36197,2025-10-01,5842.0,0,Paid
251733,36773,2025-10-01,4042.0,6,Paid Late
251739,36783,2025-10-01,31990.0,0,Paid
251741,36791,2025-10-01,4083.0,0,Paid
251751,36815,2025-10-01,18148.0,0,Paid
251775,36886,2025-10-01,1338.0,0,Paid
251782,36906,2025-10-01,1618.0,32,Paid Late
251787,36920,2025-10-01,3877.0,0,Paid
251809,36980,2025-10-01,19507.0,1,Paid Late
251814,36995,2025-10-01,214142.0,0,Paid
251849,37105,2025-10-01,2275.0,20,Paid Late
251853,37116,2025-10-01,231219.0,0,Paid
251864,37134,2025-10-01,3223.0,0,Paid
251884,37179,2025-10-01,2019.0,64,Failed
251936,37285,2025-10-01,45433.0,0,Paid
251951,37335,2025-10-01,2403.0,20,Failed
251982,37424,2025-10-01,116696.0,19,Paid Late
251995,37460,2025-10-01,281043.0,20,Paid Late
252007,37487,2025-10-01,111977.0,0,Paid
252011,37500,2025-10-01,7512.0,0,Paid
252028,37545,2025-10-01,2171.0,0,Paid
252054,37605,2025-10-01,31843.0,16,Failed
252083,37672,2025-10-01,30109.0,0,Paid
252106,37747,2025-10-01,1162.0,0,Paid
252172,37940,2025-10-01,5969.0,0,Paid
252188,37982,2025-10-01,27170.0,8,Failed
252201,38022,2025-10-01,3368.0,0,Paid
252218,38086,2025-10-01,68496.0,0,Paid
252222,38095,2025-10-01,3381.0,0,Paid
252259,38197,2025-10-01,6624.0,0,Paid
252260,38198,2025-10-01,819.0,0,Paid
252266,38211,2025-10-01,3467.0,28,Paid Late
252276,38227,2025-10-01,2339.0,0,Paid
252304,38306,2025-10-01,2667.0,0,Paid
252347,38423,2025-10-01,79402.0,0,Paid
252366,38485,2025-10-01,406933.0,10,Paid Late
252405,38612,2025-10-01,16682.0,33,Paid Late
252434,38700,2025-10-01,819.0,19,Paid Late
252461,38766,2025-10-01,62413.0,0,Paid
252464,38775,2025-10-01,1626.0,0,Paid
252481,38812,2025-10-01,2396.0,3,Paid Late
252485,38823,2025-10-01,16893.0,9,Paid Late
252516,38906,2025-10-01,101271.0,0,Paid
252530,38939,2025-10-01,67627.0,0,Paid
252579,39062,2025-10-01,6553.0,30,Failed
252671,39346,2025-10-01,535010.0,33,Failed
252680,39375,2025-10-01,24219.0,0,Paid
252794,39739,2025-10-01,3368.0,0,Paid
252816,39810,2025-10-01,296530.0,0,Paid
252842,39869,2025-10-01,3614.0,0,Paid
252878,39965,2025-10-01,59077.0,0,Paid
252923,40093,2025-10-01,1810.0,0,Paid
252947,40166,2025-10-01,3308.0,0,Paid
252988,40270,2025-10-01,3452.0,0,Paid
253068,40485,2025-10-01,2902.0,0,Paid
253126,40659,2025-10-01,802.0,0,Paid
253164,40757,2025-10-01,9177.0,0,Paid
253183,40809,2025-10-01,3159454.0,0,Paid
253193,40826,2025-10-01,7149.0,0,Paid
253197,40843,2025-10-01,2033.0,0,Paid
253200,40849,2025-10-01,30953.0,0,Paid
253212,40892,2025-10-01,30093.0,0,Paid
253282,41128,2025-10-01,14670.0,0,Paid
253317,41212,2025-10-01,5978.0,0,Paid
253351,41289,2025-10-01,2355.0,0,Paid
253444,41531,2025-10-01,95639.0,0,Paid
253449,41542,2025-10-01,35417.0,30,Failed
253453,41554,2025-10-01,5822.0,0,Paid
253491,41660,2025-10-01,4498.0,17,Failed
253497,41686,2025-10-01,1324.0,0,Paid
253504,41704,2025-10-01,1223.0,0,Paid
253507,41709,2025-10-01,59497.0,0,Paid
253509,41717,2025-10-01,1046.0,0,Paid
253512,41740,2025-10-01,3504.0,0,Paid
253527,41776,2025-10-01,1690.0,0,Paid
253549,41834,2025-10-01,2872.0,0,Paid
253557,41853,2025-10-01,181849.0,0,Paid
253561,41859,2025-10-01,5567.0,0,Paid
253565,41868,2025-10-01,3282.0,0,Paid
253571,41888,2025-10-01,37287.0,0,Paid
253591,41946,2025-10-01,1412.0,0,Paid
253595,41955,2025-10-01,3959.0,7,Paid Late
253596,41956,2025-10-01,3196.0,0,Paid
253599,41961,2025-10-01,4639.0,0,Paid
253604,41970,2025-10-01,15914.0,0,Paid
253612,41985,2025-10-01,519.0,30,Failed
253643,42058,2025-10-01,5335.0,0,Paid
253644,42060,2025-10-01,64393.0,0,Paid
253658,42105,2025-10-01,2931.0,0,Paid
253679,42170,2025-10-01,24570.0,0,Paid
253684,42176,2025-10-01,3541.0,0,Paid
253691,42196,2025-10-01,542.0,0,Paid
253717,42264,2025-10-01,9584.0,0,Paid
253755,42398,2025-10-01,287332.0,17,Paid Late
253766,42428,2025-10-01,2868.0,0,Paid
253775,42446,2025-10-01,759.0,0,Paid
253793,42484,2025-10-01,1610.0,0,Paid
253833,42620,2025-10-01,2872.0,0,Paid
253841,42635,2025-10-01,548.0,0,Paid
253909,42832,2025-10-01,592574.0,0,Paid
253918,42868,2025-10-01,1137.0,0,Paid
253948,42960,2025-10-01,2408.0,16,Failed
253980,43041,2025-10-01,210808.0,0,Paid
254029,43162,2025-10-01,995.0,0,Paid
254031,43165,2025-10-01,24803.0,18,Failed
254046,43194,2025-10-01,1481.0,0,Paid
254115,43358,2025-10-01,58231.0,0,Paid
254147,43428,2025-10-01,1682.0,0,Paid
254149,43444,2025-10-01,6287.0,0,Paid
254183,43533,2025-10-01,23210.0,0,Paid
254193,43556,2025-10-01,2726.0,45,Paid Late
254234,43645,2025-10-01,13856.0,0,Paid
254240,43663,2025-10-01,36167.0,17,Failed
254241,43665,2025-10-01,2122.0,0,Paid
254259,43702,2025-10-01,2784.0,0,Paid
254420,44132,2025-10-01,2251.0,7,Paid Late
254448,44211,2025-10-01,4083.0,0,Paid
254473,44258,2025-10-01,9487.0,0,Paid
254507,44356,2025-10-01,5277.0,0,Paid
254512,44365,2025-10-01,7671.0,0,Paid
254534,44430,2025-10-01,310673.0,0,Paid
254567,44541,2025-10-01,1569.0,0,Paid
254591,44611,2025-10-01,1846.0,0,Paid
254594,44620,2025-10-01,24455.0,0,Paid
254623,44692,2025-10-01,54366.0,0,Paid
254634,44722,2025-10-01,13425.0,0,Paid
254732,44979,2025-10-01,2119.0,32,Paid Late
254788,45151,2025-10-01,1137.0,3,Failed
254845,45344,2025-10-01,38339.0,0,Paid
254869,45395,2025-10-01,3651.0,0,Paid
254877,45424,2025-10-01,1774.0,0,Paid
254911,45507,2025-10-01,2195.0,0,Paid
254927,45541,2025-10-01,58108.0,0,Paid
254929,45547,2025-10-01,2014.0,11,Paid Late
254943,45606,2025-10-01,30648.0,0,Paid
254944,45608,2025-10-01,542.0,10,Failed
254979,45702,2025-10-01,1770.0,0,Paid
254985,45708,2025-10-01,2921.0,0,Paid
255001,45757,2025-10-01,15747.0,0,Paid
255027,45827,2025-10-01,7831.0,0,Paid
255030,45831,2025-10-01,1338.0,0,Paid
255060,45909,2025-10-01,15775.0,0,Paid
255090,45983,2025-10-01,252276.0,0,Paid
255103,46011,2025-10-01,242402.0,0,Paid
255123,46063,2025-10-01,94226.0,0,Paid
255130,46074,2025-10-01,90483.0,0,Paid
255136,46088,2025-10-01,7372.0,0,Paid
255161,46158,2025-10-01,21092.0,0,Paid
255289,46503,2025-10-01,145189.0,0,Paid
255327,46607,2025-10-01,2856.0,0,Paid
255346,46659,2025-10-01,1256.0,0,Paid
255365,46708,2025-10-01,4639.0,0,Paid
255377,46731,2025-10-01,4452.0,0,Paid
255380,46734,2025-10-01,41336.0,0,Paid
255383,46740,2025-10-01,39523.0,9,Paid Late
255442,46903,2025-10-01,13610.0,0,Paid
255498,47036,2025-10-01,3334.0,14,Paid Late
255554,47208,2025-10-01,1046.0,0,Paid
255582,47297,2025-10-01,1150502.0,0,Paid
255621,47413,2025-10-01,1057.0,0,Paid
255657,47527,2025-10-01,4452.0,0,Paid
255713,47666,2025-10-01,1713.0,0,Paid
255772,47832,2025-10-01,348052.0,0,Paid
255789,47863,2025-10-01,1884.0,17,Paid Late
255797,47879,2025-10-01,673564.0,11,Failed
255802,47889,2025-10-01,203288.0,21,Failed
255811,47913,2025-10-01,3231.0,8,Paid Late
255816,47922,2025-10-01,1324.0,0,Paid
255838,47989,2025-10-01,6831.0,0,Paid
255855,48050,2025-10-01,542.0,0,Paid
255881,48123,2025-10-01,2870.0,0,Paid
255897,48159,2025-10-01,3783.0,0,Paid
255923,48223,2025-10-01,8132.0,0,Paid
255959,48337,2025-10-01,3162.0,0,Paid
255968,48355,2025-10-01,4592.0,0,Paid
255991,48427,2025-10-01,3231.0,0,Paid
256048,48567,2025-10-01,1269.0,0,Paid
256061,48593,2025-10-01,1911600.0,0,Paid
256076,48644,2025-10-01,2843.0,0,Paid
256135,48808,2025-10-01,59255.0,0,Paid
256214,49009,2025-10-01,7592.0,0,Paid
256245,49099,2025-10-01,17144.0,0,Paid
256259,49130,2025-10-01,4001.0,0,Paid
256262,49144,2025-10-01,3487.0,0,Paid
256269,49168,2025-10-01,21092.0,0,Paid
256288,49214,2025-10-01,2076.0,0,Paid
256332,49313,2025-10-01,2044.0,0,Paid
256378,49489,2025-10-01,2542.0,0,Paid
256399,49606,2025-10-01,1102.0,0,Paid
256404,49617,2025-10-01,11164.0,0,Paid
256412,49639,2025-10-01,419893.0,0,Paid
256414,49642,2025-10-01,2843.0,0,Paid
256466,49808,2025-10-01,734.0,0,Paid
256486,49872,2025-10-01,5842.0,0,Paid
256502,49913,2025-10-01,3547.0,0,Paid
256528,49980,2025-10-01,70024.0,2,Failed
256544,23,2025-11-01,5683.0,0,Paid
256552,43,2025-11-01,81686.0,0,Paid
256554,48,2025-11-01,1950.0,0,Paid
256557,58,2025-11-01,5139.0,0,Paid
256573,119,2025-11-01,58864.0,0,Paid
256587,155,2025-11-01,5776.0,0,Paid
256613,222,2025-11-01,802.0,0,Paid
256624,247,2025-11-01,11489.0,0,Paid
256642,283,2025-11-01,70779.0,0,Paid
256645,291,2025-11-01,1338.0,0,Paid
256654,308,2025-11-01,4562.0,12,Paid Late
256667,335,2025-11-01,1283.0,0,Paid
256674,356,2025-11-01,2917.0,0,Paid
256683,379,2025-11-01,12923.0,0,Paid
256740,531,2025-11-01,2922.0,0,Paid
256759,575,2025-11-01,40616.0,0,Paid
256799,668,2025-11-01,548.0,18,Paid Late
256804,685,2025-11-01,2323.0,0,Paid
256806,689,2025-11-01,2363.0,13,Paid Late
256875,855,2025-11-01,3712.0,0,Paid
256890,895,2025-11-01,1946.0,0,Paid
256932,1022,2025-11-01,31955.0,0,Paid
256942,1048,2025-11-01,22042.0,0,Paid
256945,1054,2025-11-01,2814.0,0,Paid
256949,1061,2025-11-01,1560.0,0,Paid
256953,1073,2025-11-01,2076.0,0,Paid
256958,1092,2025-11-01,1046.0,0,Paid
256963,1107,2025-11-01,34350.0,0,Paid
257014,1227,2025-11-01,3057.0,0,Paid
257017,1237,2025-11-01,2011.0,0,Paid
257032,1275,2025-11-01,17144.0,0,Paid
257050,1314,2025-11-01,5652.0,0,Paid
257062,1345,2025-11-01,237589.0,17,Failed
257069,1362,2025-11-01,5518.0,23,Failed
257078,1385,2025-11-01,1186.0,0,Paid
257084,1402,2025-11-01,39682.0,0,Paid
257228,1806,2025-11-01,59603.0,0,Paid
257229,1807,2025-11-01,536911.0,0,Paid
257269,1917,2025-11-01,74436.0,0,Paid
257320,2082,2025-11-01,42635.0,31,Paid Late
257518,2575,2025-11-01,734.0,0,Paid
257528,2620,2025-11-01,25733.0,0,Paid
257562,2713,2025-11-01,1310.0,29,Paid Late
257579,2754,2025-11-01,1558.0,0,Paid
257581,2761,2025-11-01,1572.0,0,Paid
257584,2768,2025-11-01,4274.0,0,Paid
257686,3054,2025-11-01,768.0,0,Paid
257731,3171,2025-11-01,137615.0,0,Paid
257757,3262,2025-11-01,336388.0,16,Failed
257764,3285,2025-11-01,106645.0,0,Paid
257767,3295,2025-11-01,339120.0,0,Paid
257810,3421,2025-11-01,33627.0,0,Paid
257811,3422,2025-11-01,9439.0,23,Paid Late
257828,3470,2025-11-01,27875.0,0,Paid
257899,3656,2025-11-01,2489.0,0,Paid
257955,3805,2025-11-01,53122.0,0,Paid
257964,3835,2025-11-01,7352.0,0,Paid
257967,3840,2025-11-01,1296.0,0,Paid
258006,3966,2025-11-01,2898.0,4,Paid Late
258056,4108,2025-11-01,81175.0,0,Paid
258159,4376,2025-11-01,2011.0,0,Paid
258186,4453,2025-11-01,35797.0,0,Paid
258213,4534,2025-11-01,4634.0,0,Paid
258230,4576,2025-11-01,5087.0,0,Paid
258250,4626,2025-11-01,55699.0,15,Failed
258305,4788,2025-11-01,24028.0,0,Paid
258313,4810,2025-11-01,31839.0,0,Paid
258316,4819,2025-11-01,201004.0,24,Paid Late
258327,4858,2025-11-01,36644.0,12,Failed
258355,4922,2025-11-01,5161.0,0,Paid
258385,5009,2025-11-01,2011.0,22,Failed
258391,5023,2025-11-01,3089.0,0,Paid
258400,5046,2025-11-01,37180.0,16,Paid Late
258447,5161,2025-11-01,3299.0,0,Paid
258460,5199,2025-11-01,5451.0,0,Paid
258519,5367,2025-11-01,103614.0,0,Paid
258531,5398,2025-11-01,36277.0,0,Paid
258535,5411,2025-11-01,66539.0,0,Paid
258545,5428,2025-11-01,7149.0,0,Paid
258582,5513,2025-11-01,56636.0,0,Paid
258601,5566,2025-11-01,4498.0,18,Paid Late
258640,5657,2025-11-01,565.0,0,Paid
258641,5659,2025-11-01,20634.0,0,Paid
258666,5717,2025-11-01,26526.0,0,Paid
258676,5749,2025-11-01,2339.0,0,Paid
258677,5754,2025-11-01,2141.0,0,Paid
258691,5786,2025-11-01,2540.0,0,Paid
258724,5855,2025-11-01,3265.0,0,Paid
258775,5985,2025-11-01,1160.0,0,Paid
258800,6051,2025-11-01,28804.0,0,Paid
258814,6092,2025-11-01,101329.0,0,Paid
258815,6096,2025-11-01,11021.0,0,Paid
258835,6149,2025-11-01,67102.0,0,Paid
258901,6317,2025-11-01,1283.0,0,Paid
258911,6362,2025-11-01,1123.0,0,Paid
258965,6487,2025-11-01,1884.0,0,Paid
258980,6529,2025-11-01,120502.0,0,Paid
258984,6545,2025-11-01,20610.0,0,Paid
259031,6693,2025-11-01,98223.0,0,Paid
259047,6744,2025-11-01,31650.0,41,Paid Late
259065,6786,2025-11-01,36689.0,0,Paid
259078,6814,2025-11-01,3057.0,0,Paid
259109,6909,2025-11-01,36515.0,0,Paid
259122,6937,2025-11-01,2348.0,0,Paid
259149,6997,2025-11-01,1103.0,0,Paid
259170,7039,2025-11-01,6624.0,0,Paid
259175,7058,2025-11-01,32192.0,0,Paid
259241,7227,2025-11-01,9399.0,0,Paid
259256,7280,2025-11-01,677711.0,15,Paid Late
259298,7407,2025-11-01,965606.0,0,Paid
259309,7430,2025-11-01,1527.0,17,Paid Late
259329,7497,2025-11-01,25703.0,0,Paid
259376,7609,2025-11-01,55399.0,0,Paid
259538,8039,2025-11-01,1664.0,16,Paid Late
259558,8085,2025-11-01,6348.0,0,Paid
259595,8179,2025-11-01,26592.0,0,Paid
259616,8236,2025-11-01,1162.0,0,Paid
259653,8339,2025-11-01,26320.0,2,Paid Late
259654,8340,2025-11-01,3299.0,0,Paid
259664,8359,2025-11-01,220148.0,0,Paid
259678,8392,2025-11-01,1838.0,0,Paid
259690,8424,2025-11-01,542.0,0,Paid
259801,8712,2025-11-01,2689.0,0,Paid
259803,8727,2025-11-01,7372.0,0,Paid
259820,8775,2025-11-01,792.0,0,Paid
259829,8799,2025-11-01,7671.0,0,Paid
259843,8844,2025-11-01,81994.0,0,Paid
259915,9083,2025-11-01,2033.0,0,Paid
259929,9112,2025-11-01,34660.0,0,Paid
259941,9141,2025-11-01,2243.0,0,Paid
259947,9157,2025-11-01,7372.0,0,Paid
259975,9229,2025-11-01,59923.0,12,Failed
259993,9269,2025-11-01,3025.0,2,Paid Late
259994,9272,2025-11-01,819.0,20,Paid Late
260033,9365,2025-11-01,43780.0,5,Failed
260049,9399,2025-11-01,1310.0,0,Paid
260069,9465,2025-11-01,3402.0,0,Paid
260081,9505,2025-11-01,53713.0,0,Paid
260101,9565,2025-11-01,39102.0,0,Paid
260119,9636,2025-11-01,13035.0,0,Paid
260138,9694,2025-11-01,45101.0,0,Paid
260141,9703,2025-11-01,49695.0,0,Paid
260149,9724,2025-11-01,24644.0,0,Paid
260165,9768,2025-11-01,52055.0,0,Paid
260195,9836,2025-11-01,65536.0,0,Paid
260206,9866,2025-11-01,3231.0,29,Paid Late
260230,9947,2025-11-01,6831.0,0,Paid
260245,9995,2025-11-01,52813.0,0,Paid
260250,10006,2025-11-01,722844.0,0,Paid
260298,10160,2025-11-01,1338.0,0,Paid
260317,10214,2025-11-01,793.0,0,Paid
260331,10246,2025-11-01,1495.0,0,Paid
260338,10268,2025-11-01,16767.0,0,Paid
260356,10322,2025-11-01,3368.0,0,Paid
260362,10330,2025-11-01,143673.0,0,Paid
260407,10429,2025-11-01,66036.0,0,Paid
260408,10432,2025-11-01,530.0,0,Paid
260418,10457,2025-11-01,1080.0,0,Paid
260443,10529,2025-11-01,75946.0,0,Paid
260464,10591,2025-11-01,2569.0,0,Paid
260535,10745,2025-11-01,15433.0,11,Paid Late
260546,10771,2025-11-01,32562.0,0,Paid
260551,10780,2025-11-01,4042.0,0,Paid
260715,11261,2025-11-01,4545.0,0,Paid
260777,11425,2025-11-01,21761.0,0,Paid
260791,11457,2025-11-01,4877.0,0,Paid
260876,11662,2025-11-01,29581.0,37,Paid Late
260923,11789,2025-11-01,121770.0,0,Paid
260953,11861,2025-11-01,1884.0,0,Paid
260957,11883,2025-11-01,58642.0,0,Paid
260979,11941,2025-11-01,30514.0,0,Paid
261005,12008,2025-11-01,827.0,0,Paid
261035,12103,2025-11-01,59923.0,0,Paid
261064,12176,2025-11-01,35863.0,0,Paid
261080,12239,2025-11-01,3541.0,0,Paid
261081,12244,2025-11-01,4452.0,27,Paid Late
261100,12321,2025-11-01,37080.0,0,Paid
261115,12357,2025-11-01,513184.0,0,Paid
261126,12375,2025-11-01,104352.0,0,Paid
261131,12392,2025-11-01,3057.0,0,Paid
261210,12586,2025-11-01,1646.0,0,Paid
261211,12588,2025-11-01,2872.0,0,Paid
261213,12592,2025-11-01,2609.0,0,Paid
261218,12602,2025-11-01,519.0,12,Paid Late
261253,12673,2025-11-01,13242.0,0,Paid
261277,12728,2025-11-01,48876.0,0,Paid
261314,12819,2025-11-01,1792.0,0,Paid
261319,12832,2025-11-01,37444.0,30,Paid Late
261335,12867,2025-11-01,4871.0,0,Paid
261381,12951,2025-11-01,2510190.0,0,Paid
261392,12990,2025-11-01,819.0,0,Paid
261445,13155,2025-11-01,548.0,0,Paid
261465,13215,2025-11-01,6555.0,0,Paid
261470,13230,2025-11-01,1810.0,0,Paid
261478,13254,2025-11-01,62003.0,0,Paid
261531,13412,2025-11-01,559.0,18,Paid Late
261543,13468,2025-11-01,2412.0,0,Paid
261549,13481,2025-11-01,7149.0,0,Paid
261568,13539,2025-11-01,82783.0,0,Paid
261593,13592,2025-11-01,1671494.0,0,Paid
261601,13618,2025-11-01,1123.0,0,Paid
261608,13637,2025-11-01,6831.0,0,Paid
261613,13647,2025-11-01,1572.0,0,Paid
261673,13806,2025-11-01,57124.0,0,Paid
261737,13997,2025-11-01,2818.0,20,Failed
261747,14020,2025-11-01,16319.0,0,Paid
261834,14249,2025-11-01,1162.0,0,Paid
261841,14270,2025-11-01,134854.0,0,Paid
261842,14271,2025-11-01,2516.0,0,Paid
261848,14279,2025-11-01,59719.0,0,Paid
261885,14388,2025-11-01,1751.0,0,Paid
261978,14674,2025-11-01,199532.0,14,Paid Late
261987,14706,2025-11-01,15307.0,0,Paid
261995,14732,2025-11-01,3217.0,0,Paid
262025,14837,2025-11-01,22166.0,0,Paid
262069,14970,2025-11-01,1083.0,0,Paid
262096,15049,2025-11-01,2516.0,0,Paid
262148,15186,2025-11-01,1719.0,0,Paid
262149,15189,2025-11-01,2021.0,0,Paid
262151,15193,2025-11-01,23000.0,0,Paid
262216,15368,2025-11-01,645.0,10,Paid Late
262221,15380,2025-11-01,5518.0,0,Paid
262227,15389,2025-11-01,1846.0,0,Paid
262234,15412,2025-11-01,17265.0,0,Paid
262261,15472,2025-11-01,4929.0,0,Paid
262309,15612,2025-11-01,3224.0,0,Paid
262323,15639,2025-11-01,2521.0,0,Paid
262376,15774,2025-11-01,24758.0,0,Paid
262383,15791,2025-11-01,819.0,31,Paid Late
262478,16036,2025-11-01,26440.0,19,Paid Late
262482,16048,2025-11-01,2119.0,0,Paid
262495,16073,2025-11-01,58235.0,0,Paid
262513,16131,2025-11-01,78371.0,0,Paid
262562,16280,2025-11-01,6627.0,0,Paid
262588,16348,2025-11-01,24985.0,0,Paid
262590,16353,2025-11-01,1827.0,0,Paid
262601,16381,2025-11-01,1626.0,0,Paid
262646,16487,2025-11-01,159592.0,0,Paid
262735,16705,2025-11-01,2323.0,0,Paid
262738,16712,2025-11-01,186033.0,10,Failed
262762,16769,2025-11-01,57793.0,0,Paid
262773,16799,2025-11-01,10940.0,0,Paid
262852,16996,2025-11-01,6438.0,11,Paid Late
262879,17072,2025-11-01,38010.0,0,Paid
262889,17095,2025-11-01,59975.0,0,Paid
262908,17147,2025-11-01,25145.0,0,Paid
262998,17352,2025-11-01,2323.0,0,Paid
263008,17368,2025-11-01,4124.0,0,Paid
263033,17430,2025-11-01,2922545.0,0,Paid
263035,17432,2025-11-01,21919.0,0,Paid
263079,17555,2025-11-01,17564.0,0,Paid
263081,17565,2025-11-01,529772.0,0,Paid
263134,17724,2025-11-01,1174.0,0,Paid
263154,17774,2025-11-01,189790.0,0,Paid
263165,17800,2025-11-01,24447.0,0,Paid
263171,17818,2025-11-01,6348.0,0,Paid
263172,17819,2025-11-01,2339.0,16,Paid Late
263185,17838,2025-11-01,7751.0,0,Paid
263197,17862,2025-11-01,11545.0,4,Paid Late
263222,17929,2025-11-01,120313.0,28,Failed
263240,17974,2025-11-01,3368.0,0,Paid
263248,17993,2025-11-01,69976.0,0,Paid
263254,18009,2025-11-01,680346.0,0,Paid
263255,18013,2025-11-01,1593.0,17,Paid Late
263268,18050,2025-11-01,1013.0,0,Paid
263273,18057,2025-11-01,4592.0,0,Paid
263286,18088,2025-11-01,5906.0,0,Paid
263293,18104,2025-11-01,21997.0,47,Paid Late
263300,18130,2025-11-01,64675.0,0,Paid
263350,18303,2025-11-01,14574.0,23,Paid Late
263353,18307,2025-11-01,53713.0,0,Paid
263452,18605,2025-11-01,13425.0,0,Paid
263466,18662,2025-11-01,2596.0,0,Paid
263495,18752,2025-11-01,1350540.0,14,Failed
263519,18808,2025-11-01,1511.0,0,Paid
263521,18811,2025-11-01,2122.0,0,Paid
263537,18861,2025-11-01,13824.0,16,Paid Late
263545,18887,2025-11-01,102058.0,0,Paid
263547,18901,2025-11-01,14528.0,0,Paid
263548,18902,2025-11-01,35717.0,0,Paid
263554,18914,2025-11-01,2872.0,0,Paid
263587,18997,2025-11-01,5451.0,0,Paid
263590,19002,2025-11-01,61612.0,0,Paid
263599,19036,2025-11-01,71415.0,14,Paid Late
263614,19095,2025-11-01,6210.0,0,Paid
263745,19468,2025-11-01,2707.0,19,Paid Late
263781,19560,2025-11-01,3651.0,0,Paid
263848,19729,2025-11-01,9228.0,0,Paid
263865,19769,2025-11-01,3282.0,0,Paid
263870,19777,2025-11-01,2420.0,0,Paid
263878,19794,2025-11-01,6690.0,20,Paid Late
263885,19811,2025-11-01,2958.0,0,Paid
263980,20071,2025-11-01,3153.0,0,Paid
263984,20082,2025-11-01,65108.0,21,Paid Late
264003,20131,2025-11-01,1199.0,0,Paid
264018,20162,2025-11-01,40616.0,0,Paid
264057,20296,2025-11-01,3103.0,0,Paid
264070,20335,2025-11-01,3487.0,0,Paid
264091,20391,2025-11-01,14361.0,0,Paid
264119,20480,2025-11-01,31126.0,0,Paid
264124,20493,2025-11-01,4592.0,0,Paid
264131,20516,2025-11-01,4545.0,0,Paid
264158,20595,2025-11-01,2141.0,0,Paid
264189,20677,2025-11-01,46293.0,0,Paid
264245,20821,2025-11-01,40857.0,0,Paid
264286,20940,2025-11-01,2141.0,0,Paid
264304,20987,2025-11-01,1808.0,0,Paid
264320,21026,2025-11-01,1560.0,0,Paid
264362,21126,2025-11-01,4264.0,0,Paid
264372,21146,2025-11-01,9018.0,0,Paid
264376,21156,2025-11-01,12965.0,0,Paid
264435,21287,2025-11-01,2219.0,0,Paid
264436,21288,2025-11-01,3467.0,0,Paid
264515,21504,2025-11-01,3523.0,0,Paid
264529,21542,2025-11-01,2596.0,0,Paid
264536,21561,2025-11-01,2275.0,0,Paid
264579,21682,2025-11-01,57704.0,0,Paid
264606,21751,2025-11-01,15747.0,0,Paid
264616,21783,2025-11-01,4498.0,0,Paid
264745,22110,2025-11-01,1200.0,0,Paid
264757,22139,2025-11-01,1560.0,0,Paid
264760,22154,2025-11-01,2435.0,0,Paid
264782,22215,2025-11-01,2119.0,0,Paid
264807,22297,2025-11-01,16504.0,0,Paid
264821,22343,2025-11-01,13335.0,0,Paid
264823,22350,2025-11-01,33988.0,0,Paid
264846,22416,2025-11-01,81994.0,0,Paid
264866,22485,2025-11-01,11423.0,0,Paid
264868,22487,2025-11-01,2315.0,37,Failed
264900,22573,2025-11-01,6616.0,0,Paid
264915,22603,2025-11-01,2574806.0,0,Paid
264917,22605,2025-11-01,1610.0,20,Paid Late
264941,22662,2025-11-01,7081.0,0,Paid
264948,22676,2025-11-01,3655.0,0,Paid
264961,22710,2025-11-01,7906.0,0,Paid
264979,22756,2025-11-01,692.0,0,Paid
265040,22915,2025-11-01,1430.0,0,Paid
265076,22999,2025-11-01,56625.0,0,Paid
265126,23130,2025-11-01,37980.0,27,Paid Late
265145,23169,2025-11-01,2372.0,0,Paid
265251,23467,2025-11-01,40244.0,0,Paid
265256,23484,2025-11-01,7352.0,7,Paid Late
265264,23508,2025-11-01,3072.0,0,Paid
265347,23713,2025-11-01,31064.0,0,Paid
265364,23757,2025-11-01,5670.0,0,Paid
265425,23892,2025-11-01,810.0,30,Paid Late
265439,23931,2025-11-01,26037.0,0,Paid
265475,24011,2025-11-01,2048.0,0,Paid
265504,24087,2025-11-01,7233.0,0,Paid
265541,24199,2025-11-01,17951.0,18,Failed
265565,24298,2025-11-01,47487.0,0,Paid
265630,24484,2025-11-01,1792.0,0,Paid
265657,24563,2025-11-01,1846.0,0,Paid
265669,24595,2025-11-01,3614.0,0,Paid
265711,24703,2025-11-01,2219.0,0,Paid
265714,24712,2025-11-01,53107.0,0,Paid
265721,24733,2025-11-01,7831.0,0,Paid
265736,24772,2025-11-01,1080.0,0,Paid
265758,24829,2025-11-01,7671.0,0,Paid
265763,24838,2025-11-01,1751.0,12,Paid Late
265765,24845,2025-11-01,1427.0,0,Paid
265767,24848,2025-11-01,3138.0,0,Paid
265806,24948,2025-11-01,3368.0,0,Paid
265809,24957,2025-11-01,29292.0,29,Paid Late
265844,25035,2025-11-01,2033.0,0,Paid
265856,25075,2025-11-01,237761.0,0,Paid
265885,25138,2025-11-01,28196.0,0,Paid
265889,25145,2025-11-01,2372.0,11,Paid Late
265922,25247,2025-11-01,1057.0,0,Paid
265928,25256,2025-11-01,61877.0,0,Paid
265948,25319,2025-11-01,810.0,0,Paid
265954,25336,2025-11-01,1269.0,0,Paid
265975,25380,2025-11-01,1028.0,0,Paid
266049,25560,2025-11-01,4358.0,0,Paid
266070,25613,2025-11-01,55921.0,0,Paid
266086,25666,2025-11-01,70736.0,5,Paid Late
266099,25694,2025-11-01,18422.0,8,Failed
266177,25919,2025-11-01,21319.0,0,Paid
266178,25920,2025-11-01,3153.0,0,Paid
266190,25951,2025-11-01,1755.0,0,Paid
266221,26035,2025-11-01,487480.0,52,Paid Late
266256,26147,2025-11-01,15972.0,0,Paid
266296,26243,2025-11-01,3918.0,0,Paid
266387,26507,2025-11-01,924.0,14,Paid Late
266431,26664,2025-11-01,1262542.0,2,Paid Late
266445,26685,2025-11-01,810.0,0,Paid
266462,26714,2025-11-01,19214.0,0,Paid
266472,26744,2025-11-01,58108.0,0,Paid
266499,26817,2025-11-01,32605.0,0,Paid
266506,26835,2025-11-01,147195.0,6,Paid Late
266536,26911,2025-11-01,751.0,0,Paid
266617,27133,2025-11-01,6792.0,0,Paid
266664,27248,2025-11-01,31546.0,0,Paid
266677,27277,2025-11-01,793.0,0,Paid
266693,27315,2025-11-01,3121.0,0,Paid
266695,27322,2025-11-01,65172.0,0,Paid
266701,27337,2025-11-01,44664.0,0,Paid
266717,27381,2025-11-01,2251.0,0,Paid
266720,27387,2025-11-01,808909.0,0,Paid
266723,27392,2025-11-01,1713.0,0,Paid
266794,27545,2025-11-01,1102.0,0,Paid
266845,27689,2025-11-01,69304.0,0,Paid
266885,27778,2025-11-01,25244.0,0,Paid
266890,27791,2025-11-01,48865.0,18,Paid Late
266942,27940,2025-11-01,3416.0,19,Paid Late
266956,27963,2025-11-01,1774.0,0,Paid
267000,28082,2025-11-01,4824.0,0,Paid
267021,28136,2025-11-01,23782.0,0,Paid
267040,28203,2025-11-01,7512.0,0,Paid
267053,28239,2025-11-01,2672.0,0,Paid
267072,28284,2025-11-01,113903.0,0,Paid
267105,28370,2025-11-01,32057.0,0,Paid
267111,28382,2025-11-01,14838.0,0,Paid
267131,28440,2025-11-01,1338.0,0,Paid
267136,28453,2025-11-01,2726.0,0,Paid
267154,28508,2025-11-01,2579.0,0,Paid
267210,28689,2025-11-01,2167.0,0,Paid
267237,28746,2025-11-01,7538.0,0,Paid
267297,28899,2025-11-01,4523.0,0,Paid
267358,29074,2025-11-01,62115.0,0,Paid
267382,29141,2025-11-01,1364483.0,0,Paid
267388,29155,2025-11-01,32696.0,0,Paid
267393,29175,2025-11-01,2388.0,0,Paid
267420,29251,2025-11-01,57502.0,0,Paid
267440,29302,2025-11-01,110674.0,0,Paid
267464,29367,2025-11-01,10306.0,0,Paid
267516,29499,2025-11-01,30077.0,0,Paid
267534,29546,2025-11-01,23809.0,0,Paid
267583,29667,2025-11-01,82879.0,0,Paid
267588,29679,2025-11-01,4452.0,0,Paid
267633,29805,2025-11-01,2243.0,0,Paid
267644,29832,2025-11-01,2171.0,0,Paid
267680,29926,2025-11-01,13277.0,0,Paid
267696,29986,2025-11-01,56080.0,0,Paid
267787,30229,2025-11-01,215516.0,0,Paid
267845,30410,2025-11-01,11300.0,0,Paid
267871,30484,2025-11-01,1087.0,0,Paid
267944,30716,2025-11-01,2659.0,4,Paid Late
267979,30798,2025-11-01,48100.0,0,Paid
267986,30819,2025-11-01,157296.0,0,Paid
267987,30820,2025-11-01,2768.0,0,Paid
268003,30866,2025-11-01,2348.0,29,Paid Late
268004,30867,2025-11-01,1713.0,12,Failed
268017,30920,2025-11-01,1527.0,0,Paid
268088,31113,2025-11-01,78818.0,12,Paid Late
268093,31126,2025-11-01,5103.0,0,Paid
268107,31160,2025-11-01,2251.0,0,Paid
268114,31179,2025-11-01,4982.0,0,Paid
268122,31201,2025-11-01,65578.0,11,Failed
268162,31324,2025-11-01,4217.0,0,Paid
268165,31331,2025-11-01,2755.0,0,Paid
268181,31359,2025-11-01,1527.0,0,Paid
268194,31392,2025-11-01,2275.0,4,Paid Late
268199,31417,2025-11-01,3184.0,15,Paid Late
268215,31468,2025-11-01,5451.0,0,Paid
268239,31544,2025-11-01,63622.0,0,Paid
268244,31563,2025-11-01,1609.0,0,Paid
268290,31691,2025-11-01,2251.0,0,Paid
268295,31701,2025-11-01,2130.0,29,Paid Late
268305,31726,2025-11-01,2898.0,0,Paid
268306,31730,2025-11-01,3393.0,0,Paid
268327,31775,2025-11-01,14322.0,8,Failed
268342,31811,2025-11-01,2872.0,0,Paid
268394,31969,2025-11-01,1467.0,5,Failed
268401,31983,2025-11-01,27698.0,0,Paid
268411,32005,2025-11-01,9197.0,7,Paid Late
268418,32019,2025-11-01,4001.0,22,Paid Late
268458,32121,2025-11-01,34824.0,0,Paid
268465,32137,2025-11-01,50694.0,0,Paid
268478,32171,2025-11-01,18771.0,0,Paid
268498,32211,2025-11-01,6693.0,22,Paid Late
268528,32302,2025-11-01,187657.0,0,Paid
268560,32392,2025-11-01,1808.0,27,Paid Late
268564,32405,2025-11-01,5883.0,0,Paid
268570,32422,2025-11-01,145887.0,0,Paid
268573,32430,2025-11-01,27135.0,0,Paid
268583,32453,2025-11-01,785.0,0,Paid
268611,32521,2025-11-01,827.0,0,Paid
268615,32529,2025-11-01,2098.0,0,Paid
268618,32536,2025-11-01,12101.0,54,Paid Late
268713,32775,2025-11-01,8478.0,19,Paid Late
268725,32811,2025-11-01,29200.0,0,Paid
268753,32896,2025-11-01,2286133.0,0,Paid
268760,32920,2025-11-01,1324.0,11,Failed
268784,32995,2025-11-01,23894.0,0,Paid
268812,33086,2025-11-01,835.0,6,Failed
268829,33130,2025-11-01,2902.0,0,Paid
268833,33138,2025-11-01,1511.0,0,Paid
268857,33208,2025-11-01,56683.0,46,Failed
268880,33284,2025-11-01,956.0,31,Paid Late
268909,33372,2025-11-01,34162.0,0,Paid
268935,33450,2025-11-01,23447.0,0,Paid
269040,33774,2025-11-01,1789.0,0,Paid
269041,33776,2025-11-01,2348.0,0,Paid
269043,33778,2025-11-01,1990.0,0,Paid
269052,33794,2025-11-01,59261.0,0,Paid
269053,33796,2025-11-01,17556.0,0,Paid
269094,33919,2025-11-01,49721.0,0,Paid
269103,33945,2025-11-01,14236.0,0,Paid
269115,33975,2025-11-01,4170.0,0,Paid
269121,34001,2025-11-01,3430.0,0,Paid
269132,34038,2025-11-01,46796.0,0,Paid
269151,34076,2025-11-01,2382.0,2,Paid Late
269192,34201,2025-11-01,6417.0,14,Paid Late
269216,34261,2025-11-01,3416.0,24,Paid Late
269218,34265,2025-11-01,1719.0,0,Paid
269227,34291,2025-11-01,42757.0,0,Paid
269292,34482,2025-11-01,5351.0,4,Failed
269318,34559,2025-11-01,35876.0,0,Paid
269335,34615,2025-11-01,59859.0,0,Paid
269375,34721,2025-11-01,21805.0,0,Paid
269380,34735,2025-11-01,51574.0,0,Paid
269401,34795,2025-11-01,3430.0,0,Paid
269428,34863,2025-11-01,4965.0,21,Failed
269430,34879,2025-11-01,2190.0,29,Paid Late
269435,34889,2025-11-01,1642.0,0,Paid
269474,35003,2025-11-01,37860.0,0,Paid
269486,35042,2025-11-01,3368.0,0,Paid
269499,35071,2025-11-01,25348.0,0,Paid
269510,35096,2025-11-01,24484.0,0,Paid
269596,35343,2025-11-01,4639.0,28,Failed
269599,35346,2025-11-01,1678.0,21,Paid Late
269627,35439,2025-11-01,2740.0,16,Failed
269664,35550,2025-11-01,802.0,0,Paid
269784,35860,2025-11-01,1186.0,0,Paid
269801,35912,2025-11-01,2542.0,0,Paid
269811,35933,2025-11-01,282345.0,0,Paid
269841,36017,2025-11-01,34287.0,0,Paid
269842,36021,2025-11-01,810.0,0,Paid
269864,36081,2025-11-01,79402.0,0,Paid
269890,36158,2025-11-01,519.0,0,Paid
269895,36173,2025-11-01,835.0,0,Paid
269903,36196,2025-11-01,950627.0,0,Paid
269904,36197,2025-11-01,5842.0,0,Paid
270047,36599,2025-11-01,6478.0,0,Paid
270099,36773,2025-11-01,4042.0,15,Failed
270106,36791,2025-11-01,4083.0,0,Paid
270116,36815,2025-11-01,18148.0,0,Paid
270139,36886,2025-11-01,1338.0,0,Paid
270145,36906,2025-11-01,1618.0,0,Paid
270150,36920,2025-11-01,3877.0,17,Paid Late
270171,36980,2025-11-01,19507.0,0,Paid
270176,36995,2025-11-01,214142.0,0,Paid
270210,37105,2025-11-01,2275.0,0,Paid
270214,37116,2025-11-01,231219.0,0,Paid
270223,37134,2025-11-01,3223.0,0,Paid
270245,37179,2025-11-01,2019.0,0,Paid
270290,37285,2025-11-01,45433.0,0,Paid
270304,37335,2025-11-01,2403.0,0,Paid
270337,37419,2025-11-01,4089.0,0,Paid
270339,37424,2025-11-01,116696.0,0,Paid
270353,37460,2025-11-01,281043.0,11,Paid Late
270364,37487,2025-11-01,111977.0,0,Paid
270369,37500,2025-11-01,7512.0,30,Paid Late
270386,37545,2025-11-01,2171.0,0,Paid
270414,37605,2025-11-01,31843.0,0,Paid
270445,37672,2025-11-01,30109.0,32,Paid Late
270473,37747,2025-11-01,1162.0,0,Paid
270474,37748,2025-11-01,44539.0,16,Paid Late
270539,37940,2025-11-01,5969.0,0,Paid
270553,37982,2025-11-01,27170.0,21,Paid Late
270567,38022,2025-11-01,3368.0,0,Paid
270583,38086,2025-11-01,68496.0,0,Paid
270587,38095,2025-11-01,3381.0,0,Paid
270622,38189,2025-11-01,2219.0,0,Paid
270627,38197,2025-11-01,6624.0,0,Paid
270628,38198,2025-11-01,819.0,0,Paid
270634,38211,2025-11-01,3467.0,0,Paid
270644,38227,2025-11-01,2339.0,0,Paid
270672,38306,2025-11-01,2667.0,0,Paid
270695,38373,2025-11-01,4311.0,9,Failed
270780,38612,2025-11-01,16682.0,0,Paid
270812,38700,2025-11-01,819.0,0,Paid
270841,38766,2025-11-01,62413.0,0,Paid
270844,38775,2025-11-01,1626.0,0,Paid
270862,38812,2025-11-01,2396.0,8,Paid Late
270866,38823,2025-11-01,16893.0,0,Paid
270891,38906,2025-11-01,101271.0,0,Paid
270903,38939,2025-11-01,67627.0,0,Paid
270943,39040,2025-11-01,68454.0,49,Failed
270957,39062,2025-11-01,6553.0,16,Paid Late
271016,39248,2025-11-01,363625.0,0,Paid
271058,39375,2025-11-01,24219.0,0,Paid
271093,39486,2025-11-01,1111.0,0,Paid
271105,39515,2025-11-01,10357.0,0,Paid
271173,39739,2025-11-01,3368.0,0,Paid
271198,39810,2025-11-01,296530.0,0,Paid
271225,39869,2025-11-01,3614.0,0,Paid
271260,39965,2025-11-01,59077.0,0,Paid
271306,40093,2025-11-01,1810.0,0,Paid
271329,40166,2025-11-01,3308.0,0,Paid
271365,40270,2025-11-01,3452.0,0,Paid
271450,40485,2025-11-01,2902.0,0,Paid
271496,40595,2025-11-01,192607.0,22,Paid Late
271515,40659,2025-11-01,802.0,0,Paid
271547,40757,2025-11-01,9177.0,0,Paid
271573,40826,2025-11-01,7149.0,0,Paid
271577,40843,2025-11-01,2033.0,19,Paid Late
271590,40892,2025-11-01,30093.0,0,Paid
271657,41112,2025-11-01,69530.0,0,Paid
271663,41128,2025-11-01,14670.0,0,Paid
271693,41209,2025-11-01,222847.0,0,Paid
271694,41212,2025-11-01,5978.0,0,Paid
271725,41289,2025-11-01,2355.0,0,Paid
271821,41531,2025-11-01,95639.0,0,Paid
271826,41542,2025-11-01,35417.0,21,Paid Late
271831,41554,2025-11-01,5822.0,12,Failed
271866,41660,2025-11-01,4498.0,20,Failed
271874,41686,2025-11-01,1324.0,0,Paid
271881,41704,2025-11-01,1223.0,0,Paid
271884,41709,2025-11-01,59497.0,11,Paid Late
271886,41717,2025-11-01,1046.0,0,Paid
271890,41740,2025-11-01,3504.0,0,Paid
271903,41776,2025-11-01,1690.0,0,Paid
271924,41834,2025-11-01,2872.0,0,Paid
271930,41853,2025-11-01,181849.0,0,Paid
271935,41859,2025-11-01,5567.0,0,Paid
271940,41868,2025-11-01,3282.0,0,Paid
271946,41888,2025-11-01,37287.0,0,Paid
271965,41946,2025-11-01,1412.0,0,Paid
271969,41955,2025-11-01,3959.0,0,Paid
271970,41956,2025-11-01,3196.0,0,Paid
271973,41961,2025-11-01,4639.0,0,Paid
271977,41970,2025-11-01,15914.0,0,Paid
271984,41985,2025-11-01,519.0,0,Paid
272013,42058,2025-11-01,5335.0,0,Paid
272014,42060,2025-11-01,64393.0,0,Paid
272029,42105,2025-11-01,2931.0,0,Paid
272055,42176,2025-11-01,3541.0,0,Paid
272062,42196,2025-11-01,542.0,12,Paid Late
272088,42264,2025-11-01,9584.0,0,Paid
272134,42398,2025-11-01,287332.0,6,Paid Late
272143,42428,2025-11-01,2868.0,0,Paid
272150,42446,2025-11-01,759.0,0,Paid
272164,42484,2025-11-01,1610.0,4,Paid Late
272180,42536,2025-11-01,24052.0,7,Paid Late
272189,42560,2025-11-01,2465424.0,0,Paid
272205,42620,2025-11-01,2872.0,0,Paid
272212,42635,2025-11-01,548.0,0,Paid
272268,42805,2025-11-01,2703.0,0,Paid
272292,42868,2025-11-01,1137.0,0,Paid
272324,42960,2025-11-01,2408.0,34,Failed
272353,43041,2025-11-01,210808.0,0,Paid
272402,43162,2025-11-01,995.0,0,Paid
272403,43165,2025-11-01,24803.0,0,Paid
272419,43194,2025-11-01,1481.0,0,Paid
272490,43358,2025-11-01,58231.0,0,Paid
272519,43428,2025-11-01,1682.0,0,Paid
272522,43444,2025-11-01,6287.0,0,Paid
272557,43533,2025-11-01,23210.0,0,Paid
272568,43556,2025-11-01,2726.0,25,Failed
272612,43663,2025-11-01,36167.0,18,Paid Late
272613,43665,2025-11-01,2122.0,0,Paid
272632,43702,2025-11-01,2784.0,0,Paid
272676,43819,2025-11-01,34636.0,0,Paid
272703,43882,2025-11-01,14591.0,0,Paid
272793,44132,2025-11-01,2251.0,26,Paid Late
272819,44211,2025-11-01,4083.0,0,Paid
272844,44258,2025-11-01,9487.0,0,Paid
272879,44356,2025-11-01,5277.0,0,Paid
272884,44365,2025-11-01,7671.0,0,Paid
272949,44541,2025-11-01,1569.0,0,Paid
272973,44611,2025-11-01,1846.0,14,Failed
272975,44620,2025-11-01,24455.0,0,Paid
273007,44692,2025-11-01,54366.0,0,Paid
273017,44722,2025-11-01,13425.0,0,Paid
273108,44979,2025-11-01,2119.0,0,Paid
273164,45151,2025-11-01,1137.0,0,Paid
273227,45344,2025-11-01,38339.0,0,Paid
273252,45395,2025-11-01,3651.0,0,Paid
273262,45424,2025-11-01,1774.0,0,Paid
273297,45507,2025-11-01,2195.0,0,Paid
273313,45541,2025-11-01,58108.0,0,Paid
273315,45547,2025-11-01,2014.0,0,Paid
273320,45556,2025-11-01,78116.0,0,Paid
273337,45606,2025-11-01,30648.0,0,Paid
273338,45608,2025-11-01,542.0,0,Paid
273374,45702,2025-11-01,1770.0,0,Paid
273378,45708,2025-11-01,2921.0,19,Failed
273395,45757,2025-11-01,15747.0,0,Paid
273419,45827,2025-11-01,7831.0,0,Paid
273422,45831,2025-11-01,1338.0,0,Paid
273457,45909,2025-11-01,15775.0,0,Paid
273485,45983,2025-11-01,252276.0,0,Paid
273498,46011,2025-11-01,242402.0,0,Paid
273520,46063,2025-11-01,94226.0,0,Paid
273527,46074,2025-11-01,90483.0,0,Paid
273533,46088,2025-11-01,7372.0,0,Paid
273561,46158,2025-11-01,21092.0,0,Paid
273662,46452,2025-11-01,269255.0,0,Paid
273686,46503,2025-11-01,145189.0,0,Paid
273727,46607,2025-11-01,2856.0,0,Paid
273750,46659,2025-11-01,1256.0,0,Paid
273765,46708,2025-11-01,4639.0,0,Paid
273779,46731,2025-11-01,4452.0,5,Failed
273782,46734,2025-11-01,41336.0,19,Paid Late
273785,46740,2025-11-01,39523.0,0,Paid
273825,46847,2025-11-01,1070939.0,0,Paid
273845,46903,2025-11-01,13610.0,0,Paid
273897,47036,2025-11-01,3334.0,0,Paid
273910,47074,2025-11-01,1934420.0,0,Paid
273958,47208,2025-11-01,1046.0,0,Paid
274021,47413,2025-11-01,1057.0,0,Paid
274051,47517,2025-11-01,242946.0,0,Paid
274056,47527,2025-11-01,4452.0,17,Paid Late
274107,47666,2025-11-01,1713.0,0,Paid
274174,47863,2025-11-01,1884.0,0,Paid
274185,47889,2025-11-01,203288.0,0,Paid
274195,47913,2025-11-01,3231.0,0,Paid
274197,47922,2025-11-01,1324.0,0,Paid
274219,47989,2025-11-01,6831.0,0,Paid
274237,48050,2025-11-01,542.0,0,Paid
274263,48123,2025-11-01,2870.0,0,Paid
274280,48159,2025-11-01,3783.0,0,Paid
274309,48223,2025-11-01,8132.0,31,Failed
274344,48337,2025-11-01,3162.0,28,Paid Late
274351,48355,2025-11-01,4592.0,0,Paid
274372,48427,2025-11-01,3231.0,46,Paid Late
274379,48442,2025-11-01,106369.0,0,Paid
274425,48567,2025-11-01,1269.0,0,Paid
274454,48644,2025-11-01,2843.0,0,Paid
274519,48808,2025-11-01,59255.0,0,Paid
274593,49009,2025-11-01,7592.0,0,Paid
274631,49099,2025-11-01,17144.0,0,Paid
274643,49130,2025-11-01,4001.0,0,Paid
274647,49144,2025-11-01,3487.0,0,Paid
274654,49168,2025-11-01,21092.0,13,Paid Late
274672,49214,2025-11-01,2076.0,14,Paid Late
274718,49313,2025-11-01,2044.0,0,Paid
274766,49489,2025-11-01,2542.0,0,Paid
274789,49598,2025-11-01,2553422.0,0,Paid
274793,49606,2025-11-01,1102.0,0,Paid
274798,49617,2025-11-01,11164.0,21,Failed
274808,49642,2025-11-01,2843.0,0,Paid
274835,49720,2025-11-01,3265.0,0,Paid
274855,49791,2025-11-01,1577934.0,18,Paid Late
274861,49808,2025-11-01,734.0,0,Paid
274878,49872,2025-11-01,5842.0,0,Paid
274894,49913,2025-11-01,3547.0,0,Paid
274918,49980,2025-11-01,70024.0,0,Paid
274931,23,2025-12-01,5683.0,0,Paid
274939,43,2025-12-01,81686.0,5,Paid Late
274940,48,2025-12-01,1950.0,0,Paid
274943,58,2025-12-01,5139.0,0,Paid
274962,119,2025-12-01,58864.0,0,Paid
274980,155,2025-12-01,5776.0,0,Paid
275005,222,2025-12-01,802.0,0,Paid
275014,247,2025-12-01,11489.0,0,Paid
275033,283,2025-12-01,70779.0,0,Paid
275036,290,2025-12-01,5724.0,0,Paid
275037,291,2025-12-01,1338.0,0,Paid
275046,308,2025-12-01,4562.0,3,Paid Late
275058,335,2025-12-01,1283.0,0,Paid
275066,356,2025-12-01,2917.0,0,Paid
275075,379,2025-12-01,12923.0,0,Paid
275127,531,2025-12-01,2922.0,0,Paid
275147,575,2025-12-01,40616.0,0,Paid
275187,668,2025-12-01,548.0,0,Paid
275192,685,2025-12-01,2323.0,0,Paid
275194,689,2025-12-01,2363.0,0,Paid
275257,855,2025-12-01,3712.0,0,Paid
275273,895,2025-12-01,1946.0,0,Paid
275309,1004,2025-12-01,313945.0,0,Paid
275316,1022,2025-12-01,31955.0,0,Paid
275330,1048,2025-12-01,22042.0,0,Paid
275331,1054,2025-12-01,2814.0,0,Paid
275335,1061,2025-12-01,1560.0,0,Paid
275337,1073,2025-12-01,2076.0,11,Paid Late
275338,1074,2025-12-01,34895.0,49,Paid Late
275342,1092,2025-12-01,1046.0,0,Paid
275347,1107,2025-12-01,34350.0,0,Paid
275393,1227,2025-12-01,3057.0,0,Paid
275397,1237,2025-12-01,2011.0,0,Paid
275413,1275,2025-12-01,17144.0,0,Paid
275431,1314,2025-12-01,5652.0,0,Paid
275443,1345,2025-12-01,237589.0,0,Paid
275448,1362,2025-12-01,5518.0,0,Paid
275457,1385,2025-12-01,1186.0,0,Paid
275461,1402,2025-12-01,39682.0,0,Paid
275593,1806,2025-12-01,59603.0,0,Paid
275633,1917,2025-12-01,74436.0,0,Paid
275644,1937,2025-12-01,558522.0,0,Paid
275691,2082,2025-12-01,42635.0,0,Paid
275757,2244,2025-12-01,18706.0,0,Paid
275879,2575,2025-12-01,734.0,0,Paid
275890,2620,2025-12-01,25733.0,0,Paid
275927,2713,2025-12-01,1310.0,0,Paid
275943,2754,2025-12-01,1558.0,0,Paid
275945,2761,2025-12-01,1572.0,0,Paid
275947,2768,2025-12-01,4274.0,0,Paid
276000,2939,2025-12-01,2135581.0,0,Paid
276040,3054,2025-12-01,768.0,0,Paid
276086,3171,2025-12-01,137615.0,0,Paid
276127,3285,2025-12-01,106645.0,0,Paid
276173,3421,2025-12-01,33627.0,0,Paid
276174,3422,2025-12-01,9439.0,0,Paid
276258,3656,2025-12-01,2489.0,0,Paid
276312,3805,2025-12-01,53122.0,0,Paid
276323,3835,2025-12-01,7352.0,8,Paid Late
276325,3840,2025-12-01,1296.0,0,Paid
276365,3966,2025-12-01,2898.0,24,Failed
276386,4019,2025-12-01,899748.0,23,Failed
276416,4108,2025-12-01,81175.0,0,Paid
276515,4376,2025-12-01,2011.0,0,Paid
276540,4453,2025-12-01,35797.0,0,Paid
276566,4534,2025-12-01,4634.0,11,Paid Late
276584,4576,2025-12-01,5087.0,15,Paid Late
276602,4626,2025-12-01,55699.0,6,Failed
276662,4788,2025-12-01,24028.0,0,Paid
276671,4810,2025-12-01,31839.0,0,Paid
276674,4819,2025-12-01,201004.0,11,Paid Late
276718,4922,2025-12-01,5161.0,0,Paid
276746,5009,2025-12-01,2011.0,23,Failed
276752,5023,2025-12-01,3089.0,0,Paid
276761,5046,2025-12-01,37180.0,32,Paid Late
276812,5161,2025-12-01,3299.0,12,Paid Late
276826,5199,2025-12-01,5451.0,0,Paid
276888,5367,2025-12-01,103614.0,0,Paid
276900,5398,2025-12-01,36277.0,9,Failed
276905,5411,2025-12-01,66539.0,0,Paid
276917,5428,2025-12-01,7149.0,0,Paid
276956,5513,2025-12-01,56636.0,0,Paid
276973,5566,2025-12-01,4498.0,0,Paid
277013,5657,2025-12-01,565.0,0,Paid
277014,5659,2025-12-01,20634.0,0,Paid
277038,5717,2025-12-01,26526.0,0,Paid
277049,5749,2025-12-01,2339.0,0,Paid
277050,5754,2025-12-01,2141.0,0,Paid
277065,5786,2025-12-01,2540.0,18,Paid Late
277101,5855,2025-12-01,3265.0,0,Paid
277147,5985,2025-12-01,1160.0,27,Paid Late
277187,6092,2025-12-01,101329.0,0,Paid
277189,6096,2025-12-01,11021.0,0,Paid
277209,6149,2025-12-01,67102.0,0,Paid
277273,6317,2025-12-01,1283.0,0,Paid
277282,6362,2025-12-01,1123.0,0,Paid
277330,6487,2025-12-01,1884.0,0,Paid
277344,6529,2025-12-01,120502.0,0,Paid
277348,6545,2025-12-01,20610.0,0,Paid
277398,6693,2025-12-01,98223.0,0,Paid
277418,6744,2025-12-01,31650.0,0,Paid
277432,6781,2025-12-01,6952.0,29,Paid Late
277435,6786,2025-12-01,36689.0,18,Paid Late
277448,6814,2025-12-01,3057.0,0,Paid
277494,6937,2025-12-01,2348.0,0,Paid
277521,6997,2025-12-01,1103.0,0,Paid
277543,7039,2025-12-01,6624.0,0,Paid
277550,7058,2025-12-01,32192.0,0,Paid
277614,7227,2025-12-01,9399.0,0,Paid
277681,7430,2025-12-01,1527.0,23,Paid Late
277702,7497,2025-12-01,25703.0,0,Paid
277747,7609,2025-12-01,55399.0,0,Paid
277901,8039,2025-12-01,1664.0,0,Paid
277921,8085,2025-12-01,6348.0,0,Paid
277959,8179,2025-12-01,26592.0,0,Paid
277982,8236,2025-12-01,1162.0,0,Paid
278019,8339,2025-12-01,26320.0,0,Paid
278020,8340,2025-12-01,3299.0,0,Paid
278031,8359,2025-12-01,220148.0,10,Paid Late
278039,8392,2025-12-01,1838.0,0,Paid
278052,8424,2025-12-01,542.0,0,Paid
278164,8712,2025-12-01,2689.0,0,Paid
278166,8727,2025-12-01,7372.0,33,Failed
278185,8775,2025-12-01,792.0,0,Paid
278194,8799,2025-12-01,7671.0,0,Paid
278277,9083,2025-12-01,2033.0,0,Paid
278292,9112,2025-12-01,34660.0,0,Paid
278303,9141,2025-12-01,2243.0,5,Paid Late
278311,9157,2025-12-01,7372.0,0,Paid
278338,9229,2025-12-01,59923.0,0,Paid
278356,9269,2025-12-01,3025.0,7,Failed
278357,9272,2025-12-01,819.0,0,Paid
278395,9365,2025-12-01,43780.0,0,Paid
278412,9399,2025-12-01,1310.0,20,Paid Late
278436,9465,2025-12-01,3402.0,0,Paid
278449,9505,2025-12-01,53713.0,0,Paid
278455,9518,2025-12-01,194087.0,5,Paid Late
278468,9565,2025-12-01,39102.0,36,Failed
278491,9636,2025-12-01,13035.0,0,Paid
278509,9694,2025-12-01,45101.0,0,Paid
278512,9703,2025-12-01,49695.0,0,Paid
278519,9720,2025-12-01,33404.0,0,Paid
278520,9724,2025-12-01,24644.0,0,Paid
278538,9768,2025-12-01,52055.0,0,Paid
278567,9836,2025-12-01,65536.0,0,Paid
278579,9866,2025-12-01,3231.0,0,Paid
278606,9947,2025-12-01,6831.0,23,Paid Late
278621,9995,2025-12-01,52813.0,0,Paid
278673,10160,2025-12-01,1338.0,0,Paid
278690,10214,2025-12-01,793.0,0,Paid
278707,10246,2025-12-01,1495.0,14,Failed
278715,10268,2025-12-01,16767.0,0,Paid
278733,10322,2025-12-01,3368.0,0,Paid
278738,10330,2025-12-01,143673.0,0,Paid
278779,10429,2025-12-01,66036.0,0,Paid
278780,10432,2025-12-01,530.0,0,Paid
278790,10457,2025-12-01,1080.0,0,Paid
278834,10591,2025-12-01,2569.0,0,Paid
278841,10606,2025-12-01,682344.0,25,Paid Late
278884,10704,2025-12-01,20347.0,0,Paid
278912,10771,2025-12-01,32562.0,0,Paid
278916,10780,2025-12-01,4042.0,21,Failed
278927,10808,2025-12-01,1511.0,17,Paid Late
279001,11021,2025-12-01,728.0,54,Paid Late
279077,11261,2025-12-01,4545.0,0,Paid
279141,11425,2025-12-01,21761.0,0,Paid
279156,11457,2025-12-01,4877.0,0,Paid
279177,11499,2025-12-01,2839.0,25,Failed
279237,11639,2025-12-01,1495.0,0,Paid
279291,11789,2025-12-01,121770.0,0,Paid
279323,11861,2025-12-01,1884.0,0,Paid
279329,11883,2025-12-01,58642.0,0,Paid
279349,11941,2025-12-01,30514.0,0,Paid
279382,12008,2025-12-01,827.0,0,Paid
279414,12103,2025-12-01,59923.0,0,Paid
279441,12176,2025-12-01,35863.0,0,Paid
279457,12239,2025-12-01,3541.0,0,Paid
279460,12244,2025-12-01,4452.0,0,Paid
279480,12321,2025-12-01,37080.0,0,Paid
279501,12375,2025-12-01,104352.0,0,Paid
279509,12392,2025-12-01,3057.0,0,Paid
279590,12586,2025-12-01,1646.0,0,Paid
279591,12588,2025-12-01,2872.0,23,Paid Late
279593,12592,2025-12-01,2609.0,0,Paid
279598,12602,2025-12-01,519.0,0,Paid
279635,12673,2025-12-01,13242.0,0,Paid
279660,12728,2025-12-01,48876.0,0,Paid
279699,12819,2025-12-01,1792.0,0,Paid
279717,12867,2025-12-01,4871.0,27,Failed
279773,12990,2025-12-01,819.0,0,Paid
279777,13010,2025-12-01,652018.0,0,Paid
279825,13155,2025-12-01,548.0,0,Paid
279847,13215,2025-12-01,6555.0,0,Paid
279853,13230,2025-12-01,1810.0,0,Paid
279857,13240,2025-12-01,230375.0,0,Paid
279884,13325,2025-12-01,11902.0,30,Failed
279914,13412,2025-12-01,559.0,0,Paid
279926,13468,2025-12-01,2412.0,0,Paid
279931,13481,2025-12-01,7149.0,15,Paid Late
279944,13513,2025-12-01,44096.0,0,Paid
279955,13539,2025-12-01,82783.0,0,Paid
279988,13618,2025-12-01,1123.0,0,Paid
279995,13637,2025-12-01,6831.0,0,Paid
280000,13647,2025-12-01,1572.0,0,Paid
280059,13806,2025-12-01,57124.0,0,Paid
280126,13997,2025-12-01,2818.0,0,Paid
280225,14249,2025-12-01,1162.0,0,Paid
280233,14270,2025-12-01,134854.0,10,Failed
280234,14271,2025-12-01,2516.0,0,Paid
280239,14279,2025-12-01,59719.0,0,Paid
280276,14388,2025-12-01,1751.0,16,Failed
280324,14532,2025-12-01,870016.0,0,Paid
280362,14674,2025-12-01,199532.0,0,Paid
280374,14706,2025-12-01,15307.0,0,Paid
280380,14732,2025-12-01,3217.0,0,Paid
280395,14778,2025-12-01,214736.0,22,Paid Late
280415,14837,2025-12-01,22166.0,0,Paid
280466,14970,2025-12-01,1083.0,0,Paid
280493,15049,2025-12-01,2516.0,0,Paid
280548,15186,2025-12-01,1719.0,0,Paid
280549,15189,2025-12-01,2021.0,0,Paid
280551,15193,2025-12-01,23000.0,10,Failed
280552,15195,2025-12-01,92491.0,55,Paid Late
280575,15256,2025-12-01,32346.0,24,Paid Late
280619,15368,2025-12-01,645.0,0,Paid
280624,15380,2025-12-01,5518.0,0,Paid
280629,15389,2025-12-01,1846.0,0,Paid
280636,15412,2025-12-01,17265.0,0,Paid
280660,15472,2025-12-01,4929.0,0,Paid
280708,15612,2025-12-01,3224.0,15,Paid Late
280722,15639,2025-12-01,2521.0,0,Paid
280772,15774,2025-12-01,24758.0,0,Paid
280777,15791,2025-12-01,819.0,0,Paid
280872,16036,2025-12-01,26440.0,0,Paid
280875,16048,2025-12-01,2119.0,0,Paid
280889,16073,2025-12-01,58235.0,50,Paid Late
280909,16131,2025-12-01,78371.0,0,Paid
280952,16280,2025-12-01,6627.0,0,Paid
280979,16348,2025-12-01,24985.0,0,Paid
280981,16353,2025-12-01,1827.0,0,Paid
280993,16381,2025-12-01,1626.0,0,Paid
281035,16487,2025-12-01,159592.0,0,Paid
281124,16705,2025-12-01,2323.0,0,Paid
281127,16712,2025-12-01,186033.0,0,Paid
281152,16769,2025-12-01,57793.0,0,Paid
281239,16996,2025-12-01,6438.0,0,Paid
281266,17072,2025-12-01,38010.0,0,Paid
281276,17095,2025-12-01,59975.0,0,Paid
281296,17147,2025-12-01,25145.0,0,Paid
281384,17352,2025-12-01,2323.0,0,Paid
281392,17368,2025-12-01,4124.0,0,Paid
281416,17432,2025-12-01,21919.0,24,Failed
281457,17555,2025-12-01,17564.0,16,Paid Late
281509,17724,2025-12-01,1174.0,0,Paid
281517,17745,2025-12-01,227235.0,0,Paid
281527,17774,2025-12-01,189790.0,0,Paid
281539,17800,2025-12-01,24447.0,0,Paid
281544,17818,2025-12-01,6348.0,0,Paid
281545,17819,2025-12-01,2339.0,0,Paid
281557,17838,2025-12-01,7751.0,0,Paid
281569,17862,2025-12-01,11545.0,10,Paid Late
281595,17929,2025-12-01,120313.0,0,Paid
281614,17974,2025-12-01,3368.0,0,Paid
281621,17993,2025-12-01,69976.0,0,Paid
281629,18013,2025-12-01,1593.0,0,Paid
281642,18050,2025-12-01,1013.0,0,Paid
281648,18057,2025-12-01,4592.0,0,Paid
281661,18088,2025-12-01,5906.0,0,Paid
281669,18104,2025-12-01,21997.0,0,Paid
281677,18130,2025-12-01,64675.0,0,Paid
281697,18219,2025-12-01,252828.0,0,Paid
281730,18303,2025-12-01,14574.0,0,Paid
281732,18307,2025-12-01,53713.0,12,Failed
281822,18605,2025-12-01,13425.0,0,Paid
281838,18662,2025-12-01,2596.0,0,Paid
281876,18783,2025-12-01,11783.0,13,Paid Late
281888,18808,2025-12-01,1511.0,0,Paid
281890,18811,2025-12-01,2122.0,0,Paid
281912,18887,2025-12-01,102058.0,0,Paid
281913,18901,2025-12-01,14528.0,8,Paid Late
281914,18902,2025-12-01,35717.0,0,Paid
281919,18914,2025-12-01,2872.0,0,Paid
281950,18997,2025-12-01,5451.0,0,Paid
281952,19002,2025-12-01,61612.0,0,Paid
281961,19036,2025-12-01,71415.0,14,Failed
281976,19095,2025-12-01,6210.0,0,Paid
282008,19198,2025-12-01,130302.0,0,Paid
282119,19468,2025-12-01,2707.0,8,Failed
282135,19508,2025-12-01,43016.0,6,Paid Late
282152,19560,2025-12-01,3651.0,0,Paid
282211,19729,2025-12-01,9228.0,0,Paid
282220,19746,2025-12-01,116316.0,0,Paid
282229,19769,2025-12-01,3282.0,0,Paid
282234,19777,2025-12-01,2420.0,19,Failed
282241,19794,2025-12-01,6690.0,0,Paid
282249,19811,2025-12-01,2958.0,0,Paid
282295,19926,2025-12-01,56592.0,32,Paid Late
282348,20071,2025-12-01,3153.0,0,Paid
282353,20082,2025-12-01,65108.0,0,Paid
282371,20131,2025-12-01,1199.0,0,Paid
282386,20162,2025-12-01,40616.0,0,Paid
282428,20296,2025-12-01,3103.0,0,Paid
282441,20335,2025-12-01,3487.0,0,Paid
282462,20391,2025-12-01,14361.0,0,Paid
282495,20493,2025-12-01,4592.0,0,Paid
282503,20516,2025-12-01,4545.0,0,Paid
282524,20574,2025-12-01,1186.0,13,Paid Late
282529,20595,2025-12-01,2141.0,0,Paid
282564,20677,2025-12-01,46293.0,0,Paid
282613,20821,2025-12-01,40857.0,0,Paid
282656,20940,2025-12-01,2141.0,0,Paid
282674,20987,2025-12-01,1808.0,0,Paid
282691,21026,2025-12-01,1560.0,0,Paid
282736,21126,2025-12-01,4264.0,0,Paid
282749,21156,2025-12-01,12965.0,0,Paid
282800,21277,2025-12-01,6417.0,0,Paid
282806,21287,2025-12-01,2219.0,0,Paid
282807,21288,2025-12-01,3467.0,0,Paid
282881,21504,2025-12-01,3523.0,0,Paid
282888,21526,2025-12-01,82847.0,0,Paid
282895,21542,2025-12-01,2596.0,0,Paid
282902,21561,2025-12-01,2275.0,0,Paid
282944,21682,2025-12-01,57704.0,0,Paid
282968,21751,2025-12-01,15747.0,0,Paid
282978,21783,2025-12-01,4498.0,0,Paid
283073,22031,2025-12-01,220406.0,0,Paid
283076,22041,2025-12-01,17572.0,6,Paid Late
283103,22106,2025-12-01,2388.0,0,Paid
283105,22110,2025-12-01,1200.0,0,Paid
283118,22139,2025-12-01,1560.0,0,Paid
283121,22154,2025-12-01,2435.0,0,Paid
283142,22215,2025-12-01,2119.0,14,Failed
283169,22291,2025-12-01,27702.0,14,Paid Late
283171,22293,2025-12-01,648410.0,0,Paid
283173,22297,2025-12-01,16504.0,21,Paid Late
283189,22343,2025-12-01,13335.0,0,Paid
283191,22350,2025-12-01,33988.0,0,Paid
283237,22485,2025-12-01,11423.0,0,Paid
283239,22487,2025-12-01,2315.0,0,Paid
283270,22573,2025-12-01,6616.0,0,Paid
283286,22605,2025-12-01,1610.0,0,Paid
283313,22662,2025-12-01,7081.0,0,Paid
283320,22676,2025-12-01,3655.0,0,Paid
283349,22756,2025-12-01,692.0,47,Failed
283382,22836,2025-12-01,52283.0,0,Paid
283414,22914,2025-12-01,16848.0,0,Paid
283415,22915,2025-12-01,1430.0,0,Paid
283449,22999,2025-12-01,56625.0,0,Paid
283504,23130,2025-12-01,37980.0,39,Failed
283523,23169,2025-12-01,2372.0,21,Paid Late
283584,23338,2025-12-01,2493731.0,7,Paid Late
283630,23467,2025-12-01,40244.0,0,Paid
283635,23484,2025-12-01,7352.0,0,Paid
283646,23508,2025-12-01,3072.0,14,Paid Late
283725,23713,2025-12-01,31064.0,0,Paid
283798,23892,2025-12-01,810.0,0,Paid
283811,23931,2025-12-01,26037.0,0,Paid
283850,24011,2025-12-01,2048.0,0,Paid
283877,24087,2025-12-01,7233.0,0,Paid
283914,24199,2025-12-01,17951.0,0,Paid
283942,24298,2025-12-01,47487.0,0,Paid
284000,24484,2025-12-01,1792.0,0,Paid
284025,24563,2025-12-01,1846.0,0,Paid
284040,24595,2025-12-01,3614.0,15,Failed
284081,24703,2025-12-01,2219.0,0,Paid
284085,24712,2025-12-01,53107.0,15,Paid Late
284091,24733,2025-12-01,7831.0,0,Paid
284107,24772,2025-12-01,1080.0,0,Paid
284129,24829,2025-12-01,7671.0,0,Paid
284133,24838,2025-12-01,1751.0,0,Paid
284134,24845,2025-12-01,1427.0,0,Paid
284137,24848,2025-12-01,3138.0,0,Paid
284151,24880,2025-12-01,464.0,4,Failed
284178,24948,2025-12-01,3368.0,0,Paid
284181,24957,2025-12-01,29292.0,0,Paid
284212,25035,2025-12-01,2033.0,0,Paid
284225,25075,2025-12-01,237761.0,0,Paid
284252,25138,2025-12-01,28196.0,0,Paid
284255,25145,2025-12-01,2372.0,0,Paid
284288,25247,2025-12-01,1057.0,0,Paid
284293,25256,2025-12-01,61877.0,0,Paid
284315,25319,2025-12-01,810.0,0,Paid
284322,25336,2025-12-01,1269.0,0,Paid
284342,25380,2025-12-01,1028.0,0,Paid
284418,25560,2025-12-01,4358.0,9,Paid Late
284430,25586,2025-12-01,13478.0,20,Paid Late
284442,25613,2025-12-01,55921.0,0,Paid
284457,25666,2025-12-01,70736.0,0,Paid
284470,25694,2025-12-01,18422.0,0,Paid
284552,25919,2025-12-01,21319.0,0,Paid
284553,25920,2025-12-01,3153.0,7,Paid Late
284563,25951,2025-12-01,1755.0,0,Paid
284627,26147,2025-12-01,15972.0,0,Paid
284664,26243,2025-12-01,3918.0,0,Paid
284674,26260,2025-12-01,16319.0,6,Paid Late
284732,26445,2025-12-01,47390.0,23,Paid Late
284756,26507,2025-12-01,924.0,0,Paid
284800,26659,2025-12-01,60750.0,0,Paid
284814,26685,2025-12-01,810.0,0,Paid
284830,26714,2025-12-01,19214.0,21,Failed
284842,26744,2025-12-01,58108.0,0,Paid
284868,26817,2025-12-01,32605.0,0,Paid
284875,26835,2025-12-01,147195.0,0,Paid
284904,26911,2025-12-01,751.0,10,Failed
284965,27087,2025-12-01,2569.0,17,Paid Late
284984,27133,2025-12-01,6792.0,0,Paid
285031,27248,2025-12-01,31546.0,0,Paid
285045,27277,2025-12-01,793.0,0,Paid
285060,27315,2025-12-01,3121.0,0,Paid
285062,27322,2025-12-01,65172.0,0,Paid
285068,27337,2025-12-01,44664.0,0,Paid
285082,27381,2025-12-01,2251.0,0,Paid
285087,27392,2025-12-01,1713.0,0,Paid
285153,27545,2025-12-01,1102.0,0,Paid
285243,27778,2025-12-01,25244.0,0,Paid
285248,27791,2025-12-01,48865.0,0,Paid
285306,27940,2025-12-01,3416.0,0,Paid
285319,27963,2025-12-01,1774.0,0,Paid
285364,28082,2025-12-01,4824.0,0,Paid
285400,28203,2025-12-01,7512.0,0,Paid
285413,28239,2025-12-01,2672.0,0,Paid
285432,28284,2025-12-01,113903.0,0,Paid
285465,28370,2025-12-01,32057.0,0,Paid
285470,28382,2025-12-01,14838.0,0,Paid
285481,28412,2025-12-01,24570.0,0,Paid
285495,28440,2025-12-01,1338.0,0,Paid
285501,28453,2025-12-01,2726.0,0,Paid
285522,28508,2025-12-01,2579.0,0,Paid
285545,28585,2025-12-01,1104343.0,0,Paid
285583,28689,2025-12-01,2167.0,45,Paid Late
285606,28746,2025-12-01,7538.0,0,Paid
285669,28899,2025-12-01,4523.0,13,Failed
285728,29074,2025-12-01,62115.0,0,Paid
285755,29155,2025-12-01,32696.0,0,Paid
285761,29175,2025-12-01,2388.0,0,Paid
285789,29251,2025-12-01,57502.0,0,Paid
285793,29261,2025-12-01,19354.0,28,Paid Late
285811,29302,2025-12-01,110674.0,0,Paid
285832,29367,2025-12-01,10306.0,0,Paid
285879,29499,2025-12-01,30077.0,0,Paid
285897,29546,2025-12-01,23809.0,0,Paid
285946,29667,2025-12-01,82879.0,0,Paid
285951,29679,2025-12-01,4452.0,0,Paid
285999,29805,2025-12-01,2243.0,0,Paid
286010,29832,2025-12-01,2171.0,0,Paid
286012,29835,2025-12-01,6624.0,0,Paid
286052,29926,2025-12-01,13277.0,0,Paid
286069,29986,2025-12-01,56080.0,0,Paid
286156,30229,2025-12-01,215516.0,0,Paid
286221,30410,2025-12-01,11300.0,0,Paid
286249,30484,2025-12-01,1087.0,0,Paid
286250,30489,2025-12-01,31990.0,8,Failed
286322,30716,2025-12-01,2659.0,0,Paid
286327,30736,2025-12-01,46640.0,0,Paid
286357,30798,2025-12-01,48100.0,0,Paid
286363,30819,2025-12-01,157296.0,0,Paid
286364,30820,2025-12-01,2768.0,0,Paid
286370,30843,2025-12-01,22432.0,0,Paid
286380,30866,2025-12-01,2348.0,21,Failed
286381,30867,2025-12-01,1713.0,0,Paid
286395,30920,2025-12-01,1527.0,0,Paid
286476,31126,2025-12-01,5103.0,0,Paid
286493,31160,2025-12-01,2251.0,0,Paid
286499,31179,2025-12-01,4982.0,0,Paid
286548,31324,2025-12-01,4217.0,0,Paid
286551,31331,2025-12-01,2755.0,0,Paid
286568,31359,2025-12-01,1527.0,0,Paid
286579,31392,2025-12-01,2275.0,9,Failed
286586,31417,2025-12-01,3184.0,0,Paid
286602,31468,2025-12-01,5451.0,0,Paid
286628,31544,2025-12-01,63622.0,0,Paid
286629,31551,2025-12-01,4615.0,0,Paid
286634,31563,2025-12-01,1609.0,0,Paid
286680,31691,2025-12-01,2251.0,0,Paid
286685,31701,2025-12-01,2130.0,0,Paid
286695,31726,2025-12-01,2898.0,0,Paid
286696,31730,2025-12-01,3393.0,0,Paid
286714,31775,2025-12-01,14322.0,0,Paid
286729,31811,2025-12-01,2872.0,0,Paid
286777,31969,2025-12-01,1467.0,0,Paid
286783,31983,2025-12-01,27698.0,0,Paid
286793,32003,2025-12-01,476798.0,9,Paid Late
286794,32005,2025-12-01,9197.0,14,Paid Late
286801,32019,2025-12-01,4001.0,0,Paid
286833,32121,2025-12-01,34824.0,0,Paid
286841,32137,2025-12-01,50694.0,0,Paid
286854,32171,2025-12-01,18771.0,0,Paid
286874,32211,2025-12-01,6693.0,0,Paid
286902,32302,2025-12-01,187657.0,0,Paid
286936,32392,2025-12-01,1808.0,0,Paid
286941,32405,2025-12-01,5883.0,0,Paid
286946,32422,2025-12-01,145887.0,0,Paid
286948,32430,2025-12-01,27135.0,0,Paid
286958,32453,2025-12-01,785.0,13,Failed
286984,32521,2025-12-01,827.0,0,Paid
286988,32529,2025-12-01,2098.0,0,Paid
286990,32536,2025-12-01,12101.0,0,Paid
287084,32775,2025-12-01,8478.0,0,Paid
287098,32811,2025-12-01,29200.0,0,Paid
287127,32903,2025-12-01,217901.0,0,Paid
287132,32920,2025-12-01,1324.0,0,Paid
287158,32995,2025-12-01,23894.0,0,Paid
287185,33086,2025-12-01,835.0,0,Paid
287204,33130,2025-12-01,2902.0,34,Failed
287208,33138,2025-12-01,1511.0,0,Paid
287232,33208,2025-12-01,56683.0,0,Paid
287259,33284,2025-12-01,956.0,0,Paid
287293,33372,2025-12-01,34162.0,28,Paid Late
287425,33774,2025-12-01,1789.0,0,Paid
287427,33776,2025-12-01,2348.0,0,Paid
287428,33778,2025-12-01,1990.0,0,Paid
287437,33794,2025-12-01,59261.0,0,Paid
287438,33796,2025-12-01,17556.0,27,Paid Late
287486,33919,2025-12-01,49721.0,23,Paid Late
287488,33925,2025-12-01,24052.0,14,Paid Late
287496,33945,2025-12-01,14236.0,0,Paid
287509,33975,2025-12-01,4170.0,0,Paid
287516,34001,2025-12-01,3430.0,0,Paid
287525,34038,2025-12-01,46796.0,0,Paid
287540,34076,2025-12-01,2382.0,0,Paid
287545,34092,2025-12-01,83711.0,0,Paid
287586,34201,2025-12-01,6417.0,0,Paid
287609,34261,2025-12-01,3416.0,0,Paid
287611,34265,2025-12-01,1719.0,0,Paid
287684,34482,2025-12-01,5351.0,23,Paid Late
287689,34499,2025-12-01,198137.0,9,Paid Late
287706,34534,2025-12-01,1440.0,8,Paid Late
287714,34559,2025-12-01,35876.0,0,Paid
287733,34615,2025-12-01,59859.0,0,Paid
287775,34721,2025-12-01,21805.0,0,Paid
287782,34735,2025-12-01,51574.0,0,Paid
287803,34795,2025-12-01,3430.0,0,Paid
287833,34863,2025-12-01,4965.0,0,Paid
287835,34879,2025-12-01,2190.0,5,Failed
287840,34889,2025-12-01,1642.0,0,Paid
287879,35003,2025-12-01,37860.0,0,Paid
287890,35042,2025-12-01,3368.0,0,Paid
287902,35071,2025-12-01,25348.0,12,Paid Late
288005,35343,2025-12-01,4639.0,11,Failed
288008,35346,2025-12-01,1678.0,0,Paid
288039,35439,2025-12-01,2740.0,0,Paid
288078,35550,2025-12-01,802.0,0,Paid
288193,35860,2025-12-01,1186.0,4,Paid Late
288211,35912,2025-12-01,2542.0,0,Paid
288221,35933,2025-12-01,282345.0,0,Paid
288253,36017,2025-12-01,34287.0,19,Failed
288255,36021,2025-12-01,810.0,0,Paid
288274,36072,2025-12-01,946.0,0,Paid
288296,36158,2025-12-01,519.0,0,Paid
288300,36173,2025-12-01,835.0,0,Paid
288306,36197,2025-12-01,5842.0,0,Paid
288463,36599,2025-12-01,6478.0,0,Paid
288515,36773,2025-12-01,4042.0,11,Paid Late
288521,36791,2025-12-01,4083.0,0,Paid
288532,36815,2025-12-01,18148.0,0,Paid
288559,36886,2025-12-01,1338.0,0,Paid
288567,36906,2025-12-01,1618.0,0,Paid
288572,36920,2025-12-01,3877.0,0,Paid
288596,36980,2025-12-01,19507.0,0,Paid
288600,36995,2025-12-01,214142.0,0,Paid
288632,37105,2025-12-01,2275.0,0,Paid
288637,37116,2025-12-01,231219.0,9,Paid Late
288647,37134,2025-12-01,3223.0,0,Paid
288667,37179,2025-12-01,2019.0,0,Paid
288717,37285,2025-12-01,45433.0,0,Paid
288733,37335,2025-12-01,2403.0,0,Paid
288769,37419,2025-12-01,4089.0,0,Paid
288772,37424,2025-12-01,116696.0,0,Paid
288785,37460,2025-12-01,281043.0,14,Paid Late
288795,37487,2025-12-01,111977.0,0,Paid
288800,37500,2025-12-01,7512.0,0,Paid
288820,37545,2025-12-01,2171.0,0,Paid
288849,37605,2025-12-01,31843.0,0,Paid
288879,37672,2025-12-01,30109.0,0,Paid
288905,37747,2025-12-01,1162.0,0,Paid
288910,37767,2025-12-01,10459.0,0,Paid
288976,37940,2025-12-01,5969.0,0,Paid
288993,37982,2025-12-01,27170.0,0,Paid
289008,38022,2025-12-01,3368.0,0,Paid
289021,38086,2025-12-01,68496.0,0,Paid
289024,38095,2025-12-01,3381.0,0,Paid
289059,38189,2025-12-01,2219.0,15,Paid Late
289064,38197,2025-12-01,6624.0,0,Paid
289065,38198,2025-12-01,819.0,0,Paid
289070,38211,2025-12-01,3467.0,14,Failed
289079,38227,2025-12-01,2339.0,0,Paid
289084,38252,2025-12-01,205794.0,10,Failed
289104,38306,2025-12-01,2667.0,0,Paid
289109,38326,2025-12-01,4655.0,0,Paid
289129,38373,2025-12-01,4311.0,20,Paid Late
289211,38612,2025-12-01,16682.0,28,Paid Late
289241,38700,2025-12-01,819.0,0,Paid
289268,38766,2025-12-01,62413.0,0,Paid
289271,38775,2025-12-01,1626.0,0,Paid
289289,38812,2025-12-01,2396.0,0,Paid
289292,38823,2025-12-01,16893.0,0,Paid
289305,38868,2025-12-01,1581638.0,0,Paid
289316,38906,2025-12-01,101271.0,0,Paid
289329,38939,2025-12-01,67627.0,0,Paid
289365,39040,2025-12-01,68454.0,0,Paid
289377,39062,2025-12-01,6553.0,0,Paid
289479,39375,2025-12-01,24219.0,11,Paid Late
289509,39486,2025-12-01,1111.0,0,Paid
289529,39535,2025-12-01,13079.0,0,Paid
289567,39666,2025-12-01,12409.0,0,Paid
289573,39685,2025-12-01,1766351.0,54,Paid Late
289589,39739,2025-12-01,3368.0,0,Paid
289617,39810,2025-12-01,296530.0,0,Paid
289640,39869,2025-12-01,3614.0,27,Paid Late
289683,39965,2025-12-01,59077.0,0,Paid
289730,40093,2025-12-01,1810.0,0,Paid
289758,40166,2025-12-01,3308.0,0,Paid
289777,40219,2025-12-01,31946.0,0,Paid
289797,40270,2025-12-01,3452.0,0,Paid
289877,40485,2025-12-01,2902.0,0,Paid
289936,40659,2025-12-01,802.0,0,Paid
289969,40757,2025-12-01,9177.0,0,Paid
290000,40826,2025-12-01,7149.0,0,Paid
290004,40843,2025-12-01,2033.0,69,Paid Late
290018,40892,2025-12-01,30093.0,0,Paid
290090,41128,2025-12-01,14670.0,12,Paid Late
290116,41212,2025-12-01,5978.0,0,Paid
290150,41289,2025-12-01,2355.0,0,Paid
290168,41324,2025-12-01,53806.0,25,Paid Late
290230,41475,2025-12-01,261565.0,0,Paid
290252,41531,2025-12-01,95639.0,28,Paid Late
290256,41542,2025-12-01,35417.0,29,Paid Late
290260,41554,2025-12-01,5822.0,0,Paid
290295,41660,2025-12-01,4498.0,0,Paid
290305,41686,2025-12-01,1324.0,0,Paid
290312,41704,2025-12-01,1223.0,0,Paid
290315,41709,2025-12-01,59497.0,17,Paid Late
290317,41717,2025-12-01,1046.0,41,Paid Late
290320,41740,2025-12-01,3504.0,0,Paid
290332,41776,2025-12-01,1690.0,0,Paid
290355,41834,2025-12-01,2872.0,0,Paid
290358,41845,2025-12-01,59411.0,0,Paid
290362,41853,2025-12-01,181849.0,0,Paid
290366,41859,2025-12-01,5567.0,0,Paid
290371,41868,2025-12-01,3282.0,0,Paid
290376,41876,2025-12-01,1409940.0,0,Paid
290379,41888,2025-12-01,37287.0,0,Paid
290402,41946,2025-12-01,1412.0,0,Paid
290405,41955,2025-12-01,3959.0,0,Paid
290406,41956,2025-12-01,3196.0,0,Paid
290410,41961,2025-12-01,4639.0,0,Paid
290414,41970,2025-12-01,15914.0,0,Paid
290421,41985,2025-12-01,519.0,11,Failed
290434,42017,2025-12-01,44096.0,6,Paid Late
290452,42058,2025-12-01,5335.0,17,Paid Late
290453,42060,2025-12-01,64393.0,0,Paid
290468,42105,2025-12-01,2931.0,0,Paid
290494,42176,2025-12-01,3541.0,0,Paid
290500,42196,2025-12-01,542.0,0,Paid
290526,42264,2025-12-01,9584.0,0,Paid
290529,42269,2025-12-01,46645.0,0,Paid
290562,42382,2025-12-01,56897.0,0,Paid
290569,42398,2025-12-01,287332.0,29,Paid Late
290578,42428,2025-12-01,2868.0,0,Paid
290585,42446,2025-12-01,759.0,17,Failed
290599,42484,2025-12-01,1610.0,0,Paid
290640,42620,2025-12-01,2872.0,0,Paid
290647,42635,2025-12-01,548.0,0,Paid
290708,42805,2025-12-01,2703.0,0,Paid
290730,42868,2025-12-01,1137.0,0,Paid
290758,42955,2025-12-01,68580.0,0,Paid
290760,42960,2025-12-01,2408.0,0,Paid
290794,43041,2025-12-01,210808.0,0,Paid
290844,43162,2025-12-01,995.0,0,Paid
290845,43165,2025-12-01,24803.0,7,Paid Late
290863,43194,2025-12-01,1481.0,0,Paid
290933,43358,2025-12-01,58231.0,0,Paid
290967,43428,2025-12-01,1682.0,0,Paid
290970,43444,2025-12-01,6287.0,0,Paid
291006,43533,2025-12-01,23210.0,1,Failed
291016,43556,2025-12-01,2726.0,0,Paid
291059,43663,2025-12-01,36167.0,13,Paid Late
291060,43665,2025-12-01,2122.0,0,Paid
291076,43702,2025-12-01,2784.0,0,Paid
291240,44132,2025-12-01,2251.0,0,Paid
291268,44211,2025-12-01,4083.0,0,Paid
291294,44258,2025-12-01,9487.0,0,Paid
291331,44356,2025-12-01,5277.0,0,Paid
291336,44365,2025-12-01,7671.0,0,Paid
291393,44541,2025-12-01,1569.0,0,Paid
291418,44611,2025-12-01,1846.0,0,Paid
291422,44620,2025-12-01,24455.0,0,Paid
291452,44692,2025-12-01,54366.0,17,Paid Late
291463,44722,2025-12-01,13425.0,0,Paid
291560,44979,2025-12-01,2119.0,0,Paid
291619,45151,2025-12-01,1137.0,0,Paid
291678,45344,2025-12-01,38339.0,4,Paid Late
291701,45395,2025-12-01,3651.0,0,Paid
291710,45424,2025-12-01,1774.0,0,Paid
291744,45507,2025-12-01,2195.0,0,Paid
291758,45541,2025-12-01,58108.0,0,Paid
291760,45547,2025-12-01,2014.0,0,Paid
291780,45606,2025-12-01,30648.0,0,Paid
291781,45607,2025-12-01,599530.0,0,Paid
291782,45608,2025-12-01,542.0,0,Paid
291818,45702,2025-12-01,1770.0,0,Paid
291822,45708,2025-12-01,2921.0,7,Failed
291839,45757,2025-12-01,15747.0,0,Paid
291863,45827,2025-12-01,7831.0,0,Paid
291866,45831,2025-12-01,1338.0,0,Paid
291898,45909,2025-12-01,15775.0,6,Paid Late
291924,45983,2025-12-01,252276.0,0,Paid
291936,46011,2025-12-01,242402.0,0,Paid
291959,46063,2025-12-01,94226.0,0,Paid
291966,46074,2025-12-01,90483.0,0,Paid
291973,46088,2025-12-01,7372.0,54,Failed
292001,46158,2025-12-01,21092.0,0,Paid
292055,46302,2025-12-01,292561.0,0,Paid
292130,46503,2025-12-01,145189.0,0,Paid
292172,46607,2025-12-01,2856.0,0,Paid
292191,46659,2025-12-01,1256.0,0,Paid
292205,46708,2025-12-01,4639.0,0,Paid
292217,46731,2025-12-01,4452.0,0,Paid
292220,46734,2025-12-01,41336.0,0,Paid
292223,46740,2025-12-01,39523.0,0,Paid
292237,46772,2025-12-01,469346.0,0,Paid
292248,46791,2025-12-01,31298.0,34,Failed
292279,46887,2025-12-01,23220.0,15,Failed
292287,46903,2025-12-01,13610.0,9,Paid Late
292340,47036,2025-12-01,3334.0,0,Paid
292398,47208,2025-12-01,1046.0,0,Paid
292460,47413,2025-12-01,1057.0,0,Paid
292497,47527,2025-12-01,4452.0,0,Paid
292549,47666,2025-12-01,1713.0,0,Paid
292623,47863,2025-12-01,1884.0,0,Paid
292632,47889,2025-12-01,203288.0,0,Paid
292641,47913,2025-12-01,3231.0,0,Paid
292643,47922,2025-12-01,1324.0,0,Paid
292662,47989,2025-12-01,6831.0,4,Failed
292680,48050,2025-12-01,542.0,0,Paid
292708,48123,2025-12-01,2870.0,0,Paid
292723,48159,2025-12-01,3783.0,0,Paid
292751,48223,2025-12-01,8132.0,29,Paid Late
292789,48337,2025-12-01,3162.0,0,Paid
292795,48355,2025-12-01,4592.0,0,Paid
292818,48427,2025-12-01,3231.0,29,Paid Late
292871,48567,2025-12-01,1269.0,0,Paid
292882,48591,2025-12-01,5670.0,8,Paid Late
292899,48644,2025-12-01,2843.0,0,Paid
292965,48808,2025-12-01,59255.0,0,Paid
293043,49009,2025-12-01,7592.0,0,Paid
293077,49099,2025-12-01,17144.0,0,Paid
293089,49130,2025-12-01,4001.0,0,Paid
293094,49144,2025-12-01,3487.0,0,Paid
293102,49168,2025-12-01,21092.0,0,Paid
293119,49214,2025-12-01,2076.0,15,Failed
293161,49313,2025-12-01,2044.0,0,Paid
293191,49454,2025-12-01,2542.0,0,Paid
293203,49489,2025-12-01,2542.0,0,Paid
293231,49606,2025-12-01,1102.0,0,Paid
293236,49617,2025-12-01,11164.0,0,Paid
293246,49642,2025-12-01,2843.0,0,Paid
293276,49720,2025-12-01,3265.0,0,Paid
293297,49808,2025-12-01,734.0,0,Paid
293317,49872,2025-12-01,5842.0,0,Paid
293331,49913,2025-12-01,3547.0,0,Paid
293357,49980,2025-12-01,70024.0,12,Paid Late
293372,23,2026-01-01,5683.0,0,Paid
293382,43,2026-01-01,81686.0,0,Paid
293383,48,2026-01-01,1950.0,0,Paid
293387,58,2026-01-01,5139.0,0,Paid
293404,119,2026-01-01,58864.0,0,Paid
293420,155,2026-01-01,5776.0,0,Paid
293450,222,2026-01-01,802.0,0,Paid
293459,247,2026-01-01,11489.0,0,Paid
293464,259,2026-01-01,2830280.0,0,Paid
293476,283,2026-01-01,70779.0,0,Paid
293479,291,2026-01-01,1338.0,0,Paid
293488,308,2026-01-01,4562.0,0,Paid
293500,335,2026-01-01,1283.0,0,Paid
293506,356,2026-01-01,2917.0,0,Paid
293516,379,2026-01-01,12923.0,0,Paid
293544,460,2026-01-01,32006.0,0,Paid
293569,531,2026-01-01,2922.0,0,Paid
293588,575,2026-01-01,40616.0,0,Paid
293627,668,2026-01-01,548.0,16,Paid Late
293633,685,2026-01-01,2323.0,16,Paid Late
293635,689,2026-01-01,2363.0,0,Paid
293654,738,2026-01-01,1635887.0,0,Paid
293703,855,2026-01-01,3712.0,0,Paid
293719,895,2026-01-01,1946.0,0,Paid
293761,1022,2026-01-01,31955.0,0,Paid
293772,1048,2026-01-01,22042.0,0,Paid
293773,1054,2026-01-01,2814.0,0,Paid
293778,1061,2026-01-01,1560.0,0,Paid
293781,1073,2026-01-01,2076.0,0,Paid
293787,1092,2026-01-01,1046.0,0,Paid
293791,1107,2026-01-01,34350.0,0,Paid
293821,1188,2026-01-01,1283.0,0,Paid
293836,1227,2026-01-01,3057.0,0,Paid
293839,1237,2026-01-01,2011.0,0,Paid
293857,1275,2026-01-01,17144.0,0,Paid
293875,1314,2026-01-01,5652.0,0,Paid
293887,1345,2026-01-01,237589.0,17,Paid Late
293892,1362,2026-01-01,5518.0,8,Failed
293899,1385,2026-01-01,1186.0,0,Paid
293902,1402,2026-01-01,39682.0,0,Paid
293903,1406,2026-01-01,365796.0,0,Paid
294042,1806,2026-01-01,59603.0,20,Failed
294077,1917,2026-01-01,74436.0,0,Paid
294135,2082,2026-01-01,42635.0,27,Paid Late
294311,2555,2026-01-01,399859.0,0,Paid
294318,2575,2026-01-01,734.0,0,Paid
294326,2608,2026-01-01,155596.0,9,Paid Late
294330,2620,2026-01-01,25733.0,0,Paid
294366,2698,2026-01-01,483138.0,0,Paid
294372,2713,2026-01-01,1310.0,5,Failed
294391,2754,2026-01-01,1558.0,0,Paid
294393,2761,2026-01-01,1572.0,0,Paid
294395,2768,2026-01-01,4274.0,0,Paid
294489,3054,2026-01-01,768.0,0,Paid
294533,3171,2026-01-01,137615.0,0,Paid
294576,3285,2026-01-01,106645.0,0,Paid
294619,3421,2026-01-01,33627.0,0,Paid
294620,3422,2026-01-01,9439.0,31,Paid Late
294709,3656,2026-01-01,2489.0,0,Paid
294766,3805,2026-01-01,53122.0,0,Paid
294777,3835,2026-01-01,7352.0,0,Paid
294780,3840,2026-01-01,1296.0,0,Paid
294819,3966,2026-01-01,2898.0,0,Paid
294872,4108,2026-01-01,81175.0,41,Paid Late
294906,4197,2026-01-01,1436746.0,0,Paid
294972,4376,2026-01-01,2011.0,0,Paid
294998,4453,2026-01-01,35797.0,0,Paid
295025,4534,2026-01-01,4634.0,0,Paid
295038,4576,2026-01-01,5087.0,0,Paid
295057,4626,2026-01-01,55699.0,0,Paid
295117,4788,2026-01-01,24028.0,0,Paid
295124,4810,2026-01-01,31839.0,0,Paid
295128,4819,2026-01-01,201004.0,17,Paid Late
295170,4922,2026-01-01,5161.0,0,Paid
295199,5009,2026-01-01,2011.0,2,Paid Late
295206,5023,2026-01-01,3089.0,0,Paid
295213,5036,2026-01-01,1670749.0,0,Paid
295217,5046,2026-01-01,37180.0,8,Paid Late
295272,5161,2026-01-01,3299.0,0,Paid
295285,5199,2026-01-01,5451.0,0,Paid
295351,5367,2026-01-01,103614.0,2,Paid Late
295365,5398,2026-01-01,36277.0,0,Paid
295368,5411,2026-01-01,66539.0,0,Paid
295378,5428,2026-01-01,7149.0,0,Paid
295416,5513,2026-01-01,56636.0,0,Paid
295433,5566,2026-01-01,4498.0,14,Failed
295456,5610,2026-01-01,879574.0,0,Paid
295458,5614,2026-01-01,529772.0,0,Paid
295476,5657,2026-01-01,565.0,0,Paid
295477,5659,2026-01-01,20634.0,0,Paid
295501,5717,2026-01-01,26526.0,19,Failed
295513,5749,2026-01-01,2339.0,0,Paid
295515,5754,2026-01-01,2141.0,0,Paid
295529,5786,2026-01-01,2540.0,0,Paid
295564,5855,2026-01-01,3265.0,0,Paid
295610,5985,2026-01-01,1160.0,0,Paid
295645,6092,2026-01-01,101329.0,0,Paid
295647,6096,2026-01-01,11021.0,0,Paid
295668,6149,2026-01-01,67102.0,0,Paid
295689,6209,2026-01-01,39431.0,40,Paid Late
295733,6317,2026-01-01,1283.0,0,Paid
295741,6362,2026-01-01,1123.0,0,Paid
295749,6392,2026-01-01,3119688.0,3,Paid Late
295793,6487,2026-01-01,1884.0,0,Paid
295809,6529,2026-01-01,120502.0,0,Paid
295813,6545,2026-01-01,20610.0,0,Paid
295843,6633,2026-01-01,24343.0,12,Paid Late
295865,6693,2026-01-01,98223.0,16,Paid Late
295885,6744,2026-01-01,31650.0,6,Failed
295900,6781,2026-01-01,6952.0,0,Paid
295903,6786,2026-01-01,36689.0,11,Paid Late
295917,6814,2026-01-01,3057.0,0,Paid
295964,6937,2026-01-01,2348.0,0,Paid
295991,6997,2026-01-01,1103.0,0,Paid
296010,7039,2026-01-01,6624.0,0,Paid
296016,7058,2026-01-01,32192.0,2,Paid Late
296080,7227,2026-01-01,9399.0,0,Paid
296153,7430,2026-01-01,1527.0,0,Paid
296175,7497,2026-01-01,25703.0,0,Paid
296222,7609,2026-01-01,55399.0,0,Paid
296260,7710,2026-01-01,32305.0,6,Paid Late
296364,8039,2026-01-01,1664.0,0,Paid
296383,8085,2026-01-01,6348.0,0,Paid
296392,8107,2026-01-01,276577.0,0,Paid
296427,8179,2026-01-01,26592.0,0,Paid
296448,8236,2026-01-01,1162.0,0,Paid
296487,8339,2026-01-01,26320.0,4,Failed
296488,8340,2026-01-01,3299.0,0,Paid
296497,8359,2026-01-01,220148.0,0,Paid
296508,8392,2026-01-01,1838.0,0,Paid
296518,8424,2026-01-01,542.0,0,Paid
296624,8712,2026-01-01,2689.0,0,Paid
296627,8727,2026-01-01,7372.0,26,Failed
296644,8775,2026-01-01,792.0,0,Paid
296654,8799,2026-01-01,7671.0,0,Paid
296682,8924,2026-01-01,1719.0,0,Paid
296727,9050,2026-01-01,2603.0,28,Failed
296737,9083,2026-01-01,2033.0,0,Paid
296753,9112,2026-01-01,34660.0,0,Paid
296763,9141,2026-01-01,2243.0,0,Paid
296771,9157,2026-01-01,7372.0,0,Paid
296800,9229,2026-01-01,59923.0,10,Paid Late
296818,9269,2026-01-01,3025.0,64,Paid Late
296819,9272,2026-01-01,819.0,0,Paid
296856,9365,2026-01-01,43780.0,0,Paid
296873,9399,2026-01-01,1310.0,16,Paid Late
296889,9434,2026-01-01,26050.0,4,Paid Late
296898,9465,2026-01-01,3402.0,0,Paid
296910,9505,2026-01-01,53713.0,0,Paid
296927,9565,2026-01-01,39102.0,0,Paid
296949,9636,2026-01-01,13035.0,8,Failed
296969,9694,2026-01-01,45101.0,0,Paid
296972,9703,2026-01-01,49695.0,6,Failed
296979,9724,2026-01-01,24644.0,0,Paid
296996,9768,2026-01-01,52055.0,0,Paid
297029,9836,2026-01-01,65536.0,0,Paid
297039,9866,2026-01-01,3231.0,5,Paid Late
297064,9947,2026-01-01,6831.0,0,Paid
297077,9995,2026-01-01,52813.0,0,Paid
297133,10160,2026-01-01,1338.0,24,Paid Late
297150,10214,2026-01-01,793.0,3,Failed
297167,10246,2026-01-01,1495.0,0,Paid
297177,10268,2026-01-01,16767.0,0,Paid
297188,10299,2026-01-01,1501351.0,0,Paid
297195,10322,2026-01-01,3368.0,16,Paid Late
297199,10330,2026-01-01,143673.0,0,Paid
297241,10429,2026-01-01,66036.0,0,Paid
297242,10432,2026-01-01,530.0,0,Paid
297251,10457,2026-01-01,1080.0,0,Paid
297263,10490,2026-01-01,10260.0,0,Paid
297300,10591,2026-01-01,2569.0,0,Paid
297376,10771,2026-01-01,32562.0,0,Paid
297379,10780,2026-01-01,4042.0,17,Failed
297389,10808,2026-01-01,1511.0,0,Paid
297405,10855,2026-01-01,5087.0,0,Paid
297430,10941,2026-01-01,286340.0,0,Paid
297463,11021,2026-01-01,728.0,0,Paid
297534,11261,2026-01-01,4545.0,0,Paid
297595,11410,2026-01-01,3025.0,0,Paid
297601,11425,2026-01-01,21761.0,11,Paid Late
297615,11457,2026-01-01,4877.0,0,Paid
297632,11499,2026-01-01,2839.0,0,Paid
297694,11639,2026-01-01,1495.0,0,Paid
297752,11789,2026-01-01,121770.0,0,Paid
297774,11833,2026-01-01,1365.0,0,Paid
297787,11861,2026-01-01,1884.0,0,Paid
297793,11883,2026-01-01,58642.0,4,Paid Late
297812,11941,2026-01-01,30514.0,25,Paid Late
297842,12008,2026-01-01,827.0,0,Paid
297875,12103,2026-01-01,59923.0,0,Paid
297890,12148,2026-01-01,11783.0,6,Paid Late
297900,12176,2026-01-01,35863.0,13,Paid Late
297918,12239,2026-01-01,3541.0,0,Paid
297921,12244,2026-01-01,4452.0,0,Paid
297943,12321,2026-01-01,37080.0,5,Paid Late
297967,12375,2026-01-01,104352.0,0,Paid
297974,12392,2026-01-01,3057.0,0,Paid
298055,12586,2026-01-01,1646.0,0,Paid
298056,12588,2026-01-01,2872.0,0,Paid
298058,12592,2026-01-01,2609.0,0,Paid
298063,12602,2026-01-01,519.0,0,Paid
298099,12673,2026-01-01,13242.0,0,Paid
298123,12728,2026-01-01,48876.0,0,Paid
298160,12819,2026-01-01,1792.0,18,Failed
298178,12867,2026-01-01,4871.0,0,Paid
298233,12990,2026-01-01,819.0,0,Paid
298286,13155,2026-01-01,548.0,0,Paid
298305,13215,2026-01-01,6555.0,0,Paid
298309,13230,2026-01-01,1810.0,0,Paid
298368,13412,2026-01-01,559.0,4,Paid Late
298370,13422,2026-01-01,2710411.0,10,Paid Late
298386,13468,2026-01-01,2412.0,0,Paid
298391,13481,2026-01-01,7149.0,0,Paid
298413,13539,2026-01-01,82783.0,7,Paid Late
298447,13618,2026-01-01,1123.0,0,Paid
298456,13637,2026-01-01,6831.0,8,Paid Late
298462,13647,2026-01-01,1572.0,0,Paid
298529,13806,2026-01-01,57124.0,0,Paid
298552,13885,2026-01-01,359359.0,0,Paid
298553,13892,2026-01-01,1450861.0,0,Paid
298596,13997,2026-01-01,2818.0,26,Failed
298690,14225,2026-01-01,39031.0,0,Paid
298702,14249,2026-01-01,1162.0,0,Paid
298711,14270,2026-01-01,134854.0,0,Paid
298712,14271,2026-01-01,2516.0,0,Paid
298718,14279,2026-01-01,59719.0,0,Paid
298754,14388,2026-01-01,1751.0,0,Paid
298844,14674,2026-01-01,199532.0,0,Paid
298854,14706,2026-01-01,15307.0,0,Paid
298862,14732,2026-01-01,3217.0,22,Failed
298897,14837,2026-01-01,22166.0,0,Paid
298941,14970,2026-01-01,1083.0,0,Paid
298966,15049,2026-01-01,2516.0,0,Paid
299019,15186,2026-01-01,1719.0,0,Paid
299020,15189,2026-01-01,2021.0,0,Paid
299022,15193,2026-01-01,23000.0,0,Paid
299028,15207,2026-01-01,71539.0,25,Paid Late
299089,15368,2026-01-01,645.0,0,Paid
299095,15380,2026-01-01,5518.0,0,Paid
299099,15389,2026-01-01,1846.0,0,Paid
299106,15412,2026-01-01,17265.0,0,Paid
299129,15472,2026-01-01,4929.0,1,Paid Late
299186,15612,2026-01-01,3224.0,0,Paid
299200,15639,2026-01-01,2521.0,0,Paid
299252,15774,2026-01-01,24758.0,19,Paid Late
299256,15791,2026-01-01,819.0,0,Paid
299287,15858,2026-01-01,3651.0,0,Paid
299350,16009,2026-01-01,420671.0,0,Paid
299358,16036,2026-01-01,26440.0,0,Paid
299361,16048,2026-01-01,2119.0,0,Paid
299375,16073,2026-01-01,58235.0,0,Paid
299395,16131,2026-01-01,78371.0,0,Paid
299442,16280,2026-01-01,6627.0,0,Paid
299468,16348,2026-01-01,24985.0,26,Paid Late
299470,16353,2026-01-01,1827.0,0,Paid
299479,16381,2026-01-01,1626.0,0,Paid
299518,16487,2026-01-01,159592.0,0,Paid
299606,16705,2026-01-01,2323.0,0,Paid
299609,16712,2026-01-01,186033.0,10,Paid Late
299633,16769,2026-01-01,57793.0,0,Paid
299684,16883,2026-01-01,25618.0,9,Paid Late
299723,16996,2026-01-01,6438.0,3,Failed
299749,17072,2026-01-01,38010.0,15,Failed
299760,17095,2026-01-01,59975.0,32,Failed
299780,17147,2026-01-01,25145.0,0,Paid
299873,17352,2026-01-01,2323.0,0,Paid
299880,17368,2026-01-01,4124.0,0,Paid
299884,17378,2026-01-01,2859786.0,19,Paid Late
299904,17432,2026-01-01,21919.0,9,Failed
299946,17555,2026-01-01,17564.0,0,Paid
299961,17606,2026-01-01,54940.0,0,Paid
299975,17648,2026-01-01,33707.0,0,Paid
300005,17724,2026-01-01,1174.0,0,Paid
300013,17745,2026-01-01,227235.0,0,Paid
300024,17774,2026-01-01,189790.0,0,Paid
300034,17800,2026-01-01,24447.0,0,Paid
300039,17818,2026-01-01,6348.0,0,Paid
300040,17819,2026-01-01,2339.0,0,Paid
300053,17838,2026-01-01,7751.0,0,Paid
300066,17862,2026-01-01,11545.0,52,Failed
300093,17923,2026-01-01,3075.0,0,Paid
300095,17929,2026-01-01,120313.0,0,Paid
300109,17960,2026-01-01,34052.0,0,Paid
300114,17974,2026-01-01,3368.0,6,Paid Late
300120,17993,2026-01-01,69976.0,0,Paid
300126,18013,2026-01-01,1593.0,10,Paid Late
300139,18050,2026-01-01,1013.0,0,Paid
300146,18057,2026-01-01,4592.0,0,Paid
300158,18088,2026-01-01,5906.0,12,Failed
300163,18104,2026-01-01,21997.0,0,Paid
300172,18130,2026-01-01,64675.0,0,Paid
300222,18303,2026-01-01,14574.0,0,Paid
300224,18307,2026-01-01,53713.0,6,Failed
300322,18605,2026-01-01,13425.0,0,Paid
300323,18606,2026-01-01,17518.0,0,Paid
300342,18662,2026-01-01,2596.0,0,Paid
300393,18808,2026-01-01,1511.0,17,Paid Late
300395,18811,2026-01-01,2122.0,0,Paid
300415,18887,2026-01-01,102058.0,0,Paid
300416,18901,2026-01-01,14528.0,0,Paid
300417,18902,2026-01-01,35717.0,0,Paid
300422,18914,2026-01-01,2872.0,0,Paid
300432,18943,2026-01-01,26017.0,0,Paid
300455,18997,2026-01-01,5451.0,15,Paid Late
300458,19002,2026-01-01,61612.0,0,Paid
300467,19036,2026-01-01,71415.0,0,Paid
300482,19095,2026-01-01,6210.0,0,Paid
300622,19468,2026-01-01,2707.0,0,Paid
300655,19560,2026-01-01,3651.0,0,Paid
300656,19563,2026-01-01,19526.0,0,Paid
300715,19729,2026-01-01,9228.0,0,Paid
300734,19769,2026-01-01,3282.0,0,Paid
300739,19777,2026-01-01,2420.0,21,Paid Late
300746,19794,2026-01-01,6690.0,0,Paid
300754,19811,2026-01-01,2958.0,0,Paid
300855,20071,2026-01-01,3153.0,0,Paid
300862,20082,2026-01-01,65108.0,25,Paid Late
300879,20131,2026-01-01,1199.0,0,Paid
300893,20162,2026-01-01,40616.0,0,Paid
300906,20218,2026-01-01,22421.0,8,Paid Late
300936,20296,2026-01-01,3103.0,0,Paid
300949,20335,2026-01-01,3487.0,20,Paid Late
300968,20391,2026-01-01,14361.0,0,Paid
301004,20493,2026-01-01,4592.0,0,Paid
301013,20516,2026-01-01,4545.0,0,Paid
301033,20574,2026-01-01,1186.0,0,Paid
301039,20595,2026-01-01,2141.0,0,Paid
301073,20677,2026-01-01,46293.0,0,Paid
301125,20821,2026-01-01,40857.0,0,Paid
301162,20940,2026-01-01,2141.0,0,Paid
301179,20987,2026-01-01,1808.0,0,Paid
301197,21026,2026-01-01,1560.0,0,Paid
301243,21126,2026-01-01,4264.0,0,Paid
301255,21156,2026-01-01,12965.0,0,Paid
301307,21277,2026-01-01,6417.0,0,Paid
301314,21287,2026-01-01,2219.0,0,Paid
301315,21288,2026-01-01,3467.0,0,Paid
301393,21504,2026-01-01,3523.0,0,Paid
301408,21542,2026-01-01,2596.0,19,Paid Late
301415,21561,2026-01-01,2275.0,0,Paid
301459,21682,2026-01-01,57704.0,0,Paid
301489,21751,2026-01-01,15747.0,26,Paid Late
301498,21783,2026-01-01,4498.0,0,Paid
301623,22106,2026-01-01,2388.0,0,Paid
301626,22110,2026-01-01,1200.0,0,Paid
301638,22139,2026-01-01,1560.0,0,Paid
301641,22154,2026-01-01,2435.0,0,Paid
301661,22215,2026-01-01,2119.0,42,Paid Late
301689,22290,2026-01-01,20181.0,0,Paid
301692,22297,2026-01-01,16504.0,0,Paid
301704,22340,2026-01-01,79618.0,0,Paid
301705,22343,2026-01-01,13335.0,0,Paid
301707,22350,2026-01-01,33988.0,8,Paid Late
301712,22372,2026-01-01,24062.0,0,Paid
301752,22485,2026-01-01,11423.0,0,Paid
301754,22487,2026-01-01,2315.0,0,Paid
301777,22541,2026-01-01,16038.0,0,Paid
301791,22573,2026-01-01,6616.0,0,Paid
301807,22605,2026-01-01,1610.0,0,Paid
301836,22662,2026-01-01,7081.0,0,Paid
301844,22676,2026-01-01,3655.0,0,Paid
301879,22756,2026-01-01,692.0,0,Paid
301938,22915,2026-01-01,1430.0,0,Paid
301974,22999,2026-01-01,56625.0,0,Paid
302029,23130,2026-01-01,37980.0,0,Paid
302048,23169,2026-01-01,2372.0,0,Paid
302164,23467,2026-01-01,40244.0,0,Paid
302169,23484,2026-01-01,7352.0,0,Paid
302179,23508,2026-01-01,3072.0,0,Paid
302262,23713,2026-01-01,31064.0,0,Paid
302335,23892,2026-01-01,810.0,21,Paid Late
302349,23931,2026-01-01,26037.0,0,Paid
302361,23959,2026-01-01,19321.0,0,Paid
302387,24011,2026-01-01,2048.0,0,Paid
302420,24087,2026-01-01,7233.0,23,Paid Late
302459,24199,2026-01-01,17951.0,0,Paid
302485,24298,2026-01-01,47487.0,0,Paid
302538,24468,2026-01-01,222901.0,0,Paid
302547,24484,2026-01-01,1792.0,0,Paid
302559,24530,2026-01-01,31342.0,25,Failed
302574,24563,2026-01-01,1846.0,0,Paid
302584,24595,2026-01-01,3614.0,11,Paid Late
302623,24703,2026-01-01,2219.0,0,Paid
302627,24712,2026-01-01,53107.0,28,Paid Late
302633,24733,2026-01-01,7831.0,0,Paid
302647,24772,2026-01-01,1080.0,0,Paid
302669,24829,2026-01-01,7671.0,0,Paid
302673,24838,2026-01-01,1751.0,13,Paid Late
302674,24845,2026-01-01,1427.0,27,Paid Late
302676,24848,2026-01-01,3138.0,12,Paid Late
302691,24880,2026-01-01,464.0,0,Paid
302716,24948,2026-01-01,3368.0,0,Paid
302720,24957,2026-01-01,29292.0,0,Paid
302753,25035,2026-01-01,2033.0,0,Paid
302766,25075,2026-01-01,237761.0,0,Paid
302791,25138,2026-01-01,28196.0,0,Paid
302794,25145,2026-01-01,2372.0,0,Paid
302823,25247,2026-01-01,1057.0,0,Paid
302828,25256,2026-01-01,61877.0,0,Paid
302835,25274,2026-01-01,785354.0,0,Paid
302851,25319,2026-01-01,810.0,0,Paid
302857,25336,2026-01-01,1269.0,0,Paid
302877,25380,2026-01-01,1028.0,0,Paid
302956,25560,2026-01-01,4358.0,9,Paid Late
302981,25613,2026-01-01,55921.0,0,Paid
302994,25666,2026-01-01,70736.0,0,Paid
303004,25686,2026-01-01,33361.0,0,Paid
303008,25694,2026-01-01,18422.0,0,Paid
303031,25759,2026-01-01,17561.0,31,Paid Late
303065,25858,2026-01-01,35262.0,0,Paid
303089,25919,2026-01-01,21319.0,0,Paid
303090,25920,2026-01-01,3153.0,0,Paid
303100,25951,2026-01-01,1755.0,0,Paid
303162,26147,2026-01-01,15972.0,0,Paid
303205,26243,2026-01-01,3918.0,0,Paid
303294,26507,2026-01-01,924.0,15,Failed
303360,26685,2026-01-01,810.0,0,Paid
303375,26714,2026-01-01,19214.0,0,Paid
303385,26744,2026-01-01,58108.0,30,Failed
303412,26817,2026-01-01,32605.0,0,Paid
303418,26835,2026-01-01,147195.0,0,Paid
303430,26865,2026-01-01,899986.0,0,Paid
303447,26911,2026-01-01,751.0,0,Paid
303506,27087,2026-01-01,2569.0,0,Paid
303530,27133,2026-01-01,6792.0,12,Failed
303575,27248,2026-01-01,31546.0,0,Paid
303589,27277,2026-01-01,793.0,45,Paid Late
303606,27315,2026-01-01,3121.0,6,Paid Late
303608,27322,2026-01-01,65172.0,0,Paid
303615,27337,2026-01-01,44664.0,0,Paid
303631,27381,2026-01-01,2251.0,0,Paid
303636,27392,2026-01-01,1713.0,4,Paid Late
303656,27422,2026-01-01,27173.0,17,Failed
303705,27545,2026-01-01,1102.0,0,Paid
303711,27558,2026-01-01,28620.0,0,Paid
303799,27778,2026-01-01,25244.0,0,Paid
303804,27791,2026-01-01,48865.0,0,Paid
303819,27834,2026-01-01,52226.0,0,Paid
303867,27940,2026-01-01,3416.0,0,Paid
303879,27963,2026-01-01,1774.0,0,Paid
303931,28082,2026-01-01,4824.0,0,Paid
303973,28203,2026-01-01,7512.0,0,Paid
303987,28239,2026-01-01,2672.0,0,Paid
304005,28284,2026-01-01,113903.0,0,Paid
304037,28370,2026-01-01,32057.0,0,Paid
304043,28382,2026-01-01,14838.0,0,Paid
304064,28440,2026-01-01,1338.0,0,Paid
304069,28453,2026-01-01,2726.0,0,Paid
304090,28508,2026-01-01,2579.0,0,Paid
304152,28689,2026-01-01,2167.0,0,Paid
304177,28746,2026-01-01,7538.0,0,Paid
304212,28826,2026-01-01,188374.0,44,Paid Late
304248,28899,2026-01-01,4523.0,20,Paid Late
304308,29074,2026-01-01,62115.0,0,Paid
304333,29155,2026-01-01,32696.0,0,Paid
304341,29175,2026-01-01,2388.0,7,Paid Late
304365,29251,2026-01-01,57502.0,0,Paid
304383,29302,2026-01-01,110674.0,0,Paid
304402,29367,2026-01-01,10306.0,0,Paid
304448,29499,2026-01-01,30077.0,0,Paid
304467,29546,2026-01-01,23809.0,0,Paid
304514,29667,2026-01-01,82879.0,0,Paid
304519,29679,2026-01-01,4452.0,0,Paid
304568,29805,2026-01-01,2243.0,0,Paid
304582,29832,2026-01-01,2171.0,0,Paid
304584,29835,2026-01-01,6624.0,0,Paid
304623,29926,2026-01-01,13277.0,0,Paid
304629,29939,2026-01-01,20790.0,25,Failed
304639,29986,2026-01-01,56080.0,0,Paid
304727,30229,2026-01-01,215516.0,0,Paid
304789,30410,2026-01-01,11300.0,4,Failed
304815,30484,2026-01-01,1087.0,0,Paid
304886,30716,2026-01-01,2659.0,0,Paid
304893,30736,2026-01-01,46640.0,0,Paid
304922,30798,2026-01-01,48100.0,16,Paid Late
304930,30819,2026-01-01,157296.0,0,Paid
304931,30820,2026-01-01,2768.0,17,Failed
304952,30866,2026-01-01,2348.0,14,Paid Late
304953,30867,2026-01-01,1713.0,0,Paid
304968,30920,2026-01-01,1527.0,0,Paid
305048,31126,2026-01-01,5103.0,0,Paid
305067,31160,2026-01-01,2251.0,0,Paid
305074,31179,2026-01-01,4982.0,0,Paid
305100,31245,2026-01-01,987066.0,0,Paid
305123,31324,2026-01-01,4217.0,0,Paid
305127,31331,2026-01-01,2755.0,0,Paid
305146,31359,2026-01-01,1527.0,0,Paid
305158,31392,2026-01-01,2275.0,0,Paid
305163,31417,2026-01-01,3184.0,0,Paid
305182,31468,2026-01-01,5451.0,0,Paid
305209,31544,2026-01-01,63622.0,0,Paid
305210,31551,2026-01-01,4615.0,0,Paid
305216,31563,2026-01-01,1609.0,0,Paid
305265,31691,2026-01-01,2251.0,0,Paid
305270,31701,2026-01-01,2130.0,29,Paid Late
305281,31726,2026-01-01,2898.0,0,Paid
305283,31730,2026-01-01,3393.0,0,Paid
305305,31775,2026-01-01,14322.0,0,Paid
305321,31811,2026-01-01,2872.0,0,Paid
305374,31969,2026-01-01,1467.0,0,Paid
305380,31983,2026-01-01,27698.0,0,Paid
305390,32005,2026-01-01,9197.0,0,Paid
305397,32019,2026-01-01,4001.0,0,Paid
305430,32121,2026-01-01,34824.0,0,Paid
305436,32137,2026-01-01,50694.0,0,Paid
305450,32171,2026-01-01,18771.0,0,Paid
305469,32211,2026-01-01,6693.0,0,Paid
305484,32258,2026-01-01,227750.0,0,Paid
305501,32302,2026-01-01,187657.0,0,Paid
305533,32392,2026-01-01,1808.0,0,Paid
305539,32405,2026-01-01,5883.0,0,Paid
305545,32422,2026-01-01,145887.0,0,Paid
305546,32430,2026-01-01,27135.0,0,Paid
305555,32453,2026-01-01,785.0,0,Paid
305582,32521,2026-01-01,827.0,0,Paid
305586,32529,2026-01-01,2098.0,0,Paid
305588,32536,2026-01-01,12101.0,0,Paid
305629,32628,2026-01-01,12150.0,0,Paid
305683,32775,2026-01-01,8478.0,0,Paid
305696,32811,2026-01-01,29200.0,8,Paid Late
305727,32920,2026-01-01,1324.0,0,Paid
305729,32926,2026-01-01,36094.0,0,Paid
305753,32995,2026-01-01,23894.0,0,Paid
305784,33086,2026-01-01,835.0,0,Paid
305803,33130,2026-01-01,2902.0,0,Paid
305807,33138,2026-01-01,1511.0,0,Paid
305829,33208,2026-01-01,56683.0,20,Paid Late
305837,33231,2026-01-01,23404.0,0,Paid
305855,33284,2026-01-01,956.0,0,Paid
305878,33350,2026-01-01,18565.0,0,Paid
305885,33372,2026-01-01,34162.0,0,Paid
306005,33729,2026-01-01,15579.0,9,Failed
306028,33774,2026-01-01,1789.0,6,Paid Late
306030,33776,2026-01-01,2348.0,0,Paid
306031,33778,2026-01-01,1990.0,0,Paid
306040,33794,2026-01-01,59261.0,0,Paid
306041,33796,2026-01-01,17556.0,14,Paid Late
306062,33856,2026-01-01,29689.0,0,Paid
306085,33919,2026-01-01,49721.0,0,Paid
306093,33945,2026-01-01,14236.0,0,Paid
306105,33975,2026-01-01,4170.0,0,Paid
306113,34001,2026-01-01,3430.0,0,Paid
306120,34038,2026-01-01,46796.0,0,Paid
306137,34076,2026-01-01,2382.0,24,Paid Late
306184,34201,2026-01-01,6417.0,0,Paid
306210,34261,2026-01-01,3416.0,76,Failed
306212,34265,2026-01-01,1719.0,0,Paid
306283,34482,2026-01-01,5351.0,0,Paid
306302,34534,2026-01-01,1440.0,38,Paid Late
306312,34559,2026-01-01,35876.0,0,Paid
306328,34615,2026-01-01,59859.0,0,Paid
306368,34721,2026-01-01,21805.0,0,Paid
306375,34735,2026-01-01,51574.0,0,Paid
306376,34744,2026-01-01,31622.0,24,Paid Late
306395,34795,2026-01-01,3430.0,0,Paid
306423,34863,2026-01-01,4965.0,0,Paid
306426,34879,2026-01-01,2190.0,0,Paid
306430,34889,2026-01-01,1642.0,0,Paid
306471,35003,2026-01-01,37860.0,0,Paid
306483,35042,2026-01-01,3368.0,0,Paid
306493,35071,2026-01-01,25348.0,0,Paid
306595,35343,2026-01-01,4639.0,0,Paid
306598,35346,2026-01-01,1678.0,0,Paid
306622,35411,2026-01-01,8197.0,0,Paid
306633,35439,2026-01-01,2740.0,0,Paid
306670,35550,2026-01-01,802.0,0,Paid
306748,35763,2026-01-01,138296.0,0,Paid
306790,35860,2026-01-01,1186.0,0,Paid
306803,35912,2026-01-01,2542.0,0,Paid
306813,35933,2026-01-01,282345.0,0,Paid
306840,36017,2026-01-01,34287.0,0,Paid
306842,36021,2026-01-01,810.0,0,Paid
306862,36072,2026-01-01,946.0,14,Failed
306888,36158,2026-01-01,519.0,0,Paid
306893,36173,2026-01-01,835.0,0,Paid
306900,36197,2026-01-01,5842.0,0,Paid
307066,36587,2026-01-01,2749.0,10,Paid Late
307074,36599,2026-01-01,6478.0,0,Paid
307130,36773,2026-01-01,4042.0,6,Paid Late
307136,36791,2026-01-01,4083.0,0,Paid
307145,36815,2026-01-01,18148.0,0,Paid
307172,36886,2026-01-01,1338.0,0,Paid
307180,36906,2026-01-01,1618.0,29,Paid Late
307187,36920,2026-01-01,3877.0,0,Paid
307212,36980,2026-01-01,19507.0,0,Paid
307217,36995,2026-01-01,214142.0,0,Paid
307252,37105,2026-01-01,2275.0,15,Paid Late
307258,37116,2026-01-01,231219.0,0,Paid
307266,37134,2026-01-01,3223.0,0,Paid
307287,37179,2026-01-01,2019.0,13,Paid Late
307331,37285,2026-01-01,45433.0,0,Paid
307346,37335,2026-01-01,2403.0,0,Paid
307376,37419,2026-01-01,4089.0,43,Failed
307379,37424,2026-01-01,116696.0,9,Paid Late
307391,37460,2026-01-01,281043.0,0,Paid
307400,37487,2026-01-01,111977.0,0,Paid
307403,37500,2026-01-01,7512.0,31,Paid Late
307419,37545,2026-01-01,2171.0,0,Paid
307445,37605,2026-01-01,31843.0,0,Paid
307473,37672,2026-01-01,30109.0,0,Paid
307497,37747,2026-01-01,1162.0,43,Paid Late
307502,37767,2026-01-01,10459.0,19,Paid Late
307575,37940,2026-01-01,5969.0,0,Paid
307591,37982,2026-01-01,27170.0,6,Paid Late
307607,38022,2026-01-01,3368.0,0,Paid
307619,38086,2026-01-01,68496.0,5,Paid Late
307622,38095,2026-01-01,3381.0,0,Paid
307654,38189,2026-01-01,2219.0,0,Paid
307659,38197,2026-01-01,6624.0,0,Paid
307660,38198,2026-01-01,819.0,0,Paid
307665,38211,2026-01-01,3467.0,47,Paid Late
307673,38227,2026-01-01,2339.0,0,Paid
307696,38306,2026-01-01,2667.0,0,Paid
307717,38373,2026-01-01,4311.0,21,Paid Late
307745,38452,2026-01-01,47606.0,0,Paid
307798,38612,2026-01-01,16682.0,10,Paid Late
307816,38661,2026-01-01,8716.0,21,Paid Late
307829,38700,2026-01-01,819.0,0,Paid
307856,38766,2026-01-01,62413.0,0,Paid
307860,38770,2026-01-01,3245562.0,0,Paid
307863,38775,2026-01-01,1626.0,25,Failed
307878,38812,2026-01-01,2396.0,0,Paid
307881,38823,2026-01-01,16893.0,0,Paid
307910,38906,2026-01-01,101271.0,0,Paid
307922,38939,2026-01-01,67627.0,0,Paid
307958,39040,2026-01-01,68454.0,8,Failed
307970,39062,2026-01-01,6553.0,0,Paid
308070,39375,2026-01-01,24219.0,0,Paid
308103,39486,2026-01-01,1111.0,0,Paid
308185,39739,2026-01-01,3368.0,0,Paid
308213,39810,2026-01-01,296530.0,0,Paid
308237,39869,2026-01-01,3614.0,0,Paid
308270,39965,2026-01-01,59077.0,0,Paid
308289,40017,2026-01-01,744887.0,0,Paid
308317,40093,2026-01-01,1810.0,0,Paid
308341,40154,2026-01-01,259027.0,18,Failed
308345,40163,2026-01-01,69976.0,0,Paid
308346,40166,2026-01-01,3308.0,0,Paid
308389,40270,2026-01-01,3452.0,0,Paid
308464,40485,2026-01-01,2902.0,0,Paid
308528,40659,2026-01-01,802.0,0,Paid
308559,40757,2026-01-01,9177.0,0,Paid
308587,40826,2026-01-01,7149.0,0,Paid
308593,40843,2026-01-01,2033.0,0,Paid
308605,40892,2026-01-01,30093.0,18,Paid Late
308679,41128,2026-01-01,14670.0,0,Paid
308707,41212,2026-01-01,5978.0,0,Paid
308739,41289,2026-01-01,2355.0,0,Paid
308828,41508,2026-01-01,13705.0,0,Paid
308837,41531,2026-01-01,95639.0,0,Paid
308841,41542,2026-01-01,35417.0,24,Paid Late
308845,41554,2026-01-01,5822.0,0,Paid
308878,41660,2026-01-01,4498.0,0,Paid
308889,41686,2026-01-01,1324.0,0,Paid
308893,41704,2026-01-01,1223.0,0,Paid
308896,41709,2026-01-01,59497.0,0,Paid
308899,41717,2026-01-01,1046.0,0,Paid
308904,41740,2026-01-01,3504.0,40,Paid Late
308916,41776,2026-01-01,1690.0,0,Paid
308940,41834,2026-01-01,2872.0,2,Paid Late
308945,41845,2026-01-01,59411.0,4,Paid Late
308949,41853,2026-01-01,181849.0,0,Paid
308953,41859,2026-01-01,5567.0,0,Paid
308958,41868,2026-01-01,3282.0,9,Failed
308968,41888,2026-01-01,37287.0,33,Failed
308990,41946,2026-01-01,1412.0,0,Paid
308992,41955,2026-01-01,3959.0,0,Paid
308993,41956,2026-01-01,3196.0,0,Paid
308998,41961,2026-01-01,4639.0,0,Paid
309002,41970,2026-01-01,15914.0,9,Failed
309009,41985,2026-01-01,519.0,0,Paid
309040,42058,2026-01-01,5335.0,0,Paid
309041,42060,2026-01-01,64393.0,0,Paid
309056,42105,2026-01-01,2931.0,0,Paid
309084,42176,2026-01-01,3541.0,17,Paid Late
309089,42196,2026-01-01,542.0,0,Paid
309118,42264,2026-01-01,9584.0,0,Paid
309157,42382,2026-01-01,56897.0,7,Failed
309164,42398,2026-01-01,287332.0,21,Paid Late
309175,42428,2026-01-01,2868.0,0,Paid
309181,42446,2026-01-01,759.0,0,Paid
309196,42484,2026-01-01,1610.0,0,Paid
309237,42620,2026-01-01,2872.0,0,Paid
309243,42635,2026-01-01,548.0,0,Paid
309302,42805,2026-01-01,2703.0,0,Paid
309324,42868,2026-01-01,1137.0,0,Paid
309341,42914,2026-01-01,70772.0,4,Failed
309354,42960,2026-01-01,2408.0,0,Paid
309391,43041,2026-01-01,210808.0,0,Paid
309440,43162,2026-01-01,995.0,0,Paid
309441,43165,2026-01-01,24803.0,36,Paid Late
309459,43194,2026-01-01,1481.0,0,Paid
309529,43358,2026-01-01,58231.0,0,Paid
309559,43428,2026-01-01,1682.0,0,Paid
309563,43444,2026-01-01,6287.0,8,Failed
309583,43477,2026-01-01,9519.0,0,Paid
309601,43533,2026-01-01,23210.0,15,Paid Late
309608,43556,2026-01-01,2726.0,0,Paid
309651,43663,2026-01-01,36167.0,0,Paid
309652,43665,2026-01-01,2122.0,0,Paid
309668,43702,2026-01-01,2784.0,0,Paid
309841,44132,2026-01-01,2251.0,0,Paid
309871,44211,2026-01-01,4083.0,0,Paid
309897,44258,2026-01-01,9487.0,0,Paid
309934,44356,2026-01-01,5277.0,10,Failed
309938,44365,2026-01-01,7671.0,0,Paid
309965,44458,2026-01-01,504036.0,0,Paid
309992,44541,2026-01-01,1569.0,0,Paid
310017,44611,2026-01-01,1846.0,0,Paid
310023,44620,2026-01-01,24455.0,0,Paid
310052,44692,2026-01-01,54366.0,0,Paid
310062,44722,2026-01-01,13425.0,0,Paid
310156,44979,2026-01-01,2119.0,6,Paid Late
310213,45151,2026-01-01,1137.0,11,Paid Late
310235,45231,2026-01-01,594875.0,0,Paid
310276,45344,2026-01-01,38339.0,0,Paid
310300,45395,2026-01-01,3651.0,0,Paid
310310,45424,2026-01-01,1774.0,0,Paid
310339,45507,2026-01-01,2195.0,0,Paid
310353,45541,2026-01-01,58108.0,0,Paid
310355,45547,2026-01-01,2014.0,0,Paid
310370,45606,2026-01-01,30648.0,0,Paid
310371,45608,2026-01-01,542.0,18,Failed
310405,45702,2026-01-01,1770.0,0,Paid
310408,45708,2026-01-01,2921.0,38,Paid Late
310427,45757,2026-01-01,15747.0,0,Paid
310449,45827,2026-01-01,7831.0,0,Paid
310452,45831,2026-01-01,1338.0,0,Paid
310489,45909,2026-01-01,15775.0,0,Paid
310515,45983,2026-01-01,252276.0,0,Paid
310528,46011,2026-01-01,242402.0,0,Paid
310548,46063,2026-01-01,94226.0,0,Paid
310555,46074,2026-01-01,90483.0,0,Paid
310562,46088,2026-01-01,7372.0,0,Paid
310587,46158,2026-01-01,21092.0,0,Paid
310672,46382,2026-01-01,56365.0,0,Paid
310720,46503,2026-01-01,145189.0,0,Paid
310761,46607,2026-01-01,2856.0,0,Paid
310782,46659,2026-01-01,1256.0,0,Paid
310798,46708,2026-01-01,4639.0,0,Paid
310811,46731,2026-01-01,4452.0,0,Paid
310814,46734,2026-01-01,41336.0,7,Paid Late
310817,46740,2026-01-01,39523.0,0,Paid
310875,46903,2026-01-01,13610.0,0,Paid
310932,47036,2026-01-01,3334.0,0,Paid
310953,47100,2026-01-01,25906.0,0,Paid
310991,47208,2026-01-01,1046.0,0,Paid
311054,47413,2026-01-01,1057.0,0,Paid
311084,47514,2026-01-01,1223.0,13,Paid Late
311087,47527,2026-01-01,4452.0,0,Paid
311139,47666,2026-01-01,1713.0,16,Paid Late
311211,47863,2026-01-01,1884.0,0,Paid
311221,47889,2026-01-01,203288.0,0,Paid
311231,47913,2026-01-01,3231.0,4,Failed
311235,47922,2026-01-01,1324.0,0,Paid
311259,47989,2026-01-01,6831.0,35,Paid Late
311280,48050,2026-01-01,542.0,0,Paid
311304,48123,2026-01-01,2870.0,0,Paid
311320,48159,2026-01-01,3783.0,0,Paid
311345,48223,2026-01-01,8132.0,6,Paid Late
311380,48337,2026-01-01,3162.0,0,Paid
311388,48355,2026-01-01,4592.0,0,Paid
311413,48427,2026-01-01,3231.0,0,Paid
311466,48567,2026-01-01,1269.0,0,Paid
311493,48644,2026-01-01,2843.0,0,Paid
311552,48808,2026-01-01,59255.0,0,Paid
311630,49009,2026-01-01,7592.0,0,Paid
311666,49099,2026-01-01,17144.0,0,Paid
311669,49104,2026-01-01,2044.0,0,Paid
311680,49130,2026-01-01,4001.0,0,Paid
311686,49144,2026-01-01,3487.0,0,Paid
311694,49168,2026-01-01,21092.0,0,Paid
311710,49214,2026-01-01,2076.0,0,Paid
311749,49313,2026-01-01,2044.0,0,Paid
311759,49353,2026-01-01,22248.0,0,Paid
311783,49454,2026-01-01,2542.0,0,Paid
311793,49489,2026-01-01,2542.0,10,Failed
311823,49606,2026-01-01,1102.0,0,Paid
311828,49617,2026-01-01,11164.0,0,Paid
311836,49642,2026-01-01,2843.0,0,Paid
311870,49720,2026-01-01,3265.0,0,Paid
311898,49808,2026-01-01,734.0,0,Paid
311913,49872,2026-01-01,5842.0,0,Paid
311926,49913,2026-01-01,3547.0,0,Paid
311951,49980,2026-01-01,70024.0,0,Paid
311965,23,2026-02-01,5683.0,0,Paid
311973,43,2026-02-01,81686.0,0,Paid
311974,48,2026-02-01,1950.0,0,Paid
311976,50,2026-02-01,33458.0,0,Paid
311979,58,2026-02-01,5139.0,0,Paid
311995,119,2026-02-01,58864.0,0,Paid
312011,155,2026-02-01,5776.0,0,Paid
312039,222,2026-02-01,802.0,0,Paid
312050,247,2026-02-01,11489.0,0,Paid
312067,283,2026-02-01,70779.0,12,Paid Late
312070,291,2026-02-01,1338.0,0,Paid
312080,308,2026-02-01,4562.0,0,Paid
312090,335,2026-02-01,1283.0,0,Paid
312097,356,2026-02-01,2917.0,0,Paid
312106,379,2026-02-01,12923.0,0,Paid
312132,460,2026-02-01,32006.0,0,Paid
312159,531,2026-02-01,2922.0,0,Paid
312175,575,2026-02-01,40616.0,0,Paid
312214,668,2026-02-01,548.0,43,Paid Late
312219,685,2026-02-01,2323.0,0,Paid
312221,689,2026-02-01,2363.0,0,Paid
312290,855,2026-02-01,3712.0,0,Paid
312304,895,2026-02-01,1946.0,0,Paid
312335,999,2026-02-01,126014.0,0,Paid
312343,1022,2026-02-01,31955.0,0,Paid
312354,1048,2026-02-01,22042.0,0,Paid
312355,1054,2026-02-01,2814.0,30,Paid Late
312359,1061,2026-02-01,1560.0,0,Paid
312362,1073,2026-02-01,2076.0,0,Paid
312368,1092,2026-02-01,1046.0,0,Paid
312371,1107,2026-02-01,34350.0,0,Paid
312403,1188,2026-02-01,1283.0,0,Paid
312416,1227,2026-02-01,3057.0,0,Paid
312419,1237,2026-02-01,2011.0,0,Paid
312421,1240,2026-02-01,110160.0,4,Paid Late
312437,1275,2026-02-01,17144.0,0,Paid
312454,1314,2026-02-01,5652.0,0,Paid
312465,1345,2026-02-01,237589.0,0,Paid
312471,1362,2026-02-01,5518.0,0,Paid
312478,1385,2026-02-01,1186.0,0,Paid
312482,1402,2026-02-01,39682.0,0,Paid
312622,1806,2026-02-01,59603.0,0,Paid
312661,1917,2026-02-01,74436.0,0,Paid
312716,2082,2026-02-01,42635.0,0,Paid
312883,2575,2026-02-01,734.0,0,Paid
312892,2620,2026-02-01,25733.0,0,Paid
312932,2713,2026-02-01,1310.0,0,Paid
312949,2754,2026-02-01,1558.0,0,Paid
312952,2761,2026-02-01,1572.0,0,Paid
312954,2768,2026-02-01,4274.0,0,Paid
313051,3054,2026-02-01,768.0,0,Paid
313096,3171,2026-02-01,137615.0,0,Paid
313135,3285,2026-02-01,106645.0,0,Paid
313138,3297,2026-02-01,548.0,20,Failed
313178,3421,2026-02-01,33627.0,0,Paid
313179,3422,2026-02-01,9439.0,16,Paid Late
313266,3656,2026-02-01,2489.0,0,Paid
313321,3805,2026-02-01,53122.0,0,Paid
313332,3835,2026-02-01,7352.0,0,Paid
313335,3840,2026-02-01,1296.0,0,Paid
313377,3958,2026-02-01,2872.0,0,Paid
313379,3966,2026-02-01,2898.0,36,Paid Late
313415,4049,2026-02-01,45684.0,0,Paid
313434,4108,2026-02-01,81175.0,0,Paid
313526,4376,2026-02-01,2011.0,0,Paid
313556,4453,2026-02-01,35797.0,0,Paid
313582,4534,2026-02-01,4634.0,11,Paid Late
313598,4576,2026-02-01,5087.0,0,Paid
313617,4626,2026-02-01,55699.0,23,Paid Late
313679,4788,2026-02-01,24028.0,0,Paid
313686,4810,2026-02-01,31839.0,0,Paid
313690,4819,2026-02-01,201004.0,0,Paid
313734,4922,2026-02-01,5161.0,25,Paid Late
313764,5009,2026-02-01,2011.0,10,Failed
313770,5023,2026-02-01,3089.0,5,Failed
313780,5046,2026-02-01,37180.0,36,Failed
313833,5161,2026-02-01,3299.0,0,Paid
313846,5199,2026-02-01,5451.0,0,Paid
313908,5367,2026-02-01,103614.0,0,Paid
313923,5398,2026-02-01,36277.0,0,Paid
313926,5411,2026-02-01,66539.0,0,Paid
313936,5428,2026-02-01,7149.0,0,Paid
313952,5468,2026-02-01,45544.0,0,Paid
313971,5513,2026-02-01,56636.0,0,Paid
313990,5566,2026-02-01,4498.0,16,Paid Late
314027,5657,2026-02-01,565.0,0,Paid
314028,5659,2026-02-01,20634.0,0,Paid
314048,5717,2026-02-01,26526.0,0,Paid
314060,5749,2026-02-01,2339.0,0,Paid
314062,5754,2026-02-01,2141.0,0,Paid
314075,5786,2026-02-01,2540.0,0,Paid
314109,5855,2026-02-01,3265.0,0,Paid
314153,5985,2026-02-01,1160.0,23,Paid Late
314189,6092,2026-02-01,101329.0,0,Paid
314191,6096,2026-02-01,11021.0,0,Paid
314211,6149,2026-02-01,67102.0,0,Paid
314273,6317,2026-02-01,1283.0,0,Paid
314280,6362,2026-02-01,1123.0,0,Paid
314323,6483,2026-02-01,33361.0,0,Paid
314325,6487,2026-02-01,1884.0,0,Paid
314330,6505,2026-02-01,2243.0,0,Paid
314339,6529,2026-02-01,120502.0,0,Paid
314343,6545,2026-02-01,20610.0,0,Paid
314388,6687,2026-02-01,8748.0,0,Paid
314391,6693,2026-02-01,98223.0,29,Paid Late
314412,6744,2026-02-01,31650.0,0,Paid
314429,6781,2026-02-01,6952.0,12,Paid Late
314431,6786,2026-02-01,36689.0,2,Paid Late
314444,6814,2026-02-01,3057.0,0,Paid
314486,6937,2026-02-01,2348.0,0,Paid
314511,6997,2026-02-01,1103.0,0,Paid
314530,7039,2026-02-01,6624.0,0,Paid
314535,7058,2026-02-01,32192.0,0,Paid
314598,7227,2026-02-01,9399.0,0,Paid
314668,7430,2026-02-01,1527.0,0,Paid
314687,7497,2026-02-01,25703.0,0,Paid
314730,7609,2026-02-01,55399.0,0,Paid
314772,7710,2026-02-01,32305.0,6,Paid Late
314876,8039,2026-02-01,1664.0,0,Paid
314895,8085,2026-02-01,6348.0,0,Paid
314933,8179,2026-02-01,26592.0,0,Paid
314955,8236,2026-02-01,1162.0,0,Paid
314989,8339,2026-02-01,26320.0,8,Paid Late
314990,8340,2026-02-01,3299.0,0,Paid
314999,8359,2026-02-01,220148.0,0,Paid
315007,8392,2026-02-01,1838.0,0,Paid
315019,8424,2026-02-01,542.0,0,Paid
315130,8712,2026-02-01,2689.0,0,Paid
315132,8727,2026-02-01,7372.0,0,Paid
315152,8775,2026-02-01,792.0,0,Paid
315163,8799,2026-02-01,7671.0,17,Paid Late
315192,8924,2026-02-01,1719.0,0,Paid
315237,9050,2026-02-01,2603.0,0,Paid
315246,9083,2026-02-01,2033.0,0,Paid
315264,9112,2026-02-01,34660.0,0,Paid
315276,9141,2026-02-01,2243.0,0,Paid
315283,9157,2026-02-01,7372.0,0,Paid
315312,9229,2026-02-01,59923.0,1,Paid Late
315328,9269,2026-02-01,3025.0,37,Failed
315329,9272,2026-02-01,819.0,0,Paid
315365,9365,2026-02-01,43780.0,0,Paid
315381,9399,2026-02-01,1310.0,0,Paid
315402,9465,2026-02-01,3402.0,0,Paid
315406,9477,2026-02-01,907027.0,53,Failed
315415,9505,2026-02-01,53713.0,0,Paid
315430,9565,2026-02-01,39102.0,0,Paid
315450,9636,2026-02-01,13035.0,0,Paid
315475,9694,2026-02-01,45101.0,7,Paid Late
315478,9703,2026-02-01,49695.0,0,Paid
315486,9724,2026-02-01,24644.0,0,Paid
315503,9768,2026-02-01,52055.0,0,Paid
315533,9836,2026-02-01,65536.0,0,Paid
315544,9866,2026-02-01,3231.0,0,Paid
315555,9913,2026-02-01,10778.0,0,Paid
315565,9947,2026-02-01,6831.0,0,Paid
315580,9995,2026-02-01,52813.0,0,Paid
315627,10160,2026-02-01,1338.0,0,Paid
315640,10214,2026-02-01,793.0,0,Paid
315657,10246,2026-02-01,1495.0,0,Paid
315666,10268,2026-02-01,16767.0,0,Paid
315683,10322,2026-02-01,3368.0,0,Paid
315687,10330,2026-02-01,143673.0,0,Paid
315728,10429,2026-02-01,66036.0,0,Paid
315729,10432,2026-02-01,530.0,0,Paid
315738,10457,2026-02-01,1080.0,0,Paid
315762,10516,2026-02-01,49086.0,0,Paid
315770,10539,2026-02-01,305921.0,0,Paid
315786,10591,2026-02-01,2569.0,0,Paid
315857,10771,2026-02-01,32562.0,0,Paid
315860,10780,2026-02-01,4042.0,0,Paid
315870,10808,2026-02-01,1511.0,0,Paid
315885,10855,2026-02-01,5087.0,16,Paid Late
315948,11021,2026-02-01,728.0,0,Paid
316021,11261,2026-02-01,4545.0,9,Failed
316078,11410,2026-02-01,3025.0,0,Paid
316084,11425,2026-02-01,21761.0,0,Paid
316099,11457,2026-02-01,4877.0,0,Paid
316115,11499,2026-02-01,2839.0,0,Paid
316174,11639,2026-02-01,1495.0,0,Paid
316231,11789,2026-02-01,121770.0,0,Paid
316255,11833,2026-02-01,1365.0,0,Paid
316266,11861,2026-02-01,1884.0,0,Paid
316272,11883,2026-02-01,58642.0,0,Paid
316292,11941,2026-02-01,30514.0,0,Paid
316321,12008,2026-02-01,827.0,0,Paid
316356,12103,2026-02-01,59923.0,0,Paid
316385,12176,2026-02-01,35863.0,0,Paid
316405,12239,2026-02-01,3541.0,0,Paid
316408,12244,2026-02-01,4452.0,0,Paid
316431,12321,2026-02-01,37080.0,0,Paid
316454,12375,2026-02-01,104352.0,0,Paid
316460,12392,2026-02-01,3057.0,0,Paid
316536,12586,2026-02-01,1646.0,0,Paid
316537,12588,2026-02-01,2872.0,21,Failed
316539,12592,2026-02-01,2609.0,0,Paid
316544,12602,2026-02-01,519.0,0,Paid
316551,12617,2026-02-01,1179641.0,0,Paid
316583,12673,2026-02-01,13242.0,0,Paid
316606,12728,2026-02-01,48876.0,0,Paid
316645,12819,2026-02-01,1792.0,6,Paid Late
316662,12867,2026-02-01,4871.0,0,Paid
316716,12990,2026-02-01,819.0,0,Paid
316769,13155,2026-02-01,548.0,0,Paid
316790,13215,2026-02-01,6555.0,0,Paid
316794,13230,2026-02-01,1810.0,0,Paid
316852,13412,2026-02-01,559.0,0,Paid
316865,13468,2026-02-01,2412.0,0,Paid
316870,13481,2026-02-01,7149.0,0,Paid
316894,13539,2026-02-01,82783.0,0,Paid
316927,13618,2026-02-01,1123.0,0,Paid
316936,13637,2026-02-01,6831.0,31,Paid Late
316941,13647,2026-02-01,1572.0,0,Paid
317011,13806,2026-02-01,57124.0,0,Paid
317081,13997,2026-02-01,2818.0,0,Paid
317182,14249,2026-02-01,1162.0,0,Paid
317193,14270,2026-02-01,134854.0,5,Failed
317194,14271,2026-02-01,2516.0,0,Paid
317199,14279,2026-02-01,59719.0,13,Paid Late
317236,14388,2026-02-01,1751.0,0,Paid
317238,14393,2026-02-01,5054.0,5,Failed
317322,14674,2026-02-01,199532.0,0,Paid
317335,14706,2026-02-01,15307.0,0,Paid
317341,14732,2026-02-01,3217.0,0,Paid
317372,14837,2026-02-01,22166.0,0,Paid
317421,14970,2026-02-01,1083.0,0,Paid
317448,15049,2026-02-01,2516.0,0,Paid
317503,15186,2026-02-01,1719.0,25,Paid Late
317504,15189,2026-02-01,2021.0,0,Paid
317506,15193,2026-02-01,23000.0,11,Paid Late
317568,15368,2026-02-01,645.0,0,Paid
317574,15380,2026-02-01,5518.0,0,Paid
317578,15389,2026-02-01,1846.0,0,Paid
317585,15412,2026-02-01,17265.0,26,Paid Late
317609,15472,2026-02-01,4929.0,0,Paid
317663,15612,2026-02-01,3224.0,0,Paid
317675,15639,2026-02-01,2521.0,0,Paid
317721,15774,2026-02-01,24758.0,0,Paid
317725,15791,2026-02-01,819.0,0,Paid
317755,15858,2026-02-01,3651.0,0,Paid
317775,15909,2026-02-01,855263.0,0,Paid
317823,16036,2026-02-01,26440.0,0,Paid
317827,16048,2026-02-01,2119.0,18,Paid Late
317840,16073,2026-02-01,58235.0,0,Paid
317864,16131,2026-02-01,78371.0,0,Paid
317905,16280,2026-02-01,6627.0,0,Paid
317930,16348,2026-02-01,24985.0,0,Paid
317932,16353,2026-02-01,1827.0,0,Paid
317941,16381,2026-02-01,1626.0,0,Paid
317976,16487,2026-02-01,159592.0,26,Paid Late
318061,16705,2026-02-01,2323.0,0,Paid
318063,16712,2026-02-01,186033.0,47,Failed
318088,16769,2026-02-01,57793.0,0,Paid
318145,16905,2026-02-01,33793.0,0,Paid
318156,16933,2026-02-01,1745626.0,0,Paid
318177,16996,2026-02-01,6438.0,16,Paid Late
318182,17010,2026-02-01,2009.0,0,Paid
318203,17072,2026-02-01,38010.0,0,Paid
318210,17095,2026-02-01,59975.0,49,Paid Late
318231,17147,2026-02-01,25145.0,0,Paid
318321,17352,2026-02-01,2323.0,0,Paid
318328,17368,2026-02-01,4124.0,0,Paid
318351,17432,2026-02-01,21919.0,0,Paid
318391,17555,2026-02-01,17564.0,26,Failed
318441,17710,2026-02-01,76399.0,0,Paid
318446,17724,2026-02-01,1174.0,0,Paid
318454,17745,2026-02-01,227235.0,0,Paid
318463,17774,2026-02-01,189790.0,0,Paid
318473,17800,2026-02-01,24447.0,0,Paid
318478,17818,2026-02-01,6348.0,0,Paid
318479,17819,2026-02-01,2339.0,0,Paid
318492,17838,2026-02-01,7751.0,0,Paid
318503,17862,2026-02-01,11545.0,15,Failed
318526,17923,2026-02-01,3075.0,0,Paid
318528,17929,2026-02-01,120313.0,0,Paid
318547,17974,2026-02-01,3368.0,0,Paid
318555,17993,2026-02-01,69976.0,0,Paid
318560,18013,2026-02-01,1593.0,27,Paid Late
318573,18050,2026-02-01,1013.0,45,Paid Late
318579,18057,2026-02-01,4592.0,0,Paid
318591,18088,2026-02-01,5906.0,0,Paid
318596,18104,2026-02-01,21997.0,0,Paid
318605,18130,2026-02-01,64675.0,0,Paid
318660,18303,2026-02-01,14574.0,29,Paid Late
318662,18307,2026-02-01,53713.0,0,Paid
318681,18349,2026-02-01,11059.0,0,Paid
318727,18516,2026-02-01,18295.0,0,Paid
318763,18605,2026-02-01,13425.0,18,Paid Late
318780,18662,2026-02-01,2596.0,0,Paid
318832,18808,2026-02-01,1511.0,0,Paid
318834,18811,2026-02-01,2122.0,0,Paid
318855,18887,2026-02-01,102058.0,0,Paid
318857,18901,2026-02-01,14528.0,0,Paid
318858,18902,2026-02-01,35717.0,19,Paid Late
318865,18914,2026-02-01,2872.0,0,Paid
318893,18997,2026-02-01,5451.0,0,Paid
318895,19002,2026-02-01,61612.0,0,Paid
318906,19036,2026-02-01,71415.0,0,Paid
318920,19095,2026-02-01,6210.0,0,Paid
319053,19468,2026-02-01,2707.0,0,Paid
319085,19560,2026-02-01,3651.0,0,Paid
319145,19729,2026-02-01,9228.0,0,Paid
319161,19769,2026-02-01,3282.0,0,Paid
319166,19777,2026-02-01,2420.0,0,Paid
319173,19794,2026-02-01,6690.0,0,Paid
319180,19811,2026-02-01,2958.0,0,Paid
319235,19943,2026-02-01,1448280.0,0,Paid
319285,20071,2026-02-01,3153.0,0,Paid
319292,20082,2026-02-01,65108.0,0,Paid
319307,20131,2026-02-01,1199.0,0,Paid
319322,20162,2026-02-01,40616.0,20,Failed
319367,20288,2026-02-01,105987.0,0,Paid
319371,20296,2026-02-01,3103.0,0,Paid
319385,20335,2026-02-01,3487.0,9,Paid Late
319403,20391,2026-02-01,14361.0,0,Paid
319405,20402,2026-02-01,156902.0,0,Paid
319439,20493,2026-02-01,4592.0,0,Paid
319446,20516,2026-02-01,4545.0,0,Paid
319464,20574,2026-02-01,1186.0,0,Paid
319469,20595,2026-02-01,2141.0,0,Paid
319470,20597,2026-02-01,13964.0,0,Paid
319502,20677,2026-02-01,46293.0,0,Paid
319503,20686,2026-02-01,1325203.0,0,Paid
319554,20821,2026-02-01,40857.0,0,Paid
319592,20940,2026-02-01,2141.0,0,Paid
319609,20987,2026-02-01,1808.0,0,Paid
319626,21026,2026-02-01,1560.0,0,Paid
319667,21126,2026-02-01,4264.0,0,Paid
319677,21156,2026-02-01,12965.0,0,Paid
319727,21277,2026-02-01,6417.0,0,Paid
319734,21287,2026-02-01,2219.0,0,Paid
319735,21288,2026-02-01,3467.0,0,Paid
319813,21504,2026-02-01,3523.0,0,Paid
319828,21542,2026-02-01,2596.0,0,Paid
319834,21561,2026-02-01,2275.0,0,Paid
319877,21682,2026-02-01,57704.0,0,Paid
319905,21751,2026-02-01,15747.0,35,Paid Late
319914,21783,2026-02-01,4498.0,0,Paid
320036,22106,2026-02-01,2388.0,0,Paid
320039,22110,2026-02-01,1200.0,0,Paid
320055,22139,2026-02-01,1560.0,9,Paid Late
320061,22154,2026-02-01,2435.0,0,Paid
320079,22215,2026-02-01,2119.0,0,Paid
320108,22290,2026-02-01,20181.0,0,Paid
320111,22297,2026-02-01,16504.0,0,Paid
320124,22343,2026-02-01,13335.0,0,Paid
320127,22350,2026-02-01,33988.0,0,Paid
320176,22485,2026-02-01,11423.0,0,Paid
320178,22487,2026-02-01,2315.0,5,Paid Late
320212,22573,2026-02-01,6616.0,0,Paid
320226,22599,2026-02-01,11416.0,0,Paid
320229,22605,2026-02-01,1610.0,17,Paid Late
320257,22662,2026-02-01,7081.0,0,Paid
320266,22676,2026-02-01,3655.0,0,Paid
320298,22756,2026-02-01,692.0,0,Paid
320358,22915,2026-02-01,1430.0,0,Paid
320391,22999,2026-02-01,56625.0,0,Paid
320443,23130,2026-02-01,37980.0,0,Paid
320461,23169,2026-02-01,2372.0,0,Paid
320573,23467,2026-02-01,40244.0,0,Paid
320577,23484,2026-02-01,7352.0,0,Paid
320588,23508,2026-02-01,3072.0,0,Paid
320598,23538,2026-02-01,7733.0,14,Paid Late
320663,23713,2026-02-01,31064.0,0,Paid
320738,23892,2026-02-01,810.0,0,Paid
320752,23931,2026-02-01,26037.0,0,Paid
320789,24011,2026-02-01,2048.0,0,Paid
320817,24087,2026-02-01,7233.0,0,Paid
320852,24199,2026-02-01,17951.0,9,Paid Late
320880,24298,2026-02-01,47487.0,0,Paid
320942,24484,2026-02-01,1792.0,0,Paid
320971,24563,2026-02-01,1846.0,0,Paid
320982,24595,2026-02-01,3614.0,0,Paid
321025,24703,2026-02-01,2219.0,0,Paid
321029,24712,2026-02-01,53107.0,0,Paid
321037,24733,2026-02-01,7831.0,0,Paid
321052,24772,2026-02-01,1080.0,0,Paid
321076,24829,2026-02-01,7671.0,0,Paid
321081,24838,2026-02-01,1751.0,0,Paid
321082,24845,2026-02-01,1427.0,9,Paid Late
321084,24848,2026-02-01,3138.0,0,Paid
321099,24880,2026-02-01,464.0,0,Paid
321125,24948,2026-02-01,3368.0,0,Paid
321128,24957,2026-02-01,29292.0,0,Paid
321159,25035,2026-02-01,2033.0,6,Paid Late
321171,25075,2026-02-01,237761.0,0,Paid
321196,25138,2026-02-01,28196.0,0,Paid
321199,25145,2026-02-01,2372.0,0,Paid
321232,25247,2026-02-01,1057.0,0,Paid
321237,25256,2026-02-01,61877.0,7,Paid Late
321260,25319,2026-02-01,810.0,0,Paid
321263,25330,2026-02-01,1102.0,0,Paid
321266,25336,2026-02-01,1269.0,0,Paid
321285,25380,2026-02-01,1028.0,19,Paid Late
321310,25448,2026-02-01,7192.0,0,Paid
321364,25560,2026-02-01,4358.0,0,Paid
321392,25613,2026-02-01,55921.0,0,Paid
321406,25666,2026-02-01,70736.0,0,Paid
321419,25694,2026-02-01,18422.0,45,Paid Late
321498,25919,2026-02-01,21319.0,0,Paid
321499,25920,2026-02-01,3153.0,9,Paid Late
321511,25951,2026-02-01,1755.0,0,Paid
321572,26147,2026-02-01,15972.0,0,Paid
321612,26243,2026-02-01,3918.0,0,Paid
321704,26507,2026-02-01,924.0,43,Paid Late
321769,26685,2026-02-01,810.0,0,Paid
321787,26714,2026-02-01,19214.0,0,Paid
321799,26744,2026-02-01,58108.0,0,Paid
321826,26817,2026-02-01,32605.0,0,Paid
321831,26835,2026-02-01,147195.0,34,Failed
321862,26911,2026-02-01,751.0,0,Paid
321923,27087,2026-02-01,2569.0,0,Paid
321943,27133,2026-02-01,6792.0,0,Paid
321992,27248,2026-02-01,31546.0,7,Failed
322004,27277,2026-02-01,793.0,0,Paid
322019,27315,2026-02-01,3121.0,0,Paid
322021,27322,2026-02-01,65172.0,0,Paid
322027,27337,2026-02-01,44664.0,0,Paid
322044,27381,2026-02-01,2251.0,0,Paid
322047,27392,2026-02-01,1713.0,15,Paid Late
322110,27545,2026-02-01,1102.0,0,Paid
322200,27778,2026-02-01,25244.0,0,Paid
322205,27791,2026-02-01,48865.0,0,Paid
322223,27834,2026-02-01,52226.0,0,Paid
322267,27940,2026-02-01,3416.0,0,Paid
322278,27963,2026-02-01,1774.0,0,Paid
322299,28017,2026-02-01,29754.0,0,Paid
322329,28082,2026-02-01,4824.0,0,Paid
322370,28203,2026-02-01,7512.0,0,Paid
322385,28239,2026-02-01,2672.0,0,Paid
322400,28284,2026-02-01,113903.0,0,Paid
322430,28370,2026-02-01,32057.0,0,Paid
322436,28382,2026-02-01,14838.0,0,Paid
322459,28440,2026-02-01,1338.0,0,Paid
322462,28453,2026-02-01,2726.0,0,Paid
322483,28508,2026-02-01,2579.0,0,Paid
322539,28689,2026-02-01,2167.0,13,Paid Late
322562,28746,2026-02-01,7538.0,0,Paid
322634,28899,2026-02-01,4523.0,0,Paid
322688,29074,2026-02-01,62115.0,0,Paid
322714,29155,2026-02-01,32696.0,0,Paid
322722,29175,2026-02-01,2388.0,0,Paid
322747,29251,2026-02-01,57502.0,7,Paid Late
322767,29302,2026-02-01,110674.0,0,Paid
322777,29331,2026-02-01,11297.0,0,Paid
322791,29367,2026-02-01,10306.0,0,Paid
322835,29499,2026-02-01,30077.0,0,Paid
322858,29546,2026-02-01,23809.0,0,Paid
322909,29667,2026-02-01,82879.0,0,Paid
322914,29679,2026-02-01,4452.0,0,Paid
322930,29723,2026-02-01,14148.0,15,Failed
322966,29805,2026-02-01,2243.0,0,Paid
322979,29832,2026-02-01,2171.0,0,Paid
322981,29835,2026-02-01,6624.0,0,Paid
323020,29926,2026-02-01,13277.0,11,Paid Late
323036,29986,2026-02-01,56080.0,0,Paid
323125,30229,2026-02-01,215516.0,0,Paid
323182,30410,2026-02-01,11300.0,0,Paid
323210,30484,2026-02-01,1087.0,0,Paid
323291,30716,2026-02-01,2659.0,0,Paid
323297,30736,2026-02-01,46640.0,0,Paid
323325,30798,2026-02-01,48100.0,0,Paid
323331,30819,2026-02-01,157296.0,0,Paid
323332,30820,2026-02-01,2768.0,0,Paid
323349,30866,2026-02-01,2348.0,0,Paid
323350,30867,2026-02-01,1713.0,0,Paid
323364,30920,2026-02-01,1527.0,0,Paid
323402,31005,2026-02-01,42757.0,0,Paid
323442,31126,2026-02-01,5103.0,0,Paid
323459,31160,2026-02-01,2251.0,10,Paid Late
323466,31179,2026-02-01,4982.0,0,Paid
323514,31324,2026-02-01,4217.0,0,Paid
323518,31331,2026-02-01,2755.0,0,Paid
323529,31352,2026-02-01,104058.0,0,Paid
323535,31359,2026-02-01,1527.0,25,Paid Late
323546,31392,2026-02-01,2275.0,9,Paid Late
323552,31417,2026-02-01,3184.0,0,Paid
323570,31468,2026-02-01,5451.0,0,Paid
323593,31544,2026-02-01,63622.0,21,Paid Late
323595,31551,2026-02-01,4615.0,0,Paid
323600,31563,2026-02-01,1609.0,23,Paid Late
323646,31691,2026-02-01,2251.0,0,Paid
323651,31701,2026-02-01,2130.0,0,Paid
323661,31726,2026-02-01,2898.0,14,Failed
323663,31730,2026-02-01,3393.0,0,Paid
323686,31775,2026-02-01,14322.0,0,Paid
323701,31811,2026-02-01,2872.0,0,Paid
323753,31969,2026-02-01,1467.0,19,Paid Late
323759,31983,2026-02-01,27698.0,0,Paid
323768,32005,2026-02-01,9197.0,33,Paid Late
323775,32019,2026-02-01,4001.0,0,Paid
323806,32121,2026-02-01,34824.0,0,Paid
323813,32137,2026-02-01,50694.0,0,Paid
323825,32171,2026-02-01,18771.0,0,Paid
323845,32211,2026-02-01,6693.0,0,Paid
323874,32302,2026-02-01,187657.0,0,Paid
323904,32392,2026-02-01,1808.0,4,Paid Late
323912,32405,2026-02-01,5883.0,0,Paid
323917,32422,2026-02-01,145887.0,0,Paid
323918,32430,2026-02-01,27135.0,0,Paid
323928,32453,2026-02-01,785.0,0,Paid
323958,32521,2026-02-01,827.0,0,Paid
323962,32529,2026-02-01,2098.0,0,Paid
323964,32536,2026-02-01,12101.0,0,Paid
324054,32775,2026-02-01,8478.0,38,Paid Late
324067,32811,2026-02-01,29200.0,6,Failed
324098,32920,2026-02-01,1324.0,0,Paid
324122,32995,2026-02-01,23894.0,0,Paid
324134,33018,2026-02-01,5670.0,0,Paid
324151,33086,2026-02-01,835.0,0,Paid
324170,33130,2026-02-01,2902.0,33,Paid Late
324174,33138,2026-02-01,1511.0,0,Paid
324196,33208,2026-02-01,56683.0,0,Paid
324220,33284,2026-02-01,956.0,0,Paid
324252,33372,2026-02-01,34162.0,17,Paid Late
324289,33472,2026-02-01,872824.0,0,Paid
324378,33729,2026-02-01,15579.0,0,Paid
324400,33774,2026-02-01,1789.0,0,Paid
324402,33776,2026-02-01,2348.0,14,Failed
324403,33778,2026-02-01,1990.0,0,Paid
324411,33794,2026-02-01,59261.0,0,Paid
324412,33796,2026-02-01,17556.0,0,Paid
324455,33919,2026-02-01,49721.0,0,Paid
324459,33931,2026-02-01,22172.0,0,Paid
324467,33945,2026-02-01,14236.0,0,Paid
324477,33975,2026-02-01,4170.0,0,Paid
324485,34001,2026-02-01,3430.0,0,Paid
324496,34038,2026-02-01,46796.0,0,Paid
324511,34076,2026-02-01,2382.0,0,Paid
324556,34201,2026-02-01,6417.0,0,Paid
324580,34261,2026-02-01,3416.0,0,Paid
324582,34265,2026-02-01,1719.0,0,Paid
324658,34482,2026-02-01,5351.0,0,Paid
324678,34534,2026-02-01,1440.0,0,Paid
324685,34559,2026-02-01,35876.0,0,Paid
324703,34615,2026-02-01,59859.0,0,Paid
324744,34721,2026-02-01,21805.0,0,Paid
324752,34735,2026-02-01,51574.0,0,Paid
324768,34781,2026-02-01,2065.0,0,Paid
324774,34795,2026-02-01,3430.0,15,Paid Late
324796,34863,2026-02-01,4965.0,0,Paid
324799,34879,2026-02-01,2190.0,0,Paid
324803,34889,2026-02-01,1642.0,0,Paid
324844,35003,2026-02-01,37860.0,0,Paid
324858,35042,2026-02-01,3368.0,0,Paid
324868,35071,2026-02-01,25348.0,0,Paid
324963,35343,2026-02-01,4639.0,0,Paid
324966,35346,2026-02-01,1678.0,13,Paid Late
325001,35439,2026-02-01,2740.0,0,Paid
325040,35550,2026-02-01,802.0,4,Paid Late
325116,35763,2026-02-01,138296.0,0,Paid
325154,35860,2026-02-01,1186.0,0,Paid
325166,35912,2026-02-01,2542.0,0,Paid
325173,35927,2026-02-01,3162.0,13,Failed
325176,35933,2026-02-01,282345.0,0,Paid
325208,36017,2026-02-01,34287.0,11,Paid Late
325210,36021,2026-02-01,810.0,15,Paid Late
325230,36072,2026-02-01,946.0,0,Paid
325257,36158,2026-02-01,519.0,0,Paid
325261,36173,2026-02-01,835.0,0,Paid
325267,36197,2026-02-01,5842.0,0,Paid
325420,36587,2026-02-01,2749.0,0,Paid
325427,36599,2026-02-01,6478.0,0,Paid
325483,36773,2026-02-01,4042.0,3,Paid Late
325489,36791,2026-02-01,4083.0,0,Paid
325501,36815,2026-02-01,18148.0,0,Paid
325524,36886,2026-02-01,1338.0,0,Paid
325533,36906,2026-02-01,1618.0,0,Paid
325540,36920,2026-02-01,3877.0,0,Paid
325563,36980,2026-02-01,19507.0,0,Paid
325565,36984,2026-02-01,521705.0,17,Paid Late
325571,36995,2026-02-01,214142.0,0,Paid
325604,37105,2026-02-01,2275.0,0,Paid
325610,37116,2026-02-01,231219.0,0,Paid
325617,37134,2026-02-01,3223.0,0,Paid
325641,37179,2026-02-01,2019.0,0,Paid
325684,37285,2026-02-01,45433.0,0,Paid
325698,37335,2026-02-01,2403.0,0,Paid
325729,37419,2026-02-01,4089.0,0,Paid
325732,37424,2026-02-01,116696.0,27,Paid Late
325744,37460,2026-02-01,281043.0,0,Paid
325754,37487,2026-02-01,111977.0,0,Paid
325757,37500,2026-02-01,7512.0,6,Paid Late
325773,37545,2026-02-01,2171.0,0,Paid
325802,37605,2026-02-01,31843.0,0,Paid
325828,37672,2026-02-01,30109.0,58,Paid Late
325852,37747,2026-02-01,1162.0,0,Paid
325857,37767,2026-02-01,10459.0,0,Paid
325928,37940,2026-02-01,5969.0,0,Paid
325944,37982,2026-02-01,27170.0,0,Paid
325959,38022,2026-02-01,3368.0,0,Paid
325972,38086,2026-02-01,68496.0,0,Paid
325975,38095,2026-02-01,3381.0,0,Paid
326005,38189,2026-02-01,2219.0,0,Paid
326010,38197,2026-02-01,6624.0,4,Failed
326011,38198,2026-02-01,819.0,0,Paid
326018,38211,2026-02-01,3467.0,0,Paid
326026,38227,2026-02-01,2339.0,0,Paid
326037,38270,2026-02-01,522072.0,19,Paid Late
326050,38306,2026-02-01,2667.0,0,Paid
326069,38373,2026-02-01,4311.0,0,Paid
326152,38612,2026-02-01,16682.0,16,Paid Late
326168,38661,2026-02-01,8716.0,0,Paid
326175,38677,2026-02-01,18760.0,0,Paid
326182,38700,2026-02-01,819.0,0,Paid
326206,38766,2026-02-01,62413.0,0,Paid
326211,38775,2026-02-01,1626.0,0,Paid
326228,38812,2026-02-01,2396.0,20,Failed
326232,38823,2026-02-01,16893.0,0,Paid
326259,38906,2026-02-01,101271.0,0,Paid
326270,38939,2026-02-01,67627.0,0,Paid
326306,39040,2026-02-01,68454.0,0,Paid
326318,39062,2026-02-01,6553.0,0,Paid
326425,39375,2026-02-01,24219.0,0,Paid
326462,39486,2026-02-01,1111.0,27,Paid Late
326545,39739,2026-02-01,3368.0,0,Paid
326568,39810,2026-02-01,296530.0,0,Paid
326590,39869,2026-02-01,3614.0,23,Paid Late
326622,39965,2026-02-01,59077.0,0,Paid
326671,40093,2026-02-01,1810.0,0,Paid
326694,40154,2026-02-01,259027.0,0,Paid
326698,40163,2026-02-01,69976.0,0,Paid
326699,40166,2026-02-01,3308.0,0,Paid
326742,40270,2026-02-01,3452.0,29,Paid Late
326817,40485,2026-02-01,2902.0,6,Failed
326879,40659,2026-02-01,802.0,0,Paid
326908,40757,2026-02-01,9177.0,0,Paid
326933,40826,2026-02-01,7149.0,0,Paid
326941,40843,2026-02-01,2033.0,10,Paid Late
326945,40857,2026-02-01,11664.0,0,Paid
326955,40892,2026-02-01,30093.0,0,Paid
327031,41128,2026-02-01,14670.0,0,Paid
327046,41165,2026-02-01,639662.0,0,Paid
327059,41212,2026-02-01,5978.0,0,Paid
327089,41289,2026-02-01,2355.0,0,Paid
327187,41531,2026-02-01,95639.0,9,Paid Late
327191,41542,2026-02-01,35417.0,0,Paid
327195,41554,2026-02-01,5822.0,19,Paid Late
327227,41660,2026-02-01,4498.0,6,Failed
327237,41686,2026-02-01,1324.0,0,Paid
327241,41704,2026-02-01,1223.0,33,Failed
327245,41709,2026-02-01,59497.0,42,Paid Late
327249,41717,2026-02-01,1046.0,0,Paid
327255,41740,2026-02-01,3504.0,0,Paid
327267,41776,2026-02-01,1690.0,0,Paid
327291,41834,2026-02-01,2872.0,0,Paid
327294,41845,2026-02-01,59411.0,0,Paid
327298,41853,2026-02-01,181849.0,0,Paid
327302,41859,2026-02-01,5567.0,0,Paid
327306,41868,2026-02-01,3282.0,0,Paid
327317,41888,2026-02-01,37287.0,0,Paid
327339,41946,2026-02-01,1412.0,0,Paid
327341,41955,2026-02-01,3959.0,0,Paid
327342,41956,2026-02-01,3196.0,0,Paid
327346,41961,2026-02-01,4639.0,0,Paid
327349,41970,2026-02-01,15914.0,0,Paid
327356,41985,2026-02-01,519.0,13,Paid Late
327384,42058,2026-02-01,5335.0,0,Paid
327385,42060,2026-02-01,64393.0,0,Paid
327401,42105,2026-02-01,2931.0,0,Paid
327402,42111,2026-02-01,18565.0,0,Paid
327430,42176,2026-02-01,3541.0,12,Paid Late
327439,42196,2026-02-01,542.0,0,Paid
327467,42264,2026-02-01,9584.0,0,Paid
327504,42382,2026-02-01,56897.0,0,Paid
327511,42398,2026-02-01,287332.0,0,Paid
327523,42428,2026-02-01,2868.0,0,Paid
327529,42446,2026-02-01,759.0,0,Paid
327545,42484,2026-02-01,1610.0,0,Paid
327588,42620,2026-02-01,2872.0,0,Paid
327595,42635,2026-02-01,548.0,0,Paid
327618,42704,2026-02-01,150098.0,0,Paid
327626,42719,2026-02-01,1000534.0,0,Paid
327659,42805,2026-02-01,2703.0,17,Failed
327681,42868,2026-02-01,1137.0,0,Paid
327707,42960,2026-02-01,2408.0,0,Paid
327737,43041,2026-02-01,210808.0,0,Paid
327781,43162,2026-02-01,995.0,0,Paid
327782,43165,2026-02-01,24803.0,0,Paid
327798,43194,2026-02-01,1481.0,0,Paid
327820,43251,2026-02-01,5451.0,0,Paid
327859,43331,2026-02-01,12758.0,18,Paid Late
327871,43358,2026-02-01,58231.0,0,Paid
327903,43428,2026-02-01,1682.0,0,Paid
327906,43444,2026-02-01,6287.0,0,Paid
327924,43477,2026-02-01,9519.0,0,Paid
327945,43533,2026-02-01,23210.0,0,Paid
327951,43556,2026-02-01,2726.0,9,Paid Late
327992,43663,2026-02-01,36167.0,0,Paid
327993,43665,2026-02-01,2122.0,0,Paid
328009,43702,2026-02-01,2784.0,9,Failed
328036,43777,2026-02-01,483656.0,0,Paid
328142,44058,2026-02-01,34387.0,0,Paid
328165,44132,2026-02-01,2251.0,0,Paid
328195,44211,2026-02-01,4083.0,0,Paid
328222,44258,2026-02-01,9487.0,0,Paid
328250,44356,2026-02-01,5277.0,0,Paid
328254,44365,2026-02-01,7671.0,0,Paid
328287,44474,2026-02-01,54248.0,0,Paid
328309,44541,2026-02-01,1569.0,0,Paid
328334,44611,2026-02-01,1846.0,0,Paid
328336,44620,2026-02-01,24455.0,0,Paid
328361,44692,2026-02-01,54366.0,0,Paid
328373,44722,2026-02-01,13425.0,0,Paid
328469,44979,2026-02-01,2119.0,0,Paid
328529,45151,2026-02-01,1137.0,0,Paid
328554,45236,2026-02-01,22194.0,10,Failed
328595,45344,2026-02-01,38339.0,0,Paid
328620,45395,2026-02-01,3651.0,0,Paid
328630,45424,2026-02-01,1774.0,0,Paid
328661,45507,2026-02-01,2195.0,0,Paid
328674,45541,2026-02-01,58108.0,0,Paid
328677,45547,2026-02-01,2014.0,0,Paid
328694,45606,2026-02-01,30648.0,0,Paid
328695,45608,2026-02-01,542.0,13,Failed
328732,45702,2026-02-01,1770.0,0,Paid
328735,45708,2026-02-01,2921.0,13,Paid Late
328753,45757,2026-02-01,15747.0,0,Paid
328776,45827,2026-02-01,7831.0,0,Paid
328780,45831,2026-02-01,1338.0,0,Paid
328815,45909,2026-02-01,15775.0,0,Paid
328842,45983,2026-02-01,252276.0,0,Paid
328855,46011,2026-02-01,242402.0,0,Paid
328872,46063,2026-02-01,94226.0,0,Paid
328879,46074,2026-02-01,90483.0,0,Paid
328886,46088,2026-02-01,7372.0,0,Paid
328913,46158,2026-02-01,21092.0,0,Paid
329042,46503,2026-02-01,145189.0,0,Paid
329085,46607,2026-02-01,2856.0,0,Paid
329105,46659,2026-02-01,1256.0,0,Paid
329120,46708,2026-02-01,4639.0,0,Paid
329132,46731,2026-02-01,4452.0,0,Paid
329135,46734,2026-02-01,41336.0,0,Paid
329138,46740,2026-02-01,39523.0,22,Failed
329194,46903,2026-02-01,13610.0,0,Paid
329246,47029,2026-02-01,27950.0,32,Paid Late
329248,47036,2026-02-01,3334.0,0,Paid
329268,47100,2026-02-01,25906.0,0,Paid
329308,47208,2026-02-01,1046.0,0,Paid
329370,47413,2026-02-01,1057.0,0,Paid
329399,47514,2026-02-01,1223.0,0,Paid
329402,47527,2026-02-01,4452.0,0,Paid
329453,47666,2026-02-01,1713.0,0,Paid
329524,47858,2026-02-01,2511421.0,0,Paid
329527,47863,2026-02-01,1884.0,0,Paid
329535,47889,2026-02-01,203288.0,0,Paid
329545,47913,2026-02-01,3231.0,0,Paid
329547,47922,2026-02-01,1324.0,0,Paid
329571,47989,2026-02-01,6831.0,22,Paid Late
329590,48050,2026-02-01,542.0,0,Paid
329612,48123,2026-02-01,2870.0,0,Paid
329629,48159,2026-02-01,3783.0,0,Paid
329655,48223,2026-02-01,8132.0,0,Paid
329692,48337,2026-02-01,3162.0,0,Paid
329697,48355,2026-02-01,4592.0,0,Paid
329722,48427,2026-02-01,3231.0,0,Paid
329778,48567,2026-02-01,1269.0,0,Paid
329807,48644,2026-02-01,2843.0,0,Paid
329870,48808,2026-02-01,59255.0,0,Paid
329944,49009,2026-02-01,7592.0,0,Paid
329975,49099,2026-02-01,17144.0,0,Paid
329978,49104,2026-02-01,2044.0,0,Paid
329989,49130,2026-02-01,4001.0,0,Paid
329993,49144,2026-02-01,3487.0,0,Paid
330000,49168,2026-02-01,21092.0,0,Paid
330015,49214,2026-02-01,2076.0,12,Paid Late
330054,49313,2026-02-01,2044.0,0,Paid
330064,49353,2026-02-01,22248.0,0,Paid
330089,49454,2026-02-01,2542.0,0,Paid
330099,49489,2026-02-01,2542.0,0,Paid
330127,49606,2026-02-01,1102.0,0,Paid
330131,49617,2026-02-01,11164.0,0,Paid
330140,49642,2026-02-01,2843.0,0,Paid
330170,49720,2026-02-01,3265.0,0,Paid
330194,49794,2026-02-01,20411.0,0,Paid
330200,49808,2026-02-01,734.0,0,Paid
330217,49872,2026-02-01,5842.0,12,Paid Late
330219,49884,2026-02-01,963144.0,0,Paid
330231,49913,2026-02-01,3547.0,0,Paid
330252,49980,2026-02-01,70024.0,0,Paid
330270,23,2026-03-01,5683.0,0,Paid
330279,43,2026-03-01,81686.0,0,Paid
330280,48,2026-03-01,1950.0,0,Paid
330284,58,2026-03-01,5139.0,3,Failed
330297,119,2026-03-01,58864.0,0,Paid
330312,155,2026-03-01,5776.0,1,Paid Late
330334,222,2026-03-01,802.0,0,Paid
330346,247,2026-03-01,11489.0,0,Paid
330360,283,2026-03-01,70779.0,0,Paid
330363,291,2026-03-01,1338.0,0,Paid
330373,308,2026-03-01,4562.0,0,Paid
330382,335,2026-03-01,1283.0,0,Paid
330389,356,2026-03-01,2917.0,0,Paid
330397,379,2026-03-01,12923.0,0,Paid
330423,460,2026-03-01,32006.0,0,Paid
330449,531,2026-03-01,2922.0,0,Paid
330467,575,2026-03-01,40616.0,0,Paid
330503,668,2026-03-01,548.0,0,Paid
330507,685,2026-03-01,2323.0,0,Paid
330509,689,2026-03-01,2363.0,0,Paid
330575,855,2026-03-01,3712.0,0,Paid
330592,895,2026-03-01,1946.0,0,Paid
330626,1001,2026-03-01,132062.0,0,Paid
330633,1022,2026-03-01,31955.0,0,Paid
330643,1048,2026-03-01,22042.0,0,Paid
330644,1054,2026-03-01,2814.0,0,Paid
330648,1061,2026-03-01,1560.0,0,Paid
330651,1073,2026-03-01,2076.0,0,Paid
330658,1092,2026-03-01,1046.0,0,Paid
330661,1107,2026-03-01,34350.0,0,Paid
330667,1125,2026-03-01,13856.0,11,Failed
330692,1188,2026-03-01,1283.0,12,Failed
330705,1227,2026-03-01,3057.0,0,Paid
330708,1237,2026-03-01,2011.0,0,Paid
330724,1275,2026-03-01,17144.0,0,Paid
330742,1314,2026-03-01,5652.0,0,Paid
330754,1345,2026-03-01,237589.0,0,Paid
330759,1362,2026-03-01,5518.0,0,Paid
330766,1385,2026-03-01,1186.0,0,Paid
330767,1387,2026-03-01,41429.0,4,Paid Late
330771,1402,2026-03-01,39682.0,0,Paid
330913,1806,2026-03-01,59603.0,0,Paid
330950,1917,2026-03-01,74436.0,0,Paid
331003,2082,2026-03-01,42635.0,0,Paid
331174,2575,2026-03-01,734.0,0,Paid
331184,2620,2026-03-01,25733.0,0,Paid
331201,2668,2026-03-01,21719.0,0,Paid
331220,2713,2026-03-01,1310.0,3,Paid Late
331239,2754,2026-03-01,1558.0,0,Paid
331242,2761,2026-03-01,1572.0,0,Paid
331244,2768,2026-03-01,4274.0,0,Paid
331299,2920,2026-03-01,48841.0,0,Paid
331347,3054,2026-03-01,768.0,0,Paid
331399,3171,2026-03-01,137615.0,24,Paid Late
331437,3285,2026-03-01,106645.0,0,Paid
331440,3297,2026-03-01,548.0,0,Paid
331480,3421,2026-03-01,33627.0,0,Paid
331481,3422,2026-03-01,9439.0,0,Paid
331543,3583,2026-03-01,5724.0,0,Paid
331570,3656,2026-03-01,2489.0,0,Paid
331631,3805,2026-03-01,53122.0,13,Paid Late
331644,3835,2026-03-01,7352.0,0,Paid
331647,3840,2026-03-01,1296.0,0,Paid
331686,3958,2026-03-01,2872.0,9,Paid Late
331688,3966,2026-03-01,2898.0,17,Paid Late
331739,4108,2026-03-01,81175.0,0,Paid
331833,4376,2026-03-01,2011.0,0,Paid
331863,4453,2026-03-01,35797.0,0,Paid
331872,4480,2026-03-01,5017.0,0,Paid
331894,4534,2026-03-01,4634.0,0,Paid
331910,4576,2026-03-01,5087.0,0,Paid
331933,4626,2026-03-01,55699.0,3,Paid Late
331991,4788,2026-03-01,24028.0,0,Paid
331999,4810,2026-03-01,31839.0,0,Paid
332004,4819,2026-03-01,201004.0,80,Failed
332040,4922,2026-03-01,5161.0,0,Paid
332068,5009,2026-03-01,2011.0,4,Paid Late
332075,5023,2026-03-01,3089.0,0,Paid
332084,5046,2026-03-01,37180.0,4,Paid Late
332131,5161,2026-03-01,3299.0,8,Paid Late
332140,5199,2026-03-01,5451.0,0,Paid
332203,5367,2026-03-01,103614.0,0,Paid
332218,5398,2026-03-01,36277.0,0,Paid
332223,5411,2026-03-01,66539.0,0,Paid
332234,5428,2026-03-01,7149.0,0,Paid
332273,5513,2026-03-01,56636.0,0,Paid
332293,5566,2026-03-01,4498.0,0,Paid
332305,5589,2026-03-01,82490.0,0,Paid
332333,5657,2026-03-01,565.0,0,Paid
332334,5659,2026-03-01,20634.0,0,Paid
332353,5717,2026-03-01,26526.0,0,Paid
332365,5749,2026-03-01,2339.0,0,Paid
332367,5754,2026-03-01,2141.0,0,Paid
332383,5786,2026-03-01,2540.0,0,Paid
332417,5855,2026-03-01,3265.0,20,Paid Late
332463,5985,2026-03-01,1160.0,0,Paid
332497,6092,2026-03-01,101329.0,0,Paid
332499,6096,2026-03-01,11021.0,0,Paid
332517,6149,2026-03-01,67102.0,0,Paid
332587,6317,2026-03-01,1283.0,0,Paid
332596,6362,2026-03-01,1123.0,0,Paid
332644,6487,2026-03-01,1884.0,0,Paid
332649,6505,2026-03-01,2243.0,0,Paid
332659,6529,2026-03-01,120502.0,0,Paid
332662,6545,2026-03-01,20610.0,0,Paid
332707,6693,2026-03-01,98223.0,0,Paid
332731,6744,2026-03-01,31650.0,0,Paid
332745,6781,2026-03-01,6952.0,0,Paid
332747,6786,2026-03-01,36689.0,0,Paid
332759,6814,2026-03-01,3057.0,0,Paid
332802,6937,2026-03-01,2348.0,0,Paid
332825,6997,2026-03-01,1103.0,0,Paid
332846,7039,2026-03-01,6624.0,0,Paid
332851,7058,2026-03-01,32192.0,32,Paid Late
332921,7227,2026-03-01,9399.0,0,Paid
332993,7430,2026-03-01,1527.0,10,Paid Late
333016,7497,2026-03-01,25703.0,0,Paid
333030,7526,2026-03-01,1853874.0,0,Paid
333064,7609,2026-03-01,55399.0,0,Paid
333104,7710,2026-03-01,32305.0,8,Failed
333147,7806,2026-03-01,101941.0,0,Paid
333201,7979,2026-03-01,2190445.0,0,Paid
333217,8039,2026-03-01,1664.0,0,Paid
333234,8085,2026-03-01,6348.0,0,Paid
333273,8179,2026-03-01,26592.0,0,Paid
333294,8236,2026-03-01,1162.0,0,Paid
333332,8339,2026-03-01,26320.0,0,Paid
333333,8340,2026-03-01,3299.0,0,Paid
333342,8359,2026-03-01,220148.0,21,Paid Late
333345,8371,2026-03-01,2484.0,0,Paid
333347,8377,2026-03-01,17701.0,0,Paid
333350,8392,2026-03-01,1838.0,0,Paid
333361,8424,2026-03-01,542.0,0,Paid
333435,8646,2026-03-01,19850.0,23,Paid Late
333461,8712,2026-03-01,2689.0,0,Paid
333463,8727,2026-03-01,7372.0,0,Paid
333483,8775,2026-03-01,792.0,0,Paid
333494,8799,2026-03-01,7671.0,34,Paid Late
333525,8924,2026-03-01,1719.0,0,Paid
333574,9050,2026-03-01,2603.0,0,Paid
333585,9083,2026-03-01,2033.0,0,Paid
333601,9112,2026-03-01,34660.0,0,Paid
333612,9141,2026-03-01,2243.0,0,Paid
333620,9157,2026-03-01,7372.0,17,Paid Late
333648,9229,2026-03-01,59923.0,10,Failed
333665,9269,2026-03-01,3025.0,24,Failed
333666,9272,2026-03-01,819.0,0,Paid
333704,9365,2026-03-01,43780.0,0,Paid
333721,9399,2026-03-01,1310.0,8,Paid Late
333744,9465,2026-03-01,3402.0,0,Paid
333759,9505,2026-03-01,53713.0,0,Paid
333777,9565,2026-03-01,39102.0,0,Paid
333798,9636,2026-03-01,13035.0,0,Paid
333820,9694,2026-03-01,45101.0,14,Paid Late
333823,9703,2026-03-01,49695.0,0,Paid
333830,9724,2026-03-01,24644.0,0,Paid
333848,9768,2026-03-01,52055.0,30,Failed
333858,9794,2026-03-01,1990.0,0,Paid
333876,9836,2026-03-01,65536.0,0,Paid
333888,9866,2026-03-01,3231.0,0,Paid
333909,9947,2026-03-01,6831.0,0,Paid
333923,9995,2026-03-01,52813.0,21,Paid Late
333974,10160,2026-03-01,1338.0,0,Paid
333987,10214,2026-03-01,793.0,0,Paid
334003,10246,2026-03-01,1495.0,13,Paid Late
334011,10268,2026-03-01,16767.0,0,Paid
334028,10322,2026-03-01,3368.0,0,Paid
334032,10330,2026-03-01,143673.0,0,Paid
334076,10429,2026-03-01,66036.0,0,Paid
334077,10432,2026-03-01,530.0,0,Paid
334085,10457,2026-03-01,1080.0,0,Paid
334127,10591,2026-03-01,2569.0,0,Paid
334201,10771,2026-03-01,32562.0,0,Paid
334204,10780,2026-03-01,4042.0,0,Paid
334215,10808,2026-03-01,1511.0,0,Paid
334231,10855,2026-03-01,5087.0,5,Paid Late
334269,10973,2026-03-01,183406.0,6,Paid Late
334296,11021,2026-03-01,728.0,0,Paid
334351,11225,2026-03-01,35737.0,0,Paid
334363,11261,2026-03-01,4545.0,7,Paid Late
334420,11410,2026-03-01,3025.0,0,Paid
334421,11414,2026-03-01,11776.0,0,Paid
334426,11425,2026-03-01,21761.0,0,Paid
334440,11457,2026-03-01,4877.0,0,Paid
334447,11478,2026-03-01,25893.0,0,Paid
334456,11496,2026-03-01,11059.0,0,Paid
334457,11499,2026-03-01,2839.0,0,Paid
334468,11527,2026-03-01,25790.0,0,Paid
334516,11639,2026-03-01,1495.0,0,Paid
334570,11789,2026-03-01,121770.0,0,Paid
334592,11833,2026-03-01,1365.0,0,Paid
334601,11861,2026-03-01,1884.0,0,Paid
334606,11883,2026-03-01,58642.0,0,Paid
334624,11941,2026-03-01,30514.0,0,Paid
334658,12008,2026-03-01,827.0,0,Paid
334673,12050,2026-03-01,27529.0,0,Paid
334689,12103,2026-03-01,59923.0,0,Paid
334719,12176,2026-03-01,35863.0,0,Paid
334739,12239,2026-03-01,3541.0,0,Paid
334742,12244,2026-03-01,4452.0,0,Paid
334765,12321,2026-03-01,37080.0,0,Paid
334793,12375,2026-03-01,104352.0,0,Paid
334799,12392,2026-03-01,3057.0,4,Paid Late
334813,12436,2026-03-01,44096.0,4,Paid Late
334877,12586,2026-03-01,1646.0,0,Paid
334878,12588,2026-03-01,2872.0,3,Paid Late
334880,12590,2026-03-01,1814540.0,7,Paid Late
334881,12592,2026-03-01,2609.0,0,Paid
334886,12602,2026-03-01,519.0,0,Paid
334922,12673,2026-03-01,13242.0,0,Paid
334945,12728,2026-03-01,48876.0,0,Paid
334983,12819,2026-03-01,1792.0,0,Paid
335001,12867,2026-03-01,4871.0,24,Paid Late
335038,12931,2026-03-01,79618.0,33,Paid Late
335055,12990,2026-03-01,819.0,0,Paid
335104,13155,2026-03-01,548.0,0,Paid
335123,13215,2026-03-01,6555.0,0,Paid
335127,13230,2026-03-01,1810.0,0,Paid
335188,13412,2026-03-01,559.0,0,Paid
335201,13468,2026-03-01,2412.0,15,Paid Late
335206,13481,2026-03-01,7149.0,0,Paid
335225,13539,2026-03-01,82783.0,0,Paid
335259,13618,2026-03-01,1123.0,0,Paid
335269,13637,2026-03-01,6831.0,20,Paid Late
335275,13647,2026-03-01,1572.0,0,Paid
335337,13806,2026-03-01,57124.0,0,Paid
335408,13997,2026-03-01,2818.0,0,Paid
335505,14249,2026-03-01,1162.0,14,Failed
335517,14270,2026-03-01,134854.0,0,Paid
335518,14271,2026-03-01,2516.0,0,Paid
335523,14279,2026-03-01,59719.0,0,Paid
335557,14388,2026-03-01,1751.0,0,Paid
335649,14674,2026-03-01,199532.0,0,Paid
335661,14706,2026-03-01,15307.0,0,Paid
335668,14732,2026-03-01,3217.0,0,Paid
335698,14837,2026-03-01,22166.0,0,Paid
335744,14970,2026-03-01,1083.0,0,Paid
335768,15049,2026-03-01,2516.0,0,Paid
335826,15186,2026-03-01,1719.0,0,Paid
335827,15189,2026-03-01,2021.0,0,Paid
335829,15193,2026-03-01,23000.0,0,Paid
335892,15368,2026-03-01,645.0,0,Paid
335898,15380,2026-03-01,5518.0,0,Paid
335902,15389,2026-03-01,1846.0,0,Paid
335909,15412,2026-03-01,17265.0,8,Paid Late
335932,15472,2026-03-01,4929.0,7,Failed
335985,15612,2026-03-01,3224.0,0,Paid
335996,15639,2026-03-01,2521.0,0,Paid
336031,15741,2026-03-01,2372.0,4,Paid Late
336047,15774,2026-03-01,24758.0,0,Paid
336051,15791,2026-03-01,819.0,0,Paid
336079,15858,2026-03-01,3651.0,0,Paid
336121,15962,2026-03-01,3504.0,0,Paid
336145,16036,2026-03-01,26440.0,0,Paid
336150,16048,2026-03-01,2119.0,0,Paid
336163,16073,2026-03-01,58235.0,0,Paid
336188,16131,2026-03-01,78371.0,0,Paid
336227,16280,2026-03-01,6627.0,0,Paid
336252,16348,2026-03-01,24985.0,0,Paid
336254,16353,2026-03-01,1827.0,0,Paid
336265,16381,2026-03-01,1626.0,2,Paid Late
336303,16487,2026-03-01,159592.0,21,Paid Late
336385,16705,2026-03-01,2323.0,0,Paid
336387,16712,2026-03-01,186033.0,38,Failed
336411,16769,2026-03-01,57793.0,0,Paid
336436,16832,2026-03-01,18954.0,0,Paid
336497,16996,2026-03-01,6438.0,0,Paid
336503,17010,2026-03-01,2009.0,0,Paid
336526,17072,2026-03-01,38010.0,0,Paid
336535,17095,2026-03-01,59975.0,0,Paid
336555,17147,2026-03-01,25145.0,0,Paid
336653,17352,2026-03-01,2323.0,0,Paid
336659,17368,2026-03-01,4124.0,0,Paid
336685,17432,2026-03-01,21919.0,13,Paid Late
336729,17555,2026-03-01,17564.0,0,Paid
336780,17724,2026-03-01,1174.0,0,Paid
336788,17745,2026-03-01,227235.0,0,Paid
336799,17774,2026-03-01,189790.0,22,Paid Late
336809,17800,2026-03-01,24447.0,0,Paid
336814,17818,2026-03-01,6348.0,0,Paid
336815,17819,2026-03-01,2339.0,0,Paid
336827,17838,2026-03-01,7751.0,0,Paid
336838,17862,2026-03-01,11545.0,0,Paid
336862,17923,2026-03-01,3075.0,0,Paid
336864,17929,2026-03-01,120313.0,0,Paid
336882,17974,2026-03-01,3368.0,0,Paid
336888,17993,2026-03-01,69976.0,0,Paid
336893,18013,2026-03-01,1593.0,26,Paid Late
336906,18050,2026-03-01,1013.0,31,Failed
336911,18057,2026-03-01,4592.0,0,Paid
336923,18088,2026-03-01,5906.0,0,Paid
336929,18104,2026-03-01,21997.0,0,Paid
336939,18130,2026-03-01,64675.0,0,Paid
336993,18303,2026-03-01,14574.0,0,Paid
336995,18307,2026-03-01,53713.0,0,Paid
337095,18605,2026-03-01,13425.0,0,Paid
337116,18662,2026-03-01,2596.0,0,Paid
337171,18808,2026-03-01,1511.0,0,Paid
337173,18811,2026-03-01,2122.0,0,Paid
337193,18887,2026-03-01,102058.0,0,Paid
337196,18901,2026-03-01,14528.0,24,Failed
337197,18902,2026-03-01,35717.0,0,Paid
337203,18914,2026-03-01,2872.0,0,Paid
337234,18997,2026-03-01,5451.0,0,Paid
337236,19002,2026-03-01,61612.0,0,Paid
337245,19036,2026-03-01,71415.0,17,Failed
337260,19095,2026-03-01,6210.0,9,Paid Late
337297,19221,2026-03-01,3207.0,0,Paid
337311,19266,2026-03-01,3176.0,25,Paid Late
337393,19468,2026-03-01,2707.0,0,Paid
337428,19560,2026-03-01,3651.0,0,Paid
337481,19729,2026-03-01,9228.0,0,Paid
337498,19769,2026-03-01,3282.0,0,Paid
337503,19777,2026-03-01,2420.0,28,Paid Late
337511,19794,2026-03-01,6690.0,0,Paid
337519,19811,2026-03-01,2958.0,0,Paid
337618,20071,2026-03-01,3153.0,0,Paid
337625,20082,2026-03-01,65108.0,15,Paid Late
337641,20131,2026-03-01,1199.0,0,Paid
337659,20162,2026-03-01,40616.0,0,Paid
337678,20244,2026-03-01,30407.0,0,Paid
337695,20288,2026-03-01,105987.0,0,Paid
337698,20296,2026-03-01,3103.0,0,Paid
337712,20335,2026-03-01,3487.0,19,Paid Late
337730,20391,2026-03-01,14361.0,0,Paid
337767,20493,2026-03-01,4592.0,0,Paid
337774,20516,2026-03-01,4545.0,0,Paid
337795,20574,2026-03-01,1186.0,0,Paid
337801,20595,2026-03-01,2141.0,40,Failed
337833,20677,2026-03-01,46293.0,0,Paid
337879,20821,2026-03-01,40857.0,0,Paid
337914,20940,2026-03-01,2141.0,0,Paid
337932,20987,2026-03-01,1808.0,0,Paid
337949,21026,2026-03-01,1560.0,0,Paid
337989,21126,2026-03-01,4264.0,0,Paid
338000,21156,2026-03-01,12965.0,0,Paid
338009,21170,2026-03-01,22475.0,0,Paid
338048,21277,2026-03-01,6417.0,0,Paid
338054,21287,2026-03-01,2219.0,0,Paid
338055,21288,2026-03-01,3467.0,0,Paid
338132,21504,2026-03-01,3523.0,0,Paid
338146,21542,2026-03-01,2596.0,0,Paid
338153,21561,2026-03-01,2275.0,0,Paid
338200,21682,2026-03-01,57704.0,0,Paid
338228,21751,2026-03-01,15747.0,37,Paid Late
338240,21783,2026-03-01,4498.0,0,Paid
338256,21823,2026-03-01,23360.0,0,Paid
338365,22106,2026-03-01,2388.0,0,Failed
338368,22110,2026-03-01,1200.0,0,Paid
338382,22139,2026-03-01,1560.0,9,Paid Late
338386,22154,2026-03-01,2435.0,0,Paid
338405,22215,2026-03-01,2119.0,0,Paid
338432,22290,2026-03-01,20181.0,0,Paid
338435,22297,2026-03-01,16504.0,0,Paid
338446,22343,2026-03-01,13335.0,0,Paid
338449,22350,2026-03-01,33988.0,0,Paid
338496,22485,2026-03-01,11423.0,0,Paid
338498,22487,2026-03-01,2315.0,81,Failed
338533,22573,2026-03-01,6616.0,0,Paid
338548,22605,2026-03-01,1610.0,0,Paid
338576,22662,2026-03-01,7081.0,0,Paid
338584,22676,2026-03-01,3655.0,0,Paid
338614,22756,2026-03-01,692.0,15,Paid Late
338671,22915,2026-03-01,1430.0,0,Paid
338706,22999,2026-03-01,56625.0,0,Paid
338760,23130,2026-03-01,37980.0,0,Paid
338780,23169,2026-03-01,2372.0,0,Paid
338884,23467,2026-03-01,40244.0,0,Paid
338885,23469,2026-03-01,2397244.0,0,Paid
338890,23484,2026-03-01,7352.0,0,Paid
338901,23508,2026-03-01,3072.0,0,Paid
338980,23713,2026-03-01,31064.0,28,Paid Late
339054,23892,2026-03-01,810.0,12,Paid Late
339069,23931,2026-03-01,26037.0,0,Paid
339106,24011,2026-03-01,2048.0,0,Paid
339138,24087,2026-03-01,7233.0,0,Paid
339176,24199,2026-03-01,17951.0,0,Paid
339204,24298,2026-03-01,47487.0,0,Paid
339267,24484,2026-03-01,1792.0,0,Paid
339295,24563,2026-03-01,1846.0,0,Paid
339307,24595,2026-03-01,3614.0,0,Paid
339312,24618,2026-03-01,1178453.0,0,Paid
339346,24703,2026-03-01,2219.0,0,Paid
339350,24712,2026-03-01,53107.0,0,Paid
339355,24733,2026-03-01,7831.0,0,Paid
339370,24772,2026-03-01,1080.0,0,Paid
339395,24829,2026-03-01,7671.0,0,Paid
339399,24838,2026-03-01,1751.0,0,Paid
339400,24845,2026-03-01,1427.0,0,Paid
339401,24848,2026-03-01,3138.0,0,Paid
339417,24880,2026-03-01,464.0,0,Paid
339442,24948,2026-03-01,3368.0,0,Paid
339446,24957,2026-03-01,29292.0,9,Failed
339479,25035,2026-03-01,2033.0,0,Paid
339490,25075,2026-03-01,237761.0,0,Paid
339514,25138,2026-03-01,28196.0,0,Paid
339517,25145,2026-03-01,2372.0,0,Paid
339546,25247,2026-03-01,1057.0,0,Paid
339552,25256,2026-03-01,61877.0,0,Paid
339573,25319,2026-03-01,810.0,0,Paid
339576,25330,2026-03-01,1102.0,23,Paid Late
339579,25336,2026-03-01,1269.0,0,Paid
339597,25380,2026-03-01,1028.0,29,Paid Late
339622,25448,2026-03-01,7192.0,0,Paid
339673,25560,2026-03-01,4358.0,0,Paid
339698,25613,2026-03-01,55921.0,0,Paid
339712,25666,2026-03-01,70736.0,0,Paid
339718,25679,2026-03-01,610200.0,0,Paid
339724,25694,2026-03-01,18422.0,0,Paid
339726,25696,2026-03-01,2106.0,0,Paid
339766,25790,2026-03-01,19469.0,0,Paid
339807,25919,2026-03-01,21319.0,0,Paid
339808,25920,2026-03-01,3153.0,27,Failed
339821,25951,2026-03-01,1755.0,0,Paid
339883,26147,2026-03-01,15972.0,0,Paid
339924,26243,2026-03-01,3918.0,0,Paid
340007,26507,2026-03-01,924.0,9,Paid Late
340073,26685,2026-03-01,810.0,0,Paid
340089,26714,2026-03-01,19214.0,30,Paid Late
340097,26744,2026-03-01,58108.0,0,Paid
340124,26817,2026-03-01,32605.0,0,Paid
340129,26835,2026-03-01,147195.0,0,Paid
340162,26911,2026-03-01,751.0,0,Paid
340223,27087,2026-03-01,2569.0,6,Paid Late
340241,27133,2026-03-01,6792.0,0,Paid
340287,27248,2026-03-01,31546.0,0,Paid
340298,27277,2026-03-01,793.0,0,Paid
340314,27315,2026-03-01,3121.0,0,Paid
340317,27322,2026-03-01,65172.0,0,Paid
340323,27337,2026-03-01,44664.0,0,Paid
340335,27381,2026-03-01,2251.0,0,Paid
340338,27392,2026-03-01,1713.0,0,Paid
340403,27545,2026-03-01,1102.0,0,Paid
340451,27670,2026-03-01,2130.0,0,Paid
340498,27778,2026-03-01,25244.0,0,Paid
340504,27791,2026-03-01,48865.0,0,Paid
340521,27834,2026-03-01,52226.0,0,Paid
340564,27940,2026-03-01,3416.0,0,Paid
340575,27963,2026-03-01,1774.0,0,Paid
340590,27998,2026-03-01,241747.0,0,Paid
340626,28082,2026-03-01,4824.0,0,Paid
340668,28203,2026-03-01,7512.0,0,Paid
340680,28234,2026-03-01,120290.0,4,Failed
340683,28239,2026-03-01,2672.0,0,Paid
340698,28284,2026-03-01,113903.0,0,Paid
340729,28370,2026-03-01,32057.0,0,Paid
340735,28382,2026-03-01,14838.0,0,Paid
340741,28397,2026-03-01,602586.0,0,Paid
340758,28440,2026-03-01,1338.0,0,Paid
340760,28453,2026-03-01,2726.0,39,Paid Late
340780,28508,2026-03-01,2579.0,0,Paid
340800,28572,2026-03-01,61042.0,6,Failed
340837,28689,2026-03-01,2167.0,28,Failed
340859,28746,2026-03-01,7538.0,0,Paid
340919,28899,2026-03-01,4523.0,0,Paid
340969,29074,2026-03-01,62115.0,0,Paid
340997,29155,2026-03-01,32696.0,0,Paid
341004,29175,2026-03-01,2388.0,0,Paid
341031,29251,2026-03-01,57502.0,0,Paid
341048,29302,2026-03-01,110674.0,0,Paid
341056,29327,2026-03-01,9742.0,0,Paid
341075,29367,2026-03-01,10306.0,0,Paid
341086,29404,2026-03-01,827.0,0,Paid
341122,29499,2026-03-01,30077.0,0,Paid
341142,29546,2026-03-01,23809.0,0,Paid
341187,29667,2026-03-01,82879.0,0,Paid
341192,29679,2026-03-01,4452.0,0,Paid
341241,29805,2026-03-01,2243.0,0,Paid
341254,29832,2026-03-01,2171.0,0,Paid
341255,29835,2026-03-01,6624.0,0,Paid
341258,29841,2026-03-01,2780590.0,0,Paid
341293,29926,2026-03-01,13277.0,0,Paid
341302,29955,2026-03-01,6156.0,11,Failed
341311,29986,2026-03-01,56080.0,0,Paid
341396,30229,2026-03-01,215516.0,0,Paid
341459,30410,2026-03-01,11300.0,0,Paid
341486,30484,2026-03-01,1087.0,0,Paid
341566,30716,2026-03-01,2659.0,17,Paid Late
341570,30736,2026-03-01,46640.0,0,Paid
341599,30798,2026-03-01,48100.0,0,Paid
341607,30819,2026-03-01,157296.0,0,Paid
341608,30820,2026-03-01,2768.0,0,Paid
341627,30866,2026-03-01,2348.0,0,Paid
341628,30867,2026-03-01,1713.0,0,Paid
341638,30920,2026-03-01,1527.0,0,Paid
341722,31126,2026-03-01,5103.0,0,Paid
341741,31160,2026-03-01,2251.0,0,Paid
341748,31179,2026-03-01,4982.0,0,Paid
341786,31286,2026-03-01,2305876.0,0,Paid
341795,31324,2026-03-01,4217.0,0,Paid
341799,31331,2026-03-01,2755.0,0,Paid
341815,31359,2026-03-01,1527.0,0,Paid
341828,31392,2026-03-01,2275.0,0,Paid
341833,31417,2026-03-01,3184.0,0,Paid
341852,31468,2026-03-01,5451.0,0,Paid
341879,31544,2026-03-01,63622.0,0,Paid
341881,31551,2026-03-01,4615.0,0,Paid
341885,31563,2026-03-01,1609.0,33,Failed
341905,31623,2026-03-01,916099.0,0,Paid
341928,31691,2026-03-01,2251.0,0,Paid
341933,31701,2026-03-01,2130.0,0,Paid
341946,31726,2026-03-01,2898.0,0,Paid
341949,31730,2026-03-01,3393.0,0,Paid
341971,31775,2026-03-01,14322.0,0,Paid
341987,31811,2026-03-01,2872.0,0,Paid
342032,31969,2026-03-01,1467.0,0,Paid
342036,31977,2026-03-01,87221.0,0,Paid
342039,31983,2026-03-01,27698.0,0,Paid
342047,32005,2026-03-01,9197.0,0,Paid
342054,32019,2026-03-01,4001.0,0,Paid
342088,32121,2026-03-01,34824.0,0,Paid
342094,32137,2026-03-01,50694.0,0,Paid
342109,32171,2026-03-01,18771.0,0,Paid
342129,32211,2026-03-01,6693.0,0,Paid
342161,32302,2026-03-01,187657.0,18,Failed
342193,32392,2026-03-01,1808.0,18,Failed
342200,32405,2026-03-01,5883.0,0,Paid
342205,32422,2026-03-01,145887.0,12,Failed
342206,32430,2026-03-01,27135.0,0,Paid
342215,32453,2026-03-01,785.0,0,Paid
342244,32521,2026-03-01,827.0,0,Paid
342248,32529,2026-03-01,2098.0,0,Paid
342250,32536,2026-03-01,12101.0,0,Paid
342278,32601,2026-03-01,64465.0,0,Paid
342343,32775,2026-03-01,8478.0,0,Paid
342356,32811,2026-03-01,29200.0,11,Paid Late
342391,32920,2026-03-01,1324.0,0,Paid
342420,32995,2026-03-01,23894.0,0,Paid
342450,33086,2026-03-01,835.0,0,Paid
342470,33130,2026-03-01,2902.0,0,Paid
342474,33138,2026-03-01,1511.0,0,Paid
342500,33208,2026-03-01,56683.0,46,Paid Late
342527,33284,2026-03-01,956.0,0,Paid
342530,33289,2026-03-01,17388.0,0,Paid
342556,33372,2026-03-01,34162.0,0,Paid
342567,33400,2026-03-01,219208.0,0,Paid
342636,33586,2026-03-01,2207466.0,24,Paid Late
342683,33723,2026-03-01,21622.0,0,Paid
342686,33729,2026-03-01,15579.0,0,Paid
342708,33774,2026-03-01,1789.0,0,Paid
342710,33776,2026-03-01,2348.0,0,Paid
342711,33778,2026-03-01,1990.0,0,Paid
342720,33794,2026-03-01,59261.0,0,Paid
342721,33796,2026-03-01,17556.0,16,Paid Late
342763,33919,2026-03-01,49721.0,0,Paid
342774,33945,2026-03-01,14236.0,0,Paid
342782,33975,2026-03-01,4170.0,0,Paid
342791,34001,2026-03-01,3430.0,0,Paid
342803,34038,2026-03-01,46796.0,0,Paid
342820,34076,2026-03-01,2382.0,0,Paid
342868,34201,2026-03-01,6417.0,19,Failed
342895,34261,2026-03-01,3416.0,0,Paid
342897,34265,2026-03-01,1719.0,0,Paid
342899,34268,2026-03-01,12679.0,0,Paid
342968,34482,2026-03-01,5351.0,0,Paid
342992,34534,2026-03-01,1440.0,19,Paid Late
343001,34559,2026-03-01,35876.0,0,Paid
343020,34615,2026-03-01,59859.0,0,Paid
343064,34721,2026-03-01,21805.0,0,Paid
343071,34735,2026-03-01,51574.0,0,Paid
343087,34781,2026-03-01,2065.0,0,Paid
343093,34795,2026-03-01,3430.0,0,Paid
343114,34863,2026-03-01,4965.0,0,Paid
343118,34879,2026-03-01,2190.0,0,Paid
343122,34889,2026-03-01,1642.0,0,Paid
343162,35003,2026-03-01,37860.0,0,Paid
343174,35042,2026-03-01,3368.0,0,Paid
343184,35071,2026-03-01,25348.0,0,Paid
343208,35136,2026-03-01,8845.0,0,Paid
343283,35343,2026-03-01,4639.0,15,Paid Late
343286,35346,2026-03-01,1678.0,0,Paid
343298,35381,2026-03-01,100375.0,13,Paid Late
343317,35439,2026-03-01,2740.0,0,Paid
343354,35550,2026-03-01,802.0,0,Paid
343428,35763,2026-03-01,138296.0,10,Paid Late
343450,35815,2026-03-01,6102.0,0,Paid
343469,35860,2026-03-01,1186.0,0,Paid
343484,35912,2026-03-01,2542.0,0,Paid
343491,35927,2026-03-01,3162.0,1,Paid Late
343494,35933,2026-03-01,282345.0,0,Paid
343527,36017,2026-03-01,34287.0,7,Failed
343529,36021,2026-03-01,810.0,0,Paid
343550,36072,2026-03-01,946.0,0,Paid
343577,36158,2026-03-01,519.0,0,Paid
343581,36173,2026-03-01,835.0,0,Paid
343588,36197,2026-03-01,5842.0,12,Paid Late
343746,36587,2026-03-01,2749.0,40,Paid Late
343751,36599,2026-03-01,6478.0,0,Paid
343807,36773,2026-03-01,4042.0,11,Failed
343814,36791,2026-03-01,4083.0,0,Paid
343822,36815,2026-03-01,18148.0,0,Paid
343843,36886,2026-03-01,1338.0,0,Paid
343852,36906,2026-03-01,1618.0,4,Paid Late
343857,36920,2026-03-01,3877.0,0,Paid
343880,36980,2026-03-01,19507.0,0,Paid
343886,36995,2026-03-01,214142.0,0,Paid
343918,37105,2026-03-01,2275.0,50,Paid Late
343922,37116,2026-03-01,231219.0,0,Paid
343929,37134,2026-03-01,3223.0,0,Paid
343952,37179,2026-03-01,2019.0,0,Paid
343996,37285,2026-03-01,45433.0,0,Paid
344013,37335,2026-03-01,2403.0,0,Paid
344044,37419,2026-03-01,4089.0,6,Paid Late
344047,37424,2026-03-01,116696.0,0,Paid
344062,37460,2026-03-01,281043.0,3,Paid Late
344073,37487,2026-03-01,111977.0,0,Paid
344076,37500,2026-03-01,7512.0,0,Paid
344093,37545,2026-03-01,2171.0,0,Paid
344120,37605,2026-03-01,31843.0,0,Paid
344148,37672,2026-03-01,30109.0,0,Paid
344175,37747,2026-03-01,1162.0,0,Paid
344180,37767,2026-03-01,10459.0,17,Paid Late
344246,37940,2026-03-01,5969.0,0,Paid
344262,37982,2026-03-01,27170.0,3,Paid Late
344281,38022,2026-03-01,3368.0,0,Paid
344294,38086,2026-03-01,68496.0,0,Paid
344297,38095,2026-03-01,3381.0,0,Paid
344330,38189,2026-03-01,2219.0,0,Paid
344335,38197,2026-03-01,6624.0,0,Paid
344336,38198,2026-03-01,819.0,0,Paid
344344,38211,2026-03-01,3467.0,0,Paid
344351,38227,2026-03-01,2339.0,0,Paid
344378,38306,2026-03-01,2667.0,0,Paid
344396,38373,2026-03-01,4311.0,17,Paid Late
344478,38612,2026-03-01,16682.0,16,Paid Late
344499,38661,2026-03-01,8716.0,0,Paid
344514,38700,2026-03-01,819.0,0,Paid
344537,38766,2026-03-01,62413.0,0,Paid
344542,38775,2026-03-01,1626.0,0,Paid
344558,38812,2026-03-01,2396.0,0,Paid
344562,38823,2026-03-01,16893.0,0,Paid
344588,38906,2026-03-01,101271.0,0,Paid
344600,38939,2026-03-01,67627.0,0,Paid
344634,39040,2026-03-01,68454.0,0,Paid
344646,39062,2026-03-01,6553.0,0,Paid
344747,39375,2026-03-01,24219.0,0,Paid
344774,39454,2026-03-01,2761625.0,0,Paid
344783,39486,2026-03-01,1111.0,17,Paid Late
344825,39592,2026-03-01,49206.0,0,Paid
344875,39739,2026-03-01,3368.0,0,Paid
344898,39810,2026-03-01,296530.0,0,Paid
344924,39869,2026-03-01,3614.0,0,Paid
344955,39965,2026-03-01,59077.0,0,Paid
344976,40026,2026-03-01,315209.0,0,Paid
345001,40093,2026-03-01,1810.0,0,Paid
345023,40154,2026-03-01,259027.0,0,Paid
345028,40163,2026-03-01,69976.0,0,Paid
345029,40166,2026-03-01,3308.0,0,Paid
345071,40270,2026-03-01,3452.0,0,Paid
345143,40485,2026-03-01,2902.0,0,Paid
345202,40659,2026-03-01,802.0,0,Paid
345234,40757,2026-03-01,9177.0,0,Paid
345241,40776,2026-03-01,5486.0,0,Paid
345262,40826,2026-03-01,7149.0,0,Paid
345267,40843,2026-03-01,2033.0,0,Paid
345279,40892,2026-03-01,30093.0,21,Paid Late
345332,41075,2026-03-01,20455.0,0,Paid
345343,41106,2026-03-01,63622.0,7,Paid Late
345352,41128,2026-03-01,14670.0,0,Paid
345370,41180,2026-03-01,31018.0,0,Paid
345383,41212,2026-03-01,5978.0,0,Paid
345406,41280,2026-03-01,2930.0,0,Paid
345412,41289,2026-03-01,2355.0,0,Paid
345510,41531,2026-03-01,95639.0,22,Failed
345515,41542,2026-03-01,35417.0,25,Paid Late
345519,41554,2026-03-01,5822.0,20,Failed
345550,41660,2026-03-01,4498.0,5,Paid Late
345561,41686,2026-03-01,1324.0,0,Paid
345566,41704,2026-03-01,1223.0,0,Paid
345569,41709,2026-03-01,59497.0,0,Paid
345573,41717,2026-03-01,1046.0,9,Paid Late
345577,41740,2026-03-01,3504.0,0,Paid
345591,41776,2026-03-01,1690.0,0,Paid
345614,41834,2026-03-01,2872.0,0,Paid
345617,41845,2026-03-01,59411.0,0,Paid
345620,41853,2026-03-01,181849.0,25,Failed
345624,41859,2026-03-01,5567.0,0,Paid
345630,41868,2026-03-01,3282.0,0,Paid
345640,41888,2026-03-01,37287.0,0,Paid
345661,41946,2026-03-01,1412.0,0,Paid
345664,41955,2026-03-01,3959.0,0,Paid
345665,41956,2026-03-01,3196.0,0,Paid
345669,41961,2026-03-01,4639.0,0,Paid
345672,41970,2026-03-01,15914.0,19,Paid Late
345679,41985,2026-03-01,519.0,4,Paid Late
345709,42058,2026-03-01,5335.0,0,Paid
345710,42060,2026-03-01,64393.0,0,Paid
345723,42105,2026-03-01,2931.0,0,Paid
345747,42176,2026-03-01,3541.0,12,Failed
345756,42196,2026-03-01,542.0,0,Paid
345784,42264,2026-03-01,9584.0,0,Paid
345822,42382,2026-03-01,56897.0,8,Paid Late
345830,42398,2026-03-01,287332.0,0,Paid
345840,42428,2026-03-01,2868.0,0,Paid
345845,42446,2026-03-01,759.0,0,Paid
345858,42484,2026-03-01,1610.0,0,Paid
345898,42620,2026-03-01,2872.0,0,Paid
345905,42635,2026-03-01,548.0,0,Paid
345966,42805,2026-03-01,2703.0,0,Paid
345989,42868,2026-03-01,1137.0,0,Paid
346017,42960,2026-03-01,2408.0,17,Failed
346049,43041,2026-03-01,210808.0,0,Paid
346094,43162,2026-03-01,995.0,0,Paid
346095,43165,2026-03-01,24803.0,10,Failed
346111,43194,2026-03-01,1481.0,26,Failed
346132,43248,2026-03-01,3231.0,0,Paid
346134,43251,2026-03-01,5451.0,35,Paid Late
346176,43331,2026-03-01,12758.0,5,Paid Late
346187,43358,2026-03-01,58231.0,0,Paid
346218,43428,2026-03-01,1682.0,0,Paid
346220,43444,2026-03-01,6287.0,0,Paid
346241,43477,2026-03-01,9519.0,0,Paid
346263,43533,2026-03-01,23210.0,0,Paid
346270,43556,2026-03-01,2726.0,0,Paid
346294,43624,2026-03-01,16492.0,0,Paid
346312,43663,2026-03-01,36167.0,0,Paid
346313,43665,2026-03-01,2122.0,0,Paid
346331,43702,2026-03-01,2784.0,0,Paid
346389,43871,2026-03-01,73481.0,0,Paid
346487,44132,2026-03-01,2251.0,15,Failed
346498,44154,2026-03-01,7074.0,0,Paid
346515,44211,2026-03-01,4083.0,0,Paid
346539,44258,2026-03-01,9487.0,0,Paid
346566,44356,2026-03-01,5277.0,25,Failed
346571,44365,2026-03-01,7671.0,0,Paid
346629,44541,2026-03-01,1569.0,0,Paid
346638,44580,2026-03-01,286697.0,0,Paid
346651,44611,2026-03-01,1846.0,0,Paid
346653,44620,2026-03-01,24455.0,0,Paid
346677,44692,2026-03-01,54366.0,0,Paid
346688,44722,2026-03-01,13425.0,0,Paid
346789,44979,2026-03-01,2119.0,0,Paid
346847,45151,2026-03-01,1137.0,10,Paid Late
346867,45220,2026-03-01,827.0,14,Paid Late
346914,45344,2026-03-01,38339.0,0,Paid
346941,45395,2026-03-01,3651.0,0,Paid
346952,45424,2026-03-01,1774.0,0,Paid
346964,45451,2026-03-01,234932.0,0,Paid
346987,45507,2026-03-01,2195.0,0,Paid
347001,45541,2026-03-01,58108.0,0,Paid
347003,45547,2026-03-01,2014.0,8,Failed
347019,45606,2026-03-01,30648.0,0,Paid
347020,45608,2026-03-01,542.0,15,Paid Late
347059,45702,2026-03-01,1770.0,0,Paid
347062,45708,2026-03-01,2921.0,0,Paid
347083,45757,2026-03-01,15747.0,0,Paid
347106,45827,2026-03-01,7831.0,0,Paid
347110,45831,2026-03-01,1338.0,0,Paid
347147,45909,2026-03-01,15775.0,0,Paid
347174,45983,2026-03-01,252276.0,0,Paid
347186,46011,2026-03-01,242402.0,0,Paid
347206,46063,2026-03-01,94226.0,0,Paid
347213,46074,2026-03-01,90483.0,0,Paid
347221,46088,2026-03-01,7372.0,0,Paid
347246,46158,2026-03-01,21092.0,0,Paid
347379,46503,2026-03-01,145189.0,0,Paid
347425,46607,2026-03-01,2856.0,0,Paid
347443,46659,2026-03-01,1256.0,0,Paid
347460,46708,2026-03-01,4639.0,0,Paid
347471,46731,2026-03-01,4452.0,0,Paid
347474,46734,2026-03-01,41336.0,0,Paid
347477,46740,2026-03-01,39523.0,0,Paid
347533,46903,2026-03-01,13610.0,0,Paid
347585,47036,2026-03-01,3334.0,0,Paid
347608,47100,2026-03-01,25906.0,0,Paid
347647,47208,2026-03-01,1046.0,0,Paid
347714,47413,2026-03-01,1057.0,0,Paid
347744,47514,2026-03-01,1223.0,0,Paid
347748,47527,2026-03-01,4452.0,0,Paid
347801,47666,2026-03-01,1713.0,0,Paid
347873,47863,2026-03-01,1884.0,0,Paid
347881,47889,2026-03-01,203288.0,0,Paid
347890,47913,2026-03-01,3231.0,33,Paid Late
347892,47922,2026-03-01,1324.0,0,Paid
347913,47989,2026-03-01,6831.0,0,Paid
347931,48050,2026-03-01,542.0,0,Paid
347953,48123,2026-03-01,2870.0,0,Paid
347969,48159,2026-03-01,3783.0,0,Paid
347991,48223,2026-03-01,8132.0,0,Paid
348027,48337,2026-03-01,3162.0,0,Paid
348032,48355,2026-03-01,4592.0,0,Paid
348057,48427,2026-03-01,3231.0,0,Paid
348113,48567,2026-03-01,1269.0,0,Paid
348143,48639,2026-03-01,54940.0,0,Paid
348145,48644,2026-03-01,2843.0,0,Paid
348207,48808,2026-03-01,59255.0,0,Paid
348287,49009,2026-03-01,7592.0,0,Paid
348308,49068,2026-03-01,16848.0,0,Paid
348320,49099,2026-03-01,17144.0,37,Paid Late
348323,49104,2026-03-01,2044.0,0,Paid
348335,49130,2026-03-01,4001.0,0,Paid
348340,49144,2026-03-01,3487.0,0,Paid
348347,49168,2026-03-01,21092.0,0,Paid
348362,49214,2026-03-01,2076.0,11,Paid Late
348402,49313,2026-03-01,2044.0,0,Paid
348410,49353,2026-03-01,22248.0,0,Paid
348433,49454,2026-03-01,2542.0,0,Paid
348446,49489,2026-03-01,2542.0,0,Paid
348470,49606,2026-03-01,1102.0,0,Paid
348475,49617,2026-03-01,11164.0,0,Paid
348484,49642,2026-03-01,2843.0,0,Paid
348515,49720,2026-03-01,3265.0,0,Paid
348536,49794,2026-03-01,20411.0,0,Paid
348542,49808,2026-03-01,734.0,0,Paid
348559,49872,2026-03-01,5842.0,3,Paid Late
348570,49913,2026-03-01,3547.0,0,Paid
348593,49980,2026-03-01,70024.0,0,Paid
348609,23,2026-04-01,5683.0,0,Paid
348617,43,2026-04-01,81686.0,0,Paid
348619,48,2026-04-01,1950.0,0,Paid
348622,58,2026-04-01,5139.0,5,Paid Late
348637,119,2026-04-01,58864.0,0,Paid
348653,155,2026-04-01,5776.0,52,Paid Late
348676,222,2026-04-01,802.0,0,Paid
348689,247,2026-04-01,11489.0,0,Paid
348703,283,2026-04-01,70779.0,0,Paid
348706,291,2026-04-01,1338.0,0,Paid
348714,308,2026-04-01,4562.0,14,Paid Late
348725,335,2026-04-01,1283.0,0,Paid
348731,356,2026-04-01,2917.0,0,Paid
348740,379,2026-04-01,12923.0,0,Paid
348766,460,2026-04-01,32006.0,0,Paid
348792,531,2026-04-01,2922.0,7,Failed
348809,575,2026-04-01,40616.0,0,Paid
348847,668,2026-04-01,548.0,18,Paid Late
348851,685,2026-04-01,2323.0,0,Paid
348853,689,2026-04-01,2363.0,0,Paid
348921,855,2026-04-01,3712.0,0,Paid
348933,895,2026-04-01,1946.0,0,Paid
348972,1022,2026-04-01,31955.0,0,Paid
348982,1048,2026-04-01,22042.0,0,Paid
348983,1054,2026-04-01,2814.0,0,Paid
348987,1061,2026-04-01,1560.0,0,Paid
348990,1073,2026-04-01,2076.0,0,Paid
348997,1092,2026-04-01,1046.0,0,Paid
349000,1107,2026-04-01,34350.0,0,Paid
349027,1188,2026-04-01,1283.0,0,Paid
349040,1227,2026-04-01,3057.0,0,Paid
349043,1237,2026-04-01,2011.0,0,Paid
349061,1275,2026-04-01,17144.0,0,Paid
349077,1314,2026-04-01,5652.0,0,Paid
349088,1345,2026-04-01,237589.0,20,Failed
349093,1362,2026-04-01,5518.0,0,Paid
349100,1385,2026-04-01,1186.0,0,Paid
349103,1402,2026-04-01,39682.0,0,Paid
349120,1460,2026-04-01,11783.0,15,Failed
349247,1806,2026-04-01,59603.0,0,Paid
349252,1822,2026-04-01,10703.0,0,Paid
349285,1917,2026-04-01,74436.0,0,Paid
349343,2082,2026-04-01,42635.0,0,Paid
349409,2259,2026-04-01,9860.0,0,Paid
349512,2575,2026-04-01,734.0,0,Paid
349522,2620,2026-04-01,25733.0,0,Paid
349559,2713,2026-04-01,1310.0,5,Paid Late
349580,2754,2026-04-01,1558.0,0,Paid
349583,2761,2026-04-01,1572.0,0,Paid
349586,2768,2026-04-01,4274.0,0,Paid
349642,2920,2026-04-01,48841.0,0,Paid
349678,3036,2026-04-01,16651.0,0,Paid
349686,3054,2026-04-01,768.0,0,Paid
349730,3171,2026-04-01,137615.0,0,Paid
349761,3263,2026-04-01,42314.0,0,Paid
349768,3285,2026-04-01,106645.0,0,Paid
349772,3297,2026-04-01,548.0,11,Paid Late
349814,3421,2026-04-01,33627.0,4,Paid Late
349815,3422,2026-04-01,9439.0,0,Paid
349905,3656,2026-04-01,2489.0,0,Paid
349916,3685,2026-04-01,146988.0,0,Paid
349964,3805,2026-04-01,53122.0,23,Paid Late
349975,3835,2026-04-01,7352.0,0,Paid
349979,3840,2026-04-01,1296.0,0,Paid
350021,3958,2026-04-01,2872.0,35,Failed
350023,3966,2026-04-01,2898.0,0,Paid
350072,4108,2026-04-01,81175.0,0,Paid
350159,4376,2026-04-01,2011.0,0,Paid
350189,4453,2026-04-01,35797.0,0,Paid
350198,4480,2026-04-01,5017.0,0,Paid
350219,4534,2026-04-01,4634.0,2,Failed
350234,4576,2026-04-01,5087.0,0,Paid
350258,4626,2026-04-01,55699.0,8,Paid Late
350318,4788,2026-04-01,24028.0,0,Paid
350325,4810,2026-04-01,31839.0,0,Paid
350329,4819,2026-04-01,201004.0,0,Paid
350364,4922,2026-04-01,5161.0,0,Paid
350390,5009,2026-04-01,2011.0,23,Paid Late
350396,5023,2026-04-01,3089.0,0,Paid
350406,5046,2026-04-01,37180.0,13,Paid Late
350459,5161,2026-04-01,3299.0,8,Paid Late
350469,5199,2026-04-01,5451.0,0,Paid
350499,5255,2026-04-01,189594.0,0,Paid
350533,5367,2026-04-01,103614.0,0,Paid
350547,5398,2026-04-01,36277.0,0,Paid
350552,5411,2026-04-01,66539.0,0,Paid
350563,5428,2026-04-01,7149.0,0,Paid
350596,5513,2026-04-01,56636.0,0,Paid
350615,5566,2026-04-01,4498.0,0,Paid
350652,5657,2026-04-01,565.0,0,Paid
350653,5659,2026-04-01,20634.0,0,Paid
350671,5717,2026-04-01,26526.0,0,Paid
350683,5749,2026-04-01,2339.0,0,Paid
350686,5754,2026-04-01,2141.0,0,Paid
350700,5786,2026-04-01,2540.0,0,Paid
350736,5855,2026-04-01,3265.0,74,Failed
350785,5985,2026-04-01,1160.0,21,Paid Late
350819,6092,2026-04-01,101329.0,0,Paid
350821,6096,2026-04-01,11021.0,0,Paid
350839,6149,2026-04-01,67102.0,0,Paid
350912,6317,2026-04-01,1283.0,0,Paid
350916,6330,2026-04-01,5670.0,0,Paid
350923,6362,2026-04-01,1123.0,0,Paid
350966,6487,2026-04-01,1884.0,0,Paid
350971,6505,2026-04-01,2243.0,1,Paid Late
350980,6529,2026-04-01,120502.0,0,Paid
350983,6545,2026-04-01,20610.0,0,Paid
351029,6693,2026-04-01,98223.0,0,Paid
351048,6744,2026-04-01,31650.0,0,Paid
351060,6781,2026-04-01,6952.0,0,Paid
351062,6786,2026-04-01,36689.0,0,Paid
351074,6814,2026-04-01,3057.0,0,Paid
351123,6937,2026-04-01,2348.0,0,Paid
351149,6997,2026-04-01,1103.0,0,Paid
351167,7039,2026-04-01,6624.0,0,Paid
351173,7058,2026-04-01,32192.0,18,Paid Late
351239,7227,2026-04-01,9399.0,0,Paid
351274,7319,2026-04-01,22194.0,0,Paid
351289,7359,2026-04-01,11999.0,0,Paid
351312,7430,2026-04-01,1527.0,0,Paid
351330,7486,2026-04-01,23360.0,30,Paid Late
351334,7497,2026-04-01,25703.0,0,Paid
351383,7609,2026-04-01,55399.0,4,Paid Late
351402,7663,2026-04-01,444830.0,0,Paid
351424,7710,2026-04-01,32305.0,0,Paid
351524,8039,2026-04-01,1664.0,0,Paid
351541,8085,2026-04-01,6348.0,0,Paid
351583,8179,2026-04-01,26592.0,0,Paid
351602,8236,2026-04-01,1162.0,0,Paid
351640,8339,2026-04-01,26320.0,4,Paid Late
351641,8340,2026-04-01,3299.0,0,Paid
351650,8359,2026-04-01,220148.0,28,Paid Late
351653,8371,2026-04-01,2484.0,0,Paid
351658,8392,2026-04-01,1838.0,0,Paid
351668,8424,2026-04-01,542.0,0,Paid
351763,8712,2026-04-01,2689.0,0,Paid
351765,8727,2026-04-01,7372.0,0,Paid
351787,8775,2026-04-01,792.0,0,Paid
351798,8799,2026-04-01,7671.0,11,Paid Late
351823,8906,2026-04-01,1770.0,0,Paid
351830,8924,2026-04-01,1719.0,0,Paid
351849,8982,2026-04-01,1013980.0,52,Failed
351875,9050,2026-04-01,2603.0,0,Paid
351886,9083,2026-04-01,2033.0,0,Paid
351903,9112,2026-04-01,34660.0,0,Paid
351908,9122,2026-04-01,30067.0,0,Paid
351915,9141,2026-04-01,2243.0,8,Paid Late
351922,9157,2026-04-01,7372.0,0,Paid
351956,9229,2026-04-01,59923.0,18,Failed
351971,9269,2026-04-01,3025.0,0,Paid
351973,9272,2026-04-01,819.0,7,Failed
352007,9365,2026-04-01,43780.0,0,Paid
352023,9399,2026-04-01,1310.0,0,Paid
352045,9465,2026-04-01,3402.0,0,Paid
352061,9505,2026-04-01,53713.0,0,Paid
352073,9557,2026-04-01,810032.0,0,Paid
352076,9562,2026-04-01,689418.0,14,Paid Late
352078,9565,2026-04-01,39102.0,0,Paid
352100,9636,2026-04-01,13035.0,0,Paid
352119,9694,2026-04-01,45101.0,0,Paid
352122,9703,2026-04-01,49695.0,25,Paid Late
352132,9724,2026-04-01,24644.0,0,Paid
352147,9768,2026-04-01,52055.0,0,Paid
352159,9794,2026-04-01,1990.0,0,Paid
352178,9836,2026-04-01,65536.0,0,Paid
352190,9866,2026-04-01,3231.0,0,Paid
352213,9947,2026-04-01,6831.0,0,Paid
352225,9995,2026-04-01,52813.0,0,Paid
352278,10160,2026-04-01,1338.0,0,Paid
352292,10214,2026-04-01,793.0,0,Paid
352306,10246,2026-04-01,1495.0,0,Paid
352314,10268,2026-04-01,16767.0,0,Paid
352332,10322,2026-04-01,3368.0,0,Paid
352336,10330,2026-04-01,143673.0,0,Paid
352378,10429,2026-04-01,66036.0,0,Paid
352379,10432,2026-04-01,530.0,0,Paid
352388,10457,2026-04-01,1080.0,0,Paid
352427,10591,2026-04-01,2569.0,0,Paid
352498,10771,2026-04-01,32562.0,0,Paid
352501,10780,2026-04-01,4042.0,6,Paid Late
352511,10808,2026-04-01,1511.0,0,Paid
352526,10855,2026-04-01,5087.0,9,Failed
352565,10974,2026-04-01,347825.0,0,Paid
352589,11021,2026-04-01,728.0,0,Paid
352657,11261,2026-04-01,4545.0,0,Paid
352711,11410,2026-04-01,3025.0,0,Paid
352712,11414,2026-04-01,11776.0,0,Paid
352717,11425,2026-04-01,21761.0,36,Paid Late
352733,11457,2026-04-01,4877.0,0,Paid
352740,11478,2026-04-01,25893.0,0,Paid
352749,11499,2026-04-01,2839.0,0,Paid
352808,11639,2026-04-01,1495.0,0,Paid
352861,11789,2026-04-01,121770.0,0,Paid
352885,11833,2026-04-01,1365.0,0,Paid
352892,11861,2026-04-01,1884.0,0,Paid
352897,11883,2026-04-01,58642.0,37,Paid Late
352919,11941,2026-04-01,30514.0,0,Paid
352950,12008,2026-04-01,827.0,0,Paid
352980,12103,2026-04-01,59923.0,0,Paid
353008,12176,2026-04-01,35863.0,0,Paid
353031,12239,2026-04-01,3541.0,0,Paid
353034,12244,2026-04-01,4452.0,0,Paid
353046,12276,2026-04-01,15433.0,0,Paid
353058,12321,2026-04-01,37080.0,0,Paid
353084,12375,2026-04-01,104352.0,0,Paid
353089,12392,2026-04-01,3057.0,0,Paid
353169,12586,2026-04-01,1646.0,0,Paid
353170,12588,2026-04-01,2872.0,0,Paid
353172,12592,2026-04-01,2609.0,0,Paid
353176,12602,2026-04-01,519.0,0,Paid
353209,12673,2026-04-01,13242.0,0,Paid
353234,12728,2026-04-01,48876.0,0,Paid
353252,12772,2026-04-01,12280.0,0,Paid
353271,12819,2026-04-01,1792.0,0,Paid
353287,12867,2026-04-01,4871.0,11,Paid Late
353320,12923,2026-04-01,351670.0,0,Paid
353342,12990,2026-04-01,819.0,0,Paid
353396,13155,2026-04-01,548.0,0,Paid
353416,13215,2026-04-01,6555.0,0,Paid
353422,13230,2026-04-01,1810.0,0,Paid
353433,13267,2026-04-01,2379488.0,0,Paid
353484,13412,2026-04-01,559.0,0,Paid
353499,13468,2026-04-01,2412.0,0,Paid
353505,13481,2026-04-01,7149.0,0,Paid
353526,13539,2026-04-01,82783.0,14,Failed
353562,13618,2026-04-01,1123.0,0,Paid
353570,13637,2026-04-01,6831.0,0,Paid
353576,13647,2026-04-01,1572.0,0,Paid
353624,13766,2026-04-01,33059.0,8,Paid Late
353639,13806,2026-04-01,57124.0,0,Paid
353707,13997,2026-04-01,2818.0,0,Paid
353809,14249,2026-04-01,1162.0,0,Paid
353820,14270,2026-04-01,134854.0,0,Paid
353821,14271,2026-04-01,2516.0,0,Paid
353826,14279,2026-04-01,59719.0,0,Paid
353861,14388,2026-04-01,1751.0,0,Paid
353915,14549,2026-04-01,154548.0,0,Paid
353952,14674,2026-04-01,199532.0,0,Paid
353957,14690,2026-04-01,2972354.0,18,Failed
353964,14706,2026-04-01,15307.0,0,Paid
353972,14732,2026-04-01,3217.0,0,Paid
354004,14837,2026-04-01,22166.0,0,Paid
354053,14970,2026-04-01,1083.0,0,Paid
354077,15049,2026-04-01,2516.0,0,Paid
354134,15186,2026-04-01,1719.0,0,Paid
354135,15189,2026-04-01,2021.0,0,Paid
354137,15193,2026-04-01,23000.0,37,Paid Late
354196,15368,2026-04-01,645.0,0,Paid
354202,15380,2026-04-01,5518.0,0,Paid
354207,15389,2026-04-01,1846.0,0,Paid
354215,15412,2026-04-01,17265.0,0,Paid
354240,15472,2026-04-01,4929.0,8,Failed
354292,15612,2026-04-01,3224.0,0,Paid
354304,15639,2026-04-01,2521.0,0,Paid
354322,15694,2026-04-01,9493.0,0,Paid
354339,15741,2026-04-01,2372.0,0,Paid
354352,15774,2026-04-01,24758.0,11,Paid Late
354358,15791,2026-04-01,819.0,0,Paid
354387,15858,2026-04-01,3651.0,0,Paid
354427,15962,2026-04-01,3504.0,0,Paid
354452,16036,2026-04-01,26440.0,9,Paid Late
354455,16048,2026-04-01,2119.0,0,Paid
354468,16073,2026-04-01,58235.0,0,Paid
354489,16131,2026-04-01,78371.0,0,Paid
354532,16280,2026-04-01,6627.0,0,Paid
354556,16348,2026-04-01,24985.0,0,Paid
354559,16353,2026-04-01,1827.0,0,Paid
354568,16381,2026-04-01,1626.0,0,Paid
354610,16487,2026-04-01,159592.0,0,Paid
354696,16705,2026-04-01,2323.0,0,Paid
354698,16712,2026-04-01,186033.0,0,Paid
354721,16769,2026-04-01,57793.0,0,Paid
354793,16956,2026-04-01,404708.0,12,Failed
354806,16996,2026-04-01,6438.0,0,Paid
354810,17010,2026-04-01,2009.0,31,Paid Late
354831,17072,2026-04-01,38010.0,0,Paid
354840,17095,2026-04-01,59975.0,0,Paid
354861,17147,2026-04-01,25145.0,0,Paid
354955,17352,2026-04-01,2323.0,0,Paid
354961,17368,2026-04-01,4124.0,0,Paid
354985,17432,2026-04-01,21919.0,0,Paid
355025,17555,2026-04-01,17564.0,0,Paid
355080,17724,2026-04-01,1174.0,0,Paid
355090,17745,2026-04-01,227235.0,0,Paid
355099,17774,2026-04-01,189790.0,0,Paid
355108,17800,2026-04-01,24447.0,0,Paid
355114,17818,2026-04-01,6348.0,0,Paid
355115,17819,2026-04-01,2339.0,0,Paid
355127,17838,2026-04-01,7751.0,0,Paid
355138,17862,2026-04-01,11545.0,32,Failed
355160,17923,2026-04-01,3075.0,0,Paid
355162,17929,2026-04-01,120313.0,0,Paid
355177,17974,2026-04-01,3368.0,0,Paid
355183,17993,2026-04-01,69976.0,0,Paid
355189,18013,2026-04-01,1593.0,0,Paid
355202,18050,2026-04-01,1013.0,0,Paid
355207,18057,2026-04-01,4592.0,0,Paid
355222,18088,2026-04-01,5906.0,0,Paid
355226,18104,2026-04-01,21997.0,3,Paid Late
355238,18130,2026-04-01,64675.0,0,Paid
355296,18303,2026-04-01,14574.0,0,Paid
355298,18307,2026-04-01,53713.0,0,Paid
355409,18605,2026-04-01,13425.0,22,Paid Late
355428,18662,2026-04-01,2596.0,0,Paid
355475,18808,2026-04-01,1511.0,0,Paid
355477,18811,2026-04-01,2122.0,0,Paid
355501,18887,2026-04-01,102058.0,0,Paid
355504,18901,2026-04-01,14528.0,0,Paid
355505,18902,2026-04-01,35717.0,0,Paid
355511,18914,2026-04-01,2872.0,0,Paid
355539,18997,2026-04-01,5451.0,0,Paid
355542,19002,2026-04-01,61612.0,0,Paid
355551,19036,2026-04-01,71415.0,7,Paid Late
355567,19095,2026-04-01,6210.0,0,Paid
355605,19221,2026-04-01,3207.0,0,Paid
355619,19266,2026-04-01,3176.0,0,Paid
355691,19444,2026-04-01,1664.0,0,Paid
355696,19456,2026-04-01,66664.0,12,Paid Late
355704,19468,2026-04-01,2707.0,0,Paid
355738,19560,2026-04-01,3651.0,0,Paid
355774,19676,2026-04-01,261706.0,0,Paid
355778,19694,2026-04-01,1925.0,6,Failed
355790,19729,2026-04-01,9228.0,0,Paid
355805,19769,2026-04-01,3282.0,0,Paid
355810,19777,2026-04-01,2420.0,0,Paid
355816,19794,2026-04-01,6690.0,14,Paid Late
355825,19811,2026-04-01,2958.0,0,Paid
355921,20071,2026-04-01,3153.0,0,Paid
355928,20082,2026-04-01,65108.0,7,Paid Late
355942,20131,2026-04-01,1199.0,0,Paid
355961,20162,2026-04-01,40616.0,0,Paid
355984,20244,2026-04-01,30407.0,0,Paid
356000,20288,2026-04-01,105987.0,0,Paid
356003,20296,2026-04-01,3103.0,0,Paid
356018,20335,2026-04-01,3487.0,12,Paid Late
356036,20391,2026-04-01,14361.0,0,Paid
356070,20493,2026-04-01,4592.0,0,Paid
356079,20516,2026-04-01,4545.0,0,Paid
356099,20574,2026-04-01,1186.0,0,Paid
356106,20595,2026-04-01,2141.0,0,Paid
356141,20677,2026-04-01,46293.0,0,Paid
356184,20821,2026-04-01,40857.0,0,Paid
356217,20940,2026-04-01,2141.0,0,Paid
356221,20947,2026-04-01,11416.0,0,Paid
356237,20987,2026-04-01,1808.0,0,Paid
356238,20988,2026-04-01,3167.0,0,Paid
356253,21026,2026-04-01,1560.0,0,Paid
356292,21126,2026-04-01,4264.0,0,Paid
356304,21156,2026-04-01,12965.0,0,Paid
356350,21277,2026-04-01,6417.0,5,Paid Late
356356,21287,2026-04-01,2219.0,0,Paid
356357,21288,2026-04-01,3467.0,0,Paid
356435,21504,2026-04-01,3523.0,36,Paid Late
356451,21542,2026-04-01,2596.0,0,Paid
356457,21561,2026-04-01,2275.0,20,Paid Late
356500,21682,2026-04-01,57704.0,0,Paid
356527,21751,2026-04-01,15747.0,0,Paid
356539,21783,2026-04-01,4498.0,0,Paid
356661,22106,2026-04-01,2388.0,0,Paid
356664,22110,2026-04-01,1200.0,0,Paid
356677,22139,2026-04-01,1560.0,0,Paid
356681,22154,2026-04-01,2435.0,0,Paid
356699,22215,2026-04-01,2119.0,0,Paid
356723,22290,2026-04-01,20181.0,0,Paid
356726,22297,2026-04-01,16504.0,0,Paid
356736,22343,2026-04-01,13335.0,0,Paid
356740,22350,2026-04-01,33988.0,0,Paid
356783,22485,2026-04-01,11423.0,0,Paid
356785,22487,2026-04-01,2315.0,0,Paid
356818,22573,2026-04-01,6616.0,0,Paid
356833,22605,2026-04-01,1610.0,0,Paid
356859,22662,2026-04-01,7081.0,0,Paid
356868,22676,2026-04-01,3655.0,0,Paid
356900,22756,2026-04-01,692.0,12,Failed
356957,22915,2026-04-01,1430.0,0,Paid
356993,22999,2026-04-01,56625.0,0,Paid
357044,23130,2026-04-01,37980.0,0,Paid
357060,23169,2026-04-01,2372.0,0,Paid
357164,23467,2026-04-01,40244.0,0,Paid
357170,23484,2026-04-01,7352.0,0,Paid
357173,23490,2026-04-01,30953.0,0,Paid
357180,23508,2026-04-01,3072.0,0,Paid
357183,23518,2026-04-01,2723771.0,0,Paid
357257,23713,2026-04-01,31064.0,0,Paid
357327,23892,2026-04-01,810.0,0,Paid
357343,23931,2026-04-01,26037.0,0,Paid
357377,24011,2026-04-01,2048.0,0,Paid
357412,24087,2026-04-01,7233.0,0,Paid
357450,24199,2026-04-01,17951.0,0,Paid
357473,24298,2026-04-01,47487.0,0,Paid
357542,24484,2026-04-01,1792.0,0,Paid
357569,24563,2026-04-01,1846.0,0,Paid
357580,24595,2026-04-01,3614.0,43,Paid Late
357617,24703,2026-04-01,2219.0,0,Paid
357622,24712,2026-04-01,53107.0,43,Failed
357628,24733,2026-04-01,7831.0,0,Paid
357643,24772,2026-04-01,1080.0,0,Paid
357667,24829,2026-04-01,7671.0,0,Paid
357671,24838,2026-04-01,1751.0,0,Paid
357672,24845,2026-04-01,1427.0,31,Paid Late
357673,24848,2026-04-01,3138.0,0,Paid
357687,24880,2026-04-01,464.0,0,Paid
357713,24948,2026-04-01,3368.0,0,Paid
357716,24957,2026-04-01,29292.0,0,Paid
357744,25035,2026-04-01,2033.0,8,Paid Late
357756,25075,2026-04-01,237761.0,0,Paid
357781,25138,2026-04-01,28196.0,0,Paid
357784,25145,2026-04-01,2372.0,0,Paid
357811,25247,2026-04-01,1057.0,0,Paid
357817,25256,2026-04-01,61877.0,0,Paid
357840,25319,2026-04-01,810.0,0,Paid
357843,25330,2026-04-01,1102.0,0,Paid
357846,25336,2026-04-01,1269.0,0,Paid
357864,25380,2026-04-01,1028.0,0,Paid
357888,25448,2026-04-01,7192.0,0,Paid
357939,25560,2026-04-01,4358.0,0,Paid
357960,25613,2026-04-01,55921.0,0,Paid
357974,25666,2026-04-01,70736.0,0,Paid
357984,25694,2026-04-01,18422.0,0,Paid
357986,25696,2026-04-01,2106.0,0,Paid
358023,25790,2026-04-01,19469.0,0,Paid
358030,25818,2026-04-01,661241.0,0,Paid
358068,25919,2026-04-01,21319.0,0,Paid
358069,25920,2026-04-01,3153.0,0,Paid
358081,25951,2026-04-01,1755.0,0,Paid
358146,26147,2026-04-01,15972.0,0,Paid
358188,26243,2026-04-01,3918.0,0,Paid
358200,26277,2026-04-01,586062.0,0,Paid
358277,26507,2026-04-01,924.0,0,Paid
358337,26685,2026-04-01,810.0,0,Paid
358356,26714,2026-04-01,19214.0,0,Paid
358364,26744,2026-04-01,58108.0,0,Paid
358394,26817,2026-04-01,32605.0,0,Paid
358400,26835,2026-04-01,147195.0,14,Paid Late
358432,26911,2026-04-01,751.0,2,Paid Late
358496,27087,2026-04-01,2569.0,25,Failed
358516,27133,2026-04-01,6792.0,0,Paid
358557,27248,2026-04-01,31546.0,0,Paid
358569,27277,2026-04-01,793.0,0,Paid
358585,27315,2026-04-01,3121.0,0,Paid
358588,27322,2026-04-01,65172.0,0,Paid
358595,27337,2026-04-01,44664.0,0,Paid
358608,27381,2026-04-01,2251.0,0,Paid
358612,27392,2026-04-01,1713.0,14,Failed
358677,27545,2026-04-01,1102.0,0,Paid
358723,27670,2026-04-01,2130.0,20,Failed
358766,27778,2026-04-01,25244.0,0,Paid
358773,27791,2026-04-01,48865.0,7,Failed
358788,27834,2026-04-01,52226.0,0,Paid
358827,27940,2026-04-01,3416.0,0,Paid
358839,27963,2026-04-01,1774.0,0,Paid
358881,28082,2026-04-01,4824.0,0,Paid
358923,28203,2026-04-01,7512.0,0,Paid
358941,28239,2026-04-01,2672.0,0,Paid
358955,28284,2026-04-01,113903.0,0,Paid
358983,28370,2026-04-01,32057.0,0,Paid
358988,28382,2026-04-01,14838.0,0,Paid
359009,28440,2026-04-01,1338.0,0,Paid
359011,28453,2026-04-01,2726.0,0,Paid
359028,28508,2026-04-01,2579.0,0,Paid
359070,28641,2026-04-01,845921.0,69,Paid Late
359086,28689,2026-04-01,2167.0,0,Paid
359107,28746,2026-04-01,7538.0,0,Paid
359167,28899,2026-04-01,4523.0,18,Paid Late
359194,28987,2026-04-01,339120.0,0,Paid
359198,29000,2026-04-01,37843.0,0,Paid
359221,29074,2026-04-01,62115.0,12,Paid Late
359247,29155,2026-04-01,32696.0,0,Paid
359253,29175,2026-04-01,2388.0,0,Paid
359280,29251,2026-04-01,57502.0,0,Paid
359296,29302,2026-04-01,110674.0,0,Paid
359316,29367,2026-04-01,10306.0,0,Paid
359327,29404,2026-04-01,827.0,0,Paid
359361,29499,2026-04-01,30077.0,0,Paid
359379,29546,2026-04-01,23809.0,0,Paid
359428,29667,2026-04-01,82879.0,0,Paid
359432,29679,2026-04-01,4452.0,0,Paid
359438,29690,2026-04-01,23263.0,0,Paid
359449,29721,2026-04-01,22745.0,0,Paid
359482,29805,2026-04-01,2243.0,0,Paid
359496,29832,2026-04-01,2171.0,0,Paid
359498,29835,2026-04-01,6624.0,0,Paid
359531,29922,2026-04-01,1048561.0,0,Paid
359532,29926,2026-04-01,13277.0,0,Paid
359548,29986,2026-04-01,56080.0,0,Paid
359577,30070,2026-04-01,44474.0,0,Paid
359630,30229,2026-04-01,215516.0,36,Failed
359686,30410,2026-04-01,11300.0,0,Paid
359714,30484,2026-04-01,1087.0,0,Paid
359789,30716,2026-04-01,2659.0,19,Paid Late
359793,30736,2026-04-01,46640.0,0,Paid
359821,30795,2026-04-01,28328.0,0,Paid
359822,30798,2026-04-01,48100.0,0,Paid
359830,30819,2026-04-01,157296.0,0,Paid
359831,30820,2026-04-01,2768.0,0,Paid
359849,30866,2026-04-01,2348.0,39,Failed
359850,30867,2026-04-01,1713.0,0,Paid
359860,30920,2026-04-01,1527.0,0,Paid
359941,31126,2026-04-01,5103.0,0,Paid
359957,31160,2026-04-01,2251.0,0,Paid
359963,31179,2026-04-01,4982.0,0,Paid
359985,31239,2026-04-01,612176.0,12,Failed
360010,31324,2026-04-01,4217.0,0,Paid
360014,31331,2026-04-01,2755.0,0,Paid
360031,31359,2026-04-01,1527.0,0,Paid
360039,31392,2026-04-01,2275.0,0,Paid
360045,31417,2026-04-01,3184.0,0,Paid
360061,31459,2026-04-01,868039.0,0,Paid
360064,31468,2026-04-01,5451.0,0,Paid
360090,31544,2026-04-01,63622.0,0,Paid
360092,31551,2026-04-01,4615.0,0,Paid
360098,31563,2026-04-01,1609.0,6,Failed
360142,31691,2026-04-01,2251.0,0,Paid
360146,31701,2026-04-01,2130.0,0,Paid
360156,31726,2026-04-01,2898.0,0,Paid
360159,31730,2026-04-01,3393.0,0,Paid
360179,31775,2026-04-01,14322.0,0,Paid
360186,31786,2026-04-01,675810.0,0,Paid
360194,31811,2026-04-01,2872.0,3,Paid Late
360241,31969,2026-04-01,1467.0,0,Paid
360248,31983,2026-04-01,27698.0,0,Paid
360258,32005,2026-04-01,9197.0,0,Paid
360265,32019,2026-04-01,4001.0,0,Paid
360297,32121,2026-04-01,34824.0,9,Paid Late
360304,32137,2026-04-01,50694.0,20,Paid Late
360316,32171,2026-04-01,18771.0,0,Paid
360332,32211,2026-04-01,6693.0,0,Paid
360364,32302,2026-04-01,187657.0,0,Paid
360396,32392,2026-04-01,1808.0,0,Paid
360402,32405,2026-04-01,5883.0,0,Paid
360407,32422,2026-04-01,145887.0,0,Paid
360408,32430,2026-04-01,27135.0,0,Paid
360417,32453,2026-04-01,785.0,0,Paid
360447,32521,2026-04-01,827.0,0,Paid
360451,32529,2026-04-01,2098.0,0,Paid
360453,32536,2026-04-01,12101.0,0,Paid
360456,32544,2026-04-01,78538.0,0,Paid
360545,32775,2026-04-01,8478.0,6,Paid Late
360558,32811,2026-04-01,29200.0,0,Paid
360593,32920,2026-04-01,1324.0,12,Failed
360620,32995,2026-04-01,23894.0,0,Paid
360640,33037,2026-04-01,313805.0,4,Paid Late
360653,33086,2026-04-01,835.0,0,Paid
360673,33130,2026-04-01,2902.0,0,Paid
360677,33138,2026-04-01,1511.0,0,Paid
360702,33208,2026-04-01,56683.0,33,Paid Late
360726,33284,2026-04-01,956.0,0,Paid
360753,33372,2026-04-01,34162.0,14,Paid Late
360840,33626,2026-04-01,771509.0,0,Paid
360841,33627,2026-04-01,30013.0,0,Paid
360878,33729,2026-04-01,15579.0,0,Paid
360900,33774,2026-04-01,1789.0,0,Paid
360902,33776,2026-04-01,2348.0,20,Paid Late
360903,33778,2026-04-01,1990.0,0,Paid
360909,33794,2026-04-01,59261.0,0,Paid
360910,33796,2026-04-01,17556.0,0,Paid
360954,33919,2026-04-01,49721.0,0,Paid
360963,33945,2026-04-01,14236.0,0,Paid
360971,33975,2026-04-01,4170.0,0,Paid
360980,34001,2026-04-01,3430.0,0,Paid
360992,34038,2026-04-01,46796.0,0,Paid
361007,34076,2026-04-01,2382.0,0,Paid
361053,34201,2026-04-01,6417.0,0,Paid
361078,34261,2026-04-01,3416.0,0,Paid
361081,34265,2026-04-01,1719.0,0,Paid
361149,34482,2026-04-01,5351.0,0,Paid
361157,34505,2026-04-01,2115515.0,0,Paid
361171,34534,2026-04-01,1440.0,53,Paid Late
361181,34559,2026-04-01,35876.0,0,Paid
361199,34615,2026-04-01,59859.0,0,Paid
361237,34721,2026-04-01,21805.0,0,Paid
361243,34735,2026-04-01,51574.0,0,Paid
361262,34781,2026-04-01,2065.0,0,Paid
361268,34795,2026-04-01,3430.0,0,Paid
361290,34863,2026-04-01,4965.0,0,Paid
361293,34879,2026-04-01,2190.0,10,Paid Late
361298,34889,2026-04-01,1642.0,7,Failed
361319,34955,2026-04-01,53399.0,0,Paid
361336,35003,2026-04-01,37860.0,0,Paid
361350,35042,2026-04-01,3368.0,0,Paid
361352,35046,2026-04-01,20552.0,0,Paid
361360,35071,2026-04-01,25348.0,0,Paid
361422,35270,2026-04-01,2153423.0,0,Paid
361460,35343,2026-04-01,4639.0,8,Failed
361463,35346,2026-04-01,1678.0,0,Paid
361494,35439,2026-04-01,2740.0,0,Paid
361532,35550,2026-04-01,802.0,0,Paid
361602,35763,2026-04-01,138296.0,0,Paid
361639,35860,2026-04-01,1186.0,0,Paid
361652,35912,2026-04-01,2542.0,0,Paid
361660,35927,2026-04-01,3162.0,0,Paid
361662,35933,2026-04-01,282345.0,0,Paid
361694,36017,2026-04-01,34287.0,0,Paid
361696,36021,2026-04-01,810.0,0,Paid
361720,36072,2026-04-01,946.0,0,Paid
361732,36117,2026-04-01,32901.0,12,Paid Late
361749,36158,2026-04-01,519.0,0,Paid
361753,36173,2026-04-01,835.0,0,Paid
361762,36197,2026-04-01,5842.0,0,Paid
361787,36240,2026-04-01,2076.0,0,Paid
361830,36351,2026-04-01,19321.0,0,Paid
361923,36587,2026-04-01,2749.0,28,Paid Late
361927,36599,2026-04-01,6478.0,0,Paid
361990,36773,2026-04-01,4042.0,17,Failed
361997,36791,2026-04-01,4083.0,0,Paid
362006,36815,2026-04-01,18148.0,0,Paid
362027,36886,2026-04-01,1338.0,0,Paid
362037,36906,2026-04-01,1618.0,15,Paid Late
362042,36920,2026-04-01,3877.0,0,Paid
362069,36980,2026-04-01,19507.0,0,Paid
362075,36995,2026-04-01,214142.0,0,Paid
362109,37105,2026-04-01,2275.0,0,Paid
362113,37116,2026-04-01,231219.0,0,Paid
362120,37134,2026-04-01,3223.0,0,Paid
362142,37179,2026-04-01,2019.0,0,Paid
362190,37285,2026-04-01,45433.0,27,Paid Late
362208,37335,2026-04-01,2403.0,0,Paid
362236,37419,2026-04-01,4089.0,0,Paid
362240,37424,2026-04-01,116696.0,0,Paid
362256,37460,2026-04-01,281043.0,0,Paid
362267,37487,2026-04-01,111977.0,0,Paid
362270,37500,2026-04-01,7512.0,0,Paid
362291,37545,2026-04-01,2171.0,0,Paid
362318,37605,2026-04-01,31843.0,0,Paid
362341,37672,2026-04-01,30109.0,0,Paid
362367,37747,2026-04-01,1162.0,0,Paid
362373,37767,2026-04-01,10459.0,0,Paid
362437,37940,2026-04-01,5969.0,0,Paid
362453,37982,2026-04-01,27170.0,0,Paid
362470,38022,2026-04-01,3368.0,0,Paid
362487,38086,2026-04-01,68496.0,0,Paid
362491,38095,2026-04-01,3381.0,0,Paid
362526,38189,2026-04-01,2219.0,0,Paid
362531,38197,2026-04-01,6624.0,0,Paid
362532,38198,2026-04-01,819.0,0,Paid
362538,38211,2026-04-01,3467.0,46,Paid Late
362545,38227,2026-04-01,2339.0,0,Paid
362568,38306,2026-04-01,2667.0,0,Paid
362589,38367,2026-04-01,31289.0,0,Paid
362591,38373,2026-04-01,4311.0,0,Paid
362669,38612,2026-04-01,16682.0,0,Paid
362689,38661,2026-04-01,8716.0,10,Paid Late
362702,38700,2026-04-01,819.0,0,Paid
362727,38766,2026-04-01,62413.0,21,Paid Late
362732,38775,2026-04-01,1626.0,0,Paid
362751,38812,2026-04-01,2396.0,26,Failed
362755,38823,2026-04-01,16893.0,0,Paid
362779,38906,2026-04-01,101271.0,0,Paid
362792,38939,2026-04-01,67627.0,0,Paid
362828,39040,2026-04-01,68454.0,0,Paid
362840,39062,2026-04-01,6553.0,7,Paid Late
362865,39135,2026-04-01,163922.0,0,Paid
362943,39375,2026-04-01,24219.0,33,Paid Late
362980,39486,2026-04-01,1111.0,0,Paid
363022,39592,2026-04-01,49206.0,0,Paid
363068,39739,2026-04-01,3368.0,0,Paid
363092,39810,2026-04-01,296530.0,0,Paid
363114,39869,2026-04-01,3614.0,32,Failed
363122,39896,2026-04-01,3959.0,0,Paid
363145,39965,2026-04-01,59077.0,9,Paid Late
363154,39980,2026-04-01,1139767.0,0,Paid
363190,40093,2026-04-01,1810.0,0,Paid
363212,40154,2026-04-01,259027.0,3,Paid Late
363216,40163,2026-04-01,69976.0,0,Paid
363217,40166,2026-04-01,3308.0,0,Paid
363254,40270,2026-04-01,3452.0,0,Paid
363272,40330,2026-04-01,5087.0,10,Paid Late
363330,40485,2026-04-01,2902.0,0,Paid
363349,40544,2026-04-01,77468.0,3,Paid Late
363355,40555,2026-04-01,329627.0,16,Paid Late
363393,40659,2026-04-01,802.0,0,Paid
363419,40736,2026-04-01,569700.0,0,Paid
363424,40757,2026-04-01,9177.0,0,Paid
363448,40826,2026-04-01,7149.0,0,Paid
363455,40843,2026-04-01,2033.0,5,Paid Late
363470,40892,2026-04-01,30093.0,0,Paid
363534,41106,2026-04-01,63622.0,15,Paid Late
363544,41128,2026-04-01,14670.0,0,Paid
363574,41212,2026-04-01,5978.0,0,Paid
363597,41280,2026-04-01,2930.0,0,Paid
363603,41289,2026-04-01,2355.0,0,Paid
363696,41531,2026-04-01,95639.0,0,Paid
363700,41542,2026-04-01,35417.0,0,Paid
363704,41554,2026-04-01,5822.0,0,Paid
363733,41660,2026-04-01,4498.0,0,Paid
363743,41686,2026-04-01,1324.0,0,Paid
363748,41704,2026-04-01,1223.0,0,Paid
363751,41709,2026-04-01,59497.0,0,Paid
363754,41717,2026-04-01,1046.0,0,Paid
363759,41740,2026-04-01,3504.0,0,Paid
363773,41776,2026-04-01,1690.0,0,Paid
363797,41834,2026-04-01,2872.0,0,Paid
363799,41845,2026-04-01,59411.0,0,Paid
363802,41853,2026-04-01,181849.0,13,Paid Late
363805,41859,2026-04-01,5567.0,0,Paid
363809,41868,2026-04-01,3282.0,0,Paid
363818,41888,2026-04-01,37287.0,0,Paid
363838,41946,2026-04-01,1412.0,0,Paid
363841,41955,2026-04-01,3959.0,0,Paid
363842,41956,2026-04-01,3196.0,0,Paid
363846,41961,2026-04-01,4639.0,0,Paid
363851,41970,2026-04-01,15914.0,0,Paid
363859,41985,2026-04-01,519.0,39,Failed
363888,42058,2026-04-01,5335.0,0,Paid
363889,42060,2026-04-01,64393.0,0,Paid
363903,42105,2026-04-01,2931.0,9,Paid Late
363926,42176,2026-04-01,3541.0,0,Paid
363934,42196,2026-04-01,542.0,0,Paid
363961,42264,2026-04-01,9584.0,0,Paid
363998,42382,2026-04-01,56897.0,29,Paid Late
364006,42398,2026-04-01,287332.0,0,Paid
364014,42428,2026-04-01,2868.0,35,Failed
364021,42446,2026-04-01,759.0,0,Paid
364032,42484,2026-04-01,1610.0,0,Paid
364074,42620,2026-04-01,2872.0,0,Paid
364081,42635,2026-04-01,548.0,0,Paid
364141,42805,2026-04-01,2703.0,0,Paid
364163,42868,2026-04-01,1137.0,0,Paid
364172,42887,2026-04-01,69962.0,0,Paid
364197,42960,2026-04-01,2408.0,0,Paid
364198,42962,2026-04-01,570.0,22,Paid Late
364230,43041,2026-04-01,210808.0,0,Paid
364274,43162,2026-04-01,995.0,0,Paid
364275,43165,2026-04-01,24803.0,14,Paid Late
364292,43194,2026-04-01,1481.0,0,Paid
364312,43248,2026-04-01,3231.0,0,Paid
364314,43251,2026-04-01,5451.0,0,Paid
364356,43331,2026-04-01,12758.0,0,Paid
364366,43358,2026-04-01,58231.0,0,Paid
364397,43428,2026-04-01,1682.0,0,Paid
364399,43444,2026-04-01,6287.0,0,Paid
364416,43477,2026-04-01,9519.0,26,Paid Late
364439,43533,2026-04-01,23210.0,0,Paid
364445,43556,2026-04-01,2726.0,0,Paid
364486,43663,2026-04-01,36167.0,11,Paid Late
364487,43665,2026-04-01,2122.0,0,Paid
364502,43702,2026-04-01,2784.0,0,Paid
364556,43871,2026-04-01,73481.0,0,Paid
364647,44132,2026-04-01,2251.0,2,Paid Late
364657,44154,2026-04-01,7074.0,0,Paid
364676,44211,2026-04-01,4083.0,0,Paid
364682,44225,2026-04-01,39333.0,0,Paid
364702,44258,2026-04-01,9487.0,0,Paid
364728,44356,2026-04-01,5277.0,4,Failed
364732,44365,2026-04-01,7671.0,0,Paid
364771,44484,2026-04-01,13079.0,23,Paid Late
364793,44541,2026-04-01,1569.0,0,Paid
364817,44611,2026-04-01,1846.0,0,Paid
364819,44620,2026-04-01,24455.0,0,Paid
364833,44670,2026-04-01,1077926.0,0,Paid
364844,44692,2026-04-01,54366.0,0,Paid
364857,44722,2026-04-01,13425.0,0,Paid
364907,44851,2026-04-01,5238.0,27,Paid Late
364954,44979,2026-04-01,2119.0,28,Paid Late
365014,45151,2026-04-01,1137.0,0,Paid
365037,45220,2026-04-01,827.0,0,Paid
365081,45332,2026-04-01,14742.0,21,Paid Late
365083,45344,2026-04-01,38339.0,0,Paid
365109,45395,2026-04-01,3651.0,0,Paid
365119,45424,2026-04-01,1774.0,0,Paid
365152,45507,2026-04-01,2195.0,0,Paid
365167,45541,2026-04-01,58108.0,0,Paid
365169,45547,2026-04-01,2014.0,0,Paid
365187,45606,2026-04-01,30648.0,11,Paid Late
365188,45608,2026-04-01,542.0,0,Paid
365224,45702,2026-04-01,1770.0,0,Paid
365227,45708,2026-04-01,2921.0,0,Paid
365250,45757,2026-04-01,15747.0,0,Paid
365275,45827,2026-04-01,7831.0,0,Paid
365278,45831,2026-04-01,1338.0,0,Paid
365309,45909,2026-04-01,15775.0,0,Paid
365332,45983,2026-04-01,252276.0,0,Paid
365347,46011,2026-04-01,242402.0,0,Paid
365368,46063,2026-04-01,94226.0,0,Paid
365376,46074,2026-04-01,90483.0,0,Paid
365384,46088,2026-04-01,7372.0,0,Paid
365408,46158,2026-04-01,21092.0,0,Paid
365532,46487,2026-04-01,24570.0,0,Paid
365540,46503,2026-04-01,145189.0,24,Paid Late
365586,46607,2026-04-01,2856.0,0,Paid
365606,46659,2026-04-01,1256.0,0,Paid
365623,46708,2026-04-01,4639.0,0,Paid
365633,46731,2026-04-01,4452.0,0,Paid
365635,46734,2026-04-01,41336.0,0,Paid
365639,46740,2026-04-01,39523.0,0,Paid
365692,46903,2026-04-01,13610.0,0,Paid
365720,46968,2026-04-01,82847.0,0,Paid
365744,47036,2026-04-01,3334.0,0,Paid
365749,47046,2026-04-01,388411.0,0,Paid
365767,47100,2026-04-01,25906.0,0,Paid
365810,47208,2026-04-01,1046.0,0,Paid
365874,47413,2026-04-01,1057.0,0,Paid
365900,47514,2026-04-01,1223.0,0,Paid
365903,47527,2026-04-01,4452.0,0,Paid
365949,47666,2026-04-01,1713.0,7,Paid Late
365992,47771,2026-04-01,42757.0,0,Paid
366016,47863,2026-04-01,1884.0,0,Paid
366024,47889,2026-04-01,203288.0,0,Paid
366033,47913,2026-04-01,3231.0,10,Paid Late
366035,47922,2026-04-01,1324.0,0,Paid
366056,47989,2026-04-01,6831.0,0,Paid
366071,48050,2026-04-01,542.0,12,Paid Late
366090,48107,2026-04-01,764413.0,0,Paid
366098,48123,2026-04-01,2870.0,0,Paid
366114,48159,2026-04-01,3783.0,0,Paid
366138,48223,2026-04-01,8132.0,34,Paid Late
366179,48337,2026-04-01,3162.0,25,Paid Late
366184,48355,2026-04-01,4592.0,0,Paid
366212,48427,2026-04-01,3231.0,0,Paid
366267,48567,2026-04-01,1269.0,0,Paid
366296,48644,2026-04-01,2843.0,0,Paid
366351,48808,2026-04-01,59255.0,0,Paid
366424,48989,2026-04-01,23868.0,0,Paid
366433,49009,2026-04-01,7592.0,0,Paid
366465,49099,2026-04-01,17144.0,0,Paid
366468,49104,2026-04-01,2044.0,0,Paid
366478,49130,2026-04-01,4001.0,0,Paid
366482,49144,2026-04-01,3487.0,0,Paid
366494,49168,2026-04-01,21092.0,0,Paid
366509,49214,2026-04-01,2076.0,0,Paid
366550,49313,2026-04-01,2044.0,0,Paid
366559,49353,2026-04-01,22248.0,0,Paid
366584,49454,2026-04-01,2542.0,0,Paid
366597,49489,2026-04-01,2542.0,0,Paid
366626,49606,2026-04-01,1102.0,0,Paid
366631,49617,2026-04-01,11164.0,0,Paid
366640,49642,2026-04-01,2843.0,9,Paid Late
366673,49714,2026-04-01,17183.0,0,Paid
366676,49720,2026-04-01,3265.0,0,Paid
366697,49783,2026-04-01,33016.0,0,Paid
366700,49794,2026-04-01,20411.0,0,Paid
366706,49808,2026-04-01,734.0,0,Paid
366723,49872,2026-04-01,5842.0,0,Paid
366734,49913,2026-04-01,3547.0,0,Paid
366754,49980,2026-04-01,70024.0,0,Paid
366770,23,2026-05-01,5683.0,0,Paid
366778,43,2026-05-01,81686.0,0,Paid
366780,48,2026-05-01,1950.0,0,Paid
366783,58,2026-05-01,5139.0,9,Paid Late
366799,119,2026-05-01,58864.0,0,Paid
366816,155,2026-05-01,5776.0,0,Paid
366836,222,2026-05-01,802.0,0,Paid
366848,247,2026-05-01,11489.0,0,Paid
366862,283,2026-05-01,70779.0,0,Paid
366865,291,2026-05-01,1338.0,0,Paid
366873,308,2026-05-01,4562.0,7,Failed
366882,335,2026-05-01,1283.0,0,Paid
366885,341,2026-05-01,477220.0,0,Paid
366890,356,2026-05-01,2917.0,0,Paid
366897,378,2026-05-01,24311.0,0,Paid
366898,379,2026-05-01,12923.0,0,Paid
366924,460,2026-05-01,32006.0,0,Paid
366950,531,2026-05-01,2922.0,0,Paid
366966,575,2026-05-01,40616.0,0,Paid
367000,668,2026-05-01,548.0,13,Failed
367005,685,2026-05-01,2323.0,0,Paid
367007,689,2026-05-01,2363.0,0,Paid
367074,855,2026-05-01,3712.0,0,Paid
367081,874,2026-05-01,705920.0,0,Paid
367088,895,2026-05-01,1946.0,0,Paid
367121,1022,2026-05-01,31955.0,0,Paid
367131,1048,2026-05-01,22042.0,3,Paid Late
367133,1054,2026-05-01,2814.0,0,Paid
367138,1061,2026-05-01,1560.0,0,Paid
367141,1073,2026-05-01,2076.0,0,Paid
367147,1092,2026-05-01,1046.0,0,Paid
367151,1107,2026-05-01,34350.0,0,Paid
367170,1167,2026-05-01,40090.0,9,Paid Late
367180,1188,2026-05-01,1283.0,19,Failed
367192,1227,2026-05-01,3057.0,0,Paid
367195,1237,2026-05-01,2011.0,2,Paid Late
367210,1275,2026-05-01,17144.0,10,Failed
367229,1314,2026-05-01,5652.0,0,Paid
367240,1345,2026-05-01,237589.0,2,Paid Late
367247,1362,2026-05-01,5518.0,26,Failed
367254,1385,2026-05-01,1186.0,0,Paid
367256,1402,2026-05-01,39682.0,0,Paid
367392,1806,2026-05-01,59603.0,0,Paid
367425,1917,2026-05-01,74436.0,0,Paid
367478,2082,2026-05-01,42635.0,0,Paid
367595,2383,2026-05-01,30704.0,18,Paid Late
367653,2575,2026-05-01,734.0,0,Paid
367663,2620,2026-05-01,25733.0,0,Paid
367700,2713,2026-05-01,1310.0,8,Failed
367719,2754,2026-05-01,1558.0,0,Paid
367722,2761,2026-05-01,1572.0,0,Paid
367725,2768,2026-05-01,4274.0,0,Paid
367784,2920,2026-05-01,48841.0,0,Paid
367822,3036,2026-05-01,16651.0,0,Paid
367831,3054,2026-05-01,768.0,0,Paid
367871,3166,2026-05-01,71514.0,3,Failed
367875,3171,2026-05-01,137615.0,14,Paid Late
367915,3285,2026-05-01,106645.0,0,Paid
367918,3297,2026-05-01,548.0,20,Paid Late
367956,3421,2026-05-01,33627.0,0,Paid
367957,3422,2026-05-01,9439.0,0,Paid
368043,3656,2026-05-01,2489.0,0,Paid
368048,3669,2026-05-01,45166.0,0,Paid
368103,3805,2026-05-01,53122.0,0,Paid
368112,3835,2026-05-01,7352.0,0,Paid
368116,3840,2026-05-01,1296.0,0,Paid
368159,3958,2026-05-01,2872.0,0,Paid
368161,3966,2026-05-01,2898.0,7,Failed
368214,4108,2026-05-01,81175.0,0,Paid
368248,4192,2026-05-01,657364.0,24,Failed
368300,4376,2026-05-01,2011.0,0,Paid
368327,4453,2026-05-01,35797.0,0,Paid
368336,4480,2026-05-01,5017.0,16,Paid Late
368355,4534,2026-05-01,4634.0,0,Paid
368369,4576,2026-05-01,5087.0,0,Paid
368390,4626,2026-05-01,55699.0,43,Paid Late
368420,4719,2026-05-01,1599826.0,21,Paid Late
368445,4788,2026-05-01,24028.0,0,Paid
368449,4796,2026-05-01,14148.0,0,Paid
368454,4810,2026-05-01,31839.0,0,Paid
368459,4819,2026-05-01,201004.0,34,Paid Late
368494,4922,2026-05-01,5161.0,0,Paid
368520,5009,2026-05-01,2011.0,0,Paid
368526,5023,2026-05-01,3089.0,0,Paid
368536,5046,2026-05-01,37180.0,0,Paid
368582,5161,2026-05-01,3299.0,0,Paid
368591,5199,2026-05-01,5451.0,0,Paid
368599,5217,2026-05-01,34517.0,0,Paid
368656,5367,2026-05-01,103614.0,0,Paid
368669,5398,2026-05-01,36277.0,0,Paid
368672,5411,2026-05-01,66539.0,0,Paid
368683,5428,2026-05-01,7149.0,0,Paid
368713,5513,2026-05-01,56636.0,0,Paid
368721,5535,2026-05-01,2362187.0,20,Failed
368732,5566,2026-05-01,4498.0,0,Paid
368772,5657,2026-05-01,565.0,0,Paid
368773,5659,2026-05-01,20634.0,3,Paid Late
368789,5717,2026-05-01,26526.0,0,Paid
368800,5749,2026-05-01,2339.0,0,Paid
368802,5754,2026-05-01,2141.0,0,Paid
368816,5786,2026-05-01,2540.0,0,Paid
368854,5855,2026-05-01,3265.0,0,Paid
368901,5985,2026-05-01,1160.0,0,Paid
368937,6092,2026-05-01,101329.0,0,Paid
368939,6096,2026-05-01,11021.0,0,Paid
368950,6117,2026-05-01,1369634.0,0,Paid
368961,6149,2026-05-01,67102.0,0,Paid
369032,6317,2026-05-01,1283.0,0,Paid
369039,6362,2026-05-01,1123.0,0,Paid
369081,6487,2026-05-01,1884.0,0,Paid
369087,6505,2026-05-01,2243.0,0,Paid
369097,6529,2026-05-01,120502.0,0,Paid
369101,6545,2026-05-01,20610.0,0,Paid
369148,6693,2026-05-01,98223.0,0,Paid
369166,6744,2026-05-01,31650.0,0,Paid
369177,6781,2026-05-01,6952.0,0,Paid
369179,6786,2026-05-01,36689.0,30,Paid Late
369191,6814,2026-05-01,3057.0,0,Paid
369233,6937,2026-05-01,2348.0,0,Paid
369256,6997,2026-05-01,1103.0,0,Paid
369274,7039,2026-05-01,6624.0,0,Paid
369280,7058,2026-05-01,32192.0,0,Paid
369287,7071,2026-05-01,74012.0,30,Failed
369343,7225,2026-05-01,327186.0,0,Paid
369345,7227,2026-05-01,9399.0,30,Paid Late
369414,7430,2026-05-01,1527.0,0,Paid
369431,7497,2026-05-01,25703.0,0,Paid
369472,7609,2026-05-01,55399.0,0,Paid
369512,7710,2026-05-01,32305.0,42,Failed
369607,8013,2026-05-01,71960.0,0,Paid
369613,8039,2026-05-01,1664.0,0,Paid
369629,8085,2026-05-01,6348.0,5,Paid Late
369670,8179,2026-05-01,26592.0,0,Paid
369691,8236,2026-05-01,1162.0,0,Paid
369728,8339,2026-05-01,26320.0,0,Paid
369729,8340,2026-05-01,3299.0,0,Paid
369739,8359,2026-05-01,220148.0,5,Paid Late
369742,8371,2026-05-01,2484.0,0,Paid
369747,8392,2026-05-01,1838.0,0,Paid
369751,8400,2026-05-01,11761.0,18,Paid Late
369757,8424,2026-05-01,542.0,0,Paid
369860,8712,2026-05-01,2689.0,0,Paid
369865,8727,2026-05-01,7372.0,21,Failed
369885,8775,2026-05-01,792.0,0,Paid
369896,8799,2026-05-01,7671.0,8,Failed
369920,8895,2026-05-01,2328469.0,0,Paid
369924,8906,2026-05-01,1770.0,10,Paid Late
369930,8924,2026-05-01,1719.0,0,Paid
369978,9050,2026-05-01,2603.0,0,Paid
369989,9083,2026-05-01,2033.0,0,Paid
370005,9112,2026-05-01,34660.0,0,Paid
370017,9141,2026-05-01,2243.0,0,Paid
370025,9157,2026-05-01,7372.0,0,Paid
370059,9229,2026-05-01,59923.0,12,Failed
370074,9269,2026-05-01,3025.0,14,Paid Late
370075,9272,2026-05-01,819.0,0,Paid
370108,9365,2026-05-01,43780.0,0,Paid
370125,9399,2026-05-01,1310.0,0,Paid
370148,9465,2026-05-01,3402.0,0,Paid
370162,9505,2026-05-01,53713.0,0,Paid
370181,9565,2026-05-01,39102.0,0,Paid
370202,9636,2026-05-01,13035.0,35,Paid Late
370219,9694,2026-05-01,45101.0,0,Paid
370222,9703,2026-05-01,49695.0,0,Paid
370229,9724,2026-05-01,24644.0,0,Paid
370243,9768,2026-05-01,52055.0,17,Paid Late
370253,9794,2026-05-01,1990.0,0,Paid
370273,9836,2026-05-01,65536.0,0,Paid
370284,9866,2026-05-01,3231.0,0,Paid
370309,9947,2026-05-01,6831.0,0,Paid
370323,9995,2026-05-01,52813.0,0,Paid
370369,10160,2026-05-01,1338.0,0,Paid
370384,10214,2026-05-01,793.0,0,Paid
370397,10238,2026-05-01,63814.0,0,Paid
370400,10246,2026-05-01,1495.0,0,Paid
370408,10268,2026-05-01,16767.0,0,Paid
370426,10322,2026-05-01,3368.0,0,Paid
370431,10330,2026-05-01,143673.0,0,Paid
370473,10429,2026-05-01,66036.0,10,Paid Late
370474,10432,2026-05-01,530.0,0,Paid
370482,10457,2026-05-01,1080.0,0,Paid
370520,10591,2026-05-01,2569.0,0,Paid
370586,10771,2026-05-01,32562.0,14,Paid Late
370589,10780,2026-05-01,4042.0,0,Paid
370598,10808,2026-05-01,1511.0,0,Paid
370613,10855,2026-05-01,5087.0,10,Failed
370622,10883,2026-05-01,2372512.0,0,Paid
370673,11021,2026-05-01,728.0,0,Paid
370687,11068,2026-05-01,57240.0,12,Paid Late
370742,11261,2026-05-01,4545.0,0,Paid
370797,11410,2026-05-01,3025.0,10,Paid Late
370798,11414,2026-05-01,11776.0,0,Paid
370803,11425,2026-05-01,21761.0,0,Paid
370817,11457,2026-05-01,4877.0,0,Paid
370824,11478,2026-05-01,25893.0,0,Paid
370832,11499,2026-05-01,2839.0,0,Paid
370889,11639,2026-05-01,1495.0,0,Paid
370943,11789,2026-05-01,121770.0,0,Paid
370970,11833,2026-05-01,1365.0,0,Paid
370978,11861,2026-05-01,1884.0,58,Failed
370983,11883,2026-05-01,58642.0,0,Paid
371003,11941,2026-05-01,30514.0,0,Paid
371030,12008,2026-05-01,827.0,0,Paid
371060,12095,2026-05-01,477220.0,0,Paid
371063,12103,2026-05-01,59923.0,0,Paid
371092,12176,2026-05-01,35863.0,0,Paid
371107,12218,2026-05-01,38642.0,0,Paid
371114,12239,2026-05-01,3541.0,0,Paid
371117,12244,2026-05-01,4452.0,0,Paid
371142,12321,2026-05-01,37080.0,0,Paid
371169,12375,2026-05-01,104352.0,0,Paid
371174,12392,2026-05-01,3057.0,0,Paid
371257,12586,2026-05-01,1646.0,0,Paid
371258,12588,2026-05-01,2872.0,0,Paid
371261,12592,2026-05-01,2609.0,0,Paid
371265,12602,2026-05-01,519.0,0,Paid
371296,12673,2026-05-01,13242.0,0,Paid
371317,12720,2026-05-01,6693.0,18,Paid Late
371320,12728,2026-05-01,48876.0,0,Paid
371355,12819,2026-05-01,1792.0,8,Paid Late
371369,12867,2026-05-01,4871.0,0,Paid
371422,12990,2026-05-01,819.0,0,Paid
371473,13155,2026-05-01,548.0,0,Paid
371492,13213,2026-05-01,477220.0,10,Paid Late
371493,13215,2026-05-01,6555.0,0,Paid
371499,13230,2026-05-01,1810.0,0,Paid
371525,13308,2026-05-01,33707.0,0,Paid
371558,13412,2026-05-01,559.0,9,Paid Late
371574,13468,2026-05-01,2412.0,0,Paid
371580,13481,2026-05-01,7149.0,9,Paid Late
371600,13539,2026-05-01,82783.0,0,Paid
371634,13618,2026-05-01,1123.0,0,Paid
371643,13637,2026-05-01,6831.0,31,Paid Late
371651,13647,2026-05-01,1572.0,0,Paid
371709,13806,2026-05-01,57124.0,0,Paid
371768,13997,2026-05-01,2818.0,0,Failed
371866,14249,2026-05-01,1162.0,0,Paid
371874,14270,2026-05-01,134854.0,0,Paid
371875,14271,2026-05-01,2516.0,0,Paid
371880,14279,2026-05-01,59719.0,0,Paid
371889,14312,2026-05-01,34204.0,22,Paid Late
371915,14388,2026-05-01,1751.0,0,Paid
372005,14674,2026-05-01,199532.0,0,Paid
372015,14706,2026-05-01,15307.0,0,Paid
372026,14732,2026-05-01,3217.0,0,Paid
372062,14837,2026-05-01,22166.0,0,Paid
372110,14970,2026-05-01,1083.0,0,Paid
372134,15049,2026-05-01,2516.0,0,Paid
372194,15186,2026-05-01,1719.0,0,Paid
372196,15189,2026-05-01,2021.0,0,Paid
372198,15193,2026-05-01,23000.0,0,Paid
372255,15368,2026-05-01,645.0,0,Paid
372263,15380,2026-05-01,5518.0,0,Paid
372267,15389,2026-05-01,1846.0,0,Paid
372276,15412,2026-05-01,17265.0,0,Paid
372298,15472,2026-05-01,4929.0,0,Paid
372352,15612,2026-05-01,3224.0,0,Paid
372362,15639,2026-05-01,2521.0,0,Paid
372397,15741,2026-05-01,2372.0,0,Paid
372410,15774,2026-05-01,24758.0,0,Paid
372414,15791,2026-05-01,819.0,15,Failed
372442,15858,2026-05-01,3651.0,0,Paid
372488,15962,2026-05-01,3504.0,23,Paid Late
372511,16036,2026-05-01,26440.0,2,Failed
372514,16048,2026-05-01,2119.0,25,Paid Late
372526,16073,2026-05-01,58235.0,0,Paid
372546,16131,2026-05-01,78371.0,0,Paid
372582,16280,2026-05-01,6627.0,0,Paid
372605,16348,2026-05-01,24985.0,0,Paid
372607,16353,2026-05-01,1827.0,0,Paid
372618,16381,2026-05-01,1626.0,0,Paid
372623,16405,2026-05-01,2158218.0,0,Paid
372658,16487,2026-05-01,159592.0,7,Paid Late
372743,16705,2026-05-01,2323.0,0,Paid
372745,16712,2026-05-01,186033.0,0,Paid
372769,16769,2026-05-01,57793.0,0,Paid
372846,16996,2026-05-01,6438.0,0,Paid
372850,17010,2026-05-01,2009.0,29,Paid Late
372871,17072,2026-05-01,38010.0,0,Paid
372879,17095,2026-05-01,59975.0,31,Paid Late
372897,17147,2026-05-01,25145.0,16,Failed
372992,17352,2026-05-01,2323.0,0,Paid
373000,17368,2026-05-01,4124.0,0,Paid
373025,17432,2026-05-01,21919.0,0,Paid
373063,17555,2026-05-01,17564.0,20,Paid Late
373117,17724,2026-05-01,1174.0,12,Paid Late
373128,17745,2026-05-01,227235.0,0,Paid
373137,17774,2026-05-01,189790.0,0,Paid
373145,17800,2026-05-01,24447.0,0,Paid
373150,17818,2026-05-01,6348.0,0,Paid
373151,17819,2026-05-01,2339.0,0,Paid
373162,17838,2026-05-01,7751.0,0,Paid
373175,17862,2026-05-01,11545.0,0,Paid
373198,17923,2026-05-01,3075.0,0,Paid
373200,17929,2026-05-01,120313.0,0,Paid
373217,17974,2026-05-01,3368.0,0,Paid
373222,17993,2026-05-01,69976.0,0,Paid
373229,18013,2026-05-01,1593.0,6,Failed
373244,18050,2026-05-01,1013.0,0,Paid
373249,18057,2026-05-01,4592.0,0,Paid
373263,18088,2026-05-01,5906.0,0,Paid
373268,18104,2026-05-01,21997.0,3,Paid Late
373278,18130,2026-05-01,64675.0,0,Paid
373336,18303,2026-05-01,14574.0,0,Paid
373338,18307,2026-05-01,53713.0,0,Paid
373438,18605,2026-05-01,13425.0,0,Paid
373457,18662,2026-05-01,2596.0,0,Paid
373478,18732,2026-05-01,9115.0,0,Paid
373505,18808,2026-05-01,1511.0,0,Paid
373507,18811,2026-05-01,2122.0,0,Paid
373532,18887,2026-05-01,102058.0,0,Paid
373533,18901,2026-05-01,14528.0,0,Paid
373534,18902,2026-05-01,35717.0,0,Paid
373540,18914,2026-05-01,2872.0,14,Paid Late
373569,18997,2026-05-01,5451.0,31,Failed
373571,19002,2026-05-01,61612.0,0,Paid
373580,19036,2026-05-01,71415.0,34,Paid Late
373594,19095,2026-05-01,6210.0,0,Paid
373599,19107,2026-05-01,33361.0,4,Failed
373634,19221,2026-05-01,3207.0,0,Paid
373648,19266,2026-05-01,3176.0,0,Paid
373719,19444,2026-05-01,1664.0,8,Paid Late
373725,19456,2026-05-01,66664.0,0,Paid
373733,19468,2026-05-01,2707.0,0,Paid
373765,19560,2026-05-01,3651.0,0,Paid
373806,19694,2026-05-01,1925.0,33,Paid Late
373819,19729,2026-05-01,9228.0,0,Paid
373834,19769,2026-05-01,3282.0,0,Paid
373839,19777,2026-05-01,2420.0,0,Paid
373845,19794,2026-05-01,6690.0,0,Paid
373852,19811,2026-05-01,2958.0,0,Paid
373948,20071,2026-05-01,3153.0,0,Paid
373954,20082,2026-05-01,65108.0,10,Failed
373972,20131,2026-05-01,1199.0,0,Paid
373988,20162,2026-05-01,40616.0,8,Paid Late
374014,20244,2026-05-01,30407.0,0,Paid
374032,20288,2026-05-01,105987.0,0,Paid
374035,20296,2026-05-01,3103.0,0,Paid
374048,20335,2026-05-01,3487.0,5,Paid Late
374068,20391,2026-05-01,14361.0,0,Paid
374097,20493,2026-05-01,4592.0,0,Paid
374106,20516,2026-05-01,4545.0,0,Paid
374124,20574,2026-05-01,1186.0,0,Paid
374130,20595,2026-05-01,2141.0,0,Paid
374162,20677,2026-05-01,46293.0,0,Paid
374203,20797,2026-05-01,17388.0,13,Paid Late
374210,20821,2026-05-01,40857.0,0,Paid
374244,20940,2026-05-01,2141.0,0,Paid
374264,20987,2026-05-01,1808.0,0,Paid
374265,20988,2026-05-01,3167.0,0,Paid
374280,21026,2026-05-01,1560.0,0,Paid
374322,21126,2026-05-01,4264.0,0,Paid
374332,21156,2026-05-01,12965.0,0,Paid
374380,21277,2026-05-01,6417.0,0,Paid
374386,21287,2026-05-01,2219.0,0,Paid
374387,21288,2026-05-01,3467.0,0,Paid
374465,21504,2026-05-01,3523.0,0,Paid
374479,21542,2026-05-01,2596.0,0,Paid
374485,21561,2026-05-01,2275.0,4,Paid Late
374529,21682,2026-05-01,57704.0,0,Paid
374556,21751,2026-05-01,15747.0,0,Paid
374567,21783,2026-05-01,4498.0,0,Paid
374699,22106,2026-05-01,2388.0,19,Paid Late
374702,22110,2026-05-01,1200.0,0,Paid
374715,22139,2026-05-01,1560.0,0,Paid
374720,22154,2026-05-01,2435.0,0,Paid
374740,22215,2026-05-01,2119.0,3,Paid Late
374764,22290,2026-05-01,20181.0,0,Paid
374767,22297,2026-05-01,16504.0,0,Paid
374777,22343,2026-05-01,13335.0,0,Paid
374780,22350,2026-05-01,33988.0,0,Paid
374815,22447,2026-05-01,25658.0,0,Paid
374825,22485,2026-05-01,11423.0,0,Paid
374827,22487,2026-05-01,2315.0,0,Paid
374857,22573,2026-05-01,6616.0,0,Paid
374874,22605,2026-05-01,1610.0,0,Paid
374900,22662,2026-05-01,7081.0,0,Paid
374909,22676,2026-05-01,3655.0,0,Paid
374937,22756,2026-05-01,692.0,5,Paid Late
374997,22915,2026-05-01,1430.0,0,Paid
375032,22999,2026-05-01,56625.0,0,Paid
375084,23130,2026-05-01,37980.0,0,Paid
375100,23169,2026-05-01,2372.0,0,Paid
375205,23467,2026-05-01,40244.0,0,Paid
375212,23484,2026-05-01,7352.0,0,Paid
375223,23508,2026-05-01,3072.0,0,Paid
375294,23713,2026-05-01,31064.0,0,Paid
375362,23892,2026-05-01,810.0,46,Paid Late
375377,23931,2026-05-01,26037.0,0,Paid
375413,24011,2026-05-01,2048.0,0,Paid
375443,24087,2026-05-01,7233.0,4,Failed
375476,24180,2026-05-01,2877.0,0,Paid
375482,24199,2026-05-01,17951.0,0,Paid
375487,24222,2026-05-01,1277456.0,3,Failed
375507,24298,2026-05-01,47487.0,0,Paid
375572,24484,2026-05-01,1792.0,0,Paid
375597,24563,2026-05-01,1846.0,0,Paid
375611,24595,2026-05-01,3614.0,0,Paid
375648,24703,2026-05-01,2219.0,0,Paid
375651,24712,2026-05-01,53107.0,23,Paid Late
375656,24733,2026-05-01,7831.0,0,Paid
375672,24772,2026-05-01,1080.0,0,Paid
375698,24829,2026-05-01,7671.0,0,Paid
375704,24838,2026-05-01,1751.0,12,Paid Late
375705,24845,2026-05-01,1427.0,13,Paid Late
375706,24848,2026-05-01,3138.0,0,Paid
375721,24880,2026-05-01,464.0,0,Paid
375746,24948,2026-05-01,3368.0,0,Paid
375749,24957,2026-05-01,29292.0,0,Paid
375773,25035,2026-05-01,2033.0,0,Paid
375785,25075,2026-05-01,237761.0,0,Paid
375806,25138,2026-05-01,28196.0,0,Paid
375809,25145,2026-05-01,2372.0,0,Paid
375836,25235,2026-05-01,31622.0,16,Failed
375839,25247,2026-05-01,1057.0,0,Paid
375845,25256,2026-05-01,61877.0,0,Paid
375864,25319,2026-05-01,810.0,0,Paid
375867,25328,2026-05-01,819752.0,40,Failed
375868,25330,2026-05-01,1102.0,26,Paid Late
375871,25336,2026-05-01,1269.0,0,Paid
375890,25380,2026-05-01,1028.0,0,Paid
375916,25448,2026-05-01,7192.0,0,Paid
375965,25560,2026-05-01,4358.0,0,Paid
375985,25613,2026-05-01,55921.0,0,Paid
376003,25666,2026-05-01,70736.0,0,Paid
376014,25694,2026-05-01,18422.0,0,Paid
376016,25696,2026-05-01,2106.0,0,Paid
376053,25790,2026-05-01,19469.0,0,Paid
376093,25919,2026-05-01,21319.0,0,Paid
376094,25920,2026-05-01,3153.0,0,Paid
376106,25951,2026-05-01,1755.0,0,Paid
376164,26147,2026-05-01,15972.0,0,Paid
376202,26243,2026-05-01,3918.0,0,Paid
376289,26507,2026-05-01,924.0,0,Paid
376317,26592,2026-05-01,31946.0,0,Paid
376351,26685,2026-05-01,810.0,0,Paid
376366,26714,2026-05-01,19214.0,0,Paid
376374,26744,2026-05-01,58108.0,0,Paid
376403,26817,2026-05-01,32605.0,0,Paid
376409,26835,2026-05-01,147195.0,23,Failed
376436,26911,2026-05-01,751.0,0,Paid
376459,26965,2026-05-01,1950977.0,14,Paid Late
376498,27087,2026-05-01,2569.0,0,Paid
376516,27133,2026-05-01,6792.0,0,Paid
376550,27248,2026-05-01,31546.0,0,Paid
376561,27277,2026-05-01,793.0,0,Paid
376578,27315,2026-05-01,3121.0,0,Paid
376580,27322,2026-05-01,65172.0,0,Paid
376587,27337,2026-05-01,44664.0,0,Paid
376599,27373,2026-05-01,835.0,3,Paid Late
376601,27381,2026-05-01,2251.0,0,Paid
376604,27392,2026-05-01,1713.0,0,Paid
376666,27545,2026-05-01,1102.0,0,Paid
376681,27588,2026-05-01,31514.0,0,Paid
376717,27670,2026-05-01,2130.0,0,Paid
376762,27778,2026-05-01,25244.0,0,Paid
376769,27791,2026-05-01,48865.0,0,Paid
376783,27834,2026-05-01,52226.0,0,Paid
376823,27940,2026-05-01,3416.0,0,Paid
376835,27963,2026-05-01,1774.0,0,Paid
376879,28082,2026-05-01,4824.0,0,Paid
376920,28203,2026-05-01,7512.0,8,Paid Late
376937,28239,2026-05-01,2672.0,0,Paid
376951,28276,2026-05-01,48578.0,0,Paid
376954,28284,2026-05-01,113903.0,0,Paid
376985,28370,2026-05-01,32057.0,0,Paid
376989,28382,2026-05-01,14838.0,0,Paid
377009,28440,2026-05-01,1338.0,0,Paid
377011,28453,2026-05-01,2726.0,7,Paid Late
377026,28508,2026-05-01,2579.0,0,Paid
377041,28546,2026-05-01,28886.0,0,Paid
377044,28551,2026-05-01,37444.0,0,Paid
377084,28689,2026-05-01,2167.0,0,Paid
377106,28746,2026-05-01,7538.0,0,Paid
377165,28899,2026-05-01,4523.0,16,Paid Late
377195,28977,2026-05-01,56635.0,0,Paid
377223,29074,2026-05-01,62115.0,0,Paid
377248,29155,2026-05-01,32696.0,0,Paid
377253,29175,2026-05-01,2388.0,0,Paid
377279,29251,2026-05-01,57502.0,0,Paid
377297,29302,2026-05-01,110674.0,0,Paid
377321,29367,2026-05-01,10306.0,0,Paid
377333,29404,2026-05-01,827.0,0,Paid
377367,29499,2026-05-01,30077.0,0,Paid
377375,29520,2026-05-01,18954.0,0,Paid
377386,29546,2026-05-01,23809.0,0,Paid
377434,29667,2026-05-01,82879.0,0,Paid
377438,29679,2026-05-01,4452.0,0,Paid
377484,29805,2026-05-01,2243.0,0,Paid
377498,29832,2026-05-01,2171.0,0,Paid
377499,29835,2026-05-01,6624.0,0,Paid
377532,29926,2026-05-01,13277.0,0,Paid
377550,29986,2026-05-01,56080.0,0,Paid
377633,30229,2026-05-01,215516.0,0,Paid
377662,30318,2026-05-01,218383.0,0,Paid
377691,30410,2026-05-01,11300.0,0,Paid
377719,30484,2026-05-01,1087.0,0,Paid
377798,30716,2026-05-01,2659.0,40,Paid Late
377804,30736,2026-05-01,46640.0,0,Paid
377833,30798,2026-05-01,48100.0,18,Paid Late
377843,30819,2026-05-01,157296.0,0,Paid
377844,30820,2026-05-01,2768.0,0,Paid
377865,30866,2026-05-01,2348.0,0,Paid
377866,30867,2026-05-01,1713.0,0,Paid
377871,30905,2026-05-01,151762.0,0,Paid
377876,30920,2026-05-01,1527.0,0,Paid
377932,31051,2026-05-01,13111.0,0,Paid
377956,31126,2026-05-01,5103.0,0,Paid
377971,31158,2026-05-01,2902.0,0,Paid
377972,31160,2026-05-01,2251.0,0,Paid
377980,31179,2026-05-01,4982.0,0,Paid
378009,31267,2026-05-01,267894.0,8,Failed
378028,31324,2026-05-01,4217.0,0,Paid
378032,31331,2026-05-01,2755.0,0,Paid
378050,31359,2026-05-01,1527.0,0,Paid
378060,31392,2026-05-01,2275.0,0,Paid
378065,31417,2026-05-01,3184.0,0,Paid
378082,31468,2026-05-01,5451.0,0,Paid
378109,31544,2026-05-01,63622.0,0,Paid
378112,31551,2026-05-01,4615.0,0,Paid
378117,31563,2026-05-01,1609.0,6,Paid Late
378158,31691,2026-05-01,2251.0,0,Paid
378162,31701,2026-05-01,2130.0,0,Paid
378172,31726,2026-05-01,2898.0,0,Paid
378175,31730,2026-05-01,3393.0,0,Paid
378194,31775,2026-05-01,14322.0,0,Paid
378209,31811,2026-05-01,2872.0,0,Paid
378257,31969,2026-05-01,1467.0,0,Paid
378263,31983,2026-05-01,27698.0,0,Paid
378271,32005,2026-05-01,9197.0,0,Paid
378278,32019,2026-05-01,4001.0,0,Paid
378312,32121,2026-05-01,34824.0,17,Paid Late
378320,32137,2026-05-01,50694.0,0,Paid
378333,32171,2026-05-01,18771.0,24,Paid Late
378349,32211,2026-05-01,6693.0,0,Paid
378380,32302,2026-05-01,187657.0,0,Paid
378414,32392,2026-05-01,1808.0,26,Paid Late
378420,32405,2026-05-01,5883.0,18,Failed
378426,32422,2026-05-01,145887.0,0,Paid
378427,32430,2026-05-01,27135.0,0,Paid
378436,32453,2026-05-01,785.0,0,Paid
378467,32521,2026-05-01,827.0,0,Paid
378471,32529,2026-05-01,2098.0,0,Paid
378472,32531,2026-05-01,1329275.0,0,Paid
378474,32536,2026-05-01,12101.0,0,Paid
378538,32670,2026-05-01,105008.0,0,Paid
378571,32775,2026-05-01,8478.0,0,Paid
378584,32811,2026-05-01,29200.0,0,Paid
378618,32920,2026-05-01,1324.0,0,Paid
378645,32995,2026-05-01,23894.0,0,Paid
378658,33021,2026-05-01,37282.0,0,Paid
378678,33086,2026-05-01,835.0,0,Paid
378698,33130,2026-05-01,2902.0,0,Paid
378702,33138,2026-05-01,1511.0,0,Paid
378728,33208,2026-05-01,56683.0,14,Failed
378752,33280,2026-05-01,52225.0,21,Paid Late
378754,33284,2026-05-01,956.0,0,Paid
378786,33372,2026-05-01,34162.0,0,Paid
378913,33729,2026-05-01,15579.0,0,Paid
378935,33774,2026-05-01,1789.0,0,Paid
378937,33776,2026-05-01,2348.0,26,Paid Late
378938,33778,2026-05-01,1990.0,0,Paid
378945,33794,2026-05-01,59261.0,0,Paid
378946,33796,2026-05-01,17556.0,0,Paid
378982,33919,2026-05-01,49721.0,0,Paid
378984,33928,2026-05-01,17950.0,0,Paid
378992,33945,2026-05-01,14236.0,0,Paid
379001,33975,2026-05-01,4170.0,0,Paid
379005,33986,2026-05-01,2346494.0,0,Paid
379011,34001,2026-05-01,3430.0,12,Paid Late
379023,34038,2026-05-01,46796.0,0,Paid
379039,34076,2026-05-01,2382.0,0,Paid
379085,34201,2026-05-01,6417.0,2,Failed
379107,34261,2026-05-01,3416.0,0,Paid
379110,34265,2026-05-01,1719.0,0,Paid
379177,34482,2026-05-01,5351.0,15,Paid Late
379198,34534,2026-05-01,1440.0,16,Paid Late
379206,34559,2026-05-01,35876.0,0,Paid
379225,34615,2026-05-01,59859.0,14,Paid Late
379265,34721,2026-05-01,21805.0,0,Paid
379273,34735,2026-05-01,51574.0,0,Paid
379290,34781,2026-05-01,2065.0,20,Paid Late
379296,34795,2026-05-01,3430.0,0,Paid
379320,34863,2026-05-01,4965.0,0,Paid
379322,34879,2026-05-01,2190.0,0,Paid
379326,34889,2026-05-01,1642.0,0,Paid
379351,34955,2026-05-01,53399.0,0,Paid
379371,35003,2026-05-01,37860.0,0,Paid
379385,35042,2026-05-01,3368.0,0,Paid
379394,35071,2026-05-01,25348.0,0,Paid
379490,35343,2026-05-01,4639.0,0,Paid
379493,35346,2026-05-01,1678.0,0,Paid
379526,35439,2026-05-01,2740.0,0,Paid
379562,35550,2026-05-01,802.0,0,Paid
379631,35763,2026-05-01,138296.0,0,Paid
379670,35860,2026-05-01,1186.0,0,Paid
379686,35912,2026-05-01,2542.0,0,Paid
379694,35927,2026-05-01,3162.0,0,Paid
379696,35933,2026-05-01,282345.0,0,Paid
379726,36017,2026-05-01,34287.0,0,Paid
379729,36021,2026-05-01,810.0,0,Paid
379751,36072,2026-05-01,946.0,0,Paid
379764,36117,2026-05-01,32901.0,0,Paid
379779,36158,2026-05-01,519.0,0,Paid
379783,36173,2026-05-01,835.0,0,Paid
379790,36197,2026-05-01,5842.0,0,Paid
379812,36240,2026-05-01,2076.0,0,Paid
379944,36587,2026-05-01,2749.0,10,Paid Late
379949,36599,2026-05-01,6478.0,12,Paid Late
380008,36773,2026-05-01,4042.0,8,Paid Late
380014,36791,2026-05-01,4083.0,0,Paid
380024,36815,2026-05-01,18148.0,0,Paid
380042,36886,2026-05-01,1338.0,0,Paid
380052,36906,2026-05-01,1618.0,7,Paid Late
380057,36920,2026-05-01,3877.0,0,Paid
380078,36980,2026-05-01,19507.0,0,Paid
380084,36995,2026-05-01,214142.0,0,Paid
380122,37105,2026-05-01,2275.0,0,Paid
380126,37116,2026-05-01,231219.0,0,Paid
380133,37134,2026-05-01,3223.0,0,Paid
380154,37179,2026-05-01,2019.0,38,Failed
380196,37285,2026-05-01,45433.0,16,Failed
380210,37335,2026-05-01,2403.0,0,Paid
380230,37398,2026-05-01,63094.0,0,Paid
380238,37419,2026-05-01,4089.0,0,Paid
380241,37424,2026-05-01,116696.0,0,Paid
380261,37460,2026-05-01,281043.0,0,Paid
380273,37487,2026-05-01,111977.0,0,Paid
380276,37500,2026-05-01,7512.0,0,Paid
380295,37545,2026-05-01,2171.0,0,Paid
380304,37563,2026-05-01,614639.0,0,Paid
380320,37605,2026-05-01,31843.0,0,Paid
380343,37672,2026-05-01,30109.0,0,Paid
380367,37747,2026-05-01,1162.0,0,Paid
380372,37767,2026-05-01,10459.0,0,Paid
380439,37940,2026-05-01,5969.0,0,Paid
380455,37982,2026-05-01,27170.0,0,Paid
380474,38022,2026-05-01,3368.0,0,Paid
380491,38086,2026-05-01,68496.0,0,Paid
380495,38095,2026-05-01,3381.0,0,Paid
380529,38189,2026-05-01,2219.0,0,Paid
380534,38197,2026-05-01,6624.0,0,Paid
380535,38198,2026-05-01,819.0,0,Paid
380540,38211,2026-05-01,3467.0,3,Paid Late
380547,38227,2026-05-01,2339.0,0,Paid
380573,38306,2026-05-01,2667.0,0,Paid
380594,38367,2026-05-01,31289.0,22,Paid Late
380596,38373,2026-05-01,4311.0,0,Paid
380674,38612,2026-05-01,16682.0,8,Paid Late
380693,38661,2026-05-01,8716.0,40,Paid Late
380708,38700,2026-05-01,819.0,0,Paid
380722,38728,2026-05-01,32324.0,29,Paid Late
380733,38766,2026-05-01,62413.0,0,Paid
380738,38775,2026-05-01,1626.0,0,Paid
380756,38812,2026-05-01,2396.0,0,Paid
380758,38823,2026-05-01,16893.0,0,Paid
380784,38906,2026-05-01,101271.0,0,Paid
380796,38939,2026-05-01,67627.0,0,Paid
380829,39040,2026-05-01,68454.0,16,Failed
380840,39062,2026-05-01,6553.0,20,Failed
380939,39375,2026-05-01,24219.0,0,Paid
380974,39486,2026-05-01,1111.0,0,Paid
381016,39592,2026-05-01,49206.0,0,Paid
381063,39739,2026-05-01,3368.0,0,Paid
381085,39810,2026-05-01,296530.0,0,Paid
381106,39869,2026-05-01,3614.0,0,Paid
381114,39896,2026-05-01,3959.0,0,Paid
381136,39965,2026-05-01,59077.0,0,Paid
381176,40093,2026-05-01,1810.0,0,Paid
381198,40154,2026-05-01,259027.0,18,Failed
381202,40163,2026-05-01,69976.0,0,Paid
381203,40166,2026-05-01,3308.0,0,Paid
381246,40270,2026-05-01,3452.0,0,Paid
381264,40330,2026-05-01,5087.0,16,Failed
381322,40485,2026-05-01,2902.0,0,Paid
381345,40544,2026-05-01,77468.0,0,Paid
381388,40659,2026-05-01,802.0,0,Paid
381417,40757,2026-05-01,9177.0,0,Paid
381441,40826,2026-05-01,7149.0,0,Paid
381445,40843,2026-05-01,2033.0,11,Paid Late
381457,40882,2026-05-01,5670.0,0,Paid
381459,40892,2026-05-01,30093.0,0,Paid
381496,41021,2026-05-01,23004.0,0,Paid
381518,41106,2026-05-01,63622.0,24,Paid Late
381529,41128,2026-05-01,14670.0,0,Paid
381554,41212,2026-05-01,5978.0,0,Paid
381576,41280,2026-05-01,2930.0,0,Paid
381581,41289,2026-05-01,2355.0,0,Paid
381672,41531,2026-05-01,95639.0,0,Paid
381676,41542,2026-05-01,35417.0,0,Paid
381681,41554,2026-05-01,5822.0,0,Paid
381712,41660,2026-05-01,4498.0,12,Failed
381722,41686,2026-05-01,1324.0,21,Paid Late
381728,41704,2026-05-01,1223.0,0,Paid
381731,41709,2026-05-01,59497.0,0,Paid
381733,41717,2026-05-01,1046.0,0,Paid
381737,41740,2026-05-01,3504.0,0,Paid
381750,41776,2026-05-01,1690.0,0,Paid
381771,41834,2026-05-01,2872.0,6,Failed
381773,41845,2026-05-01,59411.0,0,Paid
381776,41853,2026-05-01,181849.0,20,Failed
381779,41859,2026-05-01,5567.0,0,Paid
381783,41868,2026-05-01,3282.0,0,Paid
381793,41888,2026-05-01,37287.0,0,Paid
381812,41946,2026-05-01,1412.0,0,Paid
381815,41955,2026-05-01,3959.0,0,Paid
381816,41956,2026-05-01,3196.0,0,Paid
381820,41961,2026-05-01,4639.0,0,Paid
381824,41970,2026-05-01,15914.0,0,Paid
381833,41985,2026-05-01,519.0,0,Paid
381860,42058,2026-05-01,5335.0,0,Paid
381861,42060,2026-05-01,64393.0,0,Paid
381876,42105,2026-05-01,2931.0,0,Paid
381902,42176,2026-05-01,3541.0,18,Paid Late
381910,42196,2026-05-01,542.0,4,Paid Late
381940,42264,2026-05-01,9584.0,0,Paid
381964,42342,2026-05-01,3918.0,17,Paid Late
381978,42382,2026-05-01,56897.0,37,Paid Late
381986,42398,2026-05-01,287332.0,0,Paid
381997,42428,2026-05-01,2868.0,8,Failed
382003,42446,2026-05-01,759.0,0,Paid
382015,42484,2026-05-01,1610.0,0,Paid
382049,42606,2026-05-01,5724.0,25,Paid Late
382055,42620,2026-05-01,2872.0,0,Paid
382062,42635,2026-05-01,548.0,10,Paid Late
382102,42762,2026-05-01,38642.0,0,Paid
382119,42805,2026-05-01,2703.0,0,Paid
382142,42868,2026-05-01,1137.0,0,Paid
382174,42960,2026-05-01,2408.0,0,Paid
382175,42962,2026-05-01,570.0,10,Failed
382211,43041,2026-05-01,210808.0,0,Paid
382252,43162,2026-05-01,995.0,0,Paid
382253,43165,2026-05-01,24803.0,0,Paid
382270,43194,2026-05-01,1481.0,0,Paid
382291,43248,2026-05-01,3231.0,0,Paid
382294,43251,2026-05-01,5451.0,0,Paid
382335,43331,2026-05-01,12758.0,43,Paid Late
382346,43358,2026-05-01,58231.0,0,Paid
382375,43428,2026-05-01,1682.0,0,Paid
382378,43444,2026-05-01,6287.0,0,Paid
382395,43477,2026-05-01,9519.0,0,Paid
382418,43533,2026-05-01,23210.0,0,Paid
382428,43556,2026-05-01,2726.0,0,Paid
382469,43663,2026-05-01,36167.0,0,Paid
382470,43665,2026-05-01,2122.0,0,Paid
382485,43702,2026-05-01,2784.0,0,Paid
382537,43871,2026-05-01,73481.0,0,Paid
382629,44132,2026-05-01,2251.0,0,Paid
382639,44154,2026-05-01,7074.0,0,Paid
382656,44211,2026-05-01,4083.0,0,Paid
382661,44225,2026-05-01,39333.0,0,Paid
382681,44258,2026-05-01,9487.0,0,Paid
382708,44356,2026-05-01,5277.0,0,Paid
382712,44365,2026-05-01,7671.0,0,Paid
382741,44453,2026-05-01,3207.0,36,Failed
382769,44541,2026-05-01,1569.0,0,Paid
382797,44611,2026-05-01,1846.0,0,Paid
382799,44620,2026-05-01,24455.0,0,Paid
382822,44692,2026-05-01,54366.0,0,Paid
382834,44722,2026-05-01,13425.0,0,Paid
382923,44979,2026-05-01,2119.0,41,Failed
382981,45151,2026-05-01,1137.0,0,Paid
383005,45220,2026-05-01,827.0,0,Paid
383055,45344,2026-05-01,38339.0,0,Paid
383080,45395,2026-05-01,3651.0,0,Paid
383091,45424,2026-05-01,1774.0,0,Paid
383121,45507,2026-05-01,2195.0,0,Paid
383122,45509,2026-05-01,2295151.0,23,Failed
383136,45541,2026-05-01,58108.0,30,Paid Late
383138,45547,2026-05-01,2014.0,0,Paid
383152,45588,2026-05-01,21956.0,0,Paid
383157,45606,2026-05-01,30648.0,0,Paid
383158,45608,2026-05-01,542.0,47,Paid Late
383168,45638,2026-05-01,40861.0,0,Paid
383191,45702,2026-05-01,1770.0,34,Failed
383194,45708,2026-05-01,2921.0,0,Paid
383217,45757,2026-05-01,15747.0,0,Paid
383243,45827,2026-05-01,7831.0,0,Paid
383246,45831,2026-05-01,1338.0,0,Paid
383277,45909,2026-05-01,15775.0,0,Paid
383301,45983,2026-05-01,252276.0,0,Paid
383314,46011,2026-05-01,242402.0,0,Paid
383331,46059,2026-05-01,23965.0,0,Paid
383334,46063,2026-05-01,94226.0,0,Paid
383343,46074,2026-05-01,90483.0,0,Paid
383352,46088,2026-05-01,7372.0,0,Paid
383379,46158,2026-05-01,21092.0,0,Paid
383508,46503,2026-05-01,145189.0,28,Paid Late
383554,46607,2026-05-01,2856.0,0,Paid
383573,46659,2026-05-01,1256.0,0,Paid
383591,46708,2026-05-01,4639.0,0,Paid
383604,46731,2026-05-01,4452.0,32,Failed
383606,46734,2026-05-01,41336.0,6,Failed
383609,46740,2026-05-01,39523.0,0,Paid
383662,46903,2026-05-01,13610.0,0,Paid
383713,47036,2026-05-01,3334.0,0,Paid
383736,47100,2026-05-01,25906.0,0,Paid
383775,47208,2026-05-01,1046.0,0,Paid
383836,47391,2026-05-01,1884.0,0,Paid
383840,47413,2026-05-01,1057.0,0,Paid
383869,47514,2026-05-01,1223.0,0,Paid
383872,47527,2026-05-01,4452.0,0,Paid
383919,47666,2026-05-01,1713.0,0,Paid
383920,47676,2026-05-01,123412.0,0,Paid
383987,47863,2026-05-01,1884.0,0,Paid
383990,47872,2026-05-01,13864.0,0,Paid
383997,47889,2026-05-01,203288.0,0,Paid
384007,47913,2026-05-01,3231.0,0,Paid
384009,47922,2026-05-01,1324.0,0,Paid
384029,47989,2026-05-01,6831.0,20,Paid Late
384037,48026,2026-05-01,544007.0,0,Paid
384045,48050,2026-05-01,542.0,0,Paid
384072,48123,2026-05-01,2870.0,0,Paid
384088,48159,2026-05-01,3783.0,0,Paid
384111,48223,2026-05-01,8132.0,0,Paid
384148,48337,2026-05-01,3162.0,0,Paid
384154,48355,2026-05-01,4592.0,0,Paid
384165,48384,2026-05-01,1273957.0,23,Paid Late
384179,48427,2026-05-01,3231.0,0,Paid
384235,48567,2026-05-01,1269.0,0,Paid
384262,48644,2026-05-01,2843.0,0,Paid
384320,48808,2026-05-01,59255.0,0,Paid
384394,49009,2026-05-01,7592.0,0,Paid
384423,49099,2026-05-01,17144.0,0,Paid
384426,49104,2026-05-01,2044.0,0,Paid
384437,49130,2026-05-01,4001.0,0,Paid
384441,49144,2026-05-01,3487.0,0,Paid
384451,49168,2026-05-01,21092.0,0,Paid
384466,49214,2026-05-01,2076.0,6,Failed
384506,49313,2026-05-01,2044.0,0,Paid
384516,49353,2026-05-01,22248.0,0,Paid
384542,49454,2026-05-01,2542.0,9,Paid Late
384555,49489,2026-05-01,2542.0,0,Paid
384586,49606,2026-05-01,1102.0,0,Paid
384593,49617,2026-05-01,11164.0,0,Paid
384601,49642,2026-05-01,2843.0,0,Paid
384634,49720,2026-05-01,3265.0,0,Paid
384657,49794,2026-05-01,20411.0,8,Paid Late
384662,49808,2026-05-01,734.0,0,Paid
384676,49872,2026-05-01,5842.0,0,Paid
384688,49913,2026-05-01,3547.0,0,Paid
384708,49980,2026-05-01,70024.0,0,Paid
384723,19,2026-06-01,70772.0,11,Paid Late
384725,23,2026-06-01,5683.0,0,Paid
384733,43,2026-06-01,81686.0,0,Paid
384735,48,2026-06-01,1950.0,0,Paid
384738,58,2026-06-01,5139.0,0,Paid
384757,119,2026-06-01,58864.0,0,Paid
384772,155,2026-06-01,5776.0,0,Paid
384793,222,2026-06-01,802.0,0,Paid
384806,247,2026-06-01,11489.0,0,Paid
384822,283,2026-06-01,70779.0,0,Paid
384825,291,2026-06-01,1338.0,0,Paid
384834,308,2026-06-01,4562.0,0,Paid
384844,335,2026-06-01,1283.0,0,Paid
384849,356,2026-06-01,2917.0,0,Paid
384856,379,2026-06-01,12923.0,35,Failed
384882,460,2026-06-01,32006.0,0,Paid
384905,531,2026-06-01,2922.0,0,Paid
384922,575,2026-06-01,40616.0,8,Paid Late
384954,668,2026-06-01,548.0,4,Failed
384960,685,2026-06-01,2323.0,0,Paid
384962,689,2026-06-01,2363.0,0,Paid
385028,855,2026-06-01,3712.0,0,Paid
385039,895,2026-06-01,1946.0,0,Paid
385077,1022,2026-06-01,31955.0,0,Paid
385086,1048,2026-06-01,22042.0,0,Paid
385087,1054,2026-06-01,2814.0,0,Paid
385092,1061,2026-06-01,1560.0,0,Paid
385094,1073,2026-06-01,2076.0,0,Paid
385099,1092,2026-06-01,1046.0,0,Paid
385102,1107,2026-06-01,34350.0,0,Paid
385129,1188,2026-06-01,1283.0,0,Paid
385143,1227,2026-06-01,3057.0,0,Paid
385146,1237,2026-06-01,2011.0,0,Paid
385161,1275,2026-06-01,17144.0,0,Paid
385177,1314,2026-06-01,5652.0,0,Paid
385188,1345,2026-06-01,237589.0,0,Paid
385195,1362,2026-06-01,5518.0,32,Paid Late
385202,1385,2026-06-01,1186.0,0,Paid
385204,1402,2026-06-01,39682.0,0,Paid
385234,1489,2026-06-01,81410.0,0,Paid
385338,1806,2026-06-01,59603.0,0,Paid
385371,1917,2026-06-01,74436.0,0,Paid
385422,2082,2026-06-01,42635.0,0,Paid
385582,2529,2026-06-01,21719.0,18,Paid Late
385596,2575,2026-06-01,734.0,40,Failed
385608,2620,2026-06-01,25733.0,0,Paid
385645,2713,2026-06-01,1310.0,3,Paid Late
385662,2754,2026-06-01,1558.0,0,Paid
385665,2761,2026-06-01,1572.0,0,Paid
385668,2768,2026-06-01,4274.0,0,Paid
385720,2920,2026-06-01,48841.0,0,Paid
385757,3036,2026-06-01,16651.0,0,Paid
385764,3054,2026-06-01,768.0,0,Paid
385807,3166,2026-06-01,71514.0,0,Paid
385811,3171,2026-06-01,137615.0,19,Failed
385848,3285,2026-06-01,106645.0,0,Paid
385851,3297,2026-06-01,548.0,0,Paid
385889,3421,2026-06-01,33627.0,0,Paid
385890,3422,2026-06-01,9439.0,0,Paid
385972,3656,2026-06-01,2489.0,0,Paid
386028,3805,2026-06-01,53122.0,0,Paid
386037,3835,2026-06-01,7352.0,0,Paid
386041,3840,2026-06-01,1296.0,0,Paid
386077,3958,2026-06-01,2872.0,0,Paid
386079,3966,2026-06-01,2898.0,0,Paid
386129,4108,2026-06-01,81175.0,0,Paid
386186,4281,2026-06-01,84575.0,20,Paid Late
386210,4376,2026-06-01,2011.0,0,Paid
386237,4453,2026-06-01,35797.0,0,Paid
386247,4480,2026-06-01,5017.0,0,Paid
386264,4534,2026-06-01,4634.0,9,Paid Late
386278,4576,2026-06-01,5087.0,0,Paid
386298,4626,2026-06-01,55699.0,0,Paid
386352,4788,2026-06-01,24028.0,0,Paid
386360,4810,2026-06-01,31839.0,0,Paid
386364,4819,2026-06-01,201004.0,0,Paid
386399,4922,2026-06-01,5161.0,0,Paid
386422,5009,2026-06-01,2011.0,0,Paid
386430,5023,2026-06-01,3089.0,15,Paid Late
386441,5046,2026-06-01,37180.0,0,Paid
386485,5161,2026-06-01,3299.0,0,Paid
386494,5199,2026-06-01,5451.0,34,Paid Late
386558,5367,2026-06-01,103614.0,0,Paid
386572,5398,2026-06-01,36277.0,15,Paid Late
386576,5411,2026-06-01,66539.0,0,Paid
386587,5428,2026-06-01,7149.0,0,Paid
386616,5513,2026-06-01,56636.0,0,Paid
386633,5566,2026-06-01,4498.0,12,Paid Late
386670,5657,2026-06-01,565.0,0,Paid
386671,5659,2026-06-01,20634.0,0,Paid
386687,5717,2026-06-01,26526.0,0,Paid
386697,5749,2026-06-01,2339.0,0,Paid
386699,5754,2026-06-01,2141.0,0,Paid
386715,5786,2026-06-01,2540.0,0,Paid
386751,5855,2026-06-01,3265.0,0,Paid
386797,5985,2026-06-01,1160.0,0,Paid
386833,6092,2026-06-01,101329.0,0,Paid
386835,6096,2026-06-01,11021.0,0,Paid
386852,6149,2026-06-01,67102.0,7,Failed
386895,6250,2026-06-01,21956.0,0,Paid
386921,6317,2026-06-01,1283.0,14,Paid Late
386927,6362,2026-06-01,1123.0,0,Paid
386970,6487,2026-06-01,1884.0,5,Paid Late
386975,6505,2026-06-01,2243.0,0,Paid
386980,6514,2026-06-01,71572.0,5,Paid Late
386986,6529,2026-06-01,120502.0,0,Paid
386989,6545,2026-06-01,20610.0,0,Paid
387036,6693,2026-06-01,98223.0,0,Paid
387054,6744,2026-06-01,31650.0,3,Paid Late
387065,6781,2026-06-01,6952.0,11,Failed
387067,6786,2026-06-01,36689.0,23,Paid Late
387079,6814,2026-06-01,3057.0,0,Paid
387123,6937,2026-06-01,2348.0,0,Paid
387141,6981,2026-06-01,1429121.0,0,Paid
387145,6997,2026-06-01,1103.0,0,Paid
387164,7039,2026-06-01,6624.0,0,Paid
387171,7058,2026-06-01,32192.0,9,Paid Late
387231,7227,2026-06-01,9399.0,0,Paid
387275,7342,2026-06-01,164635.0,0,Paid
387306,7429,2026-06-01,2964578.0,0,Paid
387307,7430,2026-06-01,1527.0,0,Paid
387327,7497,2026-06-01,25703.0,28,Paid Late
387328,7498,2026-06-01,180446.0,0,Paid
387370,7609,2026-06-01,55399.0,0,Paid
387409,7710,2026-06-01,32305.0,0,Paid
387501,8039,2026-06-01,1664.0,0,Paid
387518,8085,2026-06-01,6348.0,0,Paid
387556,8179,2026-06-01,26592.0,0,Paid
387558,8186,2026-06-01,688662.0,0,Paid
387577,8236,2026-06-01,1162.0,0,Paid
387617,8339,2026-06-01,26320.0,0,Paid
387618,8340,2026-06-01,3299.0,0,Paid
387628,8359,2026-06-01,220148.0,6,Failed
387631,8371,2026-06-01,2484.0,0,Paid
387637,8392,2026-06-01,1838.0,0,Paid
387647,8424,2026-06-01,542.0,0,Paid
387741,8712,2026-06-01,2689.0,0,Paid
387747,8727,2026-06-01,7372.0,5,Failed
387767,8775,2026-06-01,792.0,0,Paid
387778,8799,2026-06-01,7671.0,3,Failed
387800,8906,2026-06-01,1770.0,0,Paid
387807,8924,2026-06-01,1719.0,0,Paid
387825,8980,2026-06-01,58864.0,0,Paid
387856,9050,2026-06-01,2603.0,0,Paid
387867,9083,2026-06-01,2033.0,0,Paid
387883,9112,2026-06-01,34660.0,16,Paid Late
387892,9141,2026-06-01,2243.0,0,Paid
387899,9157,2026-06-01,7372.0,0,Paid
387927,9229,2026-06-01,59923.0,2,Paid Late
387943,9269,2026-06-01,3025.0,0,Paid
387944,9272,2026-06-01,819.0,8,Paid Late
387979,9365,2026-06-01,43780.0,0,Paid
387995,9399,2026-06-01,1310.0,0,Paid
388017,9465,2026-06-01,3402.0,0,Paid
388030,9505,2026-06-01,53713.0,4,Paid Late
388048,9565,2026-06-01,39102.0,0,Paid
388070,9636,2026-06-01,13035.0,0,Paid
388088,9694,2026-06-01,45101.0,0,Paid
388090,9703,2026-06-01,49695.0,7,Paid Late
388098,9724,2026-06-01,24644.0,0,Paid
388110,9768,2026-06-01,52055.0,0,Paid
388121,9794,2026-06-01,1990.0,0,Paid
388127,9803,2026-06-01,50101.0,34,Failed
388143,9836,2026-06-01,65536.0,0,Paid
388153,9855,2026-06-01,258779.0,0,Paid
388155,9866,2026-06-01,3231.0,0,Paid
388178,9947,2026-06-01,6831.0,0,Paid
388190,9995,2026-06-01,52813.0,0,Paid
388236,10160,2026-06-01,1338.0,10,Paid Late
388250,10214,2026-06-01,793.0,0,Paid
388262,10238,2026-06-01,63814.0,9,Paid Late
388265,10246,2026-06-01,1495.0,0,Paid
388273,10268,2026-06-01,16767.0,0,Paid
388289,10322,2026-06-01,3368.0,0,Paid
388293,10330,2026-06-01,143673.0,0,Paid
388330,10429,2026-06-01,66036.0,0,Paid
388331,10432,2026-06-01,530.0,0,Paid
388339,10457,2026-06-01,1080.0,0,Paid
388377,10591,2026-06-01,2569.0,0,Paid
388447,10771,2026-06-01,32562.0,0,Paid
388451,10780,2026-06-01,4042.0,0,Paid
388459,10808,2026-06-01,1511.0,0,Paid
388475,10855,2026-06-01,5087.0,12,Paid Late
388534,11021,2026-06-01,728.0,0,Paid
388601,11261,2026-06-01,4545.0,0,Paid
388657,11410,2026-06-01,3025.0,0,Paid
388658,11414,2026-06-01,11776.0,0,Paid
388663,11425,2026-06-01,21761.0,0,Paid
388677,11457,2026-06-01,4877.0,0,Paid
388684,11478,2026-06-01,25893.0,0,Paid
388694,11499,2026-06-01,2839.0,0,Paid
388750,11639,2026-06-01,1495.0,0,Paid
388799,11789,2026-06-01,121770.0,0,Paid
388821,11833,2026-06-01,1365.0,0,Paid
388828,11861,2026-06-01,1884.0,0,Paid
388833,11883,2026-06-01,58642.0,0,Paid
388853,11941,2026-06-01,30514.0,0,Paid
388881,12008,2026-06-01,827.0,0,Paid
388914,12103,2026-06-01,59923.0,0,Paid
388942,12176,2026-06-01,35863.0,0,Paid
388963,12239,2026-06-01,3541.0,0,Paid
388966,12244,2026-06-01,4452.0,0,Paid
388987,12321,2026-06-01,37080.0,0,Paid
389009,12375,2026-06-01,104352.0,0,Paid
389015,12392,2026-06-01,3057.0,17,Paid Late
389090,12586,2026-06-01,1646.0,0,Paid
389091,12588,2026-06-01,2872.0,0,Paid
389093,12592,2026-06-01,2609.0,0,Paid
389097,12602,2026-06-01,519.0,0,Paid
389129,12673,2026-06-01,13242.0,0,Paid
389152,12720,2026-06-01,6693.0,0,Paid
389156,12728,2026-06-01,48876.0,0,Paid
389190,12819,2026-06-01,1792.0,0,Paid
389206,12867,2026-06-01,4871.0,0,Paid
389255,12990,2026-06-01,819.0,0,Paid
389287,13113,2026-06-01,17183.0,28,Failed
389298,13155,2026-06-01,548.0,0,Paid
389317,13215,2026-06-01,6555.0,0,Paid
389322,13230,2026-06-01,1810.0,0,Paid
389380,13412,2026-06-01,559.0,0,Paid
389398,13468,2026-06-01,2412.0,0,Paid
389405,13481,2026-06-01,7149.0,0,Paid
389424,13539,2026-06-01,82783.0,0,Paid
389431,13552,2026-06-01,56927.0,0,Paid
389459,13618,2026-06-01,1123.0,0,Paid
389468,13637,2026-06-01,6831.0,8,Paid Late
389475,13647,2026-06-01,1572.0,0,Paid
389536,13806,2026-06-01,57124.0,0,Paid
389594,13997,2026-06-01,2818.0,0,Paid
389687,14249,2026-06-01,1162.0,0,Paid
389695,14270,2026-06-01,134854.0,0,Paid
389696,14271,2026-06-01,2516.0,0,Paid
389701,14279,2026-06-01,59719.0,0,Paid
389712,14309,2026-06-01,9018.0,14,Paid Late
389727,14362,2026-06-01,16146.0,0,Paid
389739,14388,2026-06-01,1751.0,0,Paid
389816,14642,2026-06-01,23900.0,31,Failed
389825,14674,2026-06-01,199532.0,0,Paid
389834,14706,2026-06-01,15307.0,0,Paid
389843,14732,2026-06-01,3217.0,0,Paid
389850,14743,2026-06-01,31946.0,0,Paid
389865,14803,2026-06-01,38642.0,0,Paid
389877,14837,2026-06-01,22166.0,0,Paid
389924,14970,2026-06-01,1083.0,0,Paid
389928,14977,2026-06-01,9968.0,13,Paid Late
389951,15049,2026-06-01,2516.0,0,Paid
390010,15186,2026-06-01,1719.0,0,Paid
390011,15189,2026-06-01,2021.0,0,Paid
390013,15193,2026-06-01,23000.0,0,Paid
390073,15368,2026-06-01,645.0,20,Paid Late
390081,15380,2026-06-01,5518.0,0,Paid
390085,15389,2026-06-01,1846.0,0,Paid
390092,15412,2026-06-01,17265.0,13,Paid Late
390113,15472,2026-06-01,4929.0,9,Paid Late
390127,15508,2026-06-01,406631.0,20,Paid Late
390168,15612,2026-06-01,3224.0,0,Paid
390175,15628,2026-06-01,540108.0,0,Paid
390179,15639,2026-06-01,2521.0,22,Failed
390212,15741,2026-06-01,2372.0,0,Paid
390225,15774,2026-06-01,24758.0,0,Paid
390229,15791,2026-06-01,819.0,0,Paid
390253,15858,2026-06-01,3651.0,0,Paid
390295,15962,2026-06-01,3504.0,0,Paid
390318,16036,2026-06-01,26440.0,0,Paid
390323,16048,2026-06-01,2119.0,0,Paid
390335,16073,2026-06-01,58235.0,16,Paid Late
390353,16131,2026-06-01,78371.0,0,Paid
390391,16280,2026-06-01,6627.0,0,Paid
390410,16348,2026-06-01,24985.0,0,Paid
390412,16353,2026-06-01,1827.0,0,Paid
390421,16381,2026-06-01,1626.0,0,Paid
390455,16487,2026-06-01,159592.0,0,Paid
390533,16705,2026-06-01,2323.0,29,Paid Late
390535,16712,2026-06-01,186033.0,10,Paid Late
390557,16769,2026-06-01,57793.0,49,Paid Late
390635,16996,2026-06-01,6438.0,0,Paid
390640,17010,2026-06-01,2009.0,0,Paid
390661,17072,2026-06-01,38010.0,0,Paid
390669,17095,2026-06-01,59975.0,15,Paid Late
390688,17147,2026-06-01,25145.0,0,Paid
390774,17352,2026-06-01,2323.0,0,Paid
390781,17368,2026-06-01,4124.0,0,Paid
390808,17432,2026-06-01,21919.0,0,Paid
390845,17555,2026-06-01,17564.0,10,Paid Late
390898,17724,2026-06-01,1174.0,0,Paid
390905,17745,2026-06-01,227235.0,0,Paid
390912,17774,2026-06-01,189790.0,0,Paid
390918,17800,2026-06-01,24447.0,0,Paid
390923,17818,2026-06-01,6348.0,0,Paid
390924,17819,2026-06-01,2339.0,62,Paid Late
390935,17838,2026-06-01,7751.0,0,Paid
390949,17862,2026-06-01,11545.0,17,Paid Late
390971,17923,2026-06-01,3075.0,0,Paid
390974,17929,2026-06-01,120313.0,0,Paid
390990,17974,2026-06-01,3368.0,0,Paid
390995,17993,2026-06-01,69976.0,0,Paid
391000,18013,2026-06-01,1593.0,43,Paid Late
391016,18050,2026-06-01,1013.0,0,Paid
391021,18057,2026-06-01,4592.0,0,Paid
391034,18088,2026-06-01,5906.0,0,Paid
391037,18104,2026-06-01,21997.0,28,Paid Late
391047,18130,2026-06-01,64675.0,0,Paid
391068,18211,2026-06-01,39647.0,7,Paid Late
391101,18303,2026-06-01,14574.0,0,Paid
391103,18307,2026-06-01,53713.0,0,Paid
391202,18605,2026-06-01,13425.0,0,Paid
391217,18662,2026-06-01,2596.0,0,Paid
391225,18682,2026-06-01,227437.0,23,Paid Late
391260,18808,2026-06-01,1511.0,0,Paid
391262,18811,2026-06-01,2122.0,0,Paid
391282,18887,2026-06-01,102058.0,0,Paid
391284,18901,2026-06-01,14528.0,0,Paid
391285,18902,2026-06-01,35717.0,0,Paid
391291,18914,2026-06-01,2872.0,0,Paid
391317,18997,2026-06-01,5451.0,0,Paid
391319,19002,2026-06-01,61612.0,0,Paid
391328,19036,2026-06-01,71415.0,10,Paid Late
391335,19073,2026-06-01,12101.0,0,Paid
391341,19095,2026-06-01,6210.0,18,Paid Late
391379,19221,2026-06-01,3207.0,0,Paid
391395,19266,2026-06-01,3176.0,0,Paid
391461,19444,2026-06-01,1664.0,0,Paid
391466,19456,2026-06-01,66664.0,0,Paid
391474,19468,2026-06-01,2707.0,0,Paid
391507,19560,2026-06-01,3651.0,0,Paid
391547,19694,2026-06-01,1925.0,5,Failed
391558,19729,2026-06-01,9228.0,0,Paid
391575,19769,2026-06-01,3282.0,0,Paid
391580,19777,2026-06-01,2420.0,0,Paid
391586,19794,2026-06-01,6690.0,0,Paid
391594,19811,2026-06-01,2958.0,0,Paid
391690,20071,2026-06-01,3153.0,0,Paid
391696,20082,2026-06-01,65108.0,0,Paid
391709,20131,2026-06-01,1199.0,0,Paid
391725,20162,2026-06-01,40616.0,0,Paid
391748,20244,2026-06-01,30407.0,0,Paid
391766,20288,2026-06-01,105987.0,0,Paid
391769,20296,2026-06-01,3103.0,0,Paid
391782,20335,2026-06-01,3487.0,19,Paid Late
391801,20391,2026-06-01,14361.0,0,Paid
391821,20457,2026-06-01,24484.0,0,Paid
391835,20493,2026-06-01,4592.0,0,Paid
391844,20516,2026-06-01,4545.0,0,Paid
391864,20574,2026-06-01,1186.0,0,Paid
391870,20595,2026-06-01,2141.0,0,Paid
391900,20677,2026-06-01,46293.0,20,Paid Late
391909,20711,2026-06-01,1972706.0,0,Paid
391944,20821,2026-06-01,40857.0,0,Paid
391978,20940,2026-06-01,2141.0,0,Paid
391995,20987,2026-06-01,1808.0,0,Paid
391996,20988,2026-06-01,3167.0,0,Paid
392012,21026,2026-06-01,1560.0,0,Paid
392049,21126,2026-06-01,4264.0,0,Paid
392062,21156,2026-06-01,12965.0,0,Paid
392106,21277,2026-06-01,6417.0,0,Paid
392112,21287,2026-06-01,2219.0,5,Paid Late
392113,21288,2026-06-01,3467.0,0,Paid
392190,21504,2026-06-01,3523.0,0,Paid
392205,21542,2026-06-01,2596.0,0,Paid
392212,21561,2026-06-01,2275.0,0,Paid
392228,21608,2026-06-01,2834.0,0,Paid
392254,21682,2026-06-01,57704.0,0,Paid
392281,21751,2026-06-01,15747.0,0,Paid
392292,21783,2026-06-01,4498.0,0,Paid
392409,22106,2026-06-01,2388.0,4,Paid Late
392412,22110,2026-06-01,1200.0,0,Paid
392422,22139,2026-06-01,1560.0,10,Paid Late
392426,22154,2026-06-01,2435.0,0,Paid
392438,22199,2026-06-01,11297.0,0,Paid
392443,22215,2026-06-01,2119.0,0,Paid
392468,22290,2026-06-01,20181.0,0,Paid
392471,22297,2026-06-01,16504.0,0,Paid
392483,22343,2026-06-01,13335.0,0,Paid
392486,22350,2026-06-01,33988.0,6,Failed
392512,22447,2026-06-01,25658.0,0,Paid
392521,22485,2026-06-01,11423.0,0,Paid
392523,22487,2026-06-01,2315.0,15,Paid Late
392552,22573,2026-06-01,6616.0,0,Paid
392567,22605,2026-06-01,1610.0,0,Paid
392591,22662,2026-06-01,7081.0,0,Paid
392599,22676,2026-06-01,3655.0,0,Paid
392629,22756,2026-06-01,692.0,47,Paid Late
392682,22915,2026-06-01,1430.0,0,Paid
392719,22999,2026-06-01,56625.0,0,Paid
392766,23130,2026-06-01,37980.0,0,Paid
392782,23169,2026-06-01,2372.0,0,Paid
392890,23467,2026-06-01,40244.0,11,Failed
392897,23484,2026-06-01,7352.0,0,Paid
392907,23508,2026-06-01,3072.0,0,Paid
392984,23713,2026-06-01,31064.0,0,Paid
393052,23892,2026-06-01,810.0,0,Paid
393060,23924,2026-06-01,62864.0,26,Paid Late
393063,23931,2026-06-01,26037.0,0,Paid
393098,24011,2026-06-01,2048.0,0,Paid
393127,24087,2026-06-01,7233.0,0,Paid
393156,24180,2026-06-01,2877.0,0,Paid
393163,24199,2026-06-01,17951.0,27,Paid Late
393178,24261,2026-06-01,607079.0,6,Paid Late
393188,24298,2026-06-01,47487.0,0,Paid
393249,24478,2026-06-01,20688.0,10,Paid Late
393253,24484,2026-06-01,1792.0,0,Paid
393280,24563,2026-06-01,1846.0,0,Paid
393289,24595,2026-06-01,3614.0,0,Paid
393326,24703,2026-06-01,2219.0,0,Paid
393329,24712,2026-06-01,53107.0,0,Paid
393334,24733,2026-06-01,7831.0,0,Paid
393350,24772,2026-06-01,1080.0,24,Paid Late
393375,24829,2026-06-01,7671.0,0,Paid
393380,24838,2026-06-01,1751.0,0,Paid
393381,24845,2026-06-01,1427.0,17,Paid Late
393382,24848,2026-06-01,3138.0,0,Paid
393396,24880,2026-06-01,464.0,0,Paid
393420,24948,2026-06-01,3368.0,0,Paid
393424,24957,2026-06-01,29292.0,0,Paid
393450,25035,2026-06-01,2033.0,0,Paid
393461,25075,2026-06-01,237761.0,0,Paid
393483,25138,2026-06-01,28196.0,0,Paid
393486,25145,2026-06-01,2372.0,7,Failed
393513,25247,2026-06-01,1057.0,0,Paid
393519,25256,2026-06-01,61877.0,0,Paid
393539,25319,2026-06-01,810.0,0,Paid
393542,25330,2026-06-01,1102.0,17,Paid Late
393545,25336,2026-06-01,1269.0,0,Paid
393563,25380,2026-06-01,1028.0,0,Paid
393587,25448,2026-06-01,7192.0,0,Paid
393636,25560,2026-06-01,4358.0,0,Paid
393656,25613,2026-06-01,55921.0,0,Paid
393671,25666,2026-06-01,70736.0,0,Paid
393682,25694,2026-06-01,18422.0,12,Failed
393684,25696,2026-06-01,2106.0,0,Paid
393715,25790,2026-06-01,19469.0,0,Paid
393754,25919,2026-06-01,21319.0,0,Paid
393755,25920,2026-06-01,3153.0,0,Paid
393767,25951,2026-06-01,1755.0,0,Paid
393823,26147,2026-06-01,15972.0,0,Paid
393859,26243,2026-06-01,3918.0,0,Paid
393946,26507,2026-06-01,924.0,0,Paid
394003,26685,2026-06-01,810.0,0,Paid
394018,26714,2026-06-01,19214.0,0,Paid
394026,26744,2026-06-01,58108.0,0,Paid
394052,26817,2026-06-01,32605.0,0,Paid
394057,26835,2026-06-01,147195.0,3,Paid Late
394084,26911,2026-06-01,751.0,7,Paid Late
394142,27087,2026-06-01,2569.0,14,Paid Late
394162,27133,2026-06-01,6792.0,13,Paid Late
394196,27248,2026-06-01,31546.0,0,Paid
394207,27277,2026-06-01,793.0,0,Paid
394213,27292,2026-06-01,41882.0,31,Paid Late
394224,27315,2026-06-01,3121.0,0,Paid
394226,27322,2026-06-01,65172.0,0,Paid
394234,27337,2026-06-01,44664.0,0,Paid
394247,27373,2026-06-01,835.0,57,Paid Late
394249,27381,2026-06-01,2251.0,0,Paid
394252,27392,2026-06-01,1713.0,0,Paid
394310,27545,2026-06-01,1102.0,0,Paid
394354,27670,2026-06-01,2130.0,18,Failed
394395,27778,2026-06-01,25244.0,0,Paid
394402,27791,2026-06-01,48865.0,0,Paid
394415,27834,2026-06-01,52226.0,0,Paid
394451,27940,2026-06-01,3416.0,0,Paid
394462,27963,2026-06-01,1774.0,0,Paid
394503,28082,2026-06-01,4824.0,0,Paid
394541,28203,2026-06-01,7512.0,0,Paid
394558,28239,2026-06-01,2672.0,0,Paid
394574,28284,2026-06-01,113903.0,0,Paid
394606,28370,2026-06-01,32057.0,0,Paid
394611,28382,2026-06-01,14838.0,0,Paid
394629,28440,2026-06-01,1338.0,0,Paid
394632,28453,2026-06-01,2726.0,32,Paid Late
394648,28508,2026-06-01,2579.0,0,Paid
394663,28546,2026-06-01,28886.0,0,Paid
394707,28689,2026-06-01,2167.0,0,Paid
394730,28746,2026-06-01,7538.0,0,Paid
394792,28898,2026-06-01,391824.0,11,Failed
394793,28899,2026-06-01,4523.0,0,Paid
394850,29074,2026-06-01,62115.0,9,Paid Late
394876,29155,2026-06-01,32696.0,0,Paid
394882,29175,2026-06-01,2388.0,0,Paid
394909,29251,2026-06-01,57502.0,4,Failed
394928,29302,2026-06-01,110674.0,0,Paid
394929,29303,2026-06-01,369144.0,0,Paid
394951,29367,2026-06-01,10306.0,0,Paid
394964,29404,2026-06-01,827.0,0,Paid
394995,29499,2026-06-01,30077.0,0,Paid
395013,29546,2026-06-01,23809.0,0,Paid
395059,29667,2026-06-01,82879.0,0,Paid
395063,29679,2026-06-01,4452.0,0,Paid
395105,29805,2026-06-01,2243.0,0,Paid
395120,29832,2026-06-01,2171.0,0,Paid
395121,29835,2026-06-01,6624.0,0,Paid
395155,29926,2026-06-01,13277.0,0,Paid
395170,29986,2026-06-01,56080.0,0,Paid
395249,30229,2026-06-01,215516.0,0,Paid
395281,30318,2026-06-01,218383.0,0,Paid
395310,30410,2026-06-01,11300.0,0,Paid
395341,30484,2026-06-01,1087.0,0,Paid
395420,30716,2026-06-01,2659.0,6,Paid Late
395424,30736,2026-06-01,46640.0,0,Paid
395452,30798,2026-06-01,48100.0,17,Paid Late
395461,30819,2026-06-01,157296.0,0,Paid
395462,30820,2026-06-01,2768.0,0,Paid
395479,30866,2026-06-01,2348.0,25,Paid Late
395480,30867,2026-06-01,1713.0,0,Paid
395491,30920,2026-06-01,1527.0,0,Paid
395564,31126,2026-06-01,5103.0,35,Paid Late
395577,31158,2026-06-01,2902.0,0,Paid
395578,31160,2026-06-01,2251.0,0,Paid
395584,31179,2026-06-01,4982.0,0,Paid
395624,31324,2026-06-01,4217.0,0,Paid
395628,31331,2026-06-01,2755.0,0,Paid
395638,31348,2026-06-01,8564.0,0,Paid
395646,31359,2026-06-01,1527.0,0,Paid
395655,31392,2026-06-01,2275.0,0,Paid
395660,31417,2026-06-01,3184.0,14,Paid Late
395676,31468,2026-06-01,5451.0,10,Paid Late
395702,31544,2026-06-01,63622.0,0,Paid
395704,31551,2026-06-01,4615.0,0,Paid
395708,31563,2026-06-01,1609.0,0,Paid
395717,31595,2026-06-01,8662.0,0,Paid
395726,31626,2026-06-01,40692.0,0,Paid
395747,31691,2026-06-01,2251.0,0,Paid
395751,31701,2026-06-01,2130.0,0,Paid
395761,31726,2026-06-01,2898.0,0,Paid
395764,31730,2026-06-01,3393.0,0,Paid
395783,31775,2026-06-01,14322.0,0,Paid
395798,31811,2026-06-01,2872.0,0,Paid
395815,31852,2026-06-01,305521.0,0,Paid
395836,31933,2026-06-01,237114.0,15,Paid Late
395844,31969,2026-06-01,1467.0,12,Paid Late
395850,31983,2026-06-01,27698.0,8,Paid Late
395859,32005,2026-06-01,9197.0,0,Paid
395866,32019,2026-06-01,4001.0,0,Paid
395899,32121,2026-06-01,34824.0,0,Paid
395909,32137,2026-06-01,50694.0,4,Paid Late
395920,32171,2026-06-01,18771.0,0,Paid
395936,32211,2026-06-01,6693.0,0,Paid
395966,32302,2026-06-01,187657.0,0,Paid
395997,32392,2026-06-01,1808.0,17,Failed
396002,32405,2026-06-01,5883.0,36,Paid Late
396008,32422,2026-06-01,145887.0,0,Paid
396010,32430,2026-06-01,27135.0,0,Paid
396018,32453,2026-06-01,785.0,15,Paid Late
396048,32521,2026-06-01,827.0,0,Paid
396052,32529,2026-06-01,2098.0,0,Paid
396054,32536,2026-06-01,12101.0,0,Paid
396141,32775,2026-06-01,8478.0,0,Paid
396153,32811,2026-06-01,29200.0,0,Paid
396185,32920,2026-06-01,1324.0,10,Paid Late
396191,32935,2026-06-01,378443.0,0,Paid
396215,32995,2026-06-01,23894.0,0,Paid
396233,33032,2026-06-01,339347.0,12,Paid Late
396246,33086,2026-06-01,835.0,0,Paid
396265,33130,2026-06-01,2902.0,0,Paid
396269,33137,2026-06-01,462110.0,60,Paid Late
396270,33138,2026-06-01,1511.0,0,Paid
396296,33202,2026-06-01,229273.0,17,Paid Late
396300,33208,2026-06-01,56683.0,0,Paid
396329,33280,2026-06-01,52225.0,5,Paid Late
396331,33284,2026-06-01,956.0,0,Paid
396357,33372,2026-06-01,34162.0,0,Paid
396479,33729,2026-06-01,15579.0,0,Paid
396503,33774,2026-06-01,1789.0,7,Failed
396505,33776,2026-06-01,2348.0,50,Paid Late
396506,33778,2026-06-01,1990.0,0,Paid
396512,33794,2026-06-01,59261.0,0,Paid
396513,33796,2026-06-01,17556.0,0,Paid
396548,33919,2026-06-01,49721.0,0,Paid
396558,33945,2026-06-01,14236.0,0,Paid
396567,33975,2026-06-01,4170.0,0,Paid
396574,33997,2026-06-01,7671.0,0,Paid
396577,34001,2026-06-01,3430.0,0,Paid
396589,34038,2026-06-01,46796.0,0,Paid
396603,34076,2026-06-01,2382.0,0,Paid
396652,34201,2026-06-01,6417.0,0,Paid
396674,34261,2026-06-01,3416.0,0,Paid
396677,34265,2026-06-01,1719.0,0,Paid
396734,34441,2026-06-01,304085.0,0,Paid
396749,34482,2026-06-01,5351.0,0,Paid
396769,34534,2026-06-01,1440.0,0,Paid
396778,34559,2026-06-01,35876.0,0,Paid
396800,34615,2026-06-01,59859.0,4,Paid Late
396841,34721,2026-06-01,21805.0,0,Paid
396848,34735,2026-06-01,51574.0,0,Paid
396869,34781,2026-06-01,2065.0,0,Paid
396874,34795,2026-06-01,3430.0,0,Paid
396897,34863,2026-06-01,4965.0,0,Paid
396899,34879,2026-06-01,2190.0,0,Paid
396904,34889,2026-06-01,1642.0,0,Paid
396927,34955,2026-06-01,53399.0,0,Paid
396947,35003,2026-06-01,37860.0,0,Paid
396962,35042,2026-06-01,3368.0,0,Paid
396971,35071,2026-06-01,25348.0,0,Paid
397034,35266,2026-06-01,26881.0,0,Paid
397073,35343,2026-06-01,4639.0,0,Paid
397076,35346,2026-06-01,1678.0,0,Paid
397110,35439,2026-06-01,2740.0,19,Paid Late
397141,35550,2026-06-01,802.0,0,Paid
397198,35732,2026-06-01,1700.0,0,Paid
397209,35763,2026-06-01,138296.0,0,Paid
397243,35860,2026-06-01,1186.0,21,Failed
397259,35912,2026-06-01,2542.0,0,Paid
397269,35927,2026-06-01,3162.0,0,Paid
397271,35933,2026-06-01,282345.0,9,Failed
397300,36017,2026-06-01,34287.0,14,Paid Late
397302,36021,2026-06-01,810.0,0,Paid
397324,36072,2026-06-01,946.0,7,Paid Late
397336,36117,2026-06-01,32901.0,0,Paid
397348,36158,2026-06-01,519.0,0,Paid
397353,36173,2026-06-01,835.0,0,Paid
397357,36197,2026-06-01,5842.0,0,Paid
397377,36240,2026-06-01,2076.0,0,Paid
397497,36587,2026-06-01,2749.0,45,Paid Late
397501,36599,2026-06-01,6478.0,0,Paid
397562,36773,2026-06-01,4042.0,0,Paid
397568,36791,2026-06-01,4083.0,0,Paid
397575,36815,2026-06-01,18148.0,0,Paid
397594,36886,2026-06-01,1338.0,0,Paid
397602,36906,2026-06-01,1618.0,0,Paid
397608,36920,2026-06-01,3877.0,0,Paid
397630,36980,2026-06-01,19507.0,0,Paid
397636,36995,2026-06-01,214142.0,0,Paid
397674,37105,2026-06-01,2275.0,0,Paid
397678,37116,2026-06-01,231219.0,0,Paid
397685,37134,2026-06-01,3223.0,0,Paid
397704,37179,2026-06-01,2019.0,28,Paid Late
397741,37285,2026-06-01,45433.0,0,Paid
397756,37335,2026-06-01,2403.0,0,Paid
397786,37419,2026-06-01,4089.0,0,Paid
397789,37424,2026-06-01,116696.0,0,Paid
397806,37460,2026-06-01,281043.0,0,Paid
397814,37476,2026-06-01,31946.0,0,Paid
397818,37487,2026-06-01,111977.0,0,Paid
397821,37500,2026-06-01,7512.0,0,Paid
397841,37545,2026-06-01,2171.0,0,Paid
397864,37605,2026-06-01,31843.0,0,Paid
397888,37672,2026-06-01,30109.0,0,Paid
397912,37747,2026-06-01,1162.0,0,Paid
397917,37767,2026-06-01,10459.0,0,Paid
397986,37940,2026-06-01,5969.0,0,Paid
398001,37982,2026-06-01,27170.0,7,Failed
398019,38022,2026-06-01,3368.0,0,Paid
398034,38086,2026-06-01,68496.0,0,Paid
398038,38095,2026-06-01,3381.0,0,Paid
398073,38189,2026-06-01,2219.0,0,Paid
398078,38197,2026-06-01,6624.0,0,Paid
398079,38198,2026-06-01,819.0,0,Paid
398084,38211,2026-06-01,3467.0,0,Paid
398093,38227,2026-06-01,2339.0,9,Paid Late
398118,38306,2026-06-01,2667.0,0,Paid
398138,38367,2026-06-01,31289.0,4,Paid Late
398140,38373,2026-06-01,4311.0,0,Paid
398175,38480,2026-06-01,768.0,0,Paid Late
398214,38612,2026-06-01,16682.0,11,Failed
398231,38661,2026-06-01,8716.0,0,Paid
398248,38700,2026-06-01,819.0,0,Paid
398270,38766,2026-06-01,62413.0,0,Paid
398276,38775,2026-06-01,1626.0,0,Paid
398295,38812,2026-06-01,2396.0,5,Paid Late
398297,38823,2026-06-01,16893.0,0,Paid
398304,38848,2026-06-01,1537531.0,0,Paid
398319,38906,2026-06-01,101271.0,0,Paid
398330,38939,2026-06-01,67627.0,0,Paid
398359,39040,2026-06-01,68454.0,0,Paid
398370,39062,2026-06-01,6553.0,26,Paid Late
398465,39375,2026-06-01,24219.0,0,Paid
398480,39416,2026-06-01,1148645.0,0,Paid
398501,39486,2026-06-01,1111.0,0,Paid
398536,39592,2026-06-01,49206.0,0,Paid
398580,39739,2026-06-01,3368.0,0,Paid
398602,39810,2026-06-01,296530.0,0,Paid
398622,39869,2026-06-01,3614.0,0,Paid
398632,39896,2026-06-01,3959.0,0,Paid
398655,39965,2026-06-01,59077.0,0,Paid
398697,40093,2026-06-01,1810.0,0,Paid
398717,40154,2026-06-01,259027.0,0,Paid
398720,40163,2026-06-01,69976.0,0,Paid
398721,40166,2026-06-01,3308.0,0,Paid
398762,40270,2026-06-01,3452.0,0,Paid
398781,40330,2026-06-01,5087.0,0,Paid
398839,40485,2026-06-01,2902.0,0,Paid
398855,40544,2026-06-01,77468.0,0,Paid
398901,40659,2026-06-01,802.0,0,Paid
398931,40757,2026-06-01,9177.0,0,Paid
398957,40826,2026-06-01,7149.0,0,Paid
398960,40843,2026-06-01,2033.0,0,Paid
398972,40892,2026-06-01,30093.0,0,Paid
399032,41106,2026-06-01,63622.0,7,Paid Late
399042,41128,2026-06-01,14670.0,0,Paid
399066,41212,2026-06-01,5978.0,0,Paid
399087,41280,2026-06-01,2930.0,0,Paid
399092,41289,2026-06-01,2355.0,0,Paid
399136,41404,2026-06-01,6037.0,21,Paid Late
399179,41531,2026-06-01,95639.0,0,Paid
399183,41542,2026-06-01,35417.0,90,Paid Late
399187,41554,2026-06-01,5822.0,0,Paid
399200,41601,2026-06-01,6037.0,2,Failed
399217,41660,2026-06-01,4498.0,23,Paid Late
399224,41686,2026-06-01,1324.0,0,Paid
399228,41704,2026-06-01,1223.0,0,Paid
399231,41709,2026-06-01,59497.0,21,Paid Late
399233,41717,2026-06-01,1046.0,6,Paid Late
399235,41724,2026-06-01,39031.0,0,Paid
399238,41740,2026-06-01,3504.0,0,Paid
399250,41776,2026-06-01,1690.0,0,Paid
399270,41834,2026-06-01,2872.0,8,Failed
399272,41845,2026-06-01,59411.0,0,Paid
399275,41853,2026-06-01,181849.0,29,Paid Late
399278,41859,2026-06-01,5567.0,0,Paid
399282,41868,2026-06-01,3282.0,0,Paid
399283,41869,2026-06-01,228971.0,14,Failed
399292,41888,2026-06-01,37287.0,0,Paid
399308,41946,2026-06-01,1412.0,0,Paid
399311,41955,2026-06-01,3959.0,0,Paid
399312,41956,2026-06-01,3196.0,0,Paid
399316,41961,2026-06-01,4639.0,0,Paid
399320,41970,2026-06-01,15914.0,0,Paid
399329,41985,2026-06-01,519.0,9,Paid Late
399359,42058,2026-06-01,5335.0,0,Paid
399360,42060,2026-06-01,64393.0,0,Paid
399373,42105,2026-06-01,2931.0,0,Paid
399396,42176,2026-06-01,3541.0,19,Paid Late
399405,42196,2026-06-01,542.0,0,Paid
399427,42253,2026-06-01,28620.0,0,Paid
399434,42264,2026-06-01,9584.0,0,Paid
399459,42342,2026-06-01,3918.0,0,Paid
399470,42382,2026-06-01,56897.0,15,Paid Late
399478,42398,2026-06-01,287332.0,5,Paid Late
399488,42428,2026-06-01,2868.0,0,Paid
399495,42446,2026-06-01,759.0,0,Paid
399506,42484,2026-06-01,1610.0,0,Paid
399545,42620,2026-06-01,2872.0,0,Paid
399550,42635,2026-06-01,548.0,0,Paid
399607,42805,2026-06-01,2703.0,0,Paid
399630,42868,2026-06-01,1137.0,0,Paid
399657,42960,2026-06-01,2408.0,17,Failed
399658,42962,2026-06-01,570.0,16,Failed
399686,43041,2026-06-01,210808.0,0,Paid
399730,43162,2026-06-01,995.0,0,Paid
399731,43165,2026-06-01,24803.0,15,Paid Late
399749,43194,2026-06-01,1481.0,0,Paid
399754,43203,2026-06-01,3095.0,6,Failed
399770,43248,2026-06-01,3231.0,0,Paid
399772,43251,2026-06-01,5451.0,0,Paid
399786,43280,2026-06-01,329551.0,20,Paid Late
399810,43331,2026-06-01,12758.0,0,Paid
399820,43358,2026-06-01,58231.0,0,Paid
399848,43428,2026-06-01,1682.0,35,Paid Late
399850,43444,2026-06-01,6287.0,23,Paid Late
399868,43477,2026-06-01,9519.0,5,Paid Late
399890,43533,2026-06-01,23210.0,0,Paid
399897,43556,2026-06-01,2726.0,0,Paid
399935,43663,2026-06-01,36167.0,0,Paid
399936,43665,2026-06-01,2122.0,0,Paid
399952,43702,2026-06-01,2784.0,9,Paid Late
400004,43871,2026-06-01,73481.0,0,Paid
400092,44132,2026-06-01,2251.0,7,Paid Late
400102,44154,2026-06-01,7074.0,0,Paid
400118,44211,2026-06-01,4083.0,0,Paid
400123,44225,2026-06-01,39333.0,6,Paid Late
400140,44258,2026-06-01,9487.0,0,Paid
400171,44356,2026-06-01,5277.0,23,Paid Late
400175,44365,2026-06-01,7671.0,0,Paid
400200,44453,2026-06-01,3207.0,0,Paid
400210,44476,2026-06-01,59497.0,0,Paid
400230,44541,2026-06-01,1569.0,0,Paid
400243,44577,2026-06-01,6037.0,0,Paid
400256,44611,2026-06-01,1846.0,0,Paid
400258,44620,2026-06-01,24455.0,0,Paid
400282,44692,2026-06-01,54366.0,4,Failed
400294,44722,2026-06-01,13425.0,0,Paid
400382,44979,2026-06-01,2119.0,0,Paid
400415,45066,2026-06-01,19937.0,0,Paid
400445,45151,2026-06-01,1137.0,0,Paid
400464,45220,2026-06-01,827.0,0,Paid
400515,45344,2026-06-01,38339.0,0,Paid
400539,45395,2026-06-01,3651.0,0,Paid
400547,45424,2026-06-01,1774.0,0,Paid
400576,45507,2026-06-01,2195.0,0,Paid
400589,45541,2026-06-01,58108.0,0,Paid
400591,45547,2026-06-01,2014.0,12,Paid Late
400605,45606,2026-06-01,30648.0,30,Paid Late
400606,45608,2026-06-01,542.0,19,Paid Late
400617,45638,2026-06-01,40861.0,0,Paid
400641,45702,2026-06-01,1770.0,0,Paid
400644,45708,2026-06-01,2921.0,0,Paid
400668,45757,2026-06-01,15747.0,0,Paid
400694,45827,2026-06-01,7831.0,0,Paid
400697,45831,2026-06-01,1338.0,0,Paid
400727,45909,2026-06-01,15775.0,0,Paid
400750,45983,2026-06-01,252276.0,0,Paid
400764,46011,2026-06-01,242402.0,0,Paid
400784,46063,2026-06-01,94226.0,0,Paid
400792,46074,2026-06-01,90483.0,0,Paid
400798,46088,2026-06-01,7372.0,0,Paid
400807,46114,2026-06-01,50101.0,0,Paid
400823,46158,2026-06-01,21092.0,0,Paid
400842,46214,2026-06-01,1626.0,14,Paid Late
400948,46503,2026-06-01,145189.0,0,Paid
400993,46607,2026-06-01,2856.0,0,Paid
401011,46659,2026-06-01,1256.0,0,Paid
401029,46708,2026-06-01,4639.0,0,Paid
401040,46731,2026-06-01,4452.0,13,Paid Late
401042,46734,2026-06-01,41336.0,8,Paid Late
401045,46740,2026-06-01,39523.0,0,Paid
401099,46903,2026-06-01,13610.0,0,Paid
401150,47036,2026-06-01,3334.0,0,Paid
401175,47100,2026-06-01,25906.0,0,Paid
401212,47208,2026-06-01,1046.0,8,Paid Late
401275,47391,2026-06-01,1884.0,0,Paid
401281,47413,2026-06-01,1057.0,0,Paid
401315,47514,2026-06-01,1223.0,7,Paid Late
401317,47522,2026-06-01,19732.0,55,Paid Late
401319,47527,2026-06-01,4452.0,0,Paid
401364,47666,2026-06-01,1713.0,0,Paid
401430,47863,2026-06-01,1884.0,0,Paid
401432,47872,2026-06-01,13864.0,0,Paid
401439,47889,2026-06-01,203288.0,0,Paid
401446,47913,2026-06-01,3231.0,0,Paid
401448,47922,2026-06-01,1324.0,0,Paid
401468,47989,2026-06-01,6831.0,0,Paid
401483,48050,2026-06-01,542.0,0,Paid
401508,48123,2026-06-01,2870.0,0,Paid
401524,48159,2026-06-01,3783.0,0,Paid
401547,48223,2026-06-01,8132.0,24,Paid Late
401582,48337,2026-06-01,3162.0,0,Paid
401589,48355,2026-06-01,4592.0,0,Paid
401611,48427,2026-06-01,3231.0,0,Paid
401664,48567,2026-06-01,1269.0,0,Paid
401691,48644,2026-06-01,2843.0,0,Paid
401743,48808,2026-06-01,59255.0,0,Paid
401814,49009,2026-06-01,7592.0,0,Paid
401847,49099,2026-06-01,17144.0,23,Paid Late
401850,49104,2026-06-01,2044.0,0,Paid
401860,49130,2026-06-01,4001.0,10,Failed
401865,49144,2026-06-01,3487.0,0,Paid
401875,49168,2026-06-01,21092.0,35,Paid Late
401878,49176,2026-06-01,22140.0,0,Paid
401892,49214,2026-06-01,2076.0,20,Paid Late
401931,49313,2026-06-01,2044.0,0,Paid
401942,49353,2026-06-01,22248.0,0,Paid
401944,49358,2026-06-01,2812547.0,25,Paid Late
401965,49454,2026-06-01,2542.0,0,Paid
401978,49489,2026-06-01,2542.0,0,Paid
402006,49606,2026-06-01,1102.0,19,Paid Late
402012,49617,2026-06-01,11164.0,0,Paid
402019,49642,2026-06-01,2843.0,0,Paid
402049,49707,2026-06-01,738158.0,0,Paid
402053,49720,2026-06-01,3265.0,30,Failed
402075,49794,2026-06-01,20411.0,0,Paid
402080,49808,2026-06-01,734.0,0,Paid
402095,49872,2026-06-01,5842.0,0,Paid
402106,49913,2026-06-01,3547.0,16,Paid Late
402133,49980,2026-06-01,70024.0,21,Paid Late
