customer_id,segment,industry,state,tier,billing_cycle,mrr,arr,discount_pct,tenure_months,seats_licensed,seat_utilisation,feature_adoption,login_trend_pct,t90_tickets,t90_avg_csat,late_payment_rate_180d,months_since_activity,churn_probability_90d,churn_probability_12m,gross_margin_arr,revenue_at_risk,price_sensitivity,reasons,primary_reason,scored_at
5678,SMB,Real Estate,Karnataka,Business,Annual,4096.0,49152.0,8.0,21.2,4,0.0,0.1037037037037037,-0.3333333333333333,15.0,3.333333333333333,0.0,2.0,0.685,0.9902,38339.0,48670.0,0.0,"[{""feature"": ""t90_tickets"", ""label"": ""Heavy support load"", ""impact_pp"": 16.3}, {""feature"": ""t90_avg_resolution_h"", ""label"": ""Slow ticket resolution"", ""impact_pp"": 6.4}, {""feature"": ""feature_adoption"", ""label"": ""Shallow product adoption"", ""impact_pp"": 4.6}]",Heavy support load,2026-06-30
6515,Mid-Market,Manufacturing,Tamil Nadu,Growth,Annual,11275.0,135300.0,12.0,21.2,23,0.0434782608695652,0.0833333333333333,-0.4285714285714285,23.0,2.9130434782608696,0.0,2.0,0.6976,0.9916,105534.0,134163.0,0.0,"[{""feature"": ""t90_tickets"", ""label"": ""Heavy support load"", ""impact_pp"": 15.1}, {""feature"": ""feature_adoption"", ""label"": ""Shallow product adoption"", ""impact_pp"": 6.5}, {""feature"": ""t90_avg_resolution_h"", ""label"": ""Slow ticket resolution"", ""impact_pp"": 6.4}]",Heavy support load,2026-06-30
46227,SMB,Education,Kerala,Starter,Annual,2146.0,25752.0,11.734551162563404,33.1,9,0.1111111111111111,0.1111111111111111,-1.0,19.0,2.6842105263157894,0.0,4.0,0.5882,0.9713,20087.0,25013.0,0.066,"[{""feature"": ""t90_tickets"", ""label"": ""Heavy support load"", ""impact_pp"": 12.5}, {""feature"": ""seat_utilisation"", ""label"": ""Seats sitting unused"", ""impact_pp"": 10.0}, {""feature"": ""t90_avg_csat"", ""label"": ""Unhappy with support"", ""impact_pp"": 4.8}]",Heavy support load,2026-06-30
23924,Mid-Market,Real Estate,Madhya Pradesh,Business,Monthly,62864.0,754368.0,11.0,0.4,73,0.3972602739726027,0.3777777777777777,0.0,6.0,3.333333333333333,1.0,1.0,0.4526,0.9102,588407.0,686626.0,0.343,"[{""feature"": ""tenure_months"", ""label"": ""Still early in lifecycle"", ""impact_pp"": 10.4}, {""feature"": ""discount_pct"", ""label"": ""Price sensitive (deep discount)"", ""impact_pp"": 10.4}, {""feature"": ""t90_tickets"", ""label"": ""Heavy support load"", ""impact_pp"": 8.8}]",Still early in lifecycle,2026-06-30
28898,Mid-Market,Real Estate,Rajasthan,Enterprise,Annual,36280.0,435360.0,4.0,12.0,22,0.0606060606060606,0.2,0.0,25.0,2.72,1.0,1.0,0.4431,0.9038,339581.0,393478.0,0.048,"[{""feature"": ""t90_tickets"", ""label"": ""Heavy support load"", ""impact_pp"": 14.2}, {""feature"": ""login_trend_pct"", ""label"": ""Usage trending down"", ""impact_pp"": 9.1}, {""feature"": ""feature_adoption"", ""label"": ""Shallow product adoption"", ""impact_pp"": 2.7}]",Heavy support load,2026-06-30
44570,Enterprise,IT Services,Tamil Nadu,Enterprise,Annual,89387.0,1072644.0,29.72285136635429,21.5,71,0.2206572769953051,0.0166666666666666,0.375,13.0,3.3076923076923075,0.0,1.0,0.3703,0.8428,836662.0,904024.0,0.24,"[{""feature"": ""t90_tickets"", ""label"": ""Heavy support load"", ""impact_pp"": 10.7}, {""feature"": ""discount_pct"", ""label"": ""Price sensitive (deep discount)"", ""impact_pp"": 8.9}, {""feature"": ""feature_adoption"", ""label"": ""Shallow product adoption"", ""impact_pp"": 6.6}]",Heavy support load,2026-06-30
28485,Enterprise,Hospitality,West Bengal,Enterprise,Annual,213507.0,2562084.0,15.0,9.8,163,0.0879345603271983,0.0555555555555555,-0.4285714285714285,19.0,2.6842105263157894,0.0,1.0,0.5475,0.9581,1998426.0,2454733.0,0.0,"[{""feature"": ""t90_tickets"", ""label"": ""Heavy support load"", ""impact_pp"": 10.2}, {""feature"": ""login_trend_pct"", ""label"": ""Usage trending down"", ""impact_pp"": 7.4}, {""feature"": ""seat_utilisation"", ""label"": ""Seats sitting unused"", ""impact_pp"": 5.3}]",Heavy support load,2026-06-30
33208,Mid-Market,Retail,Maharashtra,Enterprise,Monthly,56683.0,680196.0,6.0,21.9,36,0.1388888888888889,0.1722222222222222,-0.3846153846153846,7.0,3.4285714285714284,0.6,1.0,0.5521,0.9597,530553.0,652784.0,0.0,"[{""feature"": ""t90_tickets"", ""label"": ""Heavy support load"", ""impact_pp"": 12.7}, {""feature"": ""seat_utilisation"", ""label"": ""Seats sitting unused"", ""impact_pp"": 12.5}, {""feature"": ""feature_adoption"", ""label"": ""Shallow product adoption"", ""impact_pp"": 3.5}]",Heavy support load,2026-06-30
39062,SMB,Healthcare,Karnataka,Growth,Monthly,6553.0,78636.0,12.0,32.8,13,0.1794871794871795,0.2261904761904762,-0.6428571428571429,9.0,3.555555555555556,0.6,1.0,0.6853,0.9902,61336.0,77865.0,0.099,"[{""feature"": ""t90_tickets"", ""label"": ""Heavy support load"", ""impact_pp"": 18.6}, {""feature"": ""seat_utilisation"", ""label"": ""Seats sitting unused"", ""impact_pp"": 13.9}, {""feature"": ""feature_adoption"", ""label"": ""Shallow product adoption"", ""impact_pp"": 7.7}]",Heavy support load,2026-06-30
5215,Mid-Market,Hospitality,Telangana,Enterprise,Annual,80557.0,966684.0,9.0,21.3,54,0.074074074074074,0.1722222222222222,-0.7857142857142857,10.0,3.4,0.0,1.0,0.5258,0.9495,754014.0,917866.0,0.0,"[{""feature"": ""t90_tickets"", ""label"": ""Heavy support load"", ""impact_pp"": 17.4}, {""feature"": ""feature_adoption"", ""label"": ""Shallow product adoption"", ""impact_pp"": 10.6}, {""feature"": ""seat_utilisation"", ""label"": ""Seats sitting unused"", ""impact_pp"": 5.8}]",Heavy support load,2026-06-30
42962,SMB,Education,Tamil Nadu,Starter,Monthly,570.0,6840.0,0.0,2.8,2,0.5,0.2777777777777778,0.0,13.0,3.076923076923077,1.0,1.0,0.6426,0.9837,5335.0,6729.0,0.227,"[{""feature"": ""t90_tickets"", ""label"": ""Heavy support load"", ""impact_pp"": 24.9}, {""feature"": ""tenure_months"", ""label"": ""Still early in lifecycle"", ""impact_pp"": 14.4}, {""feature"": ""late_payment_rate_180d"", ""label"": ""Paying late"", ""impact_pp"": 11.0}]",Heavy support load,2026-06-30
18,SMB,Hospitality,Kerala,Growth,Annual,1013.0,12156.0,18.0,10.4,2,0.0,0.0952380952380952,-0.5882352941176471,9.0,3.333333333333333,0.0,1.0,0.4153,0.8831,9482.0,10735.0,0.299,"[{""feature"": ""t90_tickets"", ""label"": ""Heavy support load"", ""impact_pp"": 11.8}, {""feature"": ""discount_pct"", ""label"": ""Price sensitive (deep discount)"", ""impact_pp"": 10.0}, {""feature"": ""tenure_months"", ""label"": ""Still early in lifecycle"", ""impact_pp"": 7.5}]",Heavy support load,2026-06-30
27373,SMB,Logistics,Maharashtra,Starter,Monthly,835.0,10020.0,1.0,1.6,3,0.0,0.0833333333333333,0.0,16.0,2.875,1.0,1.0,0.8584,0.9996,7816.0,10016.0,0.116,"[{""feature"": ""t90_tickets"", ""label"": ""Heavy support load"", ""impact_pp"": 7.0}, {""feature"": ""tenure_months"", ""label"": ""Still early in lifecycle"", ""impact_pp"": 6.9}, {""feature"": ""seat_utilisation"", ""label"": ""Seats sitting unused"", ""impact_pp"": 5.5}]",Heavy support load,2026-06-30
24478,Mid-Market,Education,Delhi,Business,Monthly,20688.0,248256.0,16.0,0.6,24,0.0416666666666666,0.1333333333333333,0.0,4.0,3.0,1.0,1.0,0.9126,0.9999,193640.0,248231.0,0.149,"[{""feature"": ""seat_utilisation"", ""label"": ""Seats sitting unused"", ""impact_pp"": 10.2}, {""feature"": ""feature_adoption"", ""label"": ""Shallow product adoption"", ""impact_pp"": 5.6}, {""feature"": ""tenure_months"", ""label"": ""Still early in lifecycle"", ""impact_pp"": 2.9}]",Seats sitting unused,2026-06-30
19694,SMB,Healthcare,Karnataka,Starter,Monthly,1925.0,23100.0,11.0,2.8,8,0.125,0.1666666666666666,0.0,4.0,2.75,1.0,1.0,0.5726,0.9666,18018.0,22328.0,0.319,"[{""feature"": ""seat_utilisation"", ""label"": ""Seats sitting unused"", ""impact_pp"": 16.4}, {""feature"": ""feature_adoption"", ""label"": ""Shallow product adoption"", ""impact_pp"": 12.7}, {""feature"": ""t90_tickets"", ""label"": ""Heavy support load"", ""impact_pp"": 12.5}]",Seats sitting unused,2026-06-30
10776,SMB,Financial Services,Kerala,Starter,Annual,2098.0,25176.0,3.0,22.2,8,0.0,0.1666666666666666,-0.7142857142857143,12.0,2.5,0.0,2.0,0.8289,0.9991,19637.0,25153.0,0.0,"[{""feature"": ""t90_tickets"", ""label"": ""Heavy support load"", ""impact_pp"": 15.9}, {""feature"": ""feature_adoption"", ""label"": ""Shallow product adoption"", ""impact_pp"": 13.7}, {""feature"": ""t90_avg_resolution_h"", ""label"": ""Slow ticket resolution"", ""impact_pp"": 8.0}]",Heavy support load,2026-06-30
17010,SMB,Healthcare,Tamil Nadu,Starter,Monthly,2009.0,24108.0,17.0,4.9,9,0.2962962962962963,0.6666666666666666,0.1428571428571428,9.0,3.6666666666666665,0.4,1.0,0.4547,0.9116,18804.0,21977.0,0.245,"[{""feature"": ""t90_tickets"", ""label"": ""Heavy support load"", ""impact_pp"": 16.4}, {""feature"": ""discount_pct"", ""label"": ""Price sensitive (deep discount)"", ""impact_pp"": 11.3}, {""feature"": ""tenure_months"", ""label"": ""Still early in lifecycle"", ""impact_pp"": 9.1}]",Heavy support load,2026-06-30
6693,Enterprise,Hospitality,Tamil Nadu,Enterprise,Monthly,98223.0,1178676.0,12.0,20.4,69,0.1497584541062802,0.5833333333333334,-0.3333333333333333,5.0,3.6,0.2,1.0,0.3891,0.8607,919367.0,1014486.0,0.077,"[{""feature"": ""seat_utilisation"", ""label"": ""Seats sitting unused"", ""impact_pp"": 10.7}, {""feature"": ""t90_tickets"", ""label"": ""Heavy support load"", ""impact_pp"": 6.5}, {""feature"": ""feature_adoption"", ""label"": ""Shallow product adoption"", ""impact_pp"": 5.0}]",Seats sitting unused,2026-06-30
34969,Mid-Market,Logistics,Karnataka,Growth,Annual,12407.0,148884.0,7.0,9.8,24,0.0416666666666666,0.0714285714285714,0.3333333333333333,25.0,2.88,0.0,1.0,0.7209,0.9939,116130.0,147976.0,0.0,"[{""feature"": ""t90_tickets"", ""label"": ""Heavy support load"", ""impact_pp"": 18.8}, {""feature"": ""feature_adoption"", ""label"": ""Shallow product adoption"", ""impact_pp"": 8.8}, {""feature"": ""seat_utilisation"", ""label"": ""Seats sitting unused"", ""impact_pp"": 5.3}]",Heavy support load,2026-06-30
33032,Mid-Market,Manufacturing,Gujarat,Growth,Annual,31421.0,377052.0,7.0,0.8,64,0.109375,0.1071428571428571,0.0,7.0,2.571428571428572,1.0,1.0,0.4837,0.929,294101.0,350281.0,0.008,"[{""feature"": ""tenure_months"", ""label"": ""Still early in lifecycle"", ""impact_pp"": 15.4}, {""feature"": ""t90_tickets"", ""label"": ""Heavy support load"", ""impact_pp"": 13.6}, {""feature"": ""feature_adoption"", ""label"": ""Shallow product adoption"", ""impact_pp"": 6.8}]",Still early in lifecycle,2026-06-30
40154,Enterprise,Education,Haryana,Enterprise,Monthly,259027.0,3108324.0,8.0,5.5,184,0.0797101449275362,0.1833333333333333,0.0,2.0,2.5,0.4,1.0,0.4296,0.8941,2424493.0,2779152.0,0.018,"[{""feature"": ""seat_utilisation"", ""label"": ""Seats sitting unused"", ""impact_pp"": 15.7}, {""feature"": ""feature_adoption"", ""label"": ""Shallow product adoption"", ""impact_pp"": 9.2}, {""feature"": ""tenure_months"", ""label"": ""Still early in lifecycle"", ""impact_pp"": 6.5}]",Seats sitting unused,2026-06-30
8799,SMB,Real Estate,West Bengal,Growth,Monthly,7671.0,92052.0,4.0,21.2,14,0.3809523809523809,0.369047619047619,-0.2,9.0,3.555555555555556,1.0,1.0,0.3841,0.8561,71801.0,78806.0,0.186,"[{""feature"": ""t90_tickets"", ""label"": ""Heavy support load"", ""impact_pp"": 16.0}, {""feature"": ""late_payment_rate_180d"", ""label"": ""Paying late"", ""impact_pp"": 4.9}, {""feature"": ""t90_avg_resolution_h"", ""label"": ""Slow ticket resolution"", ""impact_pp"": 3.1}]",Heavy support load,2026-06-30
49214,SMB,Agritech,Tamil Nadu,Starter,Monthly,2076.0,24912.0,4.0,23.0,8,0.3333333333333333,0.3611111111111111,-0.6,7.0,3.0,0.8,1.0,0.3783,0.8506,19431.0,21190.0,0.045,"[{""feature"": ""t90_tickets"", ""label"": ""Heavy support load"", ""impact_pp"": 13.7}, {""feature"": ""seat_utilisation"", ""label"": ""Seats sitting unused"", ""impact_pp"": 3.7}, {""feature"": ""late_payment_rate_180d"", ""label"": ""Paying late"", ""impact_pp"": 0.8}]",Heavy support load,2026-06-30
8359,Enterprise,Financial Services,West Bengal,Enterprise,Monthly,220148.0,2641776.0,21.0,37.8,182,0.097069597069597,0.3222222222222222,-0.56,4.0,4.0,0.8,1.0,0.4724,0.9225,2060585.0,2437038.0,0.708,"[{""feature"": ""discount_pct"", ""label"": ""Price sensitive (deep discount)"", ""impact_pp"": 25.7}, {""feature"": ""seat_utilisation"", ""label"": ""Seats sitting unused"", ""impact_pp"": 6.9}, {""feature"": ""feature_adoption"", ""label"": ""Shallow product adoption"", ""impact_pp"": 2.3}]",Price sensitive (deep discount),2026-06-30
17920,Mid-Market,Hospitality,Tamil Nadu,Enterprise,Annual,95996.0,1151952.0,9.0,23.5,65,0.0564102564102564,0.0666666666666666,0.4285714285714285,20.0,3.1,0.0,1.0,0.501,0.938,898523.0,1080531.0,0.0,"[{""feature"": ""t90_tickets"", ""label"": ""Heavy support load"", ""impact_pp"": 25.0}, {""feature"": ""seat_utilisation"", ""label"": ""Seats sitting unused"", ""impact_pp"": 12.0}, {""feature"": ""feature_adoption"", ""label"": ""Shallow product adoption"", ""impact_pp"": 10.9}]",Heavy support load,2026-06-30
38367,Mid-Market,IT Services,Haryana,Growth,Monthly,31289.0,375468.0,6.0,2.6,63,0.2698412698412698,0.1547619047619047,0.0,8.0,2.875,0.6666666666666666,1.0,0.3763,0.8487,292865.0,318660.0,0.267,"[{""feature"": ""t90_tickets"", ""label"": ""Heavy support load"", ""impact_pp"": 8.1}, {""feature"": ""late_payment_rate_180d"", ""label"": ""Paying late"", ""impact_pp"": 5.8}, {""feature"": ""seat_utilisation"", ""label"": ""Seats sitting unused"", ""impact_pp"": 3.8}]",Heavy support load,2026-06-30
33280,Mid-Market,Financial Services,Karnataka,Business,Monthly,52225.0,626700.0,5.0,1.9,56,0.25,0.0777777777777777,0.0,5.0,3.0,1.0,1.0,0.7213,0.994,488826.0,622940.0,0.151,"[{""feature"": ""t90_tickets"", ""label"": ""Heavy support load"", ""impact_pp"": 8.8}, {""feature"": ""seat_utilisation"", ""label"": ""Seats sitting unused"", ""impact_pp"": 8.6}, {""feature"": ""t90_avg_resolution_h"", ""label"": ""Slow ticket resolution"", ""impact_pp"": 8.5}]",Heavy support load,2026-06-30
19491,SMB,Financial Services,Maharashtra,Starter,Annual,2596.0,31152.0,3.0,9.2,10,0.4,0.2222222222222222,-0.0833333333333333,19.0,3.210526315789474,0.0,1.0,0.3853,0.8572,24299.0,26703.0,0.0,"[{""feature"": ""t90_tickets"", ""label"": ""Heavy support load"", ""impact_pp"": 18.2}, {""feature"": ""feature_adoption"", ""label"": ""Shallow product adoption"", ""impact_pp"": 6.6}, {""feature"": ""login_trend_pct"", ""label"": ""Usage trending down"", ""impact_pp"": 3.0}]",Heavy support load,2026-06-30
32405,SMB,Healthcare,Karnataka,Growth,Monthly,5883.0,70596.0,21.0,11.6,13,0.1538461538461538,0.5595238095238095,-0.3488372093023256,2.0,4.0,0.4,1.0,0.3568,0.8288,55065.0,58510.0,0.716,"[{""feature"": ""discount_pct"", ""label"": ""Price sensitive (deep discount)"", ""impact_pp"": 23.2}, {""feature"": ""tenure_months"", ""label"": ""Still early in lifecycle"", ""impact_pp"": 4.1}, {""feature"": ""feature_adoption"", ""label"": ""Shallow product adoption"", ""impact_pp"": 2.2}]",Price sensitive (deep discount),2026-06-30
46214,SMB,Manufacturing,West Bengal,Starter,Monthly,1626.0,19512.0,1.0,0.8,6,0.0,0.0833333333333333,0.0,5.0,2.8,1.0,99.0,0.9606,1.0,15219.0,19512.0,0.104,"[{""feature"": ""seat_utilisation"", ""label"": ""Seats sitting unused"", ""impact_pp"": 11.4}, {""feature"": ""feature_adoption"", ""label"": ""Shallow product adoption"", ""impact_pp"": 9.3}, {""feature"": ""tenure_months"", ""label"": ""Still early in lifecycle"", ""impact_pp"": 6.4}]",Seats sitting unused,2026-06-30
5747,Mid-Market,Financial Services,Rajasthan,Business,Annual,46511.0,558132.0,4.0,9.5,49,0.1224489795918367,0.0296296296296296,-0.6,25.0,2.6,0.0,1.0,0.6285,0.981,435343.0,547527.0,0.0,"[{""feature"": ""t90_tickets"", ""label"": ""Heavy support load"", ""impact_pp"": 20.2}, {""feature"": ""feature_adoption"", ""label"": ""Shallow product adoption"", ""impact_pp"": 8.4}, {""feature"": ""seat_utilisation"", ""label"": ""Seats sitting unused"", ""impact_pp"": 7.6}]",Heavy support load,2026-06-30
14977,SMB,Agritech,Madhya Pradesh,Starter,Annual,923.0,11076.0,27.84501805992646,0.9,4,0.25,0.25,0.0,3.0,2.6666666666666665,1.0,1.0,0.3959,0.8668,8639.0,9601.0,0.536,"[{""feature"": ""discount_pct"", ""label"": ""Price sensitive (deep discount)"", ""impact_pp"": 11.3}, {""feature"": ""t90_avg_csat"", ""label"": ""Unhappy with support"", ""impact_pp"": 5.3}, {""feature"": ""feature_adoption"", ""label"": ""Shallow product adoption"", ""impact_pp"": 3.9}]",Price sensitive (deep discount),2026-06-30
21608,SMB,Logistics,Karnataka,Starter,Monthly,2834.0,34008.0,11.0,0.5,12,0.3333333333333333,0.25,0.0,2.0,2.5,0.0,1.0,0.6974,0.9916,26526.0,33722.0,0.207,"[{""feature"": ""tenure_months"", ""label"": ""Still early in lifecycle"", ""impact_pp"": 12.7}, {""feature"": ""seat_utilisation"", ""label"": ""Seats sitting unused"", ""impact_pp"": 12.3}, {""feature"": ""discount_pct"", ""label"": ""Price sensitive (deep discount)"", ""impact_pp"": 6.7}]",Still early in lifecycle,2026-06-30
26734,Mid-Market,IT Services,Gujarat,Growth,Annual,27868.0,334416.0,15.0,10.0,62,0.1666666666666666,0.0714285714285714,-0.25,10.0,2.9,0.0,1.0,0.6542,0.9857,260844.0,329634.0,0.122,"[{""feature"": ""t90_tickets"", ""label"": ""Heavy support load"", ""impact_pp"": 15.0}, {""feature"": ""discount_pct"", ""label"": ""Price sensitive (deep discount)"", ""impact_pp"": 3.2}, {""feature"": ""feature_adoption"", ""label"": ""Shallow product adoption"", ""impact_pp"": 2.6}]",Heavy support load,2026-06-30
1188,SMB,Agritech,Karnataka,Starter,Monthly,1283.0,15396.0,7.0,5.7,5,0.2,0.1944444444444444,0.875,11.0,3.4545454545454546,0.4,1.0,0.5696,0.9657,12009.0,14868.0,0.0,"[{""feature"": ""t90_tickets"", ""label"": ""Heavy support load"", ""impact_pp"": 16.7}, {""feature"": ""tenure_months"", ""label"": ""Still early in lifecycle"", ""impact_pp"": 12.3}, {""feature"": ""seat_utilisation"", ""label"": ""Seats sitting unused"", ""impact_pp"": 5.3}]",Heavy support load,2026-06-30
10238,Mid-Market,Retail,Kerala,Business,Monthly,63814.0,765768.0,6.0,1.5,70,0.0571428571428571,0.0888888888888888,0.0,11.0,2.8181818181818183,0.5,2.0,0.9491,1.0,597299.0,765768.0,0.069,"[{""feature"": ""seat_utilisation"", ""label"": ""Seats sitting unused"", ""impact_pp"": 16.9}, {""feature"": ""feature_adoption"", ""label"": ""Shallow product adoption"", ""impact_pp"": 11.2}, {""feature"": ""t90_avg_resolution_h"", ""label"": ""Slow ticket resolution"", ""impact_pp"": 5.5}]",Seats sitting unused,2026-06-30
36587,SMB,Real Estate,Kerala,Growth,Monthly,2749.0,32988.0,8.0,5.3,5,0.5333333333333333,0.4761904761904762,-0.3043478260869565,7.0,3.571428571428572,0.8,1.0,0.3899,0.8614,25731.0,28416.0,0.234,"[{""feature"": ""t90_tickets"", ""label"": ""Heavy support load"", ""impact_pp"": 9.9}, {""feature"": ""tenure_months"", ""label"": ""Still early in lifecycle"", ""impact_pp"": 8.6}, {""feature"": ""late_payment_rate_180d"", ""label"": ""Paying late"", ""impact_pp"": 4.4}]",Heavy support load,2026-06-30
13637,SMB,Retail,Kerala,Growth,Monthly,6831.0,81972.0,1.0,31.2,12,0.2777777777777778,0.1428571428571428,-0.6470588235294118,8.0,2.875,0.8,1.0,0.7713,0.9973,63938.0,81751.0,0.112,"[{""feature"": ""t90_tickets"", ""label"": ""Heavy support load"", ""impact_pp"": 19.8}, {""feature"": ""seat_utilisation"", ""label"": ""Seats sitting unused"", ""impact_pp"": 12.8}, {""feature"": ""feature_adoption"", ""label"": ""Shallow product adoption"", ""impact_pp"": 11.6}]",Heavy support load,2026-06-30
12720,SMB,Retail,Madhya Pradesh,Growth,Monthly,6693.0,80316.0,3.0,1.5,12,0.25,0.0714285714285714,0.0,14.0,3.071428571428572,0.5,1.0,0.8742,0.9997,62646.0,80292.0,0.058,"[{""feature"": ""t90_tickets"", ""label"": ""Heavy support load"", ""impact_pp"": 17.0}, {""feature"": ""seat_utilisation"", ""label"": ""Seats sitting unused"", ""impact_pp"": 12.7}, {""feature"": ""feature_adoption"", ""label"": ""Shallow product adoption"", ""impact_pp"": 7.0}]",Heavy support load,2026-06-30
26835,Enterprise,Healthcare,Maharashtra,Enterprise,Monthly,147195.0,1766340.0,23.0,15.8,122,0.2595628415300546,0.4333333333333333,-0.5,2.0,2.5,0.8,1.0,0.4978,0.9364,1377745.0,1654001.0,0.601,"[{""feature"": ""discount_pct"", ""label"": ""Price sensitive (deep discount)"", ""impact_pp"": 27.2}, {""feature"": ""seat_utilisation"", ""label"": ""Seats sitting unused"", ""impact_pp"": 13.4}, {""feature"": ""feature_adoption"", ""label"": ""Shallow product adoption"", ""impact_pp"": 8.1}]",Price sensitive (deep discount),2026-06-30
22199,SMB,Healthcare,Tamil Nadu,Starter,Annual,1046.0,12552.0,6.0,0.2,4,0.0,0.0833333333333333,0.0,7.0,2.857142857142857,0.0,1.0,0.5696,0.9657,9791.0,12121.0,0.0,"[{""feature"": ""tenure_months"", ""label"": ""Still early in lifecycle"", ""impact_pp"": 15.3}, {""feature"": ""seat_utilisation"", ""label"": ""Seats sitting unused"", ""impact_pp"": 13.3}, {""feature"": ""t90_tickets"", ""label"": ""Heavy support load"", ""impact_pp"": 11.3}]",Still early in lifecycle,2026-06-30
16712,Enterprise,Manufacturing,Maharashtra,Enterprise,Monthly,186033.0,2232396.0,9.0,42.6,131,0.0788804071246819,0.1055555555555555,-0.4,16.0,3.3125,0.6,1.0,0.7716,0.9973,1741269.0,2226369.0,0.268,"[{""feature"": ""seat_utilisation"", ""label"": ""Seats sitting unused"", ""impact_pp"": 10.6}, {""feature"": ""t90_tickets"", ""label"": ""Heavy support load"", ""impact_pp"": 6.8}, {""feature"": ""p180_failed"", ""label"": ""Failed payments"", ""impact_pp"": 3.8}]",Seats sitting unused,2026-06-30
43203,SMB,Hospitality,Tamil Nadu,Starter,Monthly,3095.0,37140.0,15.866767568357888,0.3,14,0.0714285714285714,0.0833333333333333,0.0,4.0,2.75,1.0,1.0,1.0,1.0,28969.0,37140.0,0.088,"[{""feature"": ""seat_utilisation"", ""label"": ""Seats sitting unused"", ""impact_pp"": 10.6}, {""feature"": ""tenure_months"", ""label"": ""Still early in lifecycle"", ""impact_pp"": 5.1}, {""feature"": ""feature_adoption"", ""label"": ""Shallow product adoption"", ""impact_pp"": 5.0}]",Seats sitting unused,2026-06-30
41985,SMB,Retail,Karnataka,Starter,Monthly,519.0,6228.0,9.0,14.8,2,0.5,0.1666666666666666,-0.5666666666666667,5.0,2.8,0.8,1.0,0.3633,0.8356,4858.0,5204.0,0.538,"[{""feature"": ""t90_tickets"", ""label"": ""Heavy support load"", ""impact_pp"": 6.9}, {""feature"": ""late_payment_rate_180d"", ""label"": ""Paying late"", ""impact_pp"": 5.7}, {""feature"": ""discount_pct"", ""label"": ""Price sensitive (deep discount)"", ""impact_pp"": 2.4}]",Heavy support load,2026-06-30
27392,SMB,Financial Services,Tamil Nadu,Starter,Monthly,1713.0,20556.0,10.0,17.1,7,0.1904761904761904,0.4722222222222222,0.0,5.0,3.6,0.4,1.0,0.3705,0.843,16034.0,17329.0,0.216,"[{""feature"": ""t90_tickets"", ""label"": ""Heavy support load"", ""impact_pp"": 9.1}, {""feature"": ""seat_utilisation"", ""label"": ""Seats sitting unused"", ""impact_pp"": 6.0}, {""feature"": ""discount_pct"", ""label"": ""Price sensitive (deep discount)"", ""impact_pp"": 6.0}]",Heavy support load,2026-06-30
12693,SMB,IT Services,West Bengal,Starter,Annual,2299.0,27588.0,5.0,10.1,9,0.0,0.0833333333333333,0.5,21.0,2.571428571428572,0.0,1.0,0.6262,0.9805,21519.0,27050.0,0.0,"[{""feature"": ""t90_tickets"", ""label"": ""Heavy support load"", ""impact_pp"": 19.2}, {""feature"": ""feature_adoption"", ""label"": ""Shallow product adoption"", ""impact_pp"": 8.9}, {""feature"": ""seat_utilisation"", ""label"": ""Seats sitting unused"", ""impact_pp"": 6.9}]",Heavy support load,2026-06-30
9803,SMB,Real Estate,Rajasthan,Growth,Annual,4639.0,55668.0,1.0,0.1,8,0.125,0.1785714285714285,0.0,10.0,2.6,1.0,1.0,0.7265,0.9944,43421.0,55356.0,0.057,"[{""feature"": ""tenure_months"", ""label"": ""Still early in lifecycle"", ""impact_pp"": 33.1}, {""feature"": ""t90_tickets"", ""label"": ""Heavy support load"", ""impact_pp"": 14.4}, {""feature"": ""feature_adoption"", ""label"": ""Shallow product adoption"", ""impact_pp"": 9.8}]",Still early in lifecycle,2026-06-30
44132,SMB,IT Services,Kerala,Starter,Monthly,2251.0,27012.0,7.0,12.3,9,0.3703703703703704,0.0833333333333333,0.0,11.0,3.8181818181818175,0.6,1.0,0.6372,0.9827,21069.0,26545.0,0.063,"[{""feature"": ""t90_tickets"", ""label"": ""Heavy support load"", ""impact_pp"": 28.8}, {""feature"": ""seat_utilisation"", ""label"": ""Seats sitting unused"", ""impact_pp"": 15.5}, {""feature"": ""tenure_months"", ""label"": ""Still early in lifecycle"", ""impact_pp"": 4.4}]",Heavy support load,2026-06-30
7710,Mid-Market,Manufacturing,Karnataka,Business,Monthly,32305.0,387660.0,13.0,5.7,37,0.2612612612612612,0.2592592592592592,-0.2,6.0,3.1666666666666665,0.6,1.0,0.4484,0.9074,302375.0,351763.0,0.503,"[{""feature"": ""discount_pct"", ""label"": ""Price sensitive (deep discount)"", ""impact_pp"": 17.1}, {""feature"": ""tenure_months"", ""label"": ""Still early in lifecycle"", ""impact_pp"": 10.9}, {""feature"": ""t90_tickets"", ""label"": ""Heavy support load"", ""impact_pp"": 9.6}]",Price sensitive (deep discount),2026-06-30
11414,Mid-Market,Retail,West Bengal,Business,Monthly,11776.0,141312.0,21.24314272042773,3.2,15,0.3333333333333333,0.6518518518518518,2.0,7.0,4.0,0.0,1.0,0.3519,0.8235,110223.0,116370.0,0.615,"[{""feature"": ""discount_pct"", ""label"": ""Price sensitive (deep discount)"", ""impact_pp"": 23.9}, {""feature"": ""t90_tickets"", ""label"": ""Heavy support load"", ""impact_pp"": 7.0}, {""feature"": ""tenure_months"", ""label"": ""Still early in lifecycle"", ""impact_pp"": 6.1}]",Price sensitive (deep discount),2026-06-30
6514,SMB,Healthcare,Uttar Pradesh,Growth,Annual,6627.0,79524.0,11.0,24.1,13,0.1282051282051282,0.0357142857142857,-0.8571428571428571,14.0,2.857142857142857,1.0,3.0,0.2259,0.641,62029.0,50975.0,0.121,"[{""feature"": ""t90_tickets"", ""label"": ""Heavy support load"", ""impact_pp"": 7.6}, {""feature"": ""feature_adoption"", ""label"": ""Shallow product adoption"", ""impact_pp"": 4.6}, {""feature"": ""seat_utilisation"", ""label"": ""Seats sitting unused"", ""impact_pp"": 2.2}]",Heavy support load,2026-06-30
37419,SMB,Real Estate,Maharashtra,Business,Monthly,4089.0,49068.0,22.81840921049796,7.9,5,0.4666666666666667,0.6962962962962963,-0.3103448275862069,2.0,3.0,0.2,1.0,0.2244,0.6382,38273.0,31315.0,0.657,"[{""feature"": ""discount_pct"", ""label"": ""Price sensitive (deep discount)"", ""impact_pp"": 14.1}, {""feature"": ""tenure_months"", ""label"": ""Still early in lifecycle"", ""impact_pp"": 4.6}, {""feature"": ""t90_avg_resolution_h"", ""label"": ""Slow ticket resolution"", ""impact_pp"": 1.2}]",Price sensitive (deep discount),2026-06-30
41660,SMB,Real Estate,Madhya Pradesh,Growth,Monthly,4498.0,53976.0,4.0,50.4,8,0.5,0.6071428571428571,-0.16,6.0,3.8333333333333335,0.8,1.0,0.1514,0.4815,42101.0,25989.0,0.512,"[{""feature"": ""p180_failed"", ""label"": ""Failed payments"", ""impact_pp"": 3.6}, {""feature"": ""t90_tickets"", ""label"": ""Heavy support load"", ""impact_pp"": 3.2}, {""feature"": ""t90_avg_resolution_h"", ""label"": ""Slow ticket resolution"", ""impact_pp"": 2.2}]",Failed payments,2026-06-30
6557,Enterprise,Hospitality,Tamil Nadu,Enterprise,Annual,132858.0,1594296.0,12.0,22.3,95,0.2701754385964912,0.1888888888888889,-0.3333333333333333,13.0,3.230769230769231,0.0,1.0,0.3028,0.7637,1243551.0,1217564.0,0.088,"[{""feature"": ""t90_tickets"", ""label"": ""Heavy support load"", ""impact_pp"": 9.6}, {""feature"": ""feature_adoption"", ""label"": ""Shallow product adoption"", ""impact_pp"": 4.6}, {""feature"": ""discount_pct"", ""label"": ""Price sensitive (deep discount)"", ""impact_pp"": 1.5}]",Heavy support load,2026-06-30
25330,SMB,IT Services,Telangana,Starter,Monthly,1102.0,13224.0,1.0,4.0,4,0.25,0.0833333333333333,0.5714285714285714,4.0,3.75,0.6,1.0,0.2014,0.5932,10315.0,7844.0,0.239,"[{""feature"": ""tenure_months"", ""label"": ""Still early in lifecycle"", ""impact_pp"": 7.8}, {""feature"": ""late_payment_rate_180d"", ""label"": ""Paying late"", ""impact_pp"": 2.9}, {""feature"": ""feature_adoption"", ""label"": ""Shallow product adoption"", ""impact_pp"": 1.3}]",Still early in lifecycle,2026-06-30
27292,SMB,Retail,Maharashtra,Growth,Annual,3878.0,46536.0,21.427739100637964,0.7,8,0.25,0.3571428571428571,0.0,1.0,4.0,1.0,1.0,0.1855,0.5599,36298.0,26056.0,0.794,"[{""feature"": ""discount_pct"", ""label"": ""Price sensitive (deep discount)"", ""impact_pp"": 7.9}, {""feature"": ""tenure_months"", ""label"": ""Still early in lifecycle"", ""impact_pp"": 1.1}, {""feature"": ""feature_adoption"", ""label"": ""Shallow product adoption"", ""impact_pp"": 1.0}]",Price sensitive (deep discount),2026-06-30
36599,SMB,Financial Services,Rajasthan,Growth,Monthly,6478.0,77736.0,13.0,7.3,13,0.7692307692307693,0.5714285714285714,0.2758620689655172,9.0,3.7777777777777777,0.2,1.0,0.2153,0.6209,60634.0,48266.0,0.232,"[{""feature"": ""t90_tickets"", ""label"": ""Heavy support load"", ""impact_pp"": 17.2}, {""feature"": ""discount_pct"", ""label"": ""Price sensitive (deep discount)"", ""impact_pp"": 6.0}, {""feature"": ""feature_adoption"", ""label"": ""Shallow product adoption"", ""impact_pp"": 1.1}]",Heavy support load,2026-06-30
42253,SMB,Retail,Uttar Pradesh,Starter,Annual,2650.0,31800.0,1.0,12.1,10,0.2666666666666666,0.1111111111111111,-0.5333333333333333,11.0,3.5454545454545454,0.0,1.0,0.3032,0.7642,24804.0,24302.0,0.0,"[{""feature"": ""t90_tickets"", ""label"": ""Heavy support load"", ""impact_pp"": 11.2}, {""feature"": ""tenure_months"", ""label"": ""Still early in lifecycle"", ""impact_pp"": 6.6}, {""feature"": ""feature_adoption"", ""label"": ""Shallow product adoption"", ""impact_pp"": 1.8}]",Heavy support load,2026-06-30
14778,Mid-Market,Healthcare,Telangana,Business,Annual,19883.0,238596.0,4.0,42.4,20,0.0666666666666666,0.1925925925925926,-0.4285714285714285,20.0,3.1,0.0,1.0,0.2822,0.7346,186105.0,175273.0,0.0,"[{""feature"": ""t90_tickets"", ""label"": ""Heavy support load"", ""impact_pp"": 10.5}, {""feature"": ""feature_adoption"", ""label"": ""Shallow product adoption"", ""impact_pp"": 4.1}, {""feature"": ""seat_utilisation"", ""label"": ""Seats sitting unused"", ""impact_pp"": 2.4}]",Heavy support load,2026-06-30
36017,Mid-Market,Education,Delhi,Growth,Monthly,34287.0,411444.0,8.0,17.6,71,0.2816901408450704,0.2619047619047619,1.0,4.0,3.0,0.6,1.0,0.2252,0.6397,320926.0,263201.0,0.331,"[{""feature"": ""seat_utilisation"", ""label"": ""Seats sitting unused"", ""impact_pp"": 7.2}, {""feature"": ""feature_adoption"", ""label"": ""Shallow product adoption"", ""impact_pp"": 7.0}, {""feature"": ""late_payment_rate_180d"", ""label"": ""Paying late"", ""impact_pp"": 6.4}]",Seats sitting unused,2026-06-30
37672,Mid-Market,Hospitality,Gujarat,Growth,Monthly,30109.0,361308.0,17.0,38.7,69,0.6376811594202898,0.5595238095238095,0.0,7.0,3.7142857142857135,0.2,1.0,0.2381,0.663,281820.0,239547.0,0.563,"[{""feature"": ""discount_pct"", ""label"": ""Price sensitive (deep discount)"", ""impact_pp"": 19.7}, {""feature"": ""t90_tickets"", ""label"": ""Heavy support load"", ""impact_pp"": 6.0}, {""feature"": ""t90_avg_resolution_h"", ""label"": ""Slow ticket resolution"", ""impact_pp"": 4.8}]",Price sensitive (deep discount),2026-06-30
12867,SMB,Financial Services,Maharashtra,Growth,Monthly,4871.0,58452.0,16.0,43.9,10,0.5333333333333333,0.3452380952380952,-0.3461538461538461,4.0,3.5,0.4,1.0,0.2464,0.6775,45593.0,39601.0,0.528,"[{""feature"": ""discount_pct"", ""label"": ""Price sensitive (deep discount)"", ""impact_pp"": 14.8}, {""feature"": ""t90_tickets"", ""label"": ""Heavy support load"", ""impact_pp"": 8.0}, {""feature"": ""feature_adoption"", ""label"": ""Shallow product adoption"", ""impact_pp"": 4.4}]",Price sensitive (deep discount),2026-06-30
23219,SMB,Agritech,Karnataka,Growth,Annual,5045.0,60540.0,13.0,10.3,10,0.2,0.1785714285714285,-0.1176470588235294,6.0,3.6666666666666665,0.0,1.0,0.1858,0.5605,47221.0,33933.0,0.366,"[{""feature"": ""discount_pct"", ""label"": ""Price sensitive (deep discount)"", ""impact_pp"": 9.5}, {""feature"": ""tenure_months"", ""label"": ""Still early in lifecycle"", ""impact_pp"": 8.9}, {""feature"": ""t90_tickets"", ""label"": ""Heavy support load"", ""impact_pp"": 3.9}]",Price sensitive (deep discount),2026-06-30
38480,SMB,Healthcare,Gujarat,Starter,Monthly,768.0,9216.0,9.0,0.9,3,0.3333333333333333,0.25,0.0,1.0,3.0,0.0,1.0,0.2966,0.7552,7188.0,6960.0,0.161,"[{""feature"": ""tenure_months"", ""label"": ""Still early in lifecycle"", ""impact_pp"": 9.5}, {""feature"": ""seat_utilisation"", ""label"": ""Seats sitting unused"", ""impact_pp"": 6.7}, {""feature"": ""feature_adoption"", ""label"": ""Shallow product adoption"", ""impact_pp"": 4.7}]",Still early in lifecycle,2026-06-30
17862,Mid-Market,Education,Haryana,Growth,Monthly,11545.0,138540.0,6.0,10.9,22,0.3787878787878788,0.511904761904762,-0.1904761904761904,4.0,3.75,0.6,1.0,0.2035,0.5974,108061.0,82764.0,0.335,"[{""feature"": ""tenure_months"", ""label"": ""Still early in lifecycle"", ""impact_pp"": 5.2}, {""feature"": ""late_payment_rate_180d"", ""label"": ""Paying late"", ""impact_pp"": 3.2}, {""feature"": ""t90_tickets"", ""label"": ""Heavy support load"", ""impact_pp"": 1.9}]",Still early in lifecycle,2026-06-30
1362,SMB,Healthcare,Tamil Nadu,Business,Monthly,5518.0,66216.0,16.0,30.7,6,0.2222222222222222,0.2888888888888888,0.44,5.0,4.0,0.4,1.0,0.1882,0.5658,51648.0,37465.0,0.544,"[{""feature"": ""discount_pct"", ""label"": ""Price sensitive (deep discount)"", ""impact_pp"": 13.0}, {""feature"": ""feature_adoption"", ""label"": ""Shallow product adoption"", ""impact_pp"": 4.7}, {""feature"": ""t90_tickets"", ""label"": ""Heavy support load"", ""impact_pp"": 4.4}]",Price sensitive (deep discount),2026-06-30
23108,SMB,Manufacturing,West Bengal,Growth,Annual,1137.0,13644.0,8.0,21.7,2,0.0,0.3333333333333333,0.0,6.0,3.333333333333333,0.0,1.0,0.2353,0.658,10642.0,8978.0,0.13,"[{""feature"": ""t90_tickets"", ""label"": ""Heavy support load"", ""impact_pp"": 10.2}, {""feature"": ""feature_adoption"", ""label"": ""Shallow product adoption"", ""impact_pp"": 5.4}, {""feature"": ""discount_pct"", ""label"": ""Price sensitive (deep discount)"", ""impact_pp"": 3.2}]",Heavy support load,2026-06-30
16996,SMB,Healthcare,Uttar Pradesh,Business,Monthly,6438.0,77256.0,2.0,17.1,6,0.3333333333333333,0.3407407407407407,-0.3636363636363636,6.0,3.5,0.2,1.0,0.152,0.483,60260.0,37315.0,0.0,"[{""feature"": ""t90_tickets"", ""label"": ""Heavy support load"", ""impact_pp"": 4.4}, {""feature"": ""seat_utilisation"", ""label"": ""Seats sitting unused"", ""impact_pp"": 2.4}, {""feature"": ""t90_avg_csat"", ""label"": ""Unhappy with support"", ""impact_pp"": 1.1}]",Heavy support load,2026-06-30
40544,Mid-Market,IT Services,Kerala,Enterprise,Monthly,77468.0,929616.0,15.419845923270556,2.1,59,0.2542372881355932,0.1277777777777778,0.0,3.0,2.6666666666666665,0.3333333333333333,1.0,0.1803,0.5486,725100.0,509987.0,0.395,"[{""feature"": ""discount_pct"", ""label"": ""Price sensitive (deep discount)"", ""impact_pp"": 6.9}, {""feature"": ""seat_utilisation"", ""label"": ""Seats sitting unused"", ""impact_pp"": 2.8}, {""feature"": ""feature_adoption"", ""label"": ""Shallow product adoption"", ""impact_pp"": 2.5}]",Price sensitive (deep discount),2026-06-30
32422,Enterprise,Logistics,Madhya Pradesh,Enterprise,Monthly,145887.0,1750644.0,20.619560385045247,8.0,109,0.3730886850152905,0.4944444444444444,-0.2518518518518518,8.0,3.75,0.2,1.0,0.1646,0.5128,1365502.0,897730.0,0.434,"[{""feature"": ""discount_pct"", ""label"": ""Price sensitive (deep discount)"", ""impact_pp"": 10.0}, {""feature"": ""t90_tickets"", ""label"": ""Heavy support load"", ""impact_pp"": 3.6}, {""feature"": ""feature_adoption"", ""label"": ""Shallow product adoption"", ""impact_pp"": 3.5}]",Price sensitive (deep discount),2026-06-30
31969,SMB,IT Services,Karnataka,Starter,Monthly,1467.0,17604.0,11.896356670821662,12.1,6,0.5555555555555556,0.638888888888889,-0.4705882352941176,4.0,3.75,0.4,1.0,0.222,0.6336,13731.0,11154.0,0.312,"[{""feature"": ""t90_tickets"", ""label"": ""Heavy support load"", ""impact_pp"": 7.1}, {""feature"": ""discount_pct"", ""label"": ""Price sensitive (deep discount)"", ""impact_pp"": 4.5}, {""feature"": ""t90_avg_resolution_h"", ""label"": ""Slow ticket resolution"", ""impact_pp"": 2.5}]",Heavy support load,2026-06-30
36072,SMB,Agritech,Tamil Nadu,Starter,Monthly,946.0,11352.0,15.0,6.1,4,0.4166666666666667,0.4444444444444444,0.3666666666666666,1.0,3.0,0.2,1.0,0.1533,0.4862,8855.0,5519.0,0.483,"[{""feature"": ""discount_pct"", ""label"": ""Price sensitive (deep discount)"", ""impact_pp"": 9.2}, {""feature"": ""tenure_months"", ""label"": ""Still early in lifecycle"", ""impact_pp"": 4.5}, {""feature"": ""feature_adoption"", ""label"": ""Shallow product adoption"", ""impact_pp"": 1.7}]",Price sensitive (deep discount),2026-06-30
13704,SMB,Financial Services,Gujarat,Starter,Annual,2009.0,24108.0,17.0,23.3,9,0.1111111111111111,0.0833333333333333,1.1666666666666667,7.0,3.7142857142857135,0.0,1.0,0.1745,0.5357,18804.0,12915.0,0.186,"[{""feature"": ""t90_tickets"", ""label"": ""Heavy support load"", ""impact_pp"": 7.2}, {""feature"": ""feature_adoption"", ""label"": ""Shallow product adoption"", ""impact_pp"": 4.5}, {""feature"": ""discount_pct"", ""label"": ""Price sensitive (deep discount)"", ""impact_pp"": 4.2}]",Heavy support load,2026-06-30
41717,SMB,Education,Rajasthan,Starter,Monthly,1046.0,12552.0,6.0,36.9,4,0.3333333333333333,0.4166666666666667,-0.4772727272727273,5.0,3.6,0.4,1.0,0.1536,0.4868,9791.0,6110.0,0.124,"[{""feature"": ""t90_tickets"", ""label"": ""Heavy support load"", ""impact_pp"": 3.5}, {""feature"": ""feature_adoption"", ""label"": ""Shallow product adoption"", ""impact_pp"": 2.2}, {""feature"": ""seat_utilisation"", ""label"": ""Seats sitting unused"", ""impact_pp"": 0.9}]",Heavy support load,2026-06-30
3171,Enterprise,IT Services,Gujarat,Enterprise,Monthly,137615.0,1651380.0,7.0,25.0,93,0.2437275985663082,0.5722222222222223,-0.3448275862068966,7.0,3.857142857142857,0.6,1.0,0.1748,0.5364,1288076.0,885800.0,0.355,"[{""feature"": ""t90_tickets"", ""label"": ""Heavy support load"", ""impact_pp"": 5.0}, {""feature"": ""late_payment_rate_180d"", ""label"": ""Paying late"", ""impact_pp"": 4.0}, {""feature"": ""t90_avg_resolution_h"", ""label"": ""Slow ticket resolution"", ""impact_pp"": 2.1}]",Heavy support load,2026-06-30
46731,SMB,Real Estate,Karnataka,Growth,Monthly,4452.0,53424.0,5.0,25.7,8,0.4166666666666667,0.3095238095238095,-0.303030303030303,6.0,3.1666666666666665,0.4,1.0,0.154,0.4877,41671.0,26055.0,0.191,"[{""feature"": ""feature_adoption"", ""label"": ""Shallow product adoption"", ""impact_pp"": 4.0}, {""feature"": ""t90_tickets"", ""label"": ""Heavy support load"", ""impact_pp"": 2.5}, {""feature"": ""late_payment_rate_180d"", ""label"": ""Paying late"", ""impact_pp"": 1.6}]",Shallow product adoption,2026-06-30
27670,SMB,Agritech,Tamil Nadu,Starter,Monthly,2130.0,25560.0,12.0,3.1,9,0.3703703703703704,0.3888888888888889,3.0,1.0,3.0,0.5,1.0,0.177,0.5412,19937.0,13833.0,0.545,"[{""feature"": ""discount_pct"", ""label"": ""Price sensitive (deep discount)"", ""impact_pp"": 9.4}, {""feature"": ""tenure_months"", ""label"": ""Still early in lifecycle"", ""impact_pp"": 7.0}, {""feature"": ""feature_adoption"", ""label"": ""Shallow product adoption"", ""impact_pp"": 3.4}]",Price sensitive (deep discount),2026-06-30
13997,SMB,Manufacturing,Uttar Pradesh,Starter,Monthly,2818.0,33816.0,18.0,13.4,13,0.1794871794871795,0.2222222222222222,-0.2,4.0,4.0,0.0,1.0,0.1858,0.5605,26376.0,18954.0,0.589,"[{""feature"": ""discount_pct"", ""label"": ""Price sensitive (deep discount)"", ""impact_pp"": 13.5}, {""feature"": ""t90_tickets"", ""label"": ""Heavy support load"", ""impact_pp"": 5.5}, {""feature"": ""seat_utilisation"", ""label"": ""Seats sitting unused"", ""impact_pp"": 2.4}]",Price sensitive (deep discount),2026-06-30
33372,Mid-Market,Healthcare,Haryana,Business,Monthly,34162.0,409944.0,8.0,48.4,37,0.1801801801801802,0.1407407407407407,-0.2916666666666667,8.0,3.875,0.4,1.0,0.1944,0.5789,319756.0,237317.0,0.0,"[{""feature"": ""t90_tickets"", ""label"": ""Heavy support load"", ""impact_pp"": 2.8}]",Heavy support load,2026-06-30
26312,Mid-Market,Education,Tamil Nadu,Growth,Annual,22201.0,266412.0,12.0,10.6,47,0.2127659574468085,0.0952380952380952,-0.2666666666666666,9.0,3.0,0.0,1.0,0.3326,0.8016,207801.0,213556.0,0.111,"[{""feature"": ""t90_tickets"", ""label"": ""Heavy support load"", ""impact_pp"": 17.0}, {""feature"": ""feature_adoption"", ""label"": ""Shallow product adoption"", ""impact_pp"": 4.8}, {""feature"": ""login_trend_pct"", ""label"": ""Usage trending down"", ""impact_pp"": 4.8}]",Heavy support load,2026-06-30
19456,Mid-Market,Healthcare,West Bengal,Business,Monthly,66664.0,799968.0,8.0,2.7,75,0.2177777777777777,0.3481481481481481,0.0,10.0,3.3,0.3333333333333333,1.0,0.2729,0.7205,623975.0,576377.0,0.034,"[{""feature"": ""t90_tickets"", ""label"": ""Heavy support load"", ""impact_pp"": 10.5}, {""feature"": ""seat_utilisation"", ""label"": ""Seats sitting unused"", ""impact_pp"": 5.9}, {""feature"": ""tenure_months"", ""label"": ""Still early in lifecycle"", ""impact_pp"": 2.6}]",Heavy support load,2026-06-30
15774,Mid-Market,Healthcare,Kerala,Business,Monthly,24758.0,297096.0,16.0,7.4,29,0.3333333333333333,0.7851851851851852,0.0277777777777777,8.0,4.0,0.2,1.0,0.1507,0.4797,231735.0,142517.0,0.563,"[{""feature"": ""discount_pct"", ""label"": ""Price sensitive (deep discount)"", ""impact_pp"": 8.9}, {""feature"": ""t90_tickets"", ""label"": ""Heavy support load"", ""impact_pp"": 3.8}, {""feature"": ""tenure_months"", ""label"": ""Still early in lifecycle"", ""impact_pp"": 2.4}]",Price sensitive (deep discount),2026-06-30
6744,Mid-Market,Logistics,Uttar Pradesh,Business,Monthly,31650.0,379800.0,5.0,22.1,33,0.2121212121212121,0.2592592592592592,-0.5,4.0,3.5,0.2,1.0,0.2803,0.7317,296244.0,277900.0,0.0,"[{""feature"": ""seat_utilisation"", ""label"": ""Seats sitting unused"", ""impact_pp"": 8.6}, {""feature"": ""feature_adoption"", ""label"": ""Shallow product adoption"", ""impact_pp"": 3.1}, {""feature"": ""t90_avg_csat"", ""label"": ""Unhappy with support"", ""impact_pp"": 2.1}]",Seats sitting unused,2026-06-30
13562,SMB,Hospitality,Tamil Nadu,Starter,Annual,1732.0,20784.0,9.0,11.8,7,0.1428571428571428,0.1944444444444444,1.0,10.0,3.5,0.0,1.0,0.3183,0.784,16212.0,16295.0,0.0,"[{""feature"": ""t90_tickets"", ""label"": ""Heavy support load"", ""impact_pp"": 15.7}, {""feature"": ""feature_adoption"", ""label"": ""Shallow product adoption"", ""impact_pp"": 5.4}, {""feature"": ""t90_high_sev"", ""label"": ""Serious unresolved issues"", ""impact_pp"": 2.8}]",Heavy support load,2026-06-30
20988,SMB,Logistics,Tamil Nadu,Growth,Monthly,3167.0,38004.0,11.0,2.9,6,0.4444444444444444,0.4047619047619047,0.0,3.0,3.333333333333333,0.0,1.0,0.1861,0.5612,29643.0,21328.0,0.391,"[{""feature"": ""discount_pct"", ""label"": ""Price sensitive (deep discount)"", ""impact_pp"": 9.2}, {""feature"": ""tenure_months"", ""label"": ""Still early in lifecycle"", ""impact_pp"": 6.6}, {""feature"": ""seat_utilisation"", ""label"": ""Seats sitting unused"", ""impact_pp"": 3.8}]",Price sensitive (deep discount),2026-06-30
44356,SMB,Agritech,Madhya Pradesh,Growth,Monthly,5277.0,63324.0,9.0,9.2,10,0.5333333333333333,0.4761904761904762,-0.0625,5.0,3.8,0.6,1.0,0.1894,0.5683,49393.0,35987.0,0.314,"[{""feature"": ""tenure_months"", ""label"": ""Still early in lifecycle"", ""impact_pp"": 5.8}, {""feature"": ""discount_pct"", ""label"": ""Price sensitive (deep discount)"", ""impact_pp"": 4.7}, {""feature"": ""t90_tickets"", ""label"": ""Heavy support load"", ""impact_pp"": 3.5}]",Still early in lifecycle,2026-06-30
36076,SMB,Healthcare,Kerala,Growth,Annual,5741.0,68892.0,1.0,10.9,10,0.5666666666666667,0.6666666666666667,0.0,9.0,3.0,0.0,1.0,0.2181,0.6262,53736.0,43140.0,0.0,"[{""feature"": ""t90_tickets"", ""label"": ""Heavy support load"", ""impact_pp"": 8.6}, {""feature"": ""tenure_months"", ""label"": ""Still early in lifecycle"", ""impact_pp"": 6.1}, {""feature"": ""login_trend_pct"", ""label"": ""Usage trending down"", ""impact_pp"": 2.8}]",Heavy support load,2026-06-30
11425,Mid-Market,Education,West Bengal,Business,Monthly,21761.0,261132.0,8.0,20.6,23,0.2753623188405797,0.4814814814814815,-0.475,8.0,3.125,0.2,1.0,0.2485,0.681,203683.0,177831.0,0.029,"[{""feature"": ""t90_tickets"", ""label"": ""Heavy support load"", ""impact_pp"": 8.9}, {""feature"": ""seat_utilisation"", ""label"": ""Seats sitting unused"", ""impact_pp"": 4.1}, {""feature"": ""t90_high_sev"", ""label"": ""Serious unresolved issues"", ""impact_pp"": 3.1}]",Heavy support load,2026-06-30
45708,SMB,Retail,West Bengal,Starter,Monthly,2921.0,35052.0,15.0,18.2,13,0.4871794871794871,0.5277777777777778,-0.1320754716981132,4.0,3.25,0.2,1.0,0.1803,0.5486,27341.0,19230.0,0.434,"[{""feature"": ""discount_pct"", ""label"": ""Price sensitive (deep discount)"", ""impact_pp"": 12.6}, {""feature"": ""t90_tickets"", ""label"": ""Heavy support load"", ""impact_pp"": 4.8}, {""feature"": ""tenure_months"", ""label"": ""Still early in lifecycle"", ""impact_pp"": 3.6}]",Price sensitive (deep discount),2026-06-30
19266,SMB,Education,Karnataka,Growth,Monthly,3176.0,38112.0,24.960118022532363,3.5,6,0.6666666666666666,0.4166666666666666,1.9090909090909087,2.0,3.5,0.25,1.0,0.3072,0.7697,29727.0,29335.0,0.52,"[{""feature"": ""discount_pct"", ""label"": ""Price sensitive (deep discount)"", ""impact_pp"": 21.4}, {""feature"": ""tenure_months"", ""label"": ""Still early in lifecycle"", ""impact_pp"": 9.3}, {""feature"": ""feature_adoption"", ""label"": ""Shallow product adoption"", ""impact_pp"": 5.9}]",Price sensitive (deep discount),2026-06-30
4626,Enterprise,Education,Tamil Nadu,Business,Monthly,55699.0,668388.0,12.0,26.0,65,0.3641025641025641,0.2666666666666666,-0.1052631578947368,8.0,3.625,0.8,1.0,0.2635,0.7058,521343.0,471748.0,0.669,"[{""feature"": ""discount_pct"", ""label"": ""Price sensitive (deep discount)"", ""impact_pp"": 6.7}, {""feature"": ""late_payment_rate_180d"", ""label"": ""Paying late"", ""impact_pp"": 5.3}, {""feature"": ""t90_tickets"", ""label"": ""Heavy support load"", ""impact_pp"": 4.3}]",Price sensitive (deep discount),2026-06-30
508,Enterprise,Education,Tamil Nadu,Enterprise,Annual,229983.0,2759796.0,10.0,33.9,166,0.1967871485943775,0.1333333333333333,-0.1,10.0,3.5,0.0,1.0,0.2763,0.7258,2152641.0,2003060.0,0.0,"[{""feature"": ""t90_tickets"", ""label"": ""Heavy support load"", ""impact_pp"": 11.2}, {""feature"": ""seat_utilisation"", ""label"": ""Seats sitting unused"", ""impact_pp"": 5.6}, {""feature"": ""feature_adoption"", ""label"": ""Shallow product adoption"", ""impact_pp"": 3.3}]",Heavy support load,2026-06-30
8004,Enterprise,Education,Tamil Nadu,Enterprise,Annual,126410.0,1516920.0,7.0,35.3,85,0.2,0.3444444444444444,-0.4166666666666667,7.0,3.857142857142857,0.0,1.0,0.1519,0.4827,1183198.0,732217.0,0.0,"[{""feature"": ""t90_tickets"", ""label"": ""Heavy support load"", ""impact_pp"": 4.9}, {""feature"": ""seat_utilisation"", ""label"": ""Seats sitting unused"", ""impact_pp"": 2.4}, {""feature"": ""feature_adoption"", ""label"": ""Shallow product adoption"", ""impact_pp"": 0.9}]",Heavy support load,2026-06-30
28909,SMB,Healthcare,Maharashtra,Starter,Annual,1511.0,18132.0,8.0,44.4,6,0.1666666666666666,0.2222222222222222,-0.2,10.0,2.6,0.0,1.0,0.2545,0.6912,14143.0,12533.0,0.0,"[{""feature"": ""t90_tickets"", ""label"": ""Heavy support load"", ""impact_pp"": 10.3}, {""feature"": ""seat_utilisation"", ""label"": ""Seats sitting unused"", ""impact_pp"": 6.3}, {""feature"": ""t90_avg_csat"", ""label"": ""Unhappy with support"", ""impact_pp"": 6.2}]",Heavy support load,2026-06-30
2713,SMB,Agritech,Telangana,Starter,Monthly,1310.0,15720.0,5.0,15.6,5,0.6666666666666667,0.2777777777777778,0.0169491525423728,10.0,4.1,0.8,1.0,0.1679,0.5205,12262.0,8182.0,0.102,"[{""feature"": ""t90_tickets"", ""label"": ""Heavy support load"", ""impact_pp"": 11.4}, {""feature"": ""late_payment_rate_180d"", ""label"": ""Paying late"", ""impact_pp"": 1.3}]",Heavy support load,2026-06-30
37179,SMB,Retail,Karnataka,Starter,Monthly,2019.0,24228.0,29.01412562257121,33.8,10,0.7,0.5277777777777778,-0.3648648648648648,2.0,4.0,0.4,1.0,0.2736,0.7216,18898.0,17483.0,0.786,"[{""feature"": ""discount_pct"", ""label"": ""Price sensitive (deep discount)"", ""impact_pp"": 23.7}, {""feature"": ""feature_adoption"", ""label"": ""Shallow product adoption"", ""impact_pp"": 5.1}, {""feature"": ""login_trend_pct"", ""label"": ""Usage trending down"", ""impact_pp"": 1.4}]",Price sensitive (deep discount),2026-06-30
49517,Mid-Market,Healthcare,Karnataka,Business,Annual,61777.0,741324.0,9.0,11.5,70,0.3095238095238095,0.2148148148148148,-0.1,6.0,2.833333333333333,0.0,1.0,0.2249,0.6391,578233.0,473780.0,0.0,"[{""feature"": ""t90_tickets"", ""label"": ""Heavy support load"", ""impact_pp"": 4.0}, {""feature"": ""seat_utilisation"", ""label"": ""Seats sitting unused"", ""impact_pp"": 2.7}, {""feature"": ""feature_adoption"", ""label"": ""Shallow product adoption"", ""impact_pp"": 1.5}]",Heavy support load,2026-06-30
41542,Mid-Market,Logistics,Madhya Pradesh,Business,Monthly,35417.0,425004.0,7.0,24.2,38,0.2894736842105263,0.074074074074074,0.0,4.0,3.0,0.4,1.0,0.2841,0.7374,331503.0,313398.0,0.133,"[{""feature"": ""seat_utilisation"", ""label"": ""Seats sitting unused"", ""impact_pp"": 9.2}, {""feature"": ""t90_tickets"", ""label"": ""Heavy support load"", ""impact_pp"": 6.3}, {""feature"": ""feature_adoption"", ""label"": ""Shallow product adoption"", ""impact_pp"": 5.7}]",Seats sitting unused,2026-06-30
47989,SMB,IT Services,Haryana,Growth,Monthly,6831.0,81972.0,1.0,32.6,12,0.25,0.4166666666666666,-0.0625,5.0,3.2,0.4,1.0,0.1783,0.5441,63938.0,44601.0,0.103,"[{""feature"": ""t90_tickets"", ""label"": ""Heavy support load"", ""impact_pp"": 6.1}, {""feature"": ""late_payment_rate_180d"", ""label"": ""Paying late"", ""impact_pp"": 0.8}, {""feature"": ""seat_utilisation"", ""label"": ""Seats sitting unused"", ""impact_pp"": 0.6}]",Heavy support load,2026-06-30
11261,SMB,Financial Services,Madhya Pradesh,Growth,Monthly,4545.0,54540.0,3.0,10.5,8,0.2083333333333333,0.2738095238095238,-0.25,4.0,3.0,0.4,1.0,0.222,0.6336,42541.0,34557.0,0.0,"[{""feature"": ""seat_utilisation"", ""label"": ""Seats sitting unused"", ""impact_pp"": 3.5}, {""feature"": ""feature_adoption"", ""label"": ""Shallow product adoption"", ""impact_pp"": 3.4}]",Seats sitting unused,2026-06-30
4988,Mid-Market,Hospitality,Maharashtra,Business,Annual,46958.0,563496.0,16.0,34.7,57,0.1111111111111111,0.1703703703703703,-0.2307692307692307,6.0,3.8333333333333335,0.0,1.0,0.1645,0.5127,439527.0,288904.0,0.475,"[{""feature"": ""discount_pct"", ""label"": ""Price sensitive (deep discount)"", ""impact_pp"": 5.7}, {""feature"": ""t90_tickets"", ""label"": ""Heavy support load"", ""impact_pp"": 3.6}, {""feature"": ""seat_utilisation"", ""label"": ""Seats sitting unused"", ""impact_pp"": 1.7}]",Price sensitive (deep discount),2026-06-30
48299,SMB,Education,Uttar Pradesh,Starter,Annual,3402.0,40824.0,1.0,35.7,13,0.1538461538461538,0.1388888888888889,0.2857142857142857,11.0,3.727272727272727,0.0,1.0,0.2381,0.663,31843.0,27066.0,0.0,"[{""feature"": ""t90_tickets"", ""label"": ""Heavy support load"", ""impact_pp"": 13.0}, {""feature"": ""seat_utilisation"", ""label"": ""Seats sitting unused"", ""impact_pp"": 4.2}, {""feature"": ""feature_adoption"", ""label"": ""Shallow product adoption"", ""impact_pp"": 2.7}]",Heavy support load,2026-06-30
15508,Mid-Market,IT Services,Karnataka,Business,Annual,37651.0,451812.0,8.0,48.4,41,0.040650406504065,0.1703703703703703,-0.1666666666666666,13.0,2.6923076923076925,1.0,1.0,0.1742,0.5349,352413.0,241674.0,0.017,"[{""feature"": ""t90_tickets"", ""label"": ""Heavy support load"", ""impact_pp"": 6.0}, {""feature"": ""feature_adoption"", ""label"": ""Shallow product adoption"", ""impact_pp"": 3.6}, {""feature"": ""seat_utilisation"", ""label"": ""Seats sitting unused"", ""impact_pp"": 1.2}]",Heavy support load,2026-06-30
24061,SMB,Financial Services,Karnataka,Growth,Annual,1162.0,13944.0,6.0,11.3,2,0.5,0.4761904761904762,-0.3333333333333333,10.0,3.5,0.0,1.0,0.201,0.5924,10876.0,8260.0,0.0,"[{""feature"": ""t90_tickets"", ""label"": ""Heavy support load"", ""impact_pp"": 5.9}, {""feature"": ""login_trend_pct"", ""label"": ""Usage trending down"", ""impact_pp"": 0.9}, {""feature"": ""feature_adoption"", ""label"": ""Shallow product adoption"", ""impact_pp"": 0.6}]",Heavy support load,2026-06-30
43280,Mid-Market,Financial Services,West Bengal,Growth,Annual,30514.0,366168.0,4.0,36.6,60,0.05,0.0357142857142857,1.5,14.0,3.142857142857143,1.0,1.0,0.1792,0.5462,285611.0,200001.0,0.062,"[{""feature"": ""t90_tickets"", ""label"": ""Heavy support load"", ""impact_pp"": 6.4}, {""feature"": ""feature_adoption"", ""label"": ""Shallow product adoption"", ""impact_pp"": 4.6}, {""feature"": ""seat_utilisation"", ""label"": ""Seats sitting unused"", ""impact_pp"": 3.0}]",Heavy support load,2026-06-30
43331,Mid-Market,Hospitality,Tamil Nadu,Growth,Monthly,12758.0,153096.0,8.0,4.0,25,0.5333333333333333,0.369047619047619,-0.1818181818181818,12.0,3.8333333333333335,0.6,1.0,0.3473,0.8185,119415.0,125309.0,0.282,"[{""feature"": ""t90_tickets"", ""label"": ""Heavy support load"", ""impact_pp"": 8.9}, {""feature"": ""late_payment_rate_180d"", ""label"": ""Paying late"", ""impact_pp"": 3.2}, {""feature"": ""discount_pct"", ""label"": ""Price sensitive (deep discount)"", ""impact_pp"": 1.8}]",Heavy support load,2026-06-30
8727,SMB,Real Estate,West Bengal,Growth,Monthly,7372.0,88464.0,1.0,39.2,13,0.4615384615384615,0.1547619047619047,0.0666666666666666,12.0,4.0,0.4,1.0,0.1755,0.5378,69002.0,47576.0,0.07,"[{""feature"": ""t90_tickets"", ""label"": ""Heavy support load"", ""impact_pp"": 9.6}, {""feature"": ""p180_failed"", ""label"": ""Failed payments"", ""impact_pp"": 0.8}, {""feature"": ""t90_avg_resolution_h"", ""label"": ""Slow ticket resolution"", ""impact_pp"": 0.7}]",Heavy support load,2026-06-30
41853,Enterprise,Financial Services,Maharashtra,Enterprise,Monthly,181849.0,2182188.0,25.0,11.0,157,0.7876857749469215,0.5055555555555555,0.0178571428571428,2.0,4.5,0.8,1.0,0.1995,0.5893,1702107.0,1285963.0,0.937,"[{""feature"": ""discount_pct"", ""label"": ""Price sensitive (deep discount)"", ""impact_pp"": 11.7}, {""feature"": ""late_payment_rate_180d"", ""label"": ""Paying late"", ""impact_pp"": 5.3}, {""feature"": ""feature_adoption"", ""label"": ""Shallow product adoption"", ""impact_pp"": 1.0}]",Price sensitive (deep discount),2026-06-30
9269,SMB,Healthcare,Telangana,Starter,Monthly,3025.0,36300.0,5.0,15.6,12,0.3055555555555555,0.25,0.4166666666666667,7.0,2.857142857142857,0.6,1.0,0.2608,0.7014,28314.0,25461.0,0.257,"[{""feature"": ""t90_tickets"", ""label"": ""Heavy support load"", ""impact_pp"": 6.9}, {""feature"": ""feature_adoption"", ""label"": ""Shallow product adoption"", ""impact_pp"": 4.5}, {""feature"": ""p180_failed"", ""label"": ""Failed payments"", ""impact_pp"": 4.0}]",Heavy support load,2026-06-30
48925,Mid-Market,Real Estate,Uttar Pradesh,Growth,Annual,15497.0,185964.0,6.0,21.2,30,0.2555555555555556,0.0952380952380952,0.0,10.0,3.5,0.0,1.0,0.2142,0.6186,145052.0,115037.0,0.0,"[{""feature"": ""t90_tickets"", ""label"": ""Heavy support load"", ""impact_pp"": 6.7}, {""feature"": ""feature_adoption"", ""label"": ""Shallow product adoption"", ""impact_pp"": 2.8}, {""feature"": ""t90_avg_resolution_h"", ""label"": ""Slow ticket resolution"", ""impact_pp"": 1.8}]",Heavy support load,2026-06-30
10855,SMB,Hospitality,Kerala,Growth,Monthly,5087.0,61044.0,3.0,5.7,9,0.1851851851851852,0.6071428571428571,0.75,3.0,3.333333333333333,1.0,1.0,0.2729,0.7205,47614.0,43982.0,0.206,"[{""feature"": ""feature_adoption"", ""label"": ""Shallow product adoption"", ""impact_pp"": 6.4}, {""feature"": ""seat_utilisation"", ""label"": ""Seats sitting unused"", ""impact_pp"": 4.8}, {""feature"": ""tenure_months"", ""label"": ""Still early in lifecycle"", ""impact_pp"": 4.5}]",Shallow product adoption,2026-06-30
37982,Mid-Market,Retail,Tamil Nadu,Enterprise,Monthly,27170.0,326040.0,13.0,25.0,18,0.2407407407407407,0.2611111111111111,-0.1538461538461538,5.0,3.6,0.4,1.0,0.2029,0.5963,254311.0,194418.0,0.466,"[{""feature"": ""discount_pct"", ""label"": ""Price sensitive (deep discount)"", ""impact_pp"": 9.2}, {""feature"": ""t90_tickets"", ""label"": ""Heavy support load"", ""impact_pp"": 3.6}, {""feature"": ""t90_high_sev"", ""label"": ""Serious unresolved issues"", ""impact_pp"": 2.1}]",Price sensitive (deep discount),2026-06-30
42342,SMB,Agritech,Rajasthan,Growth,Monthly,3918.0,47016.0,5.0,1.8,7,0.6428571428571429,0.8392857142857143,0.0,3.0,3.6666666666666665,0.5,1.0,0.1696,0.5245,36672.0,24660.0,0.0,"[{""feature"": ""tenure_months"", ""label"": ""Still early in lifecycle"", ""impact_pp"": 1.3}, {""feature"": ""seat_utilisation"", ""label"": ""Seats sitting unused"", ""impact_pp"": 0.5}, {""feature"": ""t90_avg_resolution_h"", ""label"": ""Slow ticket resolution"", ""impact_pp"": 0.5}]",Still early in lifecycle,2026-06-30
5199,SMB,IT Services,West Bengal,Growth,Monthly,5451.0,65412.0,6.0,20.9,10,0.2,0.2976190476190476,-0.3809523809523809,5.0,3.6,0.2,1.0,0.287,0.7415,51021.0,48503.0,0.114,"[{""feature"": ""t90_tickets"", ""label"": ""Heavy support load"", ""impact_pp"": 2.6}, {""feature"": ""seat_utilisation"", ""label"": ""Seats sitting unused"", ""impact_pp"": 2.3}, {""feature"": ""feature_adoption"", ""label"": ""Shallow product adoption"", ""impact_pp"": 1.8}]",Heavy support load,2026-06-30
12392,SMB,Education,Maharashtra,Starter,Monthly,3057.0,36684.0,4.0,9.9,12,0.1666666666666666,0.1666666666666666,-0.1111111111111111,4.0,4.0,0.4,1.0,0.2326,0.6532,28614.0,23962.0,0.0,"[{""feature"": ""feature_adoption"", ""label"": ""Shallow product adoption"", ""impact_pp"": 1.7}, {""feature"": ""t90_tickets"", ""label"": ""Heavy support load"", ""impact_pp"": 1.7}, {""feature"": ""tenure_months"", ""label"": ""Still early in lifecycle"", ""impact_pp"": 1.5}]",Shallow product adoption,2026-06-30
32920,SMB,Financial Services,Karnataka,Starter,Monthly,1324.0,15888.0,4.0,27.9,5,0.4,0.4444444444444444,-0.3783783783783784,8.0,3.625,0.4,1.0,0.1796,0.5471,12393.0,8692.0,0.055,"[{""feature"": ""t90_tickets"", ""label"": ""Heavy support load"", ""impact_pp"": 9.3}, {""feature"": ""feature_adoption"", ""label"": ""Shallow product adoption"", ""impact_pp"": 1.8}, {""feature"": ""t90_avg_resolution_h"", ""label"": ""Slow ticket resolution"", ""impact_pp"": 1.2}]",Heavy support load,2026-06-30
30716,SMB,Manufacturing,Telangana,Growth,Monthly,2659.0,31908.0,11.0,16.4,5,0.4,0.4285714285714285,-0.3048780487804878,7.0,4.0,0.8,1.0,0.2126,0.6156,24888.0,19643.0,0.524,"[{""feature"": ""discount_pct"", ""label"": ""Price sensitive (deep discount)"", ""impact_pp"": 8.9}, {""feature"": ""t90_tickets"", ""label"": ""Heavy support load"", ""impact_pp"": 4.2}, {""feature"": ""tenure_months"", ""label"": ""Still early in lifecycle"", ""impact_pp"": 4.0}]",Price sensitive (deep discount),2026-06-30
31563,SMB,Healthcare,Maharashtra,Growth,Monthly,1609.0,19308.0,12.0,24.0,3,0.6666666666666666,0.25,-0.4150943396226415,5.0,2.8,0.8,1.0,0.233,0.6539,15060.0,12626.0,0.544,"[{""feature"": ""discount_pct"", ""label"": ""Price sensitive (deep discount)"", ""impact_pp"": 8.9}, {""feature"": ""late_payment_rate_180d"", ""label"": ""Paying late"", ""impact_pp"": 6.9}, {""feature"": ""t90_avg_resolution_h"", ""label"": ""Slow ticket resolution"", ""impact_pp"": 4.4}]",Price sensitive (deep discount),2026-06-30
41296,SMB,Healthcare,Tamil Nadu,Starter,Annual,451.0,5412.0,21.0,9.8,2,0.5,0.25,0.0625,16.0,3.4375,0.0,1.0,0.3048,0.7665,4221.0,4148.0,0.272,"[{""feature"": ""t90_tickets"", ""label"": ""Heavy support load"", ""impact_pp"": 13.3}, {""feature"": ""discount_pct"", ""label"": ""Price sensitive (deep discount)"", ""impact_pp"": 11.8}, {""feature"": ""tenure_months"", ""label"": ""Still early in lifecycle"", ""impact_pp"": 6.4}]",Heavy support load,2026-06-30
308,SMB,Real Estate,Karnataka,Growth,Monthly,4562.0,54744.0,13.0,7.0,9,0.4814814814814814,0.25,-0.3461538461538461,6.0,4.0,0.4,1.0,0.2947,0.7526,42700.0,41200.0,0.481,"[{""feature"": ""discount_pct"", ""label"": ""Price sensitive (deep discount)"", ""impact_pp"": 9.9}, {""feature"": ""t90_tickets"", ""label"": ""Heavy support load"", ""impact_pp"": 5.2}, {""feature"": ""feature_adoption"", ""label"": ""Shallow product adoption"", ""impact_pp"": 2.3}]",Price sensitive (deep discount),2026-06-30
18943,SMB,IT Services,Gujarat,Starter,Annual,2409.0,28908.0,10.0,41.3,10,0.1333333333333333,0.1111111111111111,0.0,14.0,3.4285714285714284,0.0,1.0,0.2763,0.7258,22548.0,20981.0,0.0,"[{""feature"": ""t90_tickets"", ""label"": ""Heavy support load"", ""impact_pp"": 14.0}, {""feature"": ""feature_adoption"", ""label"": ""Shallow product adoption"", ""impact_pp"": 2.9}]",Heavy support load,2026-06-30
45608,SMB,Education,Haryana,Starter,Monthly,542.0,6504.0,5.0,51.1,2,0.5,0.2222222222222222,-0.0625,7.0,2.857142857142857,0.8,1.0,0.302,0.7626,5073.0,4960.0,0.166,"[{""feature"": ""t90_tickets"", ""label"": ""Heavy support load"", ""impact_pp"": 8.2}, {""feature"": ""late_payment_rate_180d"", ""label"": ""Paying late"", ""impact_pp"": 2.9}, {""feature"": ""t90_high_sev"", ""label"": ""Serious unresolved issues"", ""impact_pp"": 2.7}]",Heavy support load,2026-06-30
46734,Mid-Market,Manufacturing,Maharashtra,Business,Monthly,41336.0,496032.0,13.0,9.6,48,0.2291666666666666,0.4518518518518518,-0.34375,3.0,2.6666666666666665,0.4,1.0,0.2588,0.6982,386905.0,346330.0,0.31,"[{""feature"": ""discount_pct"", ""label"": ""Price sensitive (deep discount)"", ""impact_pp"": 10.6}, {""feature"": ""feature_adoption"", ""label"": ""Shallow product adoption"", ""impact_pp"": 7.8}, {""feature"": ""tenure_months"", ""label"": ""Still early in lifecycle"", ""impact_pp"": 6.2}]",Price sensitive (deep discount),2026-06-30
24880,SMB,Hospitality,Karnataka,Starter,Monthly,464.0,5568.0,18.485225621902813,6.8,2,0.8333333333333334,0.8611111111111112,0.0219780219780219,3.0,3.6666666666666665,0.0,1.0,0.0027,0.0107,4343.0,60.0,1.0,[],No clear signal,2026-06-30
9947,SMB,Manufacturing,Telangana,Growth,Monthly,6831.0,81972.0,1.0,12.2,12,0.8055555555555555,0.4880952380952381,0.1979166666666666,4.0,4.0,0.0,1.0,0.01,0.0393,63938.0,3221.0,0.0,[],No clear signal,2026-06-30
23518,Enterprise,Logistics,Tamil Nadu,Enterprise,Annual,252201.0,3026412.0,16.0,14.5,197,0.9407783417935702,0.6777777777777777,-0.1216216216216216,2.0,5.0,0.0,1.0,0.0008,0.003,2360601.0,9079.0,0.5,[],No clear signal,2026-06-30
17430,Enterprise,Logistics,West Bengal,Enterprise,Annual,270606.0,3247272.0,9.0,43.5,195,0.9025641025641026,0.9055555555555556,-0.1658536585365853,1.0,5.0,0.0,1.0,0.0,0.0,2532872.0,0.0,0.2,[],No clear signal,2026-06-30
9434,SMB,Retail,Maharashtra,Growth,Annual,2412.0,28944.0,0.0,5.2,4,0.8333333333333334,0.8333333333333333,0.4731182795698925,2.0,3.0,0.0,1.0,0.0006,0.0022,22576.0,64.0,0.2,[],No clear signal,2026-06-30
32775,SMB,IT Services,West Bengal,Business,Monthly,8478.0,101736.0,2.0,7.1,8,0.7916666666666666,0.6,0.0955882352941176,0.0,4.0,0.4,1.0,0.0139,0.0546,79354.0,5555.0,0.0,[],No clear signal,2026-06-30
29955,SMB,Healthcare,Tamil Nadu,Starter,Annual,570.0,6840.0,0.0,3.5,2,0.3333333333333333,0.1944444444444444,0.0,24.0,2.958333333333333,1.0,1.0,0.0088,0.0347,5335.0,237.0,0.283,[],No clear signal,2026-06-30
8712,SMB,Retail,Gujarat,Growth,Monthly,2689.0,32268.0,10.0,32.9,5,0.8,0.6071428571428571,-0.0095238095238095,1.0,3.0,0.0,1.0,0.0088,0.0347,25169.0,1120.0,0.314,"[{""feature"": ""feature_adoption"", ""label"": ""Shallow product adoption"", ""impact_pp"": 0.4}, {""feature"": ""discount_pct"", ""label"": ""Price sensitive (deep discount)"", ""impact_pp"": 0.4}]",Shallow product adoption,2026-06-30
24618,Enterprise,IT Services,Tamil Nadu,Enterprise,Annual,109116.0,1309392.0,27.0,3.1,94,0.7907801418439716,0.8444444444444444,1.2972972972972974,5.0,4.6,0.0,1.0,0.0005,0.0022,1021326.0,2881.0,0.735,[],No clear signal,2026-06-30
4281,SMB,Agritech,Haryana,Growth,Annual,7831.0,93972.0,2.0,36.7,14,0.6904761904761905,0.119047619047619,-0.40625,5.0,3.2,1.0,1.0,0.0076,0.0301,73298.0,2829.0,0.0,[],No clear signal,2026-06-30
41961,SMB,Hospitality,Tamil Nadu,Growth,Monthly,4639.0,55668.0,20.0,14.5,10,0.8666666666666666,0.9166666666666669,-0.0486486486486486,0.0,4.0,0.0,1.0,0.0002,0.0008,43421.0,45.0,1.0,[],No clear signal,2026-06-30
45507,SMB,Manufacturing,Uttar Pradesh,Growth,Monthly,2195.0,26340.0,9.0,25.6,4,0.8333333333333334,0.7976190476190476,-0.0280898876404494,2.0,5.0,0.0,1.0,0.0042,0.0165,20545.0,435.0,0.2,[],No clear signal,2026-06-30
40017,Mid-Market,Real Estate,Karnataka,Business,Annual,68971.0,827652.0,6.0,29.6,76,0.3947368421052631,0.4222222222222222,0.081081081081081,2.0,4.5,0.0,1.0,0.002,0.0079,645569.0,6538.0,0.2,[],No clear signal,2026-06-30
10606,Mid-Market,Agritech,West Bengal,Business,Annual,63180.0,758160.0,3.0,6.1,67,0.0796019900497512,0.1629629629629629,0.75,24.0,2.9166666666666665,0.0,1.0,0.0119,0.0469,591365.0,35558.0,0.0,[],No clear signal,2026-06-30
8424,SMB,Healthcare,Maharashtra,Starter,Monthly,542.0,6504.0,5.0,10.2,2,1.0,0.9166666666666666,0.3739837398373983,6.0,4.333333333333333,0.0,1.0,0.0029,0.0116,5073.0,75.0,0.0,[],No clear signal,2026-06-30
29897,SMB,Agritech,Delhi,Growth,Annual,1223.0,14676.0,1.0,34.3,2,0.5,0.2738095238095238,-0.2916666666666667,7.0,3.4285714285714284,0.0,1.0,0.0371,0.1404,11447.0,2061.0,0.0,"[{""feature"": ""t90_tickets"", ""label"": ""Heavy support load"", ""impact_pp"": 2.5}, {""feature"": ""feature_adoption"", ""label"": ""Shallow product adoption"", ""impact_pp"": 1.0}]",Heavy support load,2026-06-30
49353,Mid-Market,Manufacturing,Telangana,Growth,Monthly,22248.0,266976.0,10.0,5.9,46,0.920289855072464,0.9642857142857144,-0.06,1.0,5.0,0.0,1.0,0.0002,0.0008,208241.0,214.0,0.2,[],No clear signal,2026-06-30
7225,Mid-Market,Manufacturing,Tamil Nadu,Business,Annual,30295.0,363540.0,14.0,25.9,35,0.8952380952380952,0.8962962962962964,0.1343283582089552,0.0,4.0,0.0,1.0,0.0002,0.0008,283561.0,291.0,0.2,[],No clear signal,2026-06-30
8340,SMB,Retail,Karnataka,Starter,Monthly,3299.0,39588.0,4.0,16.9,13,0.7948717948717949,0.6666666666666666,0.015267175572519,0.0,4.0,0.0,1.0,0.0011,0.0044,30879.0,174.0,0.0,[],No clear signal,2026-06-30
24772,SMB,Agritech,Delhi,Starter,Monthly,1080.0,12960.0,3.0,29.3,4,0.75,0.8333333333333334,-0.2345679012345679,5.0,3.6,0.2,1.0,0.0318,0.1213,10109.0,1572.0,0.0,"[{""feature"": ""t90_tickets"", ""label"": ""Heavy support load"", ""impact_pp"": 1.0}, {""feature"": ""t90_avg_csat"", ""label"": ""Unhappy with support"", ""impact_pp"": 0.7}, {""feature"": ""login_trend_pct"", ""label"": ""Usage trending down"", ""impact_pp"": 0.5}]",Heavy support load,2026-06-30
334,Mid-Market,Manufacturing,Uttar Pradesh,Growth,Annual,29017.0,348204.0,30.47525372632055,32.4,70,0.9428571428571428,0.9642857142857144,-0.138755980861244,4.0,4.0,0.0,1.0,0.0002,0.0008,271599.0,279.0,1.0,[],No clear signal,2026-06-30
49104,SMB,IT Services,Gujarat,Starter,Monthly,2044.0,24528.0,12.730788404017895,5.5,9,0.8518518518518519,0.9166666666666666,0.1842105263157894,0.0,4.0,0.0,1.0,0.0002,0.0008,19132.0,20.0,0.2,[],No clear signal,2026-06-30
40757,SMB,Logistics,Maharashtra,Business,Monthly,9177.0,110124.0,27.23469462958701,30.4,10,0.9333333333333332,0.9555555555555556,0.4876033057851239,2.0,4.0,0.0,1.0,0.002,0.0079,85897.0,870.0,1.0,[],No clear signal,2026-06-30
10808,SMB,Education,Kerala,Starter,Monthly,1511.0,18132.0,8.0,6.1,6,0.6666666666666666,0.5277777777777778,0.2142857142857142,0.0,4.0,0.0,1.0,0.0083,0.0329,14143.0,597.0,0.333,[],No clear signal,2026-06-30
18349,SMB,Financial Services,Karnataka,Starter,Annual,1024.0,12288.0,8.0,4.0,4,0.9166666666666666,0.611111111111111,-0.0625,5.0,4.0,0.0,1.0,0.002,0.0079,9585.0,97.0,0.0,[],No clear signal,2026-06-30
19002,Mid-Market,Hospitality,Karnataka,Business,Monthly,61612.0,739344.0,8.0,25.1,69,0.927536231884058,0.8888888888888888,0.0448717948717948,10.0,4.1,0.0,1.0,0.0042,0.0166,576688.0,12273.0,0.0,[],No clear signal,2026-06-30
41970,Mid-Market,IT Services,Karnataka,Business,Monthly,15914.0,190968.0,5.0,34.7,16,0.5833333333333334,0.474074074074074,-0.3773584905660377,3.0,3.6666666666666665,0.2,1.0,0.0213,0.0825,148955.0,15755.0,0.0,"[{""feature"": ""feature_adoption"", ""label"": ""Shallow product adoption"", ""impact_pp"": 0.5}]",Shallow product adoption,2026-06-30
6392,Enterprise,Retail,Haryana,Enterprise,Annual,288860.0,3466320.0,11.0,17.6,214,0.0420560747663551,0.2777777777777778,-0.1538461538461538,9.0,3.2222222222222223,0.0,1.0,0.0134,0.0527,2703730.0,182675.0,0.0,[],No clear signal,2026-06-30
13592,Enterprise,Education,Delhi,Enterprise,Annual,154768.0,1857216.0,21.289993092494896,7.7,127,0.7034120734908136,0.9,0.0,4.0,4.5,0.0,1.0,0.0009,0.0036,1448628.0,6686.0,0.2,[],No clear signal,2026-06-30
9855,Mid-Market,Agritech,Delhi,Business,Annual,23961.0,287532.0,13.0,12.7,27,0.9012345679012346,0.8074074074074075,0.1104651162790697,10.0,4.6,0.0,1.0,0.0002,0.0008,224275.0,230.0,0.0,[],No clear signal,2026-06-30
31392,SMB,Healthcare,West Bengal,Starter,Monthly,2275.0,27300.0,6.0,28.7,9,0.7777777777777778,0.2777777777777778,0.0666666666666666,0.0,4.0,0.2,1.0,0.016,0.0626,21294.0,1709.0,0.0,"[{""feature"": ""feature_adoption"", ""label"": ""Shallow product adoption"", ""impact_pp"": 0.4}]",Shallow product adoption,2026-06-30
2082,Mid-Market,IT Services,Telangana,Business,Monthly,42635.0,511620.0,12.0,24.8,49,0.5782312925170068,0.7851851851851852,-0.119047619047619,2.0,2.5,0.0,1.0,0.0216,0.0836,399064.0,42771.0,0.663,"[{""feature"": ""discount_pct"", ""label"": ""Price sensitive (deep discount)"", ""impact_pp"": 0.8}]",Price sensitive (deep discount),2026-06-30
7429,Enterprise,Financial Services,Tamil Nadu,Enterprise,Annual,274498.0,3293976.0,19.430739573606,36.7,210,0.8936507936507936,0.3888888888888889,0.4918032786885246,5.0,4.4,0.0,1.0,0.0011,0.0044,2569301.0,14493.0,0.2,[],No clear signal,2026-06-30
14004,Mid-Market,Education,Maharashtra,Growth,Annual,21805.0,261660.0,8.0,11.4,44,0.9166666666666669,0.9523809523809524,0.2101910828025477,8.0,4.0,0.0,1.0,0.0002,0.0008,204095.0,209.0,0.0,[],No clear signal,2026-06-30
25790,Mid-Market,Agritech,Karnataka,Business,Monthly,19469.0,233628.0,6.0,3.8,20,0.5666666666666667,0.8444444444444444,3.0,8.0,4.0,0.0,1.0,0.002,0.0079,182230.0,1846.0,0.0,[],No clear signal,2026-06-30
4049,SMB,Manufacturing,Maharashtra,Business,Annual,4230.0,50760.0,5.0,16.6,4,0.75,0.6,-0.1263157894736842,1.0,4.0,0.0,1.0,0.0011,0.0044,39593.0,223.0,0.2,[],No clear signal,2026-06-30
32601,SMB,Real Estate,Maharashtra,Growth,Annual,5969.0,71628.0,6.0,27.4,11,0.696969696969697,0.619047619047619,-0.1234567901234567,2.0,3.5,0.0,1.0,0.0011,0.0044,55870.0,315.0,0.2,[],No clear signal,2026-06-30
7039,SMB,Financial Services,Rajasthan,Growth,Monthly,6624.0,79488.0,4.0,10.7,12,0.9166666666666666,0.9047619047619048,-0.0615384615384615,1.0,5.0,0.0,1.0,0.0004,0.0014,62001.0,111.0,0.2,[],No clear signal,2026-06-30
41876,Enterprise,Agritech,Kerala,Enterprise,Annual,130550.0,1566600.0,9.0,18.2,90,0.9111111111111112,0.9,0.0177514792899408,0.0,4.0,0.0,1.0,0.0,0.0,1221948.0,0.0,0.2,[],No clear signal,2026-06-30
32005,SMB,Healthcare,Karnataka,Business,Monthly,9197.0,110364.0,5.0,13.8,9,0.6666666666666666,0.8296296296296297,0.1521739130434782,1.0,5.0,0.2,1.0,0.0119,0.0469,86084.0,5176.0,0.2,[],No clear signal,2026-06-30
33138,SMB,Real Estate,Kerala,Starter,Monthly,1511.0,18132.0,8.0,8.2,6,1.0,0.9166666666666666,-0.0207253886010362,1.0,3.0,0.0,1.0,0.0,0.0,14143.0,0.0,0.2,[],No clear signal,2026-06-30
11833,SMB,Education,West Bengal,Starter,Monthly,1365.0,16380.0,1.0,5.4,5,0.8,0.9166666666666666,-0.032258064516129,1.0,4.0,0.0,1.0,0.0042,0.0166,12776.0,272.0,0.0,[],No clear signal,2026-06-30
2620,Mid-Market,Agritech,Karnataka,Enterprise,Monthly,25733.0,308796.0,13.0,27.6,17,0.6666666666666667,0.788888888888889,0.2133333333333333,2.0,5.0,0.0,1.0,0.0004,0.0014,240861.0,432.0,0.2,[],No clear signal,2026-06-30
13885,Mid-Market,Retail,Rajasthan,Growth,Annual,33274.0,399288.0,7.0,5.7,68,0.9411764705882352,0.9047619047619048,-0.0216216216216216,1.0,4.0,0.0,1.0,0.0,0.0,311445.0,0.0,0.2,[],No clear signal,2026-06-30
18811,SMB,Financial Services,Uttar Pradesh,Business,Monthly,2122.0,25464.0,7.0,28.5,2,1.0,0.7629629629629631,-0.2637362637362637,5.0,3.8,0.0,1.0,0.0053,0.0209,19862.0,532.0,0.333,[],No clear signal,2026-06-30
10330,Enterprise,Agritech,Karnataka,Business,Monthly,143673.0,1724076.0,21.0,20.6,199,0.9313232830820772,0.9555555555555556,0.0273224043715847,0.0,4.0,0.0,1.0,0.0002,0.0008,1344779.0,1379.0,0.2,[],No clear signal,2026-06-30
33586,Enterprise,Retail,Karnataka,Enterprise,Annual,204395.0,2452740.0,12.0,3.1,150,0.3644444444444444,0.15,3.0,6.0,3.8333333333333335,1.0,1.0,0.0018,0.0072,1913137.0,17660.0,0.2,[],No clear signal,2026-06-30
6096,SMB,Financial Services,Karnataka,Business,Monthly,11021.0,132252.0,6.0,27.7,11,0.8181818181818182,0.5481481481481482,-0.0595238095238095,3.0,3.0,0.0,1.0,0.0011,0.0044,103157.0,582.0,0.0,[],No clear signal,2026-06-30
19943,Enterprise,IT Services,Haryana,Business,Annual,134100.0,1609200.0,14.0,16.5,169,0.9191321499013808,0.9555555555555556,0.0204081632653061,0.0,4.0,0.0,1.0,0.0,0.0,1255176.0,0.0,0.2,[],No clear signal,2026-06-30
46903,SMB,Retail,Haryana,Business,Monthly,13610.0,163320.0,1.0,36.8,13,0.8717948717948718,0.6592592592592593,0.1307692307692307,2.0,5.0,0.0,1.0,0.0008,0.003,127390.0,490.0,0.0,[],No clear signal,2026-06-30
33284,SMB,Healthcare,Haryana,Starter,Monthly,956.0,11472.0,13.530858863411844,10.9,4,0.6666666666666666,0.9166666666666666,0.2520325203252032,3.0,5.0,0.0,1.0,0.0005,0.0022,8948.0,25.0,1.0,[],No clear signal,2026-06-30
30738,SMB,Financial Services,Rajasthan,Growth,Annual,6435.0,77220.0,13.546971474847938,22.0,13,0.7948717948717949,0.7857142857142857,0.0543478260869565,7.0,3.857142857142857,0.0,1.0,0.0018,0.0072,60232.0,556.0,0.2,[],No clear signal,2026-06-30
39896,SMB,Agritech,Telangana,Growth,Monthly,3959.0,47508.0,4.0,2.5,7,0.5714285714285714,0.4047619047619047,0.0,2.0,5.0,0.0,1.0,0.0163,0.0635,37056.0,3017.0,0.0,[],No clear signal,2026-06-30
39017,SMB,Real Estate,West Bengal,Starter,Annual,1035.0,12420.0,7.0,11.5,4,0.5833333333333334,0.5277777777777778,-0.396551724137931,2.0,4.0,0.0,1.0,0.0185,0.0718,9688.0,892.0,0.191,"[{""feature"": ""tenure_months"", ""label"": ""Still early in lifecycle"", ""impact_pp"": 1.3}, {""feature"": ""seat_utilisation"", ""label"": ""Seats sitting unused"", ""impact_pp"": 0.6}, {""feature"": ""discount_pct"", ""label"": ""Price sensitive (deep discount)"", ""impact_pp"": 0.5}]",Still early in lifecycle,2026-06-30
38306,SMB,Retail,Haryana,Starter,Monthly,2667.0,32004.0,9.0,12.7,11,0.9090909090909092,0.7777777777777778,-0.0710659898477157,1.0,3.0,0.0,1.0,0.0,0.0,24963.0,0.0,0.2,[],No clear signal,2026-06-30
6312,SMB,IT Services,Telangana,Starter,Annual,2374.0,28488.0,23.96456832766438,9.9,10,0.9,0.8333333333333334,0.0689655172413793,12.0,4.083333333333333,0.0,1.0,0.0005,0.0022,22221.0,63.0,0.0,[],No clear signal,2026-06-30
11941,Mid-Market,IT Services,Delhi,Growth,Monthly,30514.0,366168.0,4.0,7.9,60,0.6333333333333333,0.7976190476190476,-0.0283018867924528,0.0,4.0,0.0,1.0,0.0042,0.0166,285611.0,6078.0,0.0,[],No clear signal,2026-06-30
26714,Mid-Market,IT Services,Gujarat,Growth,Monthly,19214.0,230568.0,20.94309449595073,17.2,48,0.7013888888888888,0.5595238095238095,0.2025316455696202,2.0,4.5,0.2,1.0,0.0182,0.0708,179843.0,16324.0,0.67,"[{""feature"": ""discount_pct"", ""label"": ""Price sensitive (deep discount)"", ""impact_pp"": 1.0}, {""feature"": ""feature_adoption"", ""label"": ""Shallow product adoption"", ""impact_pp"": 0.5}]",Price sensitive (deep discount),2026-06-30
19560,SMB,Retail,Tamil Nadu,Starter,Monthly,3651.0,43812.0,1.0,20.3,14,0.8571428571428571,0.638888888888889,-0.0833333333333333,1.0,4.0,0.0,1.0,0.0027,0.0107,34173.0,469.0,0.0,[],No clear signal,2026-06-30
18783,SMB,Education,West Bengal,Growth,Annual,1091.0,13092.0,12.448083090029822,6.5,2,0.5,0.2857142857142857,-0.391304347826087,10.0,3.3,0.0,1.0,0.0119,0.0469,10212.0,614.0,0.023,"[{""feature"": ""t90_tickets"", ""label"": ""Heavy support load"", ""impact_pp"": 0.6}, {""feature"": ""feature_adoption"", ""label"": ""Shallow product adoption"", ""impact_pp"": 0.6}]",Heavy support load,2026-06-30
37605,Mid-Market,Retail,Delhi,Growth,Monthly,31843.0,382116.0,11.0,26.7,68,0.9068627450980392,0.9523809523809524,-0.1155778894472361,0.0,4.0,0.0,1.0,0.0012,0.005,298050.0,1911.0,1.0,[],No clear signal,2026-06-30
22914,SMB,Manufacturing,Tamil Nadu,Starter,Annual,1560.0,18720.0,5.0,18.7,6,0.6666666666666666,0.8055555555555555,0.4285714285714285,3.0,4.333333333333333,0.0,1.0,0.0011,0.0044,14602.0,82.0,0.2,[],No clear signal,2026-06-30
41946,SMB,Real Estate,Uttar Pradesh,Starter,Monthly,1412.0,16944.0,14.0,12.4,6,0.8888888888888888,0.9166666666666666,0.2307692307692307,3.0,4.333333333333333,0.0,1.0,0.0008,0.003,13216.0,51.0,0.2,[],No clear signal,2026-06-30
44474,SMB,Agritech,Maharashtra,Growth,Annual,5023.0,60276.0,20.47904814694084,16.8,11,0.6666666666666666,0.3333333333333333,-0.0380952380952381,2.0,4.5,0.0,1.0,0.0013,0.0051,47015.0,307.0,0.5,[],No clear signal,2026-06-30
34955,Mid-Market,Real Estate,Karnataka,Business,Monthly,53399.0,640788.0,9.0,2.7,60,0.7277777777777777,0.7259259259259259,0.0,5.0,4.2,0.0,1.0,0.0027,0.0107,499815.0,6856.0,0.2,[],No clear signal,2026-06-30
335,SMB,IT Services,Telangana,Starter,Monthly,1283.0,15396.0,7.0,13.8,5,0.8,0.7222222222222222,-0.2413793103448276,2.0,4.5,0.0,1.0,0.0027,0.0107,12009.0,165.0,0.2,[],No clear signal,2026-06-30
13422,Enterprise,Retail,West Bengal,Enterprise,Annual,250964.0,3011568.0,9.0,29.6,180,0.2481481481481481,0.1277777777777778,-0.3333333333333333,6.0,3.1666666666666665,0.0,1.0,0.0057,0.0224,2349023.0,67459.0,0.2,[],No clear signal,2026-06-30
20821,Mid-Market,Hospitality,Tamil Nadu,Enterprise,Monthly,40857.0,490284.0,21.071413887201217,17.9,28,0.9166666666666669,0.8388888888888889,0.0887573964497041,9.0,4.333333333333333,0.0,1.0,0.0005,0.0022,382422.0,1079.0,0.0,[],No clear signal,2026-06-30
1937,Mid-Market,Hospitality,Karnataka,Business,Annual,51715.0,620580.0,9.0,6.0,58,0.0804597701149425,0.1407407407407407,-0.1428571428571428,21.0,3.0,0.0,1.0,0.0119,0.0469,484052.0,29105.0,0.0,[],No clear signal,2026-06-30
12050,SMB,Manufacturing,Karnataka,Growth,Annual,2549.0,30588.0,12.967119350046111,15.2,5,0.8,0.9285714285714286,0.0575916230366492,2.0,5.0,0.0,1.0,0.0,0.0,23859.0,0.0,0.2,[],No clear signal,2026-06-30
25919,Mid-Market,Real Estate,Karnataka,Growth,Monthly,21319.0,255828.0,6.0,37.4,42,0.7142857142857143,0.7738095238095238,0.3917525773195876,4.0,4.75,0.0,1.0,0.0033,0.0131,199546.0,3351.0,0.25,[],No clear signal,2026-06-30
26911,SMB,Education,Haryana,Starter,Monthly,751.0,9012.0,11.0,24.2,3,1.0,0.75,-0.0072463768115942,1.0,5.0,0.4,1.0,0.0083,0.0329,7029.0,296.0,0.645,[],No clear signal,2026-06-30
4520,SMB,Real Estate,Telangana,Starter,Annual,2323.0,27876.0,4.0,10.3,9,1.0,0.9166666666666666,0.2569832402234637,3.0,5.0,0.0,1.0,0.0,0.0,21743.0,0.0,0.2,[],No clear signal,2026-06-30
30607,SMB,Agritech,Tamil Nadu,Starter,Annual,468.0,5616.0,18.0,20.7,2,0.5,0.638888888888889,-0.1707317073170731,1.0,5.0,0.0,1.0,0.0085,0.0336,4380.0,189.0,0.938,"[{""feature"": ""discount_pct"", ""label"": ""Price sensitive (deep discount)"", ""impact_pp"": 0.7}]",Price sensitive (deep discount),2026-06-30
22291,SMB,Healthcare,Gujarat,Growth,Annual,2565.0,30780.0,14.56739470343136,6.9,5,0.0,0.0833333333333333,-0.3636363636363636,8.0,3.875,0.0,1.0,0.0083,0.0329,24008.0,1013.0,0.737,"[{""feature"": ""discount_pct"", ""label"": ""Price sensitive (deep discount)"", ""impact_pp"": 0.4}]",Price sensitive (deep discount),2026-06-30
12103,Mid-Market,IT Services,Rajasthan,Business,Monthly,59923.0,719076.0,8.0,34.5,67,0.7860696517412935,0.5407407407407407,0.3689320388349514,0.0,4.0,0.0,1.0,0.0045,0.0179,560879.0,12871.0,0.434,[],No clear signal,2026-06-30
46791,SMB,Financial Services,Maharashtra,Growth,Annual,2898.0,34776.0,3.0,6.1,5,0.2,0.2261904761904762,-0.4736842105263157,5.0,3.4,0.0,1.0,0.0042,0.0165,27125.0,574.0,0.0,[],No clear signal,2026-06-30
22290,Mid-Market,Real Estate,Telangana,Business,Monthly,20181.0,242172.0,11.0,5.6,22,0.8636363636363636,0.9037037037037036,-0.0625,3.0,4.333333333333333,0.0,1.0,0.0002,0.0008,188894.0,194.0,0.2,[],No clear signal,2026-06-30
5535,Enterprise,Real Estate,Tamil Nadu,Enterprise,Annual,218721.0,2624652.0,7.0,25.3,152,0.0855263157894736,0.1944444444444444,-0.375,8.0,2.875,1.0,1.0,0.0088,0.0347,2047229.0,91075.0,0.0,[],No clear signal,2026-06-30
11474,SMB,Agritech,Kerala,Starter,Annual,3393.0,40716.0,8.0,10.0,14,0.8571428571428571,0.9166666666666666,0.2068965517241379,3.0,5.0,0.0,1.0,0.0,0.0,31758.0,0.0,0.2,[],No clear signal,2026-06-30
2761,SMB,IT Services,Madhya Pradesh,Starter,Monthly,1572.0,18864.0,14.179078402694316,25.7,7,0.8571428571428571,0.8055555555555555,0.2202380952380952,1.0,5.0,0.0,1.0,0.0002,0.0008,14714.0,15.0,0.2,[],No clear signal,2026-06-30
25138,Mid-Market,Financial Services,Telangana,Growth,Monthly,28196.0,338352.0,14.0,16.9,62,0.7580645161290323,0.5952380952380952,0.0642201834862385,2.0,4.0,0.0,1.0,0.0027,0.0107,263915.0,3620.0,0.2,[],No clear signal,2026-06-30
379,SMB,Healthcare,Telangana,Business,Monthly,12923.0,155076.0,6.0,34.8,13,0.8974358974358974,0.8518518518518519,-0.0053763440860215,2.0,4.5,0.2,1.0,0.0011,0.0044,120959.0,682.0,1.0,[],No clear signal,2026-06-30
19676,Mid-Market,Logistics,Gujarat,Business,Annual,24232.0,290784.0,15.0,14.5,28,0.5833333333333333,0.9259259259259258,0.03125,1.0,5.0,0.0,1.0,0.0011,0.0044,226812.0,1279.0,0.2,[],No clear signal,2026-06-30
47771,SMB,Logistics,Telangana,Growth,Annual,3959.0,47508.0,4.0,14.6,7,0.8095238095238095,0.8928571428571429,0.1298701298701298,2.0,3.5,0.0,1.0,0.0,0.0,37056.0,0.0,0.2,[],No clear signal,2026-06-30
48384,Enterprise,Agritech,Uttar Pradesh,Business,Annual,117959.0,1415508.0,19.091946778299395,1.3,168,0.75,0.9444444444444444,0.0,4.0,4.5,1.0,1.0,0.0069,0.0274,1104096.0,38785.0,0.642,"[{""feature"": ""discount_pct"", ""label"": ""Price sensitive (deep discount)"", ""impact_pp"": 0.6}, {""feature"": ""t90_tickets"", ""label"": ""Heavy support load"", ""impact_pp"": 0.5}]",Price sensitive (deep discount),2026-06-30
20296,SMB,IT Services,Karnataka,Starter,Monthly,3103.0,37236.0,26.85794869396389,27.4,14,0.880952380952381,0.7777777777777778,0.015228426395939,2.0,4.5,0.0,1.0,0.0002,0.0008,29044.0,30.0,0.2,[],No clear signal,2026-06-30
32211,SMB,Retail,West Bengal,Growth,Monthly,6693.0,80316.0,3.0,44.3,12,0.611111111111111,0.4880952380952381,-0.175,4.0,3.75,0.0,1.0,0.0233,0.09,62646.0,7228.0,0.0,"[{""feature"": ""t90_tickets"", ""label"": ""Heavy support load"", ""impact_pp"": 0.7}, {""feature"": ""feature_adoption"", ""label"": ""Shallow product adoption"", ""impact_pp"": 0.5}]",Heavy support load,2026-06-30
36413,Enterprise,Real Estate,Maharashtra,Enterprise,Annual,137565.0,1650780.0,14.0,35.0,101,0.66996699669967,0.5333333333333333,0.2542372881355932,1.0,3.0,0.0,1.0,0.002,0.0079,1287608.0,13041.0,0.5,[],No clear signal,2026-06-30
34261,SMB,Retail,Telangana,Growth,Monthly,3416.0,40992.0,4.0,36.7,6,0.7222222222222222,0.7023809523809524,0.4428571428571428,6.0,4.0,0.0,1.0,0.0108,0.0424,31974.0,1738.0,0.2,[],No clear signal,2026-06-30
13113,SMB,Real Estate,Madhya Pradesh,Growth,Annual,1591.0,19092.0,13.0,12.7,3,0.6666666666666666,0.5833333333333333,0.3333333333333333,3.0,3.6666666666666665,1.0,1.0,0.0046,0.0184,14892.0,351.0,0.323,[],No clear signal,2026-06-30
2060,SMB,Agritech,Karnataka,Starter,Annual,3153.0,37836.0,1.0,8.0,12,0.9166666666666666,0.8611111111111112,-0.0897435897435897,0.0,4.0,0.0,1.0,0.0,0.0,29512.0,0.0,0.2,[],No clear signal,2026-06-30
10490,SMB,Healthcare,Madhya Pradesh,Starter,Annual,950.0,11400.0,7.256243761724301,29.7,4,0.8333333333333334,0.8611111111111112,-0.125,2.0,4.0,0.0,1.0,0.0009,0.0036,8892.0,41.0,0.2,[],No clear signal,2026-06-30
45556,SMB,Real Estate,Kerala,Business,Annual,7233.0,86796.0,5.0,43.1,7,0.9047619047619048,0.9555555555555556,0.0427807486631016,0.0,4.0,0.0,1.0,0.0,0.0,67701.0,0.0,0.2,[],No clear signal,2026-06-30
12728,Mid-Market,Logistics,Maharashtra,Business,Monthly,48876.0,586512.0,18.0,14.6,61,0.8633879781420765,0.9407407407407408,0.0546875,6.0,3.6666666666666665,0.0,1.0,0.0018,0.0072,457479.0,4223.0,0.2,[],No clear signal,2026-06-30
36173,SMB,Healthcare,Karnataka,Starter,Monthly,835.0,10020.0,1.0,19.4,3,0.8888888888888888,0.9166666666666666,-0.0150753768844221,1.0,4.0,0.0,1.0,0.0005,0.0022,7816.0,22.0,0.2,[],No clear signal,2026-06-30
2555,Mid-Market,Healthcare,Haryana,Business,Annual,37024.0,444288.0,28.72125708252937,17.8,50,0.9066666666666668,0.5925925925925927,-0.0974025974025974,1.0,3.0,0.0,1.0,0.0006,0.0022,346545.0,977.0,0.2,[],No clear signal,2026-06-30
8236,SMB,Education,Maharashtra,Growth,Monthly,1162.0,13944.0,6.0,11.7,2,1.0,0.9404761904761904,0.1288659793814432,1.0,5.0,0.0,1.0,0.0004,0.0014,10876.0,20.0,0.2,[],No clear signal,2026-06-30
6687,SMB,Retail,West Bengal,Starter,Annual,810.0,9720.0,4.0,16.8,3,0.6666666666666666,0.4444444444444444,-0.0238095238095238,1.0,4.0,0.0,1.0,0.0011,0.0044,7582.0,43.0,0.2,[],No clear signal,2026-06-30
17838,SMB,Agritech,Tamil Nadu,Growth,Monthly,7751.0,93012.0,3.0,14.7,14,0.9047619047619048,0.9404761904761904,0.0851063829787234,1.0,5.0,0.0,1.0,0.0,0.0,72549.0,0.0,0.2,[],No clear signal,2026-06-30
16073,Mid-Market,Healthcare,Madhya Pradesh,Business,Monthly,58235.0,698820.0,21.148475464668216,47.4,72,0.8472222222222222,0.9555555555555556,0.3,2.0,4.5,0.2,1.0,0.0012,0.005,545080.0,3494.0,1.0,[],No clear signal,2026-06-30
44484,SMB,Education,Maharashtra,Growth,Annual,1211.0,14532.0,2.0,26.4,2,0.5,0.2619047619047619,-0.2258064516129032,9.0,3.7777777777777777,1.0,1.0,0.0061,0.0242,11335.0,352.0,0.0,[],No clear signal,2026-06-30
38326,SMB,Retail,Kerala,Starter,Annual,431.0,5172.0,25.185078430266813,6.0,2,0.5,0.7222222222222222,-0.25,11.0,3.636363636363636,0.0,1.0,0.0063,0.0249,4034.0,129.0,0.46,[],No clear signal,2026-06-30
48223,SMB,Retail,Delhi,Business,Monthly,8132.0,97584.0,6.0,18.1,8,0.625,0.7703703703703704,0.0317460317460317,1.0,5.0,0.4,1.0,0.0253,0.0973,76116.0,9495.0,0.2,[],No clear signal,2026-06-30
14362,SMB,Hospitality,Rajasthan,Starter,Annual,1495.0,17940.0,9.0,24.5,6,0.8333333333333334,0.8055555555555555,0.4,1.0,4.0,0.0,1.0,0.0009,0.0036,13993.0,65.0,0.2,[],No clear signal,2026-06-30
33796,Mid-Market,Manufacturing,Delhi,Business,Monthly,17556.0,210672.0,11.0,42.2,19,0.6842105263157895,0.6888888888888889,-0.0333333333333333,8.0,4.375,0.2,1.0,0.01,0.0393,164324.0,8279.0,0.277,"[{""feature"": ""t90_tickets"", ""label"": ""Heavy support load"", ""impact_pp"": 0.8}]",Heavy support load,2026-06-30
34441,Mid-Market,Healthcare,Karnataka,Growth,Annual,28156.0,337872.0,10.0,12.8,59,0.1412429378531073,0.1071428571428571,-0.5454545454545454,16.0,3.1875,0.0,1.0,0.0424,0.159,263540.0,53722.0,0.116,"[{""feature"": ""feature_adoption"", ""label"": ""Shallow product adoption"", ""impact_pp"": 1.2}, {""feature"": ""t90_tickets"", ""label"": ""Heavy support load"", ""impact_pp"": 0.8}]",Shallow product adoption,2026-06-30
26865,Enterprise,Retail,West Bengal,Enterprise,Annual,83332.0,999984.0,28.678020756320223,17.9,62,0.532258064516129,0.7833333333333333,-0.34,8.0,3.375,0.0,1.0,0.0083,0.0329,779988.0,32899.0,0.452,"[{""feature"": ""discount_pct"", ""label"": ""Price sensitive (deep discount)"", ""impact_pp"": 0.6}]",Price sensitive (deep discount),2026-06-30
36886,SMB,Agritech,Telangana,Starter,Monthly,1338.0,16056.0,3.0,14.5,5,0.9333333333333332,0.8611111111111112,0.0709219858156028,10.0,3.7,0.0,1.0,0.0008,0.003,12524.0,48.0,0.0,[],No clear signal,2026-06-30
35381,SMB,Agritech,Maharashtra,Business,Annual,9294.0,111528.0,4.0,3.4,9,0.1851851851851852,0.2444444444444444,2.0,4.0,3.0,1.0,1.0,0.0085,0.0335,86992.0,3736.0,0.0,[],No clear signal,2026-06-30
47100,Mid-Market,Agritech,Delhi,Growth,Monthly,25906.0,310872.0,13.0,4.9,56,0.744047619047619,0.3928571428571428,0.2896551724137931,2.0,5.0,0.0,1.0,0.0011,0.0044,242480.0,1368.0,0.0,[],No clear signal,2026-06-30
45395,SMB,Education,Delhi,Starter,Monthly,3651.0,43812.0,1.0,43.2,14,0.7857142857142857,0.6944444444444445,0.4923076923076923,2.0,4.0,0.0,1.0,0.0042,0.0165,34173.0,723.0,0.0,[],No clear signal,2026-06-30
38868,Enterprise,Education,Tamil Nadu,Enterprise,Annual,146448.0,1757376.0,19.0,6.0,115,0.7333333333333333,0.9055555555555556,0.4533333333333333,3.0,4.0,0.0,1.0,0.0011,0.0044,1370753.0,7732.0,0.2,[],No clear signal,2026-06-30
32903,Mid-Market,Hospitality,Rajasthan,Business,Annual,20176.0,242112.0,7.0,18.5,21,0.8730158730158729,0.7111111111111111,0.0723684210526315,1.0,5.0,0.0,1.0,0.0002,0.0008,188847.0,194.0,0.0,[],No clear signal,2026-06-30
10006,Mid-Market,Manufacturing,Telangana,Business,Annual,66930.0,803160.0,4.0,31.3,72,0.9398148148148148,0.5555555555555556,0.0755813953488372,0.0,4.0,0.0,1.0,0.0,0.0,626465.0,0.0,0.2,[],No clear signal,2026-06-30
28641,Mid-Market,Education,Tamil Nadu,Enterprise,Annual,78326.0,939912.0,3.0,14.5,49,0.0816326530612244,0.0833333333333333,-0.3333333333333333,17.0,2.823529411764706,1.0,1.0,0.0261,0.1003,733131.0,94273.0,0.0,"[{""feature"": ""t90_tickets"", ""label"": ""Heavy support load"", ""impact_pp"": 0.5}]",Heavy support load,2026-06-30
24712,Mid-Market,Agritech,Telangana,Business,Monthly,53107.0,637284.0,5.0,21.2,57,0.4912280701754385,0.9333333333333332,0.0991735537190082,3.0,4.333333333333333,0.4,1.0,0.0033,0.0132,497082.0,8412.0,0.0,[],No clear signal,2026-06-30
35710,SMB,Logistics,Maharashtra,Growth,Annual,2444.0,29328.0,27.07119361529799,35.5,5,0.8666666666666666,0.9404761904761904,-0.131578947368421,10.0,4.1,0.0,1.0,0.0047,0.0186,22876.0,546.0,0.301,[],No clear signal,2026-06-30
35860,SMB,Education,Karnataka,Growth,Monthly,1186.0,14232.0,4.0,42.4,2,0.5,0.6904761904761905,0.0,4.0,3.5,0.2,1.0,0.0405,0.1523,11101.0,2168.0,0.0,"[{""feature"": ""t90_tickets"", ""label"": ""Heavy support load"", ""impact_pp"": 0.5}, {""feature"": ""seat_utilisation"", ""label"": ""Seats sitting unused"", ""impact_pp"": 0.5}, {""feature"": ""login_trend_pct"", ""label"": ""Usage trending down"", ""impact_pp"": 0.4}]",Heavy support load,2026-06-30
14837,Mid-Market,Hospitality,Rajasthan,Business,Monthly,22166.0,265992.0,10.0,19.9,24,0.8611111111111112,0.837037037037037,-0.0166666666666666,2.0,5.0,0.0,1.0,0.0002,0.0008,207474.0,213.0,0.0,[],No clear signal,2026-06-30
29688,SMB,Logistics,Maharashtra,Starter,Annual,2323.0,27876.0,4.0,21.0,9,0.925925925925926,0.9166666666666666,0.0666666666666666,2.0,4.0,0.0,1.0,0.0,0.0,21743.0,0.0,0.2,[],No clear signal,2026-06-30
22031,Mid-Market,Logistics,Gujarat,Growth,Annual,20408.0,244896.0,12.0,18.2,43,0.7596899224806201,0.9642857142857144,0.1487603305785124,0.0,4.0,0.0,1.0,0.0009,0.0036,191019.0,882.0,1.0,[],No clear signal,2026-06-30
46114,SMB,Healthcare,Rajasthan,Growth,Annual,4639.0,55668.0,1.0,36.7,8,0.3333333333333333,0.2976190476190476,0.064516129032258,1.0,3.0,0.0,1.0,0.0061,0.0242,43421.0,1347.0,0.0,[],No clear signal,2026-06-30
18211,SMB,Hospitality,Telangana,Growth,Annual,3671.0,44052.0,11.0,48.3,7,0.4285714285714285,0.511904761904762,-0.1785714285714285,4.0,4.0,1.0,1.0,0.0067,0.0267,34361.0,1176.0,0.5,[],No clear signal,2026-06-30
3344,SMB,Education,Tamil Nadu,Growth,Annual,5683.0,68196.0,2.0,11.2,10,0.9,0.9285714285714286,-0.1756097560975609,2.0,4.0,0.0,1.0,0.0,0.0,53193.0,0.0,0.2,[],No clear signal,2026-06-30
28136,SMB,Agritech,Haryana,Starter,Annual,2202.0,26424.0,9.0,19.0,9,0.8888888888888888,0.9166666666666666,-0.0052083333333333,1.0,5.0,0.0,1.0,0.0,0.0,20611.0,0.0,0.2,[],No clear signal,2026-06-30
40826,SMB,Financial Services,West Bengal,Growth,Monthly,7149.0,85788.0,4.0,14.4,13,0.9230769230769232,0.9523809523809524,-0.2403846153846154,8.0,4.5,0.0,1.0,0.0005,0.0022,66915.0,189.0,0.0,[],No clear signal,2026-06-30
5749,SMB,Retail,Tamil Nadu,Growth,Monthly,2339.0,28068.0,3.0,23.8,4,1.0,0.8928571428571429,0.1091954022988505,3.0,4.666666666666667,0.0,1.0,0.0,0.0,21893.0,0.0,0.2,[],No clear signal,2026-06-30
10941,Mid-Market,IT Services,Karnataka,Business,Annual,26513.0,318156.0,7.0,29.8,28,0.7142857142857143,0.9333333333333332,0.144578313253012,1.0,4.0,0.0,1.0,0.0008,0.003,248162.0,954.0,0.2,[],No clear signal,2026-06-30
1460,SMB,Manufacturing,Maharashtra,Starter,Annual,1091.0,13092.0,2.0,14.1,4,0.25,0.3055555555555555,0.3333333333333333,7.0,3.4285714285714284,1.0,1.0,0.0134,0.0527,10212.0,690.0,0.0,[],No clear signal,2026-06-30
17818,SMB,Hospitality,Rajasthan,Growth,Monthly,6348.0,76176.0,8.0,22.9,12,0.8333333333333334,0.6785714285714286,0.0304878048780487,0.0,4.0,0.0,1.0,0.0014,0.0057,59417.0,434.0,0.0,[],No clear signal,2026-06-30
46011,Enterprise,Healthcare,Uttar Pradesh,Enterprise,Monthly,242402.0,2908824.0,25.01192623877301,10.2,191,0.4328097731239093,0.4833333333333333,0.0677966101694915,1.0,4.0,0.0,1.0,0.0242,0.0933,2268883.0,271393.0,0.682,"[{""feature"": ""discount_pct"", ""label"": ""Price sensitive (deep discount)"", ""impact_pp"": 1.5}, {""feature"": ""feature_adoption"", ""label"": ""Shallow product adoption"", ""impact_pp"": 0.6}]",Price sensitive (deep discount),2026-06-30
10883,Enterprise,IT Services,Kerala,Enterprise,Annual,219677.0,2636124.0,11.0,37.2,160,0.2916666666666666,0.4333333333333333,-0.4090909090909091,6.0,3.5,0.0,1.0,0.0069,0.0271,2056177.0,71439.0,0.315,"[{""feature"": ""t90_tickets"", ""label"": ""Heavy support load"", ""impact_pp"": 0.4}]",Heavy support load,2026-06-30
12436,SMB,Healthcare,Telangana,Growth,Annual,4083.0,48996.0,1.0,39.2,7,0.2857142857142857,0.630952380952381,-0.391304347826087,12.0,2.333333333333333,1.0,1.0,0.0216,0.0836,38217.0,4096.0,0.0,"[{""feature"": ""t90_tickets"", ""label"": ""Heavy support load"", ""impact_pp"": 0.6}, {""feature"": ""seat_utilisation"", ""label"": ""Seats sitting unused"", ""impact_pp"": 0.4}]",Heavy support load,2026-06-30
42560,Enterprise,IT Services,Karnataka,Enterprise,Annual,228280.0,2739360.0,15.0,7.8,175,0.5066666666666667,0.1777777777777777,0.4666666666666667,1.0,4.0,0.0,1.0,0.0086,0.034,2136701.0,93138.0,0.468,"[{""feature"": ""discount_pct"", ""label"": ""Price sensitive (deep discount)"", ""impact_pp"": 0.6}]",Price sensitive (deep discount),2026-06-30
13552,SMB,Manufacturing,West Bengal,Growth,Annual,5271.0,63252.0,17.0,36.9,11,0.2727272727272727,0.2380952380952381,-0.3571428571428571,2.0,4.0,0.0,1.0,0.0129,0.0505,49337.0,3194.0,0.811,"[{""feature"": ""discount_pct"", ""label"": ""Price sensitive (deep discount)"", ""impact_pp"": 0.7}]",Price sensitive (deep discount),2026-06-30
49454,SMB,Logistics,Telangana,Starter,Monthly,2542.0,30504.0,5.0,6.0,10,0.6,0.2222222222222222,0.391304347826087,1.0,3.0,0.2,1.0,0.0255,0.0981,23793.0,2992.0,0.0,"[{""feature"": ""feature_adoption"", ""label"": ""Shallow product adoption"", ""impact_pp"": 1.2}, {""feature"": ""t90_avg_resolution_h"", ""label"": ""Slow ticket resolution"", ""impact_pp"": 0.7}, {""feature"": ""tenure_months"", ""label"": ""Still early in lifecycle"", ""impact_pp"": 0.7}]",Shallow product adoption,2026-06-30
25560,SMB,Manufacturing,Uttar Pradesh,Growth,Monthly,4358.0,52296.0,7.0,27.3,8,0.5833333333333334,0.9047619047619048,0.0,1.0,3.0,0.0,1.0,0.0069,0.0271,40791.0,1417.0,0.0,[],No clear signal,2026-06-30
16381,SMB,Retail,Telangana,Starter,Monthly,1626.0,19512.0,1.0,24.5,6,0.7777777777777778,0.9166666666666666,0.1518987341772152,0.0,4.0,0.2,1.0,0.0088,0.0347,15219.0,677.0,0.2,[],No clear signal,2026-06-30
42264,SMB,Real Estate,Maharashtra,Business,Monthly,9584.0,115008.0,1.0,30.0,9,0.925925925925926,0.948148148148148,-0.0111731843575419,0.0,4.0,0.0,1.0,0.0011,0.0043,89706.0,495.0,0.0,[],No clear signal,2026-06-30
26260,SMB,Agritech,West Bengal,Starter,Annual,1511.0,18132.0,8.0,18.6,6,0.2777777777777778,0.0833333333333333,-0.1538461538461538,4.0,3.25,0.0,1.0,0.0134,0.0527,14143.0,956.0,0.0,[],No clear signal,2026-06-30
9505,Mid-Market,Retail,Karnataka,Business,Monthly,53713.0,644556.0,7.0,30.9,59,0.864406779661017,0.6,0.1428571428571428,5.0,3.8,0.2,1.0,0.016,0.0626,502754.0,40349.0,0.0,[],No clear signal,2026-06-30
689,SMB,IT Services,Kerala,Growth,Monthly,2363.0,28356.0,2.0,29.9,4,0.75,0.8452380952380952,0.2647058823529412,0.0,4.0,0.0,1.0,0.0042,0.0165,22118.0,468.0,0.2,[],No clear signal,2026-06-30
10745,SMB,Hospitality,Telangana,Starter,Annual,1429.0,17148.0,13.0,19.3,6,0.6666666666666666,0.5555555555555556,-0.0481927710843373,3.0,4.0,0.0,1.0,0.0027,0.0107,13375.0,183.0,0.5,[],No clear signal,2026-06-30
9465,SMB,Retail,Karnataka,Starter,Monthly,3402.0,40824.0,1.0,17.1,13,0.8205128205128205,0.9166666666666666,0.1179775280898876,1.0,5.0,0.0,1.0,0.0004,0.0014,31843.0,57.0,0.2,[],No clear signal,2026-06-30
25759,SMB,Agritech,Karnataka,Starter,Annual,1626.0,19512.0,1.0,17.8,6,0.1666666666666666,0.25,-0.25,11.0,3.5454545454545454,0.0,1.0,0.0491,0.1824,15219.0,3559.0,0.0,"[{""feature"": ""t90_tickets"", ""label"": ""Heavy support load"", ""impact_pp"": 2.8}, {""feature"": ""seat_utilisation"", ""label"": ""Seats sitting unused"", ""impact_pp"": 1.2}, {""feature"": ""feature_adoption"", ""label"": ""Shallow product adoption"", ""impact_pp"": 0.9}]",Heavy support load,2026-06-30
37545,SMB,Logistics,Tamil Nadu,Growth,Monthly,2171.0,26052.0,10.0,8.5,4,0.75,0.7023809523809524,0.6938775510204082,1.0,4.0,0.0,1.0,0.0014,0.0057,20321.0,148.0,0.0,[],No clear signal,2026-06-30
39965,Enterprise,Manufacturing,Kerala,Business,Monthly,59077.0,708924.0,8.0,9.2,66,0.8888888888888888,0.8592592592592592,0.0052356020942408,2.0,4.5,0.2,1.0,0.0014,0.0057,552961.0,4041.0,1.0,[],No clear signal,2026-06-30
29141,Enterprise,Manufacturing,Uttar Pradesh,Enterprise,Annual,126341.0,1516092.0,11.0,7.0,89,0.7378277153558053,0.8,-0.1949152542372881,1.0,4.0,0.0,1.0,0.0011,0.0044,1182552.0,6671.0,0.0,[],No clear signal,2026-06-30
27963,SMB,Education,Tamil Nadu,Growth,Monthly,1774.0,21288.0,3.0,13.7,3,0.6666666666666666,0.6904761904761905,-0.0727272727272727,3.0,4.333333333333333,0.0,1.0,0.0061,0.0242,16605.0,515.0,0.2,[],No clear signal,2026-06-30
10539,Mid-Market,Education,Gujarat,Growth,Annual,28326.0,339912.0,23.68718894893913,4.8,69,0.2367149758454106,0.3452380952380952,1.0,5.0,3.2,0.0,1.0,0.0063,0.0249,265131.0,8464.0,0.63,[],No clear signal,2026-06-30
44258,SMB,Hospitality,Tamil Nadu,Business,Monthly,9487.0,113844.0,2.0,14.9,9,0.8148148148148148,0.4666666666666667,-0.1319444444444444,1.0,4.0,0.0,1.0,0.0027,0.0107,88798.0,1218.0,0.0,[],No clear signal,2026-06-30
1107,Mid-Market,Manufacturing,Gujarat,Enterprise,Monthly,34350.0,412200.0,5.0,9.4,21,0.968253968253968,0.9222222222222224,0.0601092896174863,0.0,4.0,0.0,1.0,0.0002,0.0008,321516.0,330.0,0.0,[],No clear signal,2026-06-30
15315,SMB,Financial Services,Tamil Nadu,Starter,Annual,1968.0,23616.0,24.46321143169654,9.0,9,0.8518518518518519,0.9166666666666666,-0.0052631578947368,2.0,3.5,0.0,1.0,0.0,0.0,18420.0,0.0,0.2,[],No clear signal,2026-06-30
4759,SMB,Hospitality,Delhi,Growth,Annual,3203.0,38436.0,10.0,10.2,6,0.8888888888888888,0.9285714285714286,-0.0913705583756345,3.0,5.0,0.0,1.0,0.0,0.0,29980.0,0.0,0.2,[],No clear signal,2026-06-30
18662,SMB,Real Estate,Maharashtra,Starter,Monthly,2596.0,31152.0,3.0,28.1,10,1.0,0.8333333333333334,-0.1182266009852216,1.0,4.0,0.0,1.0,0.0002,0.0008,24299.0,25.0,0.0,[],No clear signal,2026-06-30
49068,SMB,Healthcare,Gujarat,Starter,Annual,1560.0,18720.0,5.0,3.9,6,0.9444444444444444,0.7222222222222222,1.4603174603174602,0.0,4.0,0.0,1.0,0.0002,0.0008,14602.0,15.0,0.2,[],No clear signal,2026-06-30
46898,SMB,Hospitality,Haryana,Starter,Annual,3541.0,42492.0,4.0,9.9,14,0.8571428571428571,0.8611111111111112,-0.0707070707070707,0.0,4.0,0.0,1.0,0.0,0.0,33144.0,0.0,0.2,[],No clear signal,2026-06-30
13468,SMB,Agritech,Haryana,Growth,Monthly,2412.0,28944.0,0.0,41.3,4,0.8333333333333334,0.7619047619047619,0.1666666666666666,6.0,4.0,0.2,1.0,0.0011,0.0044,22576.0,127.0,0.2,[],No clear signal,2026-06-30
29303,Mid-Market,Education,Tamil Nadu,Growth,Annual,34180.0,410160.0,14.0,24.4,76,0.9649122807017544,0.6785714285714286,0.0240963855421686,4.0,4.75,0.0,1.0,0.0002,0.0008,319925.0,328.0,0.5,[],No clear signal,2026-06-30
23467,Mid-Market,Hospitality,Tamil Nadu,Business,Monthly,40244.0,482928.0,6.0,21.2,43,0.5348837209302325,0.5925925925925927,0.1184210526315789,3.0,4.666666666666667,0.2,1.0,0.012,0.0472,376684.0,22794.0,0.333,[],No clear signal,2026-06-30
2383,SMB,Healthcare,Haryana,Starter,Annual,2843.0,34116.0,3.0,25.5,11,0.6060606060606061,0.4444444444444444,0.037037037037037,3.0,3.6666666666666665,1.0,1.0,0.0018,0.0072,26610.0,246.0,0.2,[],No clear signal,2026-06-30
49884,Enterprise,Agritech,West Bengal,Business,Annual,89180.0,1070160.0,15.0,28.1,111,0.8648648648648649,0.948148148148148,-0.0216216216216216,9.0,4.777777777777778,0.0,1.0,0.0002,0.0008,834725.0,856.0,0.0,[],No clear signal,2026-06-30
37747,SMB,Financial Services,Rajasthan,Growth,Monthly,1162.0,13944.0,6.0,12.4,2,0.8333333333333334,0.7976190476190476,0.16,1.0,5.0,0.0,1.0,0.0061,0.0242,10876.0,337.0,0.192,[],No clear signal,2026-06-30
14393,SMB,Agritech,Delhi,Starter,Annual,468.0,5616.0,18.0,4.2,2,0.5,0.4722222222222222,0.0833333333333333,5.0,3.2,1.0,1.0,0.0067,0.0267,4380.0,150.0,0.776,[],No clear signal,2026-06-30
45232,SMB,Retail,West Bengal,Business,Annual,10170.0,122040.0,5.0,9.7,10,0.8333333333333334,0.837037037037037,-0.0520231213872832,1.0,5.0,0.0,1.0,0.0011,0.0043,95191.0,525.0,0.2,[],No clear signal,2026-06-30
28082,SMB,Agritech,Uttar Pradesh,Growth,Monthly,4824.0,57888.0,8.0,27.5,9,0.8518518518518519,0.5,-0.1076923076923077,4.0,4.0,0.0,1.0,0.0008,0.003,45153.0,174.0,0.0,[],No clear signal,2026-06-30
40485,SMB,Logistics,Tamil Nadu,Starter,Monthly,2902.0,34824.0,1.0,30.7,11,0.8181818181818182,0.9166666666666666,0.0282485875706214,1.0,3.0,0.2,1.0,0.0011,0.0044,27163.0,153.0,0.2,[],No clear signal,2026-06-30
20480,SMB,Logistics,Tamil Nadu,Growth,Annual,2882.0,34584.0,19.0,19.3,6,0.6666666666666666,0.8571428571428571,0.2209302325581395,6.0,4.166666666666667,0.0,1.0,0.0024,0.0097,26976.0,335.0,0.333,[],No clear signal,2026-06-30
31239,Mid-Market,IT Services,Maharashtra,Enterprise,Annual,56683.0,680196.0,6.0,14.5,36,0.75,0.2444444444444444,-0.3703703703703703,1.0,4.0,1.0,1.0,0.0042,0.0166,530553.0,11291.0,0.2,[],No clear signal,2026-06-30
39810,Enterprise,Education,Telangana,Enterprise,Monthly,296530.0,3558360.0,7.0,9.1,210,0.919047619047619,0.8333333333333334,-0.1173184357541899,1.0,4.0,0.0,1.0,0.0011,0.0043,2775521.0,15301.0,0.5,[],No clear signal,2026-06-30
6997,SMB,Manufacturing,Haryana,Starter,Monthly,1103.0,13236.0,20.0,13.7,5,0.8,0.3611111111111111,0.1686746987951807,4.0,3.25,0.0,1.0,0.0229,0.0884,10324.0,1170.0,0.355,"[{""feature"": ""discount_pct"", ""label"": ""Price sensitive (deep discount)"", ""impact_pp"": 1.1}, {""feature"": ""feature_adoption"", ""label"": ""Shallow product adoption"", ""impact_pp"": 0.9}, {""feature"": ""tenure_months"", ""label"": ""Still early in lifecycle"", ""impact_pp"": 0.7}]",Price sensitive (deep discount),2026-06-30
39416,Mid-Market,Logistics,Delhi,Enterprise,Annual,106356.0,1276272.0,6.0,36.3,70,0.6047619047619048,0.5833333333333334,-0.0192307692307692,5.0,3.8,0.0,1.0,0.0018,0.0072,995492.0,9189.0,0.2,[],No clear signal,2026-06-30
32392,SMB,IT Services,Rajasthan,Starter,Monthly,1808.0,21696.0,5.0,13.9,7,0.8095238095238095,0.7777777777777778,0.2164948453608247,1.0,2.0,0.8,1.0,0.0144,0.0565,16923.0,1226.0,0.5,[],No clear signal,2026-06-30
28382,Mid-Market,Healthcare,Madhya Pradesh,Growth,Monthly,14838.0,178056.0,10.0,15.5,30,0.9555555555555556,0.9166666666666669,0.0618556701030927,4.0,4.5,0.0,1.0,0.0,0.0,138884.0,0.0,0.2,[],No clear signal,2026-06-30
531,SMB,Financial Services,Tamil Nadu,Starter,Monthly,2922.0,35064.0,18.775082053795384,19.3,13,0.8974358974358974,0.8888888888888888,0.1954022988505747,1.0,5.0,0.2,1.0,0.0005,0.0022,27350.0,77.0,0.2,[],No clear signal,2026-06-30
17378,Enterprise,Healthcare,Maharashtra,Enterprise,Annual,264795.0,3177540.0,23.264296687322297,17.2,201,0.1741293532338308,0.1722222222222222,-0.2727272727272727,13.0,3.230769230769231,0.0,1.0,0.0213,0.0825,2478481.0,262147.0,0.468,"[{""feature"": ""discount_pct"", ""label"": ""Price sensitive (deep discount)"", ""impact_pp"": 0.9}, {""feature"": ""t90_tickets"", ""label"": ""Heavy support load"", ""impact_pp"": 0.8}]",Price sensitive (deep discount),2026-06-30
31348,SMB,Real Estate,Madhya Pradesh,Starter,Annual,793.0,9516.0,6.0,24.4,3,0.6666666666666666,0.5,0.1532846715328467,3.0,4.333333333333333,0.0,1.0,0.0018,0.0072,7422.0,69.0,0.48,[],No clear signal,2026-06-30
8377,SMB,Financial Services,West Bengal,Starter,Annual,1639.0,19668.0,12.187862531496194,39.6,7,0.9523809523809524,0.9166666666666666,-0.0995260663507109,2.0,5.0,0.0,1.0,0.0,0.0,15341.0,0.0,0.2,[],No clear signal,2026-06-30
12358,Mid-Market,IT Services,Maharashtra,Growth,Annual,19239.0,230868.0,9.0,33.2,39,0.2649572649572649,0.4642857142857143,0.5,1.0,3.0,0.0,1.0,0.0011,0.0044,180077.0,1016.0,0.0,[],No clear signal,2026-06-30
10376,SMB,Retail,Karnataka,Growth,Annual,3558.0,42696.0,0.0,22.9,6,0.6666666666666666,0.7738095238095238,0.134020618556701,5.0,4.2,0.0,1.0,0.0011,0.0044,33303.0,188.0,0.2,[],No clear signal,2026-06-30
23512,SMB,IT Services,Gujarat,Growth,Annual,6287.0,75444.0,1.0,22.3,11,0.6363636363636364,0.3452380952380952,-0.0888888888888888,1.0,4.0,0.0,1.0,0.0011,0.0044,58846.0,332.0,0.2,[],No clear signal,2026-06-30
41128,Mid-Market,Hospitality,Haryana,Growth,Monthly,14670.0,176040.0,5.0,11.1,28,0.9047619047619048,0.9285714285714286,0.0476190476190476,0.0,4.0,0.0,1.0,0.0,0.0,137311.0,0.0,0.2,[],No clear signal,2026-06-30
35528,SMB,Agritech,Gujarat,Starter,Annual,759.0,9108.0,10.0,23.4,3,0.6666666666666666,0.75,0.1962616822429906,4.0,4.0,0.0,1.0,0.0011,0.0044,7104.0,40.0,0.2,[],No clear signal,2026-06-30
28278,Mid-Market,Hospitality,Maharashtra,Business,Annual,52813.0,633756.0,10.0,22.5,60,0.2611111111111111,0.7037037037037037,-0.1594202898550724,2.0,5.0,0.0,1.0,0.002,0.0079,494330.0,5007.0,0.2,[],No clear signal,2026-06-30
38939,Mid-Market,Logistics,Maharashtra,Business,Monthly,67627.0,811524.0,3.0,16.0,72,0.8333333333333334,0.8296296296296297,-0.0762711864406779,1.0,2.0,0.0,1.0,0.0027,0.0107,632989.0,8683.0,0.2,[],No clear signal,2026-06-30
7071,SMB,Education,Karnataka,Business,Annual,6853.0,82236.0,10.0,13.8,7,0.6666666666666667,0.674074074074074,0.2142857142857142,9.0,4.444444444444445,1.0,1.0,0.0027,0.0107,64144.0,880.0,0.0,[],No clear signal,2026-06-30
34265,SMB,Education,Kerala,Growth,Monthly,1719.0,20628.0,6.0,11.3,3,1.0,0.9285714285714286,-0.0757575757575757,0.0,4.0,0.0,1.0,0.0,0.0,16090.0,0.0,0.2,[],No clear signal,2026-06-30
37563,Mid-Market,Financial Services,Kerala,Business,Annual,56911.0,682932.0,22.031792781440707,49.6,72,0.8472222222222222,0.9407407407407408,-0.2880434782608695,1.0,5.0,0.0,1.0,0.0009,0.0036,532687.0,2459.0,1.0,[],No clear signal,2026-06-30
45151,SMB,Logistics,Karnataka,Growth,Monthly,1137.0,13644.0,8.0,14.4,2,0.5,0.630952380952381,0.5671641791044776,1.0,4.0,0.2,1.0,0.0143,0.056,10642.0,764.0,0.129,"[{""feature"": ""feature_adoption"", ""label"": ""Shallow product adoption"", ""impact_pp"": 0.7}]",Shallow product adoption,2026-06-30
32926,SMB,Education,Kerala,Business,Annual,3342.0,40104.0,1.0,17.0,3,0.6666666666666666,0.8148148148148148,-0.1052631578947368,3.0,4.0,0.0,1.0,0.0011,0.0044,31281.0,176.0,0.2,[],No clear signal,2026-06-30
10268,Mid-Market,IT Services,Delhi,Business,Monthly,16767.0,201204.0,15.0,8.9,19,0.8947368421052632,0.9555555555555556,-0.1071428571428571,4.0,4.75,0.0,1.0,0.0016,0.0065,156939.0,1308.0,0.2,[],No clear signal,2026-06-30
36197,SMB,Hospitality,Haryana,Growth,Monthly,5842.0,70104.0,8.0,34.1,11,0.8787878787878788,0.7857142857142857,0.1044776119402985,3.0,4.666666666666667,0.2,1.0,0.0018,0.0072,54681.0,505.0,0.2,[],No clear signal,2026-06-30
42960,SMB,Education,Uttar Pradesh,Starter,Monthly,2408.0,28896.0,11.20893719161118,9.2,10,0.5666666666666667,0.5555555555555556,2.235294117647059,2.0,3.5,0.4,1.0,0.0305,0.1164,22539.0,3363.0,0.462,"[{""feature"": ""discount_pct"", ""label"": ""Price sensitive (deep discount)"", ""impact_pp"": 1.0}, {""feature"": ""tenure_months"", ""label"": ""Still early in lifecycle"", ""impact_pp"": 0.5}, {""feature"": ""p180_failed"", ""label"": ""Failed payments"", ""impact_pp"": 0.4}]",Price sensitive (deep discount),2026-06-30
22416,SMB,Real Estate,Haryana,Growth,Annual,7592.0,91104.0,5.0,19.2,14,0.8571428571428571,0.880952380952381,0.0344827586206896,5.0,3.6,0.0,1.0,0.0006,0.0022,71061.0,200.0,0.0,[],No clear signal,2026-06-30
34048,SMB,Logistics,Telangana,Starter,Annual,2462.0,29544.0,8.0,35.3,10,0.7,0.4722222222222222,-0.2336448598130841,2.0,4.0,0.0,1.0,0.0011,0.0044,23044.0,130.0,0.0,[],No clear signal,2026-06-30
47517,Mid-Market,Retail,Karnataka,Growth,Annual,22495.0,269940.0,9.0,19.8,46,0.8840579710144927,0.880952380952381,0.0691823899371069,1.0,4.0,0.0,1.0,0.0,0.0,210553.0,0.0,0.2,[],No clear signal,2026-06-30
14743,SMB,Manufacturing,Madhya Pradesh,Growth,Annual,2958.0,35496.0,1.0,12.5,5,0.9333333333333332,0.8214285714285714,-0.0897435897435897,6.0,4.333333333333333,0.0,1.0,0.0008,0.003,27687.0,106.0,0.2,[],No clear signal,2026-06-30
34038,Mid-Market,Retail,Kerala,Business,Monthly,46796.0,561552.0,7.0,10.7,51,0.6274509803921569,0.4,-0.1097560975609756,4.0,4.0,0.0,1.0,0.0134,0.0527,438011.0,29594.0,0.134,"[{""feature"": ""t90_tickets"", ""label"": ""Heavy support load"", ""impact_pp"": 0.7}]",Heavy support load,2026-06-30
29805,SMB,Manufacturing,Rajasthan,Growth,Monthly,2243.0,26916.0,7.0,27.7,4,1.0,0.8452380952380952,-0.006060606060606,3.0,4.333333333333333,0.0,1.0,0.0027,0.0107,20994.0,288.0,0.2,[],No clear signal,2026-06-30
6483,SMB,IT Services,Telangana,Starter,Annual,3089.0,37068.0,3.0,16.2,12,0.4166666666666667,0.0833333333333333,0.8888888888888888,2.0,4.0,0.0,1.0,0.002,0.0079,28913.0,293.0,0.2,[],No clear signal,2026-06-30
25577,Mid-Market,Real Estate,Kerala,Enterprise,Annual,105225.0,1262700.0,7.0,34.1,70,0.6,0.8555555555555556,0.3428571428571428,4.0,3.5,0.0,1.0,0.0011,0.0044,984906.0,5556.0,0.2,[],No clear signal,2026-06-30
22487,SMB,Education,Telangana,Growth,Monthly,2315.0,27780.0,4.0,22.1,4,0.5,0.6071428571428571,0.0357142857142857,4.0,4.5,0.6,1.0,0.0346,0.1315,21668.0,3653.0,0.318,"[{""feature"": ""feature_adoption"", ""label"": ""Shallow product adoption"", ""impact_pp"": 1.2}, {""feature"": ""late_payment_rate_180d"", ""label"": ""Paying late"", ""impact_pp"": 0.6}]",Shallow product adoption,2026-06-30
14549,SMB,Education,Uttar Pradesh,Business,Annual,14310.0,171720.0,3.0,14.9,14,0.2619047619047619,0.4592592592592593,0.2666666666666666,4.0,4.0,0.0,1.0,0.0011,0.0044,133942.0,756.0,0.2,[],No clear signal,2026-06-30
42620,SMB,Education,West Bengal,Starter,Monthly,2872.0,34464.0,2.0,34.0,11,0.8787878787878788,0.8055555555555555,0.0,0.0,4.0,0.0,1.0,0.0002,0.0008,26882.0,28.0,0.2,[],No clear signal,2026-06-30
27998,Mid-Market,Financial Services,Madhya Pradesh,Business,Annual,22384.0,268608.0,12.224415313706787,15.8,25,0.88,0.9259259259259258,-0.1698113207547169,1.0,5.0,0.0,1.0,0.0,0.0,209514.0,0.0,0.2,[],No clear signal,2026-06-30
29218,SMB,Healthcare,Maharashtra,Growth,Annual,4592.0,55104.0,2.0,23.1,8,0.625,0.880952380952381,0.3538461538461538,2.0,4.0,0.0,1.0,0.0009,0.0036,42981.0,198.0,0.0,[],No clear signal,2026-06-30
30798,Mid-Market,Hospitality,Telangana,Business,Monthly,48100.0,577200.0,11.0,11.7,55,0.6606060606060606,0.2740740740740741,-0.1341463414634146,1.0,5.0,0.4,1.0,0.0229,0.0884,450216.0,51024.0,0.269,"[{""feature"": ""feature_adoption"", ""label"": ""Shallow product adoption"", ""impact_pp"": 1.0}, {""feature"": ""tenure_months"", ""label"": ""Still early in lifecycle"", ""impact_pp"": 0.7}, {""feature"": ""discount_pct"", ""label"": ""Price sensitive (deep discount)"", ""impact_pp"": 0.7}]",Shallow product adoption,2026-06-30
17998,SMB,IT Services,Kerala,Starter,Annual,2843.0,34116.0,3.0,47.3,11,0.8787878787878788,0.9166666666666666,0.1348314606741573,3.0,5.0,0.0,1.0,0.0,0.0,26610.0,0.0,0.2,[],No clear signal,2026-06-30
13325,SMB,Hospitality,Karnataka,Starter,Annual,1102.0,13224.0,1.0,6.6,4,0.0,0.1944444444444444,-0.5,20.0,2.5,0.0,2.0,0.0233,0.09,10315.0,1190.0,0.0,[],No clear signal,2026-06-30
44154,SMB,Education,Delhi,Growth,Monthly,7074.0,84888.0,5.0,3.1,13,0.9487179487179488,0.9642857142857144,1.56,0.0,4.0,0.0,1.0,0.0,0.0,66213.0,0.0,0.2,[],No clear signal,2026-06-30
4719,Enterprise,Logistics,Karnataka,Enterprise,Annual,148132.0,1777584.0,16.0,13.0,112,0.4017857142857143,0.2166666666666666,-0.4444444444444444,6.0,3.1666666666666665,1.0,1.0,0.0119,0.0469,1386516.0,83369.0,0.359,"[{""feature"": ""t90_tickets"", ""label"": ""Heavy support load"", ""impact_pp"": 0.6}]",Heavy support load,2026-06-30
18307,Mid-Market,Healthcare,Madhya Pradesh,Business,Monthly,53713.0,644556.0,7.0,16.5,59,0.8192090395480226,0.4518518518518518,0.0934579439252336,0.0,4.0,0.0,1.0,0.0027,0.0107,502754.0,6897.0,0.0,[],No clear signal,2026-06-30
46968,SMB,IT Services,Delhi,Growth,Annual,7671.0,92052.0,4.0,26.3,14,0.8571428571428571,0.9642857142857144,-0.1752577319587628,1.0,5.0,0.0,1.0,0.0,0.0,71801.0,0.0,0.2,[],No clear signal,2026-06-30
18901,Mid-Market,Manufacturing,Karnataka,Growth,Monthly,14528.0,174336.0,9.0,49.5,29,0.7701149425287356,0.8452380952380952,0.6875,1.0,4.0,0.2,1.0,0.0054,0.0213,135982.0,3713.0,1.0,[],No clear signal,2026-06-30
26042,SMB,Logistics,Karnataka,Starter,Annual,3299.0,39588.0,4.0,20.1,13,0.8205128205128205,0.9166666666666666,-0.1151515151515151,0.0,4.0,0.0,1.0,0.0006,0.0022,30879.0,87.0,0.2,[],No clear signal,2026-06-30
11277,Enterprise,Retail,Delhi,Enterprise,Annual,128326.0,1539912.0,30.98182362023768,45.5,103,0.9805825242718448,0.9277777777777776,0.30625,1.0,5.0,0.0,1.0,0.0,0.0,1201131.0,0.0,0.2,[],No clear signal,2026-06-30
16009,Mid-Market,IT Services,Maharashtra,Business,Annual,38951.0,467412.0,24.0,29.4,52,0.9423076923076924,0.9555555555555556,-0.1104972375690607,8.0,4.75,0.0,1.0,0.0002,0.0008,364581.0,374.0,0.0,[],No clear signal,2026-06-30
30843,SMB,Education,Uttar Pradesh,Growth,Annual,2077.0,24924.0,24.50436842220644,18.4,4,0.5,0.630952380952381,0.0588235294117647,11.0,3.8181818181818175,0.0,1.0,0.0115,0.0451,19441.0,1124.0,0.078,"[{""feature"": ""t90_tickets"", ""label"": ""Heavy support load"", ""impact_pp"": 0.8}]",Heavy support load,2026-06-30
18516,SMB,Retail,Rajasthan,Starter,Annual,1694.0,20328.0,11.0,4.4,7,0.2857142857142857,0.5277777777777778,0.1395348837209302,2.0,3.5,0.0,1.0,0.0027,0.0107,15856.0,218.0,1.0,[],No clear signal,2026-06-30
30111,Enterprise,Retail,Kerala,Enterprise,Annual,165877.0,1990524.0,9.0,9.8,116,0.8706896551724138,0.7944444444444444,0.0743801652892562,1.0,5.0,0.0,1.0,0.0006,0.0022,1552609.0,4379.0,0.2,[],No clear signal,2026-06-30
21189,SMB,Agritech,West Bengal,Starter,Annual,930.0,11160.0,16.788522215058613,22.1,4,0.75,0.9166666666666666,0.2823529411764706,8.0,4.375,0.0,1.0,0.01,0.0393,8705.0,439.0,0.23,"[{""feature"": ""t90_tickets"", ""label"": ""Heavy support load"", ""impact_pp"": 0.7}]",Heavy support load,2026-06-30
12375,Mid-Market,Logistics,Madhya Pradesh,Enterprise,Monthly,104352.0,1252224.0,9.0,30.6,71,0.6056338028169014,0.6277777777777778,0.5490196078431373,14.0,3.7857142857142856,0.0,1.0,0.038,0.1435,976735.0,179694.0,0.232,"[{""feature"": ""t90_tickets"", ""label"": ""Heavy support load"", ""impact_pp"": 2.1}, {""feature"": ""discount_pct"", ""label"": ""Price sensitive (deep discount)"", ""impact_pp"": 0.9}, {""feature"": ""seat_utilisation"", ""label"": ""Seats sitting unused"", ""impact_pp"": 0.5}]",Heavy support load,2026-06-30
23484,SMB,Healthcare,Madhya Pradesh,Growth,Monthly,7352.0,88224.0,8.0,12.3,14,0.7857142857142857,0.4047619047619047,0.6470588235294118,3.0,3.6666666666666665,0.0,1.0,0.0083,0.0329,68815.0,2903.0,0.3,[],No clear signal,2026-06-30
11478,Mid-Market,Logistics,Uttar Pradesh,Growth,Monthly,25893.0,310716.0,5.0,3.6,51,0.9673202614379084,0.6666666666666667,1.7962962962962965,2.0,3.0,0.0,1.0,0.0027,0.0107,242358.0,3325.0,0.0,[],No clear signal,2026-06-30
26568,Enterprise,Logistics,Tamil Nadu,Business,Annual,132582.0,1590984.0,11.0,32.3,161,0.937888198757764,0.9185185185185186,0.5925925925925926,8.0,4.125,0.0,1.0,0.0002,0.0008,1240968.0,1273.0,0.0,[],No clear signal,2026-06-30
44211,SMB,Real Estate,Gujarat,Growth,Monthly,4083.0,48996.0,1.0,19.9,7,0.5714285714285714,0.8333333333333333,-0.1075268817204301,0.0,4.0,0.0,1.0,0.0042,0.0165,38217.0,808.0,0.2,[],No clear signal,2026-06-30
33037,Mid-Market,Agritech,Gujarat,Growth,Annual,29056.0,348672.0,14.0,2.2,64,0.296875,0.3928571428571428,0.0,2.0,3.0,1.0,1.0,0.0057,0.0224,271964.0,7810.0,0.667,[],No clear signal,2026-06-30
46059,SMB,Hospitality,Maharashtra,Growth,Annual,2219.0,26628.0,8.0,13.1,4,0.75,0.3333333333333333,0.4603174603174603,3.0,3.6666666666666665,0.0,1.0,0.002,0.0079,20770.0,210.0,0.0,[],No clear signal,2026-06-30
9313,SMB,Hospitality,Delhi,Growth,Annual,1075.0,12900.0,13.0,8.9,2,0.5,0.369047619047619,0.0149253731343283,2.0,4.5,0.0,1.0,0.0042,0.0165,10062.0,213.0,0.595,[],No clear signal,2026-06-30
4562,SMB,IT Services,Tamil Nadu,Starter,Annual,2814.0,33768.0,4.0,10.4,11,0.7272727272727273,0.25,-0.2266666666666666,0.0,4.0,0.0,1.0,0.002,0.0079,26339.0,267.0,0.0,[],No clear signal,2026-06-30
20595,SMB,Retail,Madhya Pradesh,Starter,Monthly,2141.0,25692.0,1.0,24.3,8,0.6666666666666666,0.611111111111111,0.1311475409836065,0.0,4.0,0.2,1.0,0.0046,0.0184,20040.0,473.0,0.0,[],No clear signal,2026-06-30
15741,SMB,Education,Karnataka,Starter,Monthly,2372.0,28464.0,2.0,3.2,9,0.4444444444444444,0.4166666666666667,1.7272727272727273,3.0,4.0,0.25,1.0,0.0421,0.1579,22202.0,4494.0,0.0,"[{""feature"": ""seat_utilisation"", ""label"": ""Seats sitting unused"", ""impact_pp"": 2.1}, {""feature"": ""feature_adoption"", ""label"": ""Shallow product adoption"", ""impact_pp"": 0.9}, {""feature"": ""tenure_months"", ""label"": ""Still early in lifecycle"", ""impact_pp"": 0.9}]",Seats sitting unused,2026-06-30
35118,SMB,Healthcare,Haryana,Starter,Annual,1990.0,23880.0,8.0,32.1,8,0.3333333333333333,0.4444444444444444,0.4,4.0,3.5,0.0,1.0,0.0076,0.0301,18626.0,719.0,0.0,[],No clear signal,2026-06-30
37116,Enterprise,Real Estate,Telangana,Enterprise,Monthly,231219.0,2774628.0,9.0,16.1,165,0.9313131313131312,0.9444444444444444,-0.2039473684210526,2.0,3.5,0.0,1.0,0.002,0.0079,2164210.0,21920.0,0.2,[],No clear signal,2026-06-30
15186,SMB,Agritech,West Bengal,Growth,Monthly,1719.0,20628.0,6.0,9.2,3,1.0,0.6547619047619048,-0.0333333333333333,1.0,2.0,0.2,1.0,0.0011,0.0044,16090.0,91.0,0.2,[],No clear signal,2026-06-30
32302,Enterprise,Logistics,Gujarat,Enterprise,Monthly,187657.0,2251884.0,12.0,23.6,137,0.2822384428223844,0.2555555555555556,-0.2619047619047619,4.0,4.0,0.2,1.0,0.0196,0.0762,1756470.0,171594.0,0.325,"[{""feature"": ""discount_pct"", ""label"": ""Price sensitive (deep discount)"", ""impact_pp"": 0.6}, {""feature"": ""t90_tickets"", ""label"": ""Heavy support load"", ""impact_pp"": 0.4}, {""feature"": ""t90_avg_resolution_h"", ""label"": ""Slow ticket resolution"", ""impact_pp"": 0.4}]",Price sensitive (deep discount),2026-06-30
26521,SMB,Logistics,Kerala,Starter,Annual,957.0,11484.0,14.0,20.7,4,0.75,0.4166666666666667,-0.09009009009009,1.0,4.0,0.0,1.0,0.0011,0.0044,8958.0,51.0,0.0,[],No clear signal,2026-06-30
40595,Mid-Market,Agritech,West Bengal,Growth,Annual,17834.0,214008.0,9.0,7.5,36,0.7314814814814814,0.6547619047619048,-0.2150537634408602,1.0,4.0,0.0,1.0,0.0008,0.003,166926.0,642.0,0.5,[],No clear signal,2026-06-30
27087,SMB,Hospitality,Delhi,Starter,Monthly,2569.0,30828.0,4.0,5.9,10,0.6,0.1944444444444444,1.5333333333333334,2.0,3.5,0.6,1.0,0.0331,0.1261,24046.0,3887.0,0.0,"[{""feature"": ""feature_adoption"", ""label"": ""Shallow product adoption"", ""impact_pp"": 1.0}, {""feature"": ""tenure_months"", ""label"": ""Still early in lifecycle"", ""impact_pp"": 1.0}]",Shallow product adoption,2026-06-30
41289,SMB,Healthcare,Rajasthan,Starter,Monthly,2355.0,28260.0,12.0,14.5,10,0.5666666666666667,0.4722222222222222,0.0679611650485436,3.0,4.666666666666667,0.0,1.0,0.0046,0.0184,22043.0,520.0,0.5,[],No clear signal,2026-06-30
41124,SMB,Real Estate,Karnataka,Business,Annual,4802.0,57624.0,12.674842661645496,21.9,5,0.8,0.9259259259259258,0.0166666666666666,1.0,2.0,0.0,1.0,0.0005,0.0022,44947.0,127.0,0.39,[],No clear signal,2026-06-30
33400,Mid-Market,Retail,Maharashtra,Business,Annual,20297.0,243564.0,24.224249497914386,15.4,25,0.72,0.6074074074074074,-0.0423728813559322,1.0,4.0,0.0,1.0,0.0027,0.0107,189980.0,2606.0,0.642,[],No clear signal,2026-06-30
28689,SMB,IT Services,Karnataka,Business,Monthly,2167.0,26004.0,5.0,8.3,2,0.5,0.3259259259259259,0.2602739726027397,1.0,4.0,0.4,1.0,0.0178,0.0693,20283.0,1802.0,0.144,"[{""feature"": ""feature_adoption"", ""label"": ""Shallow product adoption"", ""impact_pp"": 0.7}]",Shallow product adoption,2026-06-30
14690,Enterprise,Agritech,Maharashtra,Enterprise,Annual,275218.0,3302616.0,7.0,26.1,194,0.2783505154639175,0.1166666666666666,-0.2857142857142857,8.0,2.875,1.0,1.0,0.0067,0.0267,2576040.0,88180.0,0.0,[],No clear signal,2026-06-30
35136,SMB,Real Estate,Karnataka,Starter,Annual,819.0,9828.0,3.0,27.1,3,1.0,0.9166666666666666,0.0164835164835164,2.0,4.5,0.0,1.0,0.0,0.0,7666.0,0.0,0.2,[],No clear signal,2026-06-30
48989,SMB,Healthcare,Rajasthan,Starter,Annual,2210.0,26520.0,23.832459310640346,14.2,11,0.9393939393939394,0.9166666666666666,-0.0685714285714285,1.0,4.0,0.0,1.0,0.0004,0.0014,20686.0,37.0,0.2,[],No clear signal,2026-06-30
45066,SMB,Logistics,Maharashtra,Starter,Annual,1846.0,22152.0,3.0,12.6,7,0.6666666666666667,0.7777777777777778,0.1282051282051282,12.0,4.166666666666667,0.0,1.0,0.0162,0.0632,17279.0,1400.0,0.0,"[{""feature"": ""t90_tickets"", ""label"": ""Heavy support load"", ""impact_pp"": 1.0}]",Heavy support load,2026-06-30
6937,SMB,Retail,Delhi,Starter,Monthly,2348.0,28176.0,3.0,18.1,9,0.925925925925926,0.9166666666666666,-0.0518134715025906,0.0,4.0,0.0,1.0,0.0,0.0,21977.0,0.0,0.2,[],No clear signal,2026-06-30
43882,SMB,Logistics,Uttar Pradesh,Starter,Annual,1351.0,16212.0,2.0,31.3,5,0.8666666666666666,0.25,-0.0439560439560439,3.0,3.333333333333333,0.0,1.0,0.0011,0.0044,12645.0,71.0,0.2,[],No clear signal,2026-06-30
9112,Mid-Market,IT Services,Maharashtra,Growth,Monthly,34660.0,415920.0,7.0,20.2,71,0.8732394366197183,0.8452380952380952,0.3511450381679389,3.0,4.333333333333333,0.2,1.0,0.0005,0.0022,324418.0,915.0,0.2,[],No clear signal,2026-06-30
35411,SMB,Manufacturing,Rajasthan,Starter,Annual,759.0,9108.0,10.0,17.1,3,0.3333333333333333,0.6944444444444445,0.05,7.0,4.142857142857143,0.0,1.0,0.0053,0.0209,7104.0,190.0,0.333,[],No clear signal,2026-06-30
15791,SMB,Logistics,Delhi,Starter,Monthly,819.0,9828.0,3.0,22.2,3,0.3333333333333333,0.5833333333333334,-0.0444444444444444,2.0,3.0,0.2,1.0,0.0233,0.09,7666.0,885.0,0.0,[],No clear signal,2026-06-30
45509,Enterprise,Real Estate,Gujarat,Enterprise,Annual,212514.0,2550168.0,20.658427195144213,1.1,174,0.5172413793103449,0.5083333333333333,0.0,1.0,3.0,1.0,1.0,0.0021,0.0086,1989131.0,21931.0,0.429,[],No clear signal,2026-06-30
38095,SMB,Education,Gujarat,Growth,Monthly,3381.0,40572.0,5.0,16.0,6,0.9444444444444444,0.9404761904761904,-0.0574162679425837,2.0,4.5,0.0,1.0,0.0,0.0,31646.0,0.0,0.2,[],No clear signal,2026-06-30
9636,Mid-Market,Logistics,Gujarat,Growth,Monthly,13035.0,156420.0,6.0,24.8,25,0.6933333333333332,0.4404761904761905,-0.1463414634146341,5.0,3.4,0.2,1.0,0.0134,0.0527,122008.0,8243.0,0.2,[],No clear signal,2026-06-30
39375,Mid-Market,Retail,Telangana,Growth,Monthly,24219.0,290628.0,4.0,8.3,47,0.7872340425531915,0.5952380952380952,-0.0285714285714285,1.0,3.0,0.2,1.0,0.0212,0.0822,226690.0,23890.0,0.0,"[{""feature"": ""tenure_months"", ""label"": ""Still early in lifecycle"", ""impact_pp"": 0.8}, {""feature"": ""feature_adoption"", ""label"": ""Shallow product adoption"", ""impact_pp"": 0.5}]",Still early in lifecycle,2026-06-30
44611,SMB,Real Estate,Madhya Pradesh,Starter,Monthly,1846.0,22152.0,3.0,10.8,7,0.7619047619047619,0.6666666666666666,-0.0634920634920634,0.0,4.0,0.0,1.0,0.0057,0.0224,17279.0,496.0,0.0,[],No clear signal,2026-06-30
41209,Mid-Market,Logistics,Maharashtra,Business,Annual,20634.0,247608.0,9.0,19.1,22,0.7575757575757577,0.8592592592592592,0.0493827160493827,13.0,4.076923076923077,0.0,1.0,0.0027,0.0107,193134.0,2649.0,0.0,[],No clear signal,2026-06-30
13618,SMB,IT Services,Uttar Pradesh,Growth,Monthly,1123.0,13476.0,18.62764638502177,34.9,2,0.5,0.6547619047619048,0.1568627450980392,1.0,4.0,0.0,1.0,0.0154,0.0603,10511.0,813.0,0.779,"[{""feature"": ""discount_pct"", ""label"": ""Price sensitive (deep discount)"", ""impact_pp"": 1.1}]",Price sensitive (deep discount),2026-06-30
44058,SMB,Hospitality,Uttar Pradesh,Starter,Annual,3184.0,38208.0,0.0,28.8,12,0.5277777777777778,0.4722222222222222,0.5454545454545454,1.0,3.0,0.0,1.0,0.0027,0.0107,29802.0,409.0,0.0,[],No clear signal,2026-06-30
20797,SMB,Agritech,Karnataka,Starter,Annual,1610.0,19320.0,2.0,13.2,6,0.6666666666666666,0.4166666666666667,-0.3,2.0,4.0,1.0,1.0,0.0053,0.0211,15070.0,408.0,0.21,[],No clear signal,2026-06-30
24298,Mid-Market,IT Services,Tamil Nadu,Business,Monthly,47487.0,569844.0,9.0,14.3,53,0.4339622641509434,0.4,0.5405405405405406,2.0,4.0,0.0,1.0,0.0181,0.0705,444478.0,40174.0,0.287,"[{""feature"": ""feature_adoption"", ""label"": ""Shallow product adoption"", ""impact_pp"": 0.6}, {""feature"": ""discount_pct"", ""label"": ""Price sensitive (deep discount)"", ""impact_pp"": 0.4}]",Shallow product adoption,2026-06-30
27387,Mid-Market,Agritech,Telangana,Enterprise,Annual,74899.0,898788.0,9.0,31.6,50,0.8,0.8944444444444444,0.3611111111111111,1.0,5.0,0.0,1.0,0.0006,0.0022,701055.0,1977.0,0.2,[],No clear signal,2026-06-30
24199,Mid-Market,IT Services,Tamil Nadu,Business,Monthly,17951.0,215412.0,9.0,36.8,19,0.8947368421052632,0.9555555555555556,0.0426829268292682,1.0,5.0,0.4,1.0,0.0011,0.0044,168021.0,948.0,0.2,[],No clear signal,2026-06-30
41704,SMB,Healthcare,Gujarat,Growth,Monthly,1223.0,14676.0,1.0,25.8,2,0.6666666666666666,0.8928571428571429,0.145985401459854,2.0,4.5,0.2,1.0,0.0057,0.0224,11447.0,329.0,0.2,[],No clear signal,2026-06-30
36995,Enterprise,Education,Tamil Nadu,Enterprise,Monthly,214142.0,2569704.0,14.798913106890309,18.4,174,0.900383141762452,0.9222222222222224,0.0111111111111111,0.0,4.0,0.0,1.0,0.0002,0.0008,2004369.0,2056.0,1.0,[],No clear signal,2026-06-30
40809,Enterprise,Education,West Bengal,Enterprise,Annual,292542.0,3510504.0,7.0,8.5,207,0.1368760064412238,0.0444444444444444,-0.1333333333333333,17.0,3.0588235294117645,0.0,1.0,0.0134,0.0527,2738193.0,185004.0,0.0,[],No clear signal,2026-06-30
30867,SMB,Retail,Haryana,Starter,Monthly,1713.0,20556.0,10.0,12.4,7,0.7619047619047619,0.9166666666666666,-0.0975609756097561,3.0,4.666666666666667,0.0,1.0,0.0027,0.0107,16034.0,220.0,0.2,[],No clear signal,2026-06-30
42536,SMB,Healthcare,Maharashtra,Starter,Annual,2227.0,26724.0,8.0,31.0,9,0.8148148148148148,0.8055555555555555,0.144,13.0,4.153846153846154,0.0,1.0,0.0027,0.0107,20845.0,286.0,0.0,[],No clear signal,2026-06-30
895,SMB,Logistics,Karnataka,Starter,Monthly,1946.0,23352.0,10.0,14.6,8,0.5,0.4444444444444444,0.1219512195121951,4.0,4.25,0.0,1.0,0.0415,0.1561,18215.0,3645.0,0.533,"[{""feature"": ""discount_pct"", ""label"": ""Price sensitive (deep discount)"", ""impact_pp"": 1.9}, {""feature"": ""feature_adoption"", ""label"": ""Shallow product adoption"", ""impact_pp"": 0.6}, {""feature"": ""t90_tickets"", ""label"": ""Heavy support load"", ""impact_pp"": 0.6}]",Price sensitive (deep discount),2026-06-30
17710,SMB,Agritech,Tamil Nadu,Growth,Annual,7074.0,84888.0,5.0,4.5,13,0.7948717948717949,0.7857142857142857,1.0769230769230769,2.0,4.5,0.0,1.0,0.0006,0.0022,66213.0,187.0,0.2,[],No clear signal,2026-06-30
7407,Enterprise,Manufacturing,Telangana,Enterprise,Annual,89408.0,1072896.0,10.0,7.0,61,0.7377049180327869,0.4944444444444444,0.0,4.0,4.0,0.0,1.0,0.0027,0.0107,836859.0,11480.0,0.2,[],No clear signal,2026-06-30
575,Mid-Market,Real Estate,Haryana,Business,Monthly,40616.0,487392.0,11.0,15.6,46,0.572463768115942,0.7481481481481481,-0.2032520325203252,2.0,4.0,0.2,1.0,0.0218,0.0843,380166.0,41087.0,0.52,"[{""feature"": ""discount_pct"", ""label"": ""Price sensitive (deep discount)"", ""impact_pp"": 1.3}, {""feature"": ""t90_avg_resolution_h"", ""label"": ""Slow ticket resolution"", ""impact_pp"": 0.5}]",Price sensitive (deep discount),2026-06-30
2754,SMB,Agritech,Gujarat,Growth,Monthly,1558.0,18696.0,13.984880765714353,20.0,3,1.0,0.9285714285714286,0.0855614973262032,0.0,4.0,0.0,1.0,0.0005,0.0022,14583.0,41.0,1.0,[],No clear signal,2026-06-30
43162,SMB,Agritech,Kerala,Starter,Monthly,995.0,11940.0,24.45798365494598,19.8,4,0.75,0.611111111111111,-0.2954545454545454,7.0,3.4285714285714284,0.0,1.0,0.0439,0.1644,9313.0,1963.0,0.938,"[{""feature"": ""discount_pct"", ""label"": ""Price sensitive (deep discount)"", ""impact_pp"": 2.9}]",Price sensitive (deep discount),2026-06-30
34721,Mid-Market,Healthcare,Uttar Pradesh,Growth,Monthly,21805.0,261660.0,20.0,44.3,51,0.8104575163398693,0.9166666666666669,0.582089552238806,0.0,4.0,0.0,1.0,0.001,0.0042,204095.0,1099.0,1.0,[],No clear signal,2026-06-30
15193,Mid-Market,Real Estate,Gujarat,Growth,Monthly,23000.0,276000.0,5.0,15.9,45,0.4666666666666667,0.2023809523809523,0.0,2.0,4.5,0.4,1.0,0.0372,0.1407,215280.0,38833.0,0.0,"[{""feature"": ""tenure_months"", ""label"": ""Still early in lifecycle"", ""impact_pp"": 0.9}, {""feature"": ""feature_adoption"", ""label"": ""Shallow product adoption"", ""impact_pp"": 0.8}]",Still early in lifecycle,2026-06-30
31626,Mid-Market,Logistics,Haryana,Business,Monthly,40692.0,488304.0,7.0,0.7,44,0.7272727272727273,0.3777777777777777,0.0,5.0,4.0,0.0,1.0,0.0119,0.0469,380877.0,22901.0,0.0,"[{""feature"": ""t90_tickets"", ""label"": ""Heavy support load"", ""impact_pp"": 0.6}, {""feature"": ""tenure_months"", ""label"": ""Still early in lifecycle"", ""impact_pp"": 0.6}]",Heavy support load,2026-06-30
27133,SMB,Education,Gujarat,Growth,Monthly,6792.0,81504.0,15.0,28.8,14,0.8333333333333333,0.6785714285714286,-0.0764331210191082,2.0,4.0,0.2,1.0,0.0042,0.0165,63573.0,1345.0,0.595,[],No clear signal,2026-06-30
37424,Mid-Market,Retail,Gujarat,Enterprise,Monthly,116696.0,1400352.0,8.0,20.8,79,0.5949367088607594,0.4388888888888889,0.4651162790697674,3.0,3.333333333333333,0.2,1.0,0.0186,0.0722,1092275.0,101105.0,0.115,"[{""feature"": ""feature_adoption"", ""label"": ""Shallow product adoption"", ""impact_pp"": 1.0}]",Shallow product adoption,2026-06-30
5513,Mid-Market,Real Estate,Maharashtra,Enterprise,Monthly,56636.0,679632.0,15.0,21.6,40,0.8833333333333334,0.888888888888889,-0.027027027027027,1.0,4.0,0.0,1.0,0.0011,0.0044,530113.0,2990.0,1.0,[],No clear signal,2026-06-30
47675,Mid-Market,Healthcare,Kerala,Business,Annual,37264.0,447168.0,11.0,11.2,42,0.8571428571428571,0.6,1.0784313725490196,2.0,4.0,0.0,1.0,0.0011,0.0044,348791.0,1968.0,0.0,[],No clear signal,2026-06-30
18009,Enterprise,Real Estate,Telangana,Business,Annual,62995.0,755940.0,21.0,7.6,83,0.6987951807228916,0.9037037037037036,0.123076923076923,2.0,3.0,0.0,1.0,0.0011,0.0044,589633.0,3326.0,0.5,[],No clear signal,2026-06-30
1048,Mid-Market,Financial Services,Tamil Nadu,Growth,Monthly,22042.0,264504.0,7.0,40.8,44,0.8636363636363636,0.9642857142857144,0.1387283236994219,1.0,5.0,0.2,1.0,0.0005,0.0022,206313.0,582.0,0.2,[],No clear signal,2026-06-30
8895,Enterprise,Education,Maharashtra,Enterprise,Annual,215599.0,2587188.0,10.0,25.2,155,0.9333333333333332,0.7166666666666667,0.375,0.0,4.0,0.0,1.0,0.0,0.0,2018007.0,0.0,0.2,[],No clear signal,2026-06-30
12176,Mid-Market,Agritech,Madhya Pradesh,Business,Monthly,35863.0,430356.0,23.0,29.4,47,0.9361702127659576,0.9259259259259258,0.046875,2.0,4.5,0.0,1.0,0.0,0.0,335678.0,0.0,0.2,[],No clear signal,2026-06-30
36602,Enterprise,IT Services,Haryana,Enterprise,Annual,178765.0,2145180.0,15.0,11.7,135,0.5185185185185185,0.7666666666666667,-0.086021505376344,5.0,3.8,0.0,1.0,0.0031,0.0122,1673240.0,26171.0,0.309,[],No clear signal,2026-06-30
29526,SMB,Healthcare,Rajasthan,Starter,Annual,1691.0,20292.0,13.970032580919955,20.5,7,0.5714285714285714,0.2777777777777778,0.0,14.0,3.571428571428572,0.0,1.0,0.0464,0.1731,15828.0,3513.0,0.254,"[{""feature"": ""t90_tickets"", ""label"": ""Heavy support load"", ""impact_pp"": 2.4}, {""feature"": ""discount_pct"", ""label"": ""Price sensitive (deep discount)"", ""impact_pp"": 2.1}, {""feature"": ""t90_high_sev"", ""label"": ""Serious unresolved issues"", ""impact_pp"": 1.5}]",Heavy support load,2026-06-30
21146,SMB,Real Estate,Karnataka,Starter,Annual,835.0,10020.0,1.0,19.6,3,0.8888888888888888,0.9166666666666666,-0.0357142857142857,2.0,4.5,0.0,1.0,0.001,0.0042,7816.0,42.0,0.2,[],No clear signal,2026-06-30
44692,Mid-Market,Healthcare,Uttar Pradesh,Business,Monthly,54366.0,652392.0,28.538881608290204,13.3,74,0.8108108108108109,0.4962962962962963,-0.0390625,2.0,4.0,0.2,1.0,0.0115,0.0451,508866.0,29423.0,0.62,"[{""feature"": ""discount_pct"", ""label"": ""Price sensitive (deep discount)"", ""impact_pp"": 0.9}, {""feature"": ""feature_adoption"", ""label"": ""Shallow product adoption"", ""impact_pp"": 0.6}]",Price sensitive (deep discount),2026-06-30
9866,SMB,Real Estate,Tamil Nadu,Starter,Monthly,3231.0,38772.0,6.0,26.2,13,0.5897435897435898,0.4444444444444444,-0.1818181818181818,2.0,4.0,0.0,1.0,0.0159,0.0622,30242.0,2412.0,0.017,"[{""feature"": ""feature_adoption"", ""label"": ""Shallow product adoption"", ""impact_pp"": 0.6}]",Shallow product adoption,2026-06-30
5411,Mid-Market,Financial Services,Rajasthan,Business,Monthly,66539.0,798468.0,7.0,21.1,74,0.9324324324324323,0.9555555555555556,0.0809248554913294,0.0,4.0,0.0,1.0,0.0004,0.0014,622805.0,1118.0,0.2,[],No clear signal,2026-06-30
7486,SMB,Retail,Delhi,Starter,Annual,2163.0,25956.0,15.840974134353235,26.5,9,0.5185185185185186,0.6666666666666666,-0.12,5.0,3.8,1.0,1.0,0.012,0.0472,20246.0,1225.0,0.73,"[{""feature"": ""discount_pct"", ""label"": ""Price sensitive (deep discount)"", ""impact_pp"": 0.9}]",Price sensitive (deep discount),2026-06-30
24976,SMB,Hospitality,Gujarat,Starter,Annual,1283.0,15396.0,7.0,8.3,5,0.2,0.4166666666666667,-0.1764705882352941,4.0,3.5,0.0,1.0,0.0027,0.0107,12009.0,165.0,0.2,[],No clear signal,2026-06-30
47208,SMB,Manufacturing,Tamil Nadu,Starter,Monthly,1046.0,12552.0,6.0,15.2,4,0.5,0.6666666666666666,0.86,4.0,3.0,0.2,1.0,0.0175,0.0682,9791.0,856.0,0.148,[],No clear signal,2026-06-30
21287,SMB,Agritech,West Bengal,Growth,Monthly,2219.0,26628.0,8.0,8.0,4,0.5,0.880952380952381,0.2162162162162162,1.0,4.0,0.2,1.0,0.0168,0.0654,20770.0,1741.0,0.238,"[{""feature"": ""tenure_months"", ""label"": ""Still early in lifecycle"", ""impact_pp"": 0.5}]",Still early in lifecycle,2026-06-30
25380,SMB,Financial Services,Delhi,Growth,Monthly,1028.0,12336.0,14.278482670899551,7.3,2,0.5,0.8214285714285714,0.0235294117647058,1.0,2.0,0.4,1.0,0.0262,0.1007,9622.0,1242.0,0.596,"[{""feature"": ""discount_pct"", ""label"": ""Price sensitive (deep discount)"", ""impact_pp"": 0.9}, {""feature"": ""tenure_months"", ""label"": ""Still early in lifecycle"", ""impact_pp"": 0.6}]",Price sensitive (deep discount),2026-06-30
34001,SMB,Real Estate,Maharashtra,Starter,Monthly,3430.0,41160.0,7.0,17.2,14,0.7142857142857143,0.4166666666666667,-0.1311475409836065,4.0,4.0,0.2,1.0,0.0401,0.1509,32105.0,6211.0,0.146,"[{""feature"": ""feature_adoption"", ""label"": ""Shallow product adoption"", ""impact_pp"": 1.6}, {""feature"": ""t90_tickets"", ""label"": ""Heavy support load"", ""impact_pp"": 1.4}, {""feature"": ""discount_pct"", ""label"": ""Price sensitive (deep discount)"", ""impact_pp"": 0.7}]",Shallow product adoption,2026-06-30
47922,SMB,Financial Services,Uttar Pradesh,Starter,Monthly,1324.0,15888.0,4.0,9.6,5,1.0,0.9166666666666666,0.1578947368421052,2.0,4.0,0.0,1.0,0.0027,0.0107,12393.0,170.0,0.2,[],No clear signal,2026-06-30
3840,SMB,Logistics,West Bengal,Starter,Monthly,1296.0,15552.0,6.0,12.9,5,0.9333333333333332,0.9166666666666666,0.186335403726708,1.0,3.0,0.0,1.0,0.0,0.0,12131.0,0.0,0.2,[],No clear signal,2026-06-30
259,Enterprise,Healthcare,Maharashtra,Enterprise,Annual,262063.0,3144756.0,17.696971799938364,17.3,215,0.8790697674418605,0.9111111111111112,0.1569767441860465,2.0,4.5,0.0,1.0,0.0,0.0,2452910.0,0.0,0.2,[],No clear signal,2026-06-30
22139,SMB,Logistics,Rajasthan,Starter,Monthly,1560.0,18720.0,14.018143687069951,33.5,7,0.3809523809523809,0.3888888888888889,0.1929824561403508,0.0,4.0,0.6,1.0,0.0331,0.1261,14602.0,2361.0,0.521,"[{""feature"": ""discount_pct"", ""label"": ""Price sensitive (deep discount)"", ""impact_pp"": 1.0}, {""feature"": ""feature_adoption"", ""label"": ""Shallow product adoption"", ""impact_pp"": 0.7}]",Price sensitive (deep discount),2026-06-30
45702,SMB,Hospitality,Delhi,Starter,Monthly,1770.0,21240.0,7.0,35.3,7,0.4285714285714285,0.4166666666666667,-0.1666666666666666,3.0,4.333333333333333,0.2,1.0,0.0426,0.1597,16567.0,3392.0,0.073,"[{""feature"": ""seat_utilisation"", ""label"": ""Seats sitting unused"", ""impact_pp"": 1.9}, {""feature"": ""feature_adoption"", ""label"": ""Shallow product adoption"", ""impact_pp"": 1.5}, {""feature"": ""t90_tickets"", ""label"": ""Heavy support load"", ""impact_pp"": 1.4}]",Seats sitting unused,2026-06-30
22593,SMB,Manufacturing,Karnataka,Starter,Annual,1865.0,22380.0,2.0,8.3,7,0.0,0.0833333333333333,0.0,19.0,2.5789473684210527,0.0,1.0,0.0182,0.0708,17456.0,1585.0,0.0,[],No clear signal,2026-06-30
9229,Mid-Market,Healthcare,Madhya Pradesh,Business,Monthly,59923.0,719076.0,8.0,18.9,67,0.7313432835820896,0.7481481481481481,0.175,2.0,3.0,1.0,1.0,0.0105,0.0412,560879.0,29626.0,0.5,[],No clear signal,2026-06-30
16963,Mid-Market,Healthcare,West Bengal,Business,Annual,26974.0,323688.0,16.694130253612826,8.4,32,0.59375,0.8222222222222222,-0.4782608695652174,15.0,4.0,0.0,1.0,0.01,0.0393,252477.0,12721.0,0.102,"[{""feature"": ""t90_tickets"", ""label"": ""Heavy support load"", ""impact_pp"": 0.7}, {""feature"": ""login_trend_pct"", ""label"": ""Usage trending down"", ""impact_pp"": 0.7}, {""feature"": ""t90_high_sev"", ""label"": ""Serious unresolved issues"", ""impact_pp"": 0.5}]",Heavy support load,2026-06-30
3669,SMB,Agritech,Karnataka,Growth,Annual,4182.0,50184.0,23.06388171240773,37.9,9,0.5925925925925926,0.4523809523809524,-0.1739130434782608,3.0,2.6666666666666665,0.0,1.0,0.0221,0.0855,39144.0,4291.0,0.737,"[{""feature"": ""discount_pct"", ""label"": ""Price sensitive (deep discount)"", ""impact_pp"": 1.5}]",Price sensitive (deep discount),2026-06-30
25858,SMB,IT Services,Uttar Pradesh,Starter,Annual,3265.0,39180.0,5.0,5.5,13,0.282051282051282,0.3055555555555555,-0.4571428571428571,6.0,3.333333333333333,0.0,1.0,0.0027,0.0107,30560.0,419.0,0.2,[],No clear signal,2026-06-30
47522,SMB,Manufacturing,Haryana,Starter,Annual,1827.0,21924.0,4.0,12.9,7,0.4285714285714285,0.2777777777777778,-0.0416666666666666,4.0,3.25,1.0,1.0,0.0057,0.0224,17101.0,491.0,0.0,[],No clear signal,2026-06-30
38848,Enterprise,Education,Karnataka,Enterprise,Annual,142364.0,1708368.0,11.0,36.2,101,0.8745874587458745,0.6666666666666666,0.1483516483516483,1.0,5.0,0.0,1.0,0.0,0.0,1332527.0,0.0,0.2,[],No clear signal,2026-06-30
17974,SMB,Hospitality,Haryana,Starter,Monthly,3368.0,40416.0,2.0,33.9,13,0.6153846153846154,0.75,-0.2666666666666666,1.0,2.0,0.0,1.0,0.0139,0.0544,31524.0,2199.0,0.0,"[{""feature"": ""t90_avg_csat"", ""label"": ""Unhappy with support"", ""impact_pp"": 0.5}]",Unhappy with support,2026-06-30
10304,SMB,Education,Madhya Pradesh,Starter,Annual,2956.0,35472.0,14.0,8.4,13,0.8974358974358974,0.9166666666666666,0.026595744680851,0.0,4.0,0.0,1.0,0.0,0.0,27668.0,0.0,0.2,[],No clear signal,2026-06-30
9050,SMB,IT Services,Maharashtra,Starter,Monthly,2603.0,31236.0,23.05363414900637,5.9,13,0.7948717948717949,0.9166666666666666,-0.0408163265306122,2.0,4.0,0.0,1.0,0.0012,0.005,24364.0,156.0,1.0,[],No clear signal,2026-06-30
1983,Enterprise,Financial Services,West Bengal,Business,Annual,59958.0,719496.0,14.0,21.3,72,0.8194444444444444,0.7703703703703704,0.0523255813953488,1.0,3.0,0.0,1.0,0.0,0.0,561207.0,0.0,0.2,[],No clear signal,2026-06-30
47863,SMB,Manufacturing,Gujarat,Starter,Monthly,1884.0,22608.0,1.0,20.6,7,0.4761904761904762,0.4444444444444444,0.2666666666666666,2.0,2.5,0.0,1.0,0.0134,0.0527,17634.0,1191.0,0.0,"[{""feature"": ""feature_adoption"", ""label"": ""Shallow product adoption"", ""impact_pp"": 0.5}, {""feature"": ""t90_avg_csat"", ""label"": ""Unhappy with support"", ""impact_pp"": 0.5}]",Shallow product adoption,2026-06-30
25696,SMB,Retail,Tamil Nadu,Starter,Monthly,2106.0,25272.0,13.0,3.1,9,0.8148148148148148,0.9166666666666666,2.032258064516129,1.0,4.0,0.0,1.0,0.0005,0.0022,19712.0,56.0,0.2,[],No clear signal,2026-06-30
6487,SMB,Healthcare,Karnataka,Starter,Monthly,1884.0,22608.0,1.0,42.4,7,0.619047619047619,0.6666666666666666,0.1320754716981132,2.0,4.0,0.2,1.0,0.0027,0.0107,17634.0,242.0,0.2,[],No clear signal,2026-06-30
30263,SMB,Agritech,West Bengal,Starter,Annual,530.0,6360.0,7.0,11.6,2,1.0,0.8888888888888888,0.0098522167487684,0.0,4.0,0.0,1.0,0.0,0.0,4961.0,0.0,0.2,[],No clear signal,2026-06-30
16131,Enterprise,Logistics,Tamil Nadu,Business,Monthly,78371.0,940452.0,7.0,15.0,88,0.8143939393939394,0.837037037037037,0.4166666666666667,2.0,4.5,0.0,1.0,0.0018,0.0072,733553.0,6771.0,0.2,[],No clear signal,2026-06-30
34863,SMB,Education,Karnataka,Business,Monthly,4965.0,59580.0,10.0,24.0,5,0.8,0.8074074074074075,0.2558139534883721,4.0,4.75,0.0,1.0,0.0042,0.0166,46472.0,989.0,0.2,[],No clear signal,2026-06-30
19073,SMB,Hospitality,Kerala,Business,Monthly,12101.0,145212.0,5.0,0.9,12,1.0,0.8888888888888888,0.0,1.0,5.0,0.0,1.0,0.0016,0.0065,113265.0,944.0,0.0,[],No clear signal,2026-06-30
39486,SMB,Hospitality,Tamil Nadu,Starter,Monthly,1111.0,13332.0,24.814130142142403,7.7,5,0.8,0.8055555555555555,-0.2894736842105263,0.0,4.0,0.4,1.0,0.0411,0.1547,10399.0,2062.0,0.883,"[{""feature"": ""discount_pct"", ""label"": ""Price sensitive (deep discount)"", ""impact_pp"": 3.4}, {""feature"": ""tenure_months"", ""label"": ""Still early in lifecycle"", ""impact_pp"": 0.5}]",Price sensitive (deep discount),2026-06-30
39135,Mid-Market,Healthcare,Tamil Nadu,Business,Annual,15178.0,182136.0,19.0,2.0,18,0.7407407407407408,0.8962962962962964,0.0,3.0,4.666666666666667,0.0,1.0,0.0011,0.0044,142066.0,801.0,0.2,[],No clear signal,2026-06-30
33729,Mid-Market,IT Services,Karnataka,Business,Monthly,15579.0,186948.0,7.0,5.5,16,0.7083333333333334,0.5407407407407407,-0.2761904761904762,2.0,3.0,0.0,1.0,0.0088,0.0347,145819.0,6487.0,0.303,[],No clear signal,2026-06-30
23,SMB,Healthcare,Haryana,Growth,Monthly,5683.0,68196.0,2.0,30.5,10,0.8666666666666666,0.8571428571428571,-0.0093457943925233,6.0,4.333333333333333,0.0,1.0,0.0061,0.0242,53193.0,1650.0,0.0,[],No clear signal,2026-06-30
29124,Enterprise,Manufacturing,Madhya Pradesh,Enterprise,Annual,178824.0,2145888.0,42.76409630462378,45.5,180,0.5148148148148148,0.4055555555555555,-0.4897959183673469,1.0,3.0,0.0,1.0,0.0201,0.078,1673793.0,167379.0,0.829,"[{""feature"": ""discount_pct"", ""label"": ""Price sensitive (deep discount)"", ""impact_pp"": 1.4}]",Price sensitive (deep discount),2026-06-30
17960,SMB,Retail,Delhi,Starter,Annual,3153.0,37836.0,1.0,5.7,12,0.638888888888889,0.6666666666666666,-0.0898876404494382,0.0,4.0,0.0,1.0,0.0011,0.0044,29512.0,166.0,0.2,[],No clear signal,2026-06-30
27791,Mid-Market,Hospitality,Haryana,Business,Monthly,48865.0,586380.0,8.0,40.8,54,0.5123456790123457,0.6444444444444445,-0.2051282051282051,2.0,4.5,0.2,1.0,0.0198,0.0769,457376.0,45093.0,0.289,[],No clear signal,2026-06-30
6359,SMB,Logistics,Maharashtra,Starter,Annual,548.0,6576.0,4.0,20.0,2,0.5,0.5,0.4186046511627907,3.0,3.333333333333333,0.0,1.0,0.0011,0.0044,5129.0,29.0,0.2,[],No clear signal,2026-06-30
39248,Mid-Market,Healthcare,Rajasthan,Growth,Annual,33669.0,404028.0,12.0,31.7,73,0.8493150684931506,0.9404761904761904,0.1030927835051546,2.0,4.0,0.0,1.0,0.0009,0.0036,315142.0,1455.0,0.2,[],No clear signal,2026-06-30
24530,SMB,Healthcare,Gujarat,Starter,Annual,2902.0,34824.0,1.0,41.6,11,0.9393939393939394,0.9166666666666666,0.0638297872340425,1.0,4.0,0.0,1.0,0.0,0.0,27163.0,0.0,0.2,[],No clear signal,2026-06-30
14020,SMB,Retail,West Bengal,Growth,Annual,1511.0,18132.0,25.27225598072876,31.8,3,0.8888888888888888,0.5595238095238095,-0.0465116279069767,1.0,5.0,0.0,1.0,0.002,0.0079,14143.0,143.0,0.5,[],No clear signal,2026-06-30
28585,Enterprise,Hospitality,Telangana,Enterprise,Annual,102254.0,1227048.0,12.0,6.6,72,0.8287037037037037,0.8722222222222222,0.1721854304635761,1.0,5.0,0.0,1.0,0.0,0.0,957097.0,0.0,0.2,[],No clear signal,2026-06-30
48428,SMB,Logistics,Haryana,Growth,Annual,1223.0,14676.0,1.0,35.8,2,0.5,0.7380952380952381,0.0714285714285714,4.0,3.0,0.0,1.0,0.0205,0.0796,11447.0,1168.0,0.0,"[{""feature"": ""t90_tickets"", ""label"": ""Heavy support load"", ""impact_pp"": 0.9}]",Heavy support load,2026-06-30
3166,Mid-Market,Logistics,West Bengal,Enterprise,Monthly,71514.0,858168.0,4.0,1.9,45,0.7777777777777778,0.375,0.0,1.0,3.0,0.5,1.0,0.0135,0.0528,669371.0,45311.0,0.0,"[{""feature"": ""tenure_months"", ""label"": ""Still early in lifecycle"", ""impact_pp"": 0.4}]",Still early in lifecycle,2026-06-30
12321,Mid-Market,Retail,Maharashtra,Business,Monthly,37080.0,444960.0,5.0,27.0,39,0.8974358974358975,0.6888888888888889,0.5283018867924528,2.0,3.5,0.0,1.0,0.0061,0.0242,347069.0,10768.0,0.0,[],No clear signal,2026-06-30
2608,Mid-Market,IT Services,Rajasthan,Business,Annual,14407.0,172884.0,14.0,41.1,16,0.625,0.7259259259259259,0.4242424242424242,1.0,4.0,0.0,1.0,0.0011,0.0044,134850.0,761.0,0.2,[],No clear signal,2026-06-30
23508,SMB,Education,Tamil Nadu,Business,Monthly,3072.0,36864.0,9.0,34.1,3,1.0,0.8,0.2869565217391304,0.0,4.0,0.0,1.0,0.0008,0.003,28754.0,111.0,0.2,[],No clear signal,2026-06-30
15858,SMB,Education,Delhi,Starter,Monthly,3651.0,43812.0,1.0,5.0,14,0.9047619047619048,0.8611111111111112,0.0440251572327044,2.0,4.5,0.0,1.0,0.0002,0.0008,34173.0,35.0,0.2,[],No clear signal,2026-06-30
38700,SMB,Logistics,West Bengal,Starter,Monthly,819.0,9828.0,3.0,8.9,3,0.7777777777777778,0.7777777777777778,0.1550387596899224,8.0,4.125,0.0,1.0,0.0135,0.053,7666.0,521.0,0.0,[],No clear signal,2026-06-30
9565,Mid-Market,IT Services,Uttar Pradesh,Growth,Monthly,39102.0,469224.0,4.0,21.7,78,0.5598290598290598,0.369047619047619,0.1666666666666666,1.0,5.0,0.0,1.0,0.0057,0.0224,365995.0,10511.0,0.0,[],No clear signal,2026-06-30
32003,Mid-Market,Hospitality,Madhya Pradesh,Business,Annual,44148.0,529776.0,22.24103953579323,6.8,58,0.9022988505747128,0.8592592592592592,0.1608391608391608,5.0,4.2,0.0,1.0,0.0002,0.0008,413225.0,424.0,0.333,[],No clear signal,2026-06-30
13892,Enterprise,Agritech,Karnataka,Business,Annual,134339.0,1612068.0,26.017354045564943,5.6,190,0.7263157894736842,0.5037037037037038,-0.0747663551401869,3.0,3.0,0.0,1.0,0.002,0.0079,1257413.0,12735.0,0.5,[],No clear signal,2026-06-30
155,SMB,Manufacturing,Karnataka,Growth,Monthly,5776.0,69312.0,24.605209660086818,8.0,12,0.9444444444444444,0.8571428571428571,0.3669724770642202,2.0,4.0,0.4,1.0,0.017,0.0662,54063.0,4588.0,0.759,"[{""feature"": ""discount_pct"", ""label"": ""Price sensitive (deep discount)"", ""impact_pp"": 1.3}, {""feature"": ""tenure_months"", ""label"": ""Still early in lifecycle"", ""impact_pp"": 0.5}]",Price sensitive (deep discount),2026-06-30
40555,Mid-Market,Retail,Maharashtra,Growth,Annual,30521.0,366252.0,17.0,14.2,70,0.8523809523809524,0.8095238095238095,0.4710743801652892,0.0,4.0,1.0,1.0,0.0004,0.0014,285677.0,513.0,0.2,[],No clear signal,2026-06-30
42635,SMB,Education,Karnataka,Starter,Monthly,548.0,6576.0,4.0,15.6,2,0.8333333333333334,0.611111111111111,0.2272727272727272,4.0,4.0,0.2,1.0,0.0422,0.1586,5129.0,1043.0,0.0,"[{""feature"": ""t90_tickets"", ""label"": ""Heavy support load"", ""impact_pp"": 0.5}]",Heavy support load,2026-06-30
16933,Enterprise,Education,Telangana,Business,Annual,161632.0,1939584.0,17.0,4.3,214,0.6635514018691588,0.9555555555555556,0.9295774647887324,0.0,4.0,0.0,1.0,0.0008,0.003,1512876.0,5819.0,0.5,[],No clear signal,2026-06-30
46452,Mid-Market,Retail,Uttar Pradesh,Growth,Annual,24931.0,299172.0,5.0,31.1,49,0.5170068027210885,0.7142857142857143,0.7777777777777778,1.0,5.0,0.0,1.0,0.0011,0.0044,233354.0,1316.0,0.0,[],No clear signal,2026-06-30
37109,Mid-Market,Hospitality,Maharashtra,Business,Annual,61759.0,741108.0,21.1757122953033,35.7,78,0.5299145299145299,0.8074074074074075,-0.2857142857142857,9.0,4.111111111111111,0.0,1.0,0.0206,0.0797,578064.0,59066.0,0.408,"[{""feature"": ""t90_tickets"", ""label"": ""Heavy support load"", ""impact_pp"": 0.9}, {""feature"": ""discount_pct"", ""label"": ""Price sensitive (deep discount)"", ""impact_pp"": 0.6}]",Heavy support load,2026-06-30
12244,SMB,Logistics,Haryana,Growth,Monthly,4452.0,53424.0,5.0,8.8,8,0.9583333333333334,0.9285714285714286,-0.0980392156862745,1.0,4.0,0.0,1.0,0.0002,0.0008,41671.0,43.0,0.2,[],No clear signal,2026-06-30
46063,Mid-Market,Healthcare,Maharashtra,Enterprise,Monthly,94226.0,1130712.0,8.0,8.6,63,0.8941798941798942,0.95,0.2484472049689441,1.0,4.0,0.0,1.0,0.0005,0.0022,881955.0,2488.0,0.2,[],No clear signal,2026-06-30
40776,SMB,Logistics,Tamil Nadu,Starter,Annual,508.0,6096.0,11.0,3.3,2,1.0,0.9166666666666666,1.475,0.0,4.0,0.0,1.0,0.0,0.0,4755.0,0.0,0.2,[],No clear signal,2026-06-30
13481,SMB,Education,Uttar Pradesh,Growth,Monthly,7149.0,85788.0,4.0,19.0,13,0.6923076923076923,0.3571428571428571,0.5,7.0,4.0,0.2,1.0,0.0182,0.0708,66915.0,6074.0,0.0,[],No clear signal,2026-06-30
31623,Enterprise,Manufacturing,Karnataka,Enterprise,Annual,84824.0,1017888.0,27.0,15.1,72,0.875,0.95,0.2291666666666666,0.0,4.0,0.0,1.0,0.0,0.0,793953.0,0.0,0.2,[],No clear signal,2026-06-30
29000,SMB,Logistics,Uttar Pradesh,Starter,Annual,3504.0,42048.0,5.0,2.8,14,0.5952380952380952,0.8333333333333334,0.0,4.0,4.5,0.0,1.0,0.0004,0.0014,32797.0,59.0,0.2,[],No clear signal,2026-06-30
5717,Mid-Market,Financial Services,Madhya Pradesh,Business,Monthly,26526.0,318312.0,10.0,30.0,29,0.8390804597701149,0.9407407407407408,-0.0133333333333333,2.0,4.0,0.0,1.0,0.0026,0.0103,248283.0,3279.0,0.2,[],No clear signal,2026-06-30
39196,SMB,Hospitality,West Bengal,Starter,Annual,1884.0,22608.0,1.0,33.5,7,0.2857142857142857,0.8055555555555555,-0.1219512195121951,5.0,4.4,0.0,1.0,0.0061,0.0242,17634.0,547.0,0.0,[],No clear signal,2026-06-30
37748,SMB,Healthcare,Uttar Pradesh,Growth,Annual,4124.0,49488.0,0.0,7.7,7,0.4285714285714285,0.2142857142857142,0.0,6.0,3.333333333333333,0.0,1.0,0.0027,0.0107,38601.0,530.0,0.2,[],No clear signal,2026-06-30
42269,SMB,Hospitality,Tamil Nadu,Business,Annual,4319.0,51828.0,3.0,18.0,4,1.0,0.837037037037037,0.6666666666666666,2.0,3.5,0.0,1.0,0.0006,0.0022,40426.0,114.0,0.2,[],No clear signal,2026-06-30
18148,Enterprise,Retail,Maharashtra,Business,Annual,80054.0,960648.0,15.0,9.8,99,0.8653198653198654,0.7777777777777778,0.2444444444444444,2.0,3.5,0.0,1.0,0.0,0.0,749305.0,0.0,0.2,[],No clear signal,2026-06-30
18997,SMB,Manufacturing,Maharashtra,Growth,Monthly,5451.0,65412.0,6.0,10.5,10,0.6666666666666667,0.7261904761904762,-0.1290322580645161,3.0,4.0,0.2,1.0,0.0213,0.0826,51021.0,5403.0,0.183,"[{""feature"": ""tenure_months"", ""label"": ""Still early in lifecycle"", ""impact_pp"": 0.5}]",Still early in lifecycle,2026-06-30
2044,SMB,Manufacturing,Tamil Nadu,Starter,Annual,508.0,6096.0,11.0,20.7,2,0.0,0.3055555555555555,-0.0588235294117647,4.0,2.75,0.0,1.0,0.0046,0.0184,4755.0,112.0,0.5,[],No clear signal,2026-06-30
6633,SMB,Manufacturing,Uttar Pradesh,Starter,Annual,2254.0,27048.0,11.746046873727106,4.9,9,0.8148148148148148,0.6666666666666666,0.375,1.0,4.0,0.0,1.0,0.0011,0.0044,21097.0,119.0,0.2,[],No clear signal,2026-06-30
28397,Mid-Market,Manufacturing,Maharashtra,Business,Annual,55795.0,669540.0,23.0,27.2,75,0.9555555555555556,0.6148148148148148,0.0544554455445544,0.0,4.0,0.0,1.0,0.0004,0.0014,522241.0,937.0,0.0,[],No clear signal,2026-06-30
12148,SMB,Manufacturing,Delhi,Starter,Annual,1091.0,13092.0,2.0,17.1,4,0.25,0.0833333333333333,0.5,11.0,3.272727272727273,0.0,1.0,0.0208,0.0806,10212.0,1055.0,0.0,"[{""feature"": ""t90_tickets"", ""label"": ""Heavy support load"", ""impact_pp"": 0.7}]",Heavy support load,2026-06-30
40936,SMB,Financial Services,Telangana,Growth,Annual,2195.0,26340.0,9.0,23.9,4,0.9166666666666666,0.9642857142857144,-0.0155440414507772,0.0,4.0,0.0,1.0,0.0,0.0,20545.0,0.0,0.2,[],No clear signal,2026-06-30
6670,Enterprise,Retail,Telangana,Enterprise,Annual,132704.0,1592448.0,25.98571380456025,35.3,102,0.3431372549019608,0.7277777777777777,0.5853658536585366,4.0,3.75,0.0,1.0,0.0027,0.0107,1242109.0,17039.0,0.5,[],No clear signal,2026-06-30
4922,SMB,Agritech,Maharashtra,Growth,Monthly,5161.0,61932.0,11.0,26.9,10,0.8,0.8333333333333333,0.4477611940298507,0.0,4.0,0.2,1.0,0.0042,0.0166,48307.0,1028.0,1.0,[],No clear signal,2026-06-30
7357,SMB,IT Services,Rajasthan,Growth,Annual,7592.0,91104.0,5.0,33.2,14,0.3333333333333333,0.2380952380952381,-0.119047619047619,3.0,3.6666666666666665,0.0,1.0,0.0061,0.0242,71061.0,2205.0,0.0,[],No clear signal,2026-06-30
34559,Mid-Market,Retail,Maharashtra,Growth,Monthly,35876.0,430512.0,5.0,10.9,72,0.9444444444444444,0.880952380952381,-0.0660377358490566,12.0,4.833333333333333,0.0,1.0,0.0011,0.0043,335799.0,1851.0,0.0,[],No clear signal,2026-06-30
19095,SMB,IT Services,Maharashtra,Growth,Monthly,6210.0,74520.0,10.0,36.6,12,0.638888888888889,0.5476190476190477,0.1666666666666666,2.0,4.5,0.4,1.0,0.0486,0.1807,58126.0,13466.0,0.622,"[{""feature"": ""discount_pct"", ""label"": ""Price sensitive (deep discount)"", ""impact_pp"": 2.1}, {""feature"": ""feature_adoption"", ""label"": ""Shallow product adoption"", ""impact_pp"": 1.1}]",Price sensitive (deep discount),2026-06-30
5329,Enterprise,Retail,Tamil Nadu,Enterprise,Annual,155064.0,1860768.0,9.0,20.0,108,0.8179012345679012,0.4666666666666667,0.144927536231884,0.0,4.0,0.0,1.0,0.0011,0.0044,1451399.0,8187.0,0.2,[],No clear signal,2026-06-30
9562,Enterprise,Manufacturing,Madhya Pradesh,Business,Annual,63835.0,766020.0,13.0,14.6,76,0.4078947368421052,0.4962962962962963,0.027027027027027,11.0,3.8181818181818175,1.0,1.0,0.0162,0.0632,597496.0,48412.0,0.0,"[{""feature"": ""t90_tickets"", ""label"": ""Heavy support load"", ""impact_pp"": 0.4}]",Heavy support load,2026-06-30
38423,SMB,Financial Services,Gujarat,Growth,Annual,7352.0,88224.0,8.0,8.2,14,0.9285714285714286,0.9166666666666669,0.2093023255813953,10.0,4.6,0.0,1.0,0.0002,0.0008,68815.0,71.0,0.0,[],No clear signal,2026-06-30
6117,Enterprise,Agritech,Karnataka,Business,Annual,126818.0,1521816.0,9.0,37.2,150,0.2111111111111111,0.3185185185185185,-0.1875,7.0,3.142857142857143,0.0,1.0,0.0305,0.1164,1187016.0,177139.0,0.0,"[{""feature"": ""t90_tickets"", ""label"": ""Heavy support load"", ""impact_pp"": 0.5}, {""feature"": ""seat_utilisation"", ""label"": ""Seats sitting unused"", ""impact_pp"": 0.5}]",Heavy support load,2026-06-30
36980,Mid-Market,Retail,Telangana,Growth,Monthly,19507.0,234084.0,12.0,42.6,41,0.9430894308943087,0.6904761904761905,0.4838709677419355,1.0,4.0,0.0,1.0,0.0008,0.003,182586.0,702.0,0.2,[],No clear signal,2026-06-30
5786,SMB,Hospitality,Tamil Nadu,Growth,Monthly,2540.0,30480.0,15.0,41.8,5,0.8666666666666666,0.9047619047619048,0.1277777777777777,1.0,4.0,0.0,1.0,0.0002,0.0008,23774.0,24.0,1.0,[],No clear signal,2026-06-30
22836,SMB,Real Estate,Karnataka,Growth,Annual,4841.0,58092.0,12.079311667654558,30.8,9,0.8888888888888888,0.9523809523809524,0.2455089820359281,1.0,4.0,0.0,1.0,0.0,0.0,45312.0,0.0,0.2,[],No clear signal,2026-06-30
43624,SMB,Logistics,West Bengal,Starter,Annual,1527.0,18324.0,7.0,15.8,6,0.611111111111111,0.8888888888888888,0.1181818181818181,0.0,4.0,0.0,1.0,0.0011,0.0044,14293.0,81.0,0.2,[],No clear signal,2026-06-30
19198,Mid-Market,IT Services,Rajasthan,Growth,Annual,12065.0,144780.0,13.0,30.2,25,0.2666666666666666,0.3095238095238095,0.0,10.0,3.5,0.0,1.0,0.0422,0.1583,112928.0,22919.0,0.214,"[{""feature"": ""t90_tickets"", ""label"": ""Heavy support load"", ""impact_pp"": 1.9}, {""feature"": ""discount_pct"", ""label"": ""Price sensitive (deep discount)"", ""impact_pp"": 0.7}, {""feature"": ""seat_utilisation"", ""label"": ""Seats sitting unused"", ""impact_pp"": 0.5}]",Heavy support load,2026-06-30
47036,SMB,Agritech,Gujarat,Starter,Monthly,3334.0,40008.0,3.0,24.1,13,0.9230769230769232,0.5833333333333334,0.0838323353293413,3.0,5.0,0.0,1.0,0.002,0.0079,31206.0,316.0,0.0,[],No clear signal,2026-06-30
29835,SMB,Retail,Karnataka,Growth,Monthly,6624.0,79488.0,4.0,6.2,12,0.9166666666666666,0.9285714285714286,-0.0959595959595959,0.0,4.0,0.0,1.0,0.0,0.0,62001.0,0.0,0.2,[],No clear signal,2026-06-30
10457,SMB,Retail,Kerala,Starter,Monthly,1080.0,12960.0,3.0,42.6,4,0.9166666666666666,0.75,0.2,0.0,4.0,0.0,1.0,0.0002,0.0008,10109.0,10.0,0.0,[],No clear signal,2026-06-30
10316,Mid-Market,Retail,Madhya Pradesh,Business,Annual,69562.0,834744.0,4.0,23.1,75,0.7288888888888888,0.4074074074074074,0.0847457627118644,1.0,4.0,0.0,1.0,0.0011,0.0044,651100.0,3673.0,0.0,[],No clear signal,2026-06-30
5657,SMB,Healthcare,Uttar Pradesh,Starter,Monthly,565.0,6780.0,1.0,24.5,2,0.1666666666666666,0.6666666666666666,-0.1967213114754098,2.0,3.5,0.0,1.0,0.0139,0.0544,5288.0,369.0,0.0,[],No clear signal,2026-06-30
47280,SMB,Agritech,Karnataka,Growth,Annual,2146.0,25752.0,11.0,45.2,4,0.4166666666666667,0.0595238095238095,-0.238095238095238,5.0,3.2,0.0,1.0,0.0381,0.1438,20087.0,3703.0,0.227,"[{""feature"": ""t90_avg_csat"", ""label"": ""Unhappy with support"", ""impact_pp"": 1.2}, {""feature"": ""t90_tickets"", ""label"": ""Heavy support load"", ""impact_pp"": 0.6}, {""feature"": ""discount_pct"", ""label"": ""Price sensitive (deep discount)"", ""impact_pp"": 0.6}]",Unhappy with support,2026-06-30
42111,SMB,Agritech,Karnataka,Growth,Annual,1719.0,20628.0,6.0,16.3,3,0.4444444444444444,0.1547619047619047,0.1538461538461538,13.0,3.230769230769231,0.0,1.0,0.0119,0.0469,16090.0,967.0,0.0,[],No clear signal,2026-06-30
1004,Mid-Market,Manufacturing,Haryana,Growth,Annual,29069.0,348828.0,4.0,18.8,57,0.6549707602339182,0.5,0.0192307692307692,1.0,5.0,0.0,1.0,0.0011,0.0044,272086.0,1535.0,0.2,[],No clear signal,2026-06-30
9122,SMB,Hospitality,Maharashtra,Starter,Annual,2784.0,33408.0,5.0,2.4,11,0.9393939393939394,0.9166666666666666,0.0,2.0,5.0,0.0,1.0,0.0,0.0,26058.0,0.0,0.2,[],No clear signal,2026-06-30
12962,Mid-Market,Manufacturing,Rajasthan,Growth,Annual,32434.0,389208.0,4.0,21.8,64,0.515625,0.4880952380952381,0.2622950819672131,2.0,4.0,0.0,1.0,0.0011,0.0044,303582.0,1713.0,0.2,[],No clear signal,2026-06-30
23338,Enterprise,Education,Karnataka,Enterprise,Annual,230901.0,2770812.0,7.0,18.5,161,0.175983436853002,0.2555555555555556,0.8,12.0,3.5,0.0,1.0,0.016,0.0626,2161233.0,173453.0,0.0,[],No clear signal,2026-06-30
33021,SMB,Financial Services,Karnataka,Growth,Annual,3452.0,41424.0,3.0,37.8,6,1.0,0.9642857142857144,0.0099502487562189,2.0,4.0,0.0,1.0,0.0,0.0,32311.0,0.0,0.2,[],No clear signal,2026-06-30
6669,SMB,IT Services,Tamil Nadu,Starter,Annual,2435.0,29220.0,9.0,44.3,10,0.6,0.8611111111111112,0.05,1.0,4.0,0.0,1.0,0.0009,0.0036,22792.0,105.0,0.2,[],No clear signal,2026-06-30
8646,SMB,Hospitality,Haryana,Starter,Annual,1838.0,22056.0,15.0,39.3,8,0.25,0.3055555555555555,0.6875,4.0,4.0,1.0,1.0,0.0233,0.09,17204.0,1985.0,0.452,"[{""feature"": ""discount_pct"", ""label"": ""Price sensitive (deep discount)"", ""impact_pp"": 1.5}, {""feature"": ""t90_tickets"", ""label"": ""Heavy support load"", ""impact_pp"": 0.8}, {""feature"": ""seat_utilisation"", ""label"": ""Seats sitting unused"", ""impact_pp"": 0.5}]",Price sensitive (deep discount),2026-06-30
13308,SMB,Logistics,Tamil Nadu,Starter,Annual,3121.0,37452.0,2.0,37.3,12,0.3333333333333333,0.8055555555555555,-0.1463414634146341,5.0,3.0,0.0,1.0,0.0011,0.0044,29213.0,165.0,0.2,[],No clear signal,2026-06-30
16832,SMB,Healthcare,Kerala,Growth,Annual,1755.0,21060.0,4.0,39.8,3,1.0,0.9642857142857144,-0.0294117647058823,0.0,4.0,0.0,1.0,0.0,0.0,16427.0,0.0,0.2,[],No clear signal,2026-06-30
24484,SMB,Agritech,Haryana,Growth,Monthly,1792.0,21504.0,2.0,18.8,3,1.0,0.9404761904761904,0.0,3.0,4.666666666666667,0.0,1.0,0.0,0.0,16773.0,0.0,0.2,[],No clear signal,2026-06-30
9768,Enterprise,Real Estate,Maharashtra,Business,Monthly,52055.0,624660.0,14.0,31.5,62,0.5913978494623655,0.3481481481481481,0.3095238095238095,0.0,4.0,0.4,1.0,0.0048,0.019,487235.0,11869.0,0.5,[],No clear signal,2026-06-30
28826,Mid-Market,Healthcare,Rajasthan,Growth,Annual,17442.0,209304.0,11.0,41.0,36,0.3888888888888889,0.2380952380952381,-0.2,2.0,4.0,0.0,1.0,0.0119,0.0469,163257.0,9816.0,0.2,[],No clear signal,2026-06-30
43687,SMB,Logistics,Maharashtra,Starter,Annual,3025.0,36300.0,5.0,11.6,12,0.4166666666666667,0.3333333333333333,-0.0769230769230769,3.0,3.6666666666666665,0.0,1.0,0.0143,0.056,28314.0,2033.0,0.0,"[{""feature"": ""tenure_months"", ""label"": ""Still early in lifecycle"", ""impact_pp"": 0.6}]",Still early in lifecycle,2026-06-30
25686,SMB,Manufacturing,Maharashtra,Starter,Annual,3089.0,37068.0,3.0,17.9,12,0.3055555555555555,0.4722222222222222,0.0952380952380952,4.0,3.0,0.0,1.0,0.0057,0.0224,28913.0,830.0,0.0,[],No clear signal,2026-06-30
9477,Enterprise,Financial Services,Haryana,Enterprise,Annual,83984.0,1007808.0,18.0,28.4,63,0.1111111111111111,0.1944444444444444,0.1,13.0,2.6923076923076925,1.0,1.0,0.0242,0.0933,786090.0,94028.0,0.399,"[{""feature"": ""t90_tickets"", ""label"": ""Heavy support load"", ""impact_pp"": 0.7}, {""feature"": ""discount_pct"", ""label"": ""Price sensitive (deep discount)"", ""impact_pp"": 0.5}]",Heavy support load,2026-06-30
31730,SMB,Manufacturing,Haryana,Starter,Monthly,3393.0,40716.0,8.0,15.0,14,0.9285714285714286,0.8333333333333334,0.0898876404494382,0.0,4.0,0.0,1.0,0.0011,0.0043,31758.0,175.0,0.2,[],No clear signal,2026-06-30
33130,SMB,Healthcare,Haryana,Starter,Monthly,2902.0,34824.0,1.0,9.4,11,0.696969696969697,0.9166666666666666,-0.1328125,1.0,5.0,0.2,1.0,0.0035,0.0138,27163.0,481.0,0.0,[],No clear signal,2026-06-30
5023,SMB,Agritech,Tamil Nadu,Starter,Monthly,3089.0,37068.0,3.0,25.9,12,0.8611111111111112,0.8611111111111112,-0.2105263157894736,3.0,3.6666666666666665,0.4,1.0,0.0061,0.0242,28913.0,897.0,0.2,[],No clear signal,2026-06-30
10578,Mid-Market,Hospitality,Madhya Pradesh,Business,Annual,49476.0,593712.0,10.0,20.0,56,0.7857142857142857,0.9185185185185186,0.0227272727272727,1.0,3.0,0.0,1.0,0.0006,0.0022,463095.0,1306.0,0.2,[],No clear signal,2026-06-30
37335,SMB,Real Estate,Kerala,Starter,Monthly,2403.0,28836.0,18.0,18.8,11,0.8787878787878788,0.9166666666666666,0.4964028776978417,1.0,4.0,0.0,1.0,0.0002,0.0008,22492.0,23.0,0.2,[],No clear signal,2026-06-30
10529,SMB,Logistics,Uttar Pradesh,Growth,Annual,7032.0,84384.0,12.0,19.3,14,0.9523809523809524,0.9642857142857144,0.1453488372093023,0.0,4.0,0.0,1.0,0.0,0.0,65820.0,0.0,0.2,[],No clear signal,2026-06-30
9104,SMB,Education,Haryana,Growth,Annual,3345.0,40140.0,6.0,22.1,6,0.3333333333333333,0.5357142857142857,0.08,3.0,3.6666666666666665,0.0,1.0,0.0088,0.0347,31309.0,1393.0,0.0,[],No clear signal,2026-06-30
48442,SMB,IT Services,Uttar Pradesh,Business,Annual,9849.0,118188.0,8.0,7.3,10,0.3333333333333333,0.5407407407407407,-0.2597402597402597,3.0,3.333333333333333,0.0,1.0,0.0011,0.0044,92187.0,520.0,0.2,[],No clear signal,2026-06-30
32521,SMB,Education,Maharashtra,Starter,Monthly,827.0,9924.0,2.0,28.6,3,0.7777777777777778,0.5833333333333334,0.4408602150537634,1.0,4.0,0.0,1.0,0.002,0.0079,7741.0,78.0,0.0,[],No clear signal,2026-06-30
20402,Mid-Market,Education,Telangana,Growth,Annual,14528.0,174336.0,9.0,4.3,29,0.8620689655172413,0.8928571428571429,0.4215686274509804,1.0,5.0,0.0,1.0,0.0009,0.0036,135982.0,628.0,0.0,[],No clear signal,2026-06-30
38268,SMB,IT Services,Maharashtra,Starter,Annual,1393.0,16716.0,10.117651559378928,11.9,6,0.8333333333333334,0.4722222222222222,0.2211538461538461,1.0,3.0,0.0,1.0,0.0011,0.0044,13038.0,74.0,0.2,[],No clear signal,2026-06-30
30484,SMB,Real Estate,Gujarat,Growth,Monthly,1087.0,13044.0,12.0,15.4,2,0.8333333333333334,0.9285714285714286,0.2068965517241379,1.0,5.0,0.0,1.0,0.0005,0.0022,10174.0,29.0,0.2,[],No clear signal,2026-06-30
22293,Mid-Market,Financial Services,Karnataka,Business,Annual,60038.0,720456.0,15.0,6.0,73,0.8995433789954339,0.8592592592592592,0.0621468926553672,0.0,4.0,0.0,1.0,0.0,0.0,561956.0,0.0,0.2,[],No clear signal,2026-06-30
44979,SMB,Financial Services,Madhya Pradesh,Starter,Monthly,2119.0,25428.0,2.0,30.0,8,0.625,0.6666666666666666,-0.3148148148148148,3.0,3.6666666666666665,0.4,1.0,0.0401,0.1509,19834.0,3837.0,0.171,"[{""feature"": ""feature_adoption"", ""label"": ""Shallow product adoption"", ""impact_pp"": 1.0}, {""feature"": ""t90_tickets"", ""label"": ""Heavy support load"", ""impact_pp"": 0.8}, {""feature"": ""t90_avg_csat"", ""label"": ""Unhappy with support"", ""impact_pp"": 0.5}]",Shallow product adoption,2026-06-30
22154,SMB,IT Services,Delhi,Starter,Monthly,2435.0,29220.0,9.0,36.7,10,0.9666666666666666,0.9166666666666666,-0.0053763440860215,0.0,4.0,0.0,1.0,0.0002,0.0008,22792.0,23.0,0.0,[],No clear signal,2026-06-30
10429,Mid-Market,IT Services,Madhya Pradesh,Business,Monthly,66036.0,792432.0,10.0,24.2,76,0.8070175438596492,0.5555555555555556,-0.2700729927007299,2.0,3.5,0.2,1.0,0.0115,0.0451,618097.0,35739.0,0.244,[],No clear signal,2026-06-30
48808,Mid-Market,Logistics,Uttar Pradesh,Business,Monthly,59255.0,711060.0,5.0,21.6,64,0.890625,0.8444444444444444,0.03125,3.0,4.333333333333333,0.0,1.0,0.0002,0.0008,554627.0,569.0,0.0,[],No clear signal,2026-06-30
9365,Mid-Market,Education,Uttar Pradesh,Business,Monthly,43780.0,525360.0,6.0,8.8,47,0.6666666666666666,0.6370370370370371,-0.0253164556962025,5.0,3.2,0.0,1.0,0.0154,0.0603,409781.0,31679.0,1.0,[],No clear signal,2026-06-30
22710,SMB,Manufacturing,Madhya Pradesh,Starter,Annual,732.0,8784.0,8.260593289757889,43.9,3,0.8888888888888888,0.5833333333333334,0.032520325203252,2.0,4.5,0.0,1.0,0.0016,0.0064,6852.0,56.0,1.0,[],No clear signal,2026-06-30
47832,Mid-Market,Retail,Gujarat,Growth,Annual,32227.0,386724.0,6.0,32.7,65,0.4256410256410257,0.119047619047619,-0.2105263157894736,12.0,3.083333333333333,0.0,1.0,0.031,0.1184,301645.0,45788.0,0.0,"[{""feature"": ""t90_tickets"", ""label"": ""Heavy support load"", ""impact_pp"": 1.9}]",Heavy support load,2026-06-30
13766,SMB,Real Estate,Gujarat,Starter,Annual,3061.0,36732.0,17.0,14.4,14,0.3809523809523809,0.3888888888888889,-0.0909090909090909,1.0,4.0,1.0,1.0,0.0119,0.0469,28651.0,1723.0,0.667,"[{""feature"": ""discount_pct"", ""label"": ""Price sensitive (deep discount)"", ""impact_pp"": 0.9}, {""feature"": ""feature_adoption"", ""label"": ""Shallow product adoption"", ""impact_pp"": 0.5}]",Price sensitive (deep discount),2026-06-30
33870,Enterprise,Healthcare,Karnataka,Enterprise,Annual,97978.0,1175736.0,11.0,20.6,68,0.2794117647058823,0.2666666666666666,0.0,18.0,3.2777777777777777,0.0,1.0,0.0328,0.1249,917074.0,146849.0,0.08,"[{""feature"": ""t90_tickets"", ""label"": ""Heavy support load"", ""impact_pp"": 1.2}]",Heavy support load,2026-06-30
14827,SMB,Retail,Karnataka,Growth,Annual,3523.0,42276.0,1.0,10.8,6,0.8333333333333334,0.869047619047619,-0.0677966101694915,0.0,4.0,0.0,1.0,0.0011,0.0044,32975.0,186.0,0.2,[],No clear signal,2026-06-30
37134,SMB,Real Estate,Kerala,Starter,Monthly,3223.0,38676.0,20.71646330720069,28.2,14,0.9761904761904762,0.9166666666666666,-0.0368421052631578,2.0,4.0,0.0,1.0,0.0,0.0,30167.0,0.0,0.2,[],No clear signal,2026-06-30
23490,SMB,Manufacturing,Gujarat,Starter,Annual,2866.0,34392.0,10.0,38.0,12,0.8888888888888888,0.6944444444444445,0.2518518518518518,8.0,4.375,0.0,1.0,0.0002,0.0008,26826.0,28.0,0.0,[],No clear signal,2026-06-30
21542,SMB,Education,Karnataka,Starter,Monthly,2596.0,31152.0,3.0,23.0,10,0.4,0.3888888888888889,-0.3235294117647059,3.0,3.333333333333333,0.0,1.0,0.0401,0.1509,24299.0,4701.0,0.0,"[{""feature"": ""feature_adoption"", ""label"": ""Shallow product adoption"", ""impact_pp"": 0.4}]",Shallow product adoption,2026-06-30
247,SMB,Healthcare,Rajasthan,Business,Monthly,11489.0,137868.0,2.0,18.7,11,0.8787878787878788,0.9555555555555556,-0.1388888888888889,7.0,4.142857142857143,0.0,1.0,0.0005,0.0022,107537.0,303.0,0.2,[],No clear signal,2026-06-30
22372,SMB,Financial Services,Maharashtra,Starter,Annual,2228.0,26736.0,10.095398987304936,29.8,9,0.6296296296296297,0.3333333333333333,0.3333333333333333,3.0,4.333333333333333,0.0,1.0,0.0027,0.0107,20854.0,286.0,0.2,[],No clear signal,2026-06-30
8085,SMB,IT Services,West Bengal,Growth,Monthly,6348.0,76176.0,8.0,52.2,12,0.8055555555555555,0.9404761904761904,-0.1040462427745664,0.0,4.0,0.2,1.0,0.002,0.0079,59417.0,602.0,0.2,[],No clear signal,2026-06-30
15189,SMB,Financial Services,Tamil Nadu,Starter,Monthly,2021.0,24252.0,25.82116046953674,50.7,9,0.8888888888888888,0.9166666666666666,0.0425531914893617,1.0,5.0,0.0,1.0,0.0004,0.0014,18917.0,34.0,0.5,[],No clear signal,2026-06-30
23931,Mid-Market,Manufacturing,Rajasthan,Growth,Monthly,26037.0,312444.0,13.95533494903292,26.7,56,0.9226190476190476,0.9642857142857144,-0.0909090909090909,5.0,4.2,0.0,1.0,0.0014,0.0057,243706.0,1781.0,0.2,[],No clear signal,2026-06-30
12586,SMB,Healthcare,Tamil Nadu,Growth,Monthly,1646.0,19752.0,10.0,12.1,3,0.6666666666666666,0.8571428571428571,-0.2,2.0,5.0,0.0,1.0,0.0046,0.0184,15407.0,363.0,0.2,[],No clear signal,2026-06-30
3421,Mid-Market,Retail,Kerala,Enterprise,Monthly,33627.0,403524.0,7.0,23.6,21,0.7936507936507937,0.8388888888888889,-0.2344497607655502,0.0,4.0,0.2,1.0,0.0005,0.0022,314749.0,888.0,0.2,[],No clear signal,2026-06-30
22599,SMB,Real Estate,Haryana,Starter,Annual,1057.0,12684.0,5.0,4.8,4,0.75,0.9166666666666666,0.3398058252427184,2.0,4.5,0.0,1.0,0.0011,0.0044,9894.0,56.0,0.0,[],No clear signal,2026-06-30
6149,Mid-Market,Retail,Delhi,Business,Monthly,67102.0,805224.0,5.0,24.0,73,0.6666666666666666,0.2444444444444444,-0.0425531914893617,6.0,4.166666666666667,0.2,1.0,0.0277,0.1064,628075.0,85676.0,0.0,"[{""feature"": ""feature_adoption"", ""label"": ""Shallow product adoption"", ""impact_pp"": 0.6}, {""feature"": ""t90_tickets"", ""label"": ""Heavy support load"", ""impact_pp"": 0.5}]",Shallow product adoption,2026-06-30
22492,Mid-Market,Retail,Madhya Pradesh,Business,Annual,65420.0,785040.0,13.0,8.3,78,0.0683760683760683,0.0518518518518518,0.5,25.0,3.04,0.0,1.0,0.0233,0.09,612331.0,70654.0,0.252,"[{""feature"": ""discount_pct"", ""label"": ""Price sensitive (deep discount)"", ""impact_pp"": 0.8}, {""feature"": ""feature_adoption"", ""label"": ""Shallow product adoption"", ""impact_pp"": 0.8}, {""feature"": ""t90_tickets"", ""label"": ""Heavy support load"", ""impact_pp"": 0.5}]",Price sensitive (deep discount),2026-06-30
13215,SMB,Retail,Maharashtra,Growth,Monthly,6555.0,78660.0,5.0,38.4,12,0.7777777777777778,0.8452380952380952,-0.2148760330578512,3.0,4.666666666666667,0.0,1.0,0.0042,0.0166,61355.0,1306.0,0.2,[],No clear signal,2026-06-30
41868,SMB,Agritech,Rajasthan,Starter,Monthly,3282.0,39384.0,11.0,15.4,14,0.9285714285714286,0.8055555555555555,0.3684210526315789,7.0,4.428571428571429,0.0,1.0,0.0042,0.0166,30720.0,654.0,0.156,[],No clear signal,2026-06-30
25035,SMB,Financial Services,Gujarat,Starter,Monthly,2033.0,24396.0,6.0,28.1,8,0.8333333333333334,0.7222222222222222,0.0217391304347826,3.0,4.0,0.4,1.0,0.0283,0.1083,19029.0,2642.0,0.057,"[{""feature"": ""feature_adoption"", ""label"": ""Shallow product adoption"", ""impact_pp"": 0.7}, {""feature"": ""t90_tickets"", ""label"": ""Heavy support load"", ""impact_pp"": 0.6}, {""feature"": ""t90_avg_resolution_h"", ""label"": ""Slow ticket resolution"", ""impact_pp"": 0.6}]",Shallow product adoption,2026-06-30
22915,SMB,Education,Maharashtra,Starter,Monthly,1430.0,17160.0,23.586161113518287,43.5,6,0.8333333333333334,0.9166666666666666,0.2109375,1.0,5.0,0.0,1.0,0.0005,0.0022,13385.0,38.0,0.2,[],No clear signal,2026-06-30
49931,Enterprise,IT Services,Haryana,Enterprise,Annual,253722.0,3044664.0,8.0,9.5,180,0.9092592592592592,0.95,0.0306122448979591,1.0,5.0,0.0,1.0,0.0,0.0,2374838.0,0.0,0.2,[],No clear signal,2026-06-30
32453,SMB,Financial Services,West Bengal,Starter,Monthly,785.0,9420.0,7.0,21.3,3,0.8888888888888888,0.75,-0.0588235294117647,1.0,5.0,0.2,1.0,0.0078,0.0309,7348.0,291.0,0.2,[],No clear signal,2026-06-30
11021,SMB,Education,Tamil Nadu,Starter,Monthly,728.0,8736.0,19.35578159438134,6.2,3,0.7777777777777778,0.75,0.1269841269841269,8.0,4.125,0.0,1.0,0.0093,0.0368,6814.0,321.0,0.195,"[{""feature"": ""t90_tickets"", ""label"": ""Heavy support load"", ""impact_pp"": 0.4}]",Heavy support load,2026-06-30
12990,SMB,Hospitality,Uttar Pradesh,Starter,Monthly,819.0,9828.0,3.0,42.3,3,0.7777777777777778,0.6944444444444445,0.1019108280254777,0.0,4.0,0.0,1.0,0.0005,0.0022,7666.0,22.0,0.0,[],No clear signal,2026-06-30
22340,SMB,Financial Services,Madhya Pradesh,Growth,Annual,7372.0,88464.0,1.0,17.6,13,0.9743589743589745,0.880952380952381,0.0802139037433155,1.0,5.0,0.0,1.0,0.0,0.0,69002.0,0.0,0.2,[],No clear signal,2026-06-30
22949,Enterprise,Manufacturing,Maharashtra,Enterprise,Annual,90793.0,1089516.0,10.0,34.9,62,0.4462365591397849,0.6055555555555556,0.0285714285714285,1.0,2.0,0.0,1.0,0.0054,0.0215,849822.0,23425.0,0.135,[],No clear signal,2026-06-30
13267,Enterprise,IT Services,Kerala,Enterprise,Annual,220323.0,2643876.0,33.0,2.2,217,0.674347158218126,0.6444444444444444,0.0,10.0,3.6,0.0,1.0,0.0042,0.0165,2062223.0,43624.0,0.5,[],No clear signal,2026-06-30
47889,Enterprise,Real Estate,West Bengal,Enterprise,Monthly,203288.0,2439456.0,20.604187067553056,43.2,163,0.8343558282208589,0.9055555555555556,-0.1229050279329608,1.0,4.0,0.0,1.0,0.0005,0.0022,1902776.0,5367.0,0.2,[],No clear signal,2026-06-30
31417,SMB,IT Services,Kerala,Starter,Monthly,3184.0,38208.0,0.0,8.3,12,0.3888888888888889,0.4722222222222222,-0.0196078431372549,2.0,4.0,0.2,1.0,0.033,0.1257,29802.0,4803.0,0.0,"[{""feature"": ""tenure_months"", ""label"": ""Still early in lifecycle"", ""impact_pp"": 1.2}, {""feature"": ""seat_utilisation"", ""label"": ""Seats sitting unused"", ""impact_pp"": 0.8}, {""feature"": ""feature_adoption"", ""label"": ""Shallow product adoption"", ""impact_pp"": 0.8}]",Still early in lifecycle,2026-06-30
3036,Mid-Market,Education,Rajasthan,Growth,Monthly,16651.0,199812.0,5.0,2.1,32,0.9166666666666666,0.9285714285714286,0.0,11.0,4.454545454545454,0.0,1.0,0.0042,0.0165,155853.0,3297.0,0.0,[],No clear signal,2026-06-30
38111,SMB,Agritech,Kerala,Starter,Annual,1310.0,15720.0,5.0,21.2,5,0.8,0.9166666666666666,0.043010752688172,0.0,4.0,0.0,1.0,0.0,0.0,12262.0,0.0,0.2,[],No clear signal,2026-06-30
40892,Mid-Market,Hospitality,Madhya Pradesh,Business,Monthly,30093.0,361116.0,7.0,41.9,32,0.7916666666666666,0.6518518518518518,0.016,1.0,4.0,0.2,1.0,0.0085,0.0336,281670.0,12133.0,0.0,[],No clear signal,2026-06-30
8980,Mid-Market,Education,Tamil Nadu,Business,Monthly,58864.0,706368.0,7.0,0.7,65,0.8307692307692308,0.5555555555555556,0.0,0.0,4.0,0.0,1.0,0.0119,0.0469,550967.0,33129.0,0.2,[],No clear signal,2026-06-30
21026,SMB,Real Estate,Gujarat,Starter,Monthly,1560.0,18720.0,5.0,32.9,6,0.7222222222222222,0.4166666666666667,-0.2407407407407407,2.0,3.0,0.0,1.0,0.0088,0.0347,14602.0,650.0,0.0,[],No clear signal,2026-06-30
44430,Mid-Market,Retail,Maharashtra,Growth,Annual,28766.0,345192.0,5.0,20.0,57,0.7894736842105263,0.7619047619047619,0.1123595505617977,2.0,3.5,0.0,1.0,0.0006,0.0022,269250.0,759.0,0.2,[],No clear signal,2026-06-30
15694,SMB,Retail,Delhi,Starter,Annual,879.0,10548.0,21.0,14.0,4,1.0,0.4722222222222222,-0.140495867768595,3.0,5.0,0.0,1.0,0.002,0.0079,8227.0,83.0,0.0,[],No clear signal,2026-06-30
29520,SMB,Financial Services,West Bengal,Growth,Annual,1755.0,21060.0,4.0,1.3,3,0.0,0.5357142857142857,0.0,7.0,3.0,0.0,1.0,0.0061,0.0242,16427.0,510.0,0.0,[],No clear signal,2026-06-30
4197,Enterprise,Agritech,Telangana,Enterprise,Annual,133032.0,1596384.0,11.0,5.6,94,0.1205673758865248,0.2666666666666666,-0.3571428571428571,6.0,3.1666666666666665,0.0,1.0,0.0057,0.0224,1245180.0,35759.0,0.167,[],No clear signal,2026-06-30
47666,SMB,Financial Services,Karnataka,Starter,Monthly,1713.0,20556.0,10.0,34.8,7,0.7142857142857143,0.638888888888889,-0.109090909090909,0.0,4.0,0.2,1.0,0.012,0.0472,16034.0,970.0,0.621,"[{""feature"": ""discount_pct"", ""label"": ""Price sensitive (deep discount)"", ""impact_pp"": 0.5}]",Price sensitive (deep discount),2026-06-30
11348,SMB,IT Services,Kerala,Starter,Annual,734.0,8808.0,13.0,20.5,3,0.7777777777777778,0.638888888888889,0.25,2.0,5.0,0.0,1.0,0.002,0.0079,6870.0,70.0,0.5,[],No clear signal,2026-06-30
10246,SMB,Logistics,Maharashtra,Starter,Monthly,1495.0,17940.0,9.0,19.3,6,0.611111111111111,0.7777777777777778,0.101010101010101,2.0,4.5,0.2,1.0,0.0088,0.0347,13993.0,623.0,0.0,[],No clear signal,2026-06-30
27940,SMB,Education,Maharashtra,Growth,Monthly,3416.0,40992.0,4.0,12.8,6,0.611111111111111,0.7857142857142857,0.2452830188679245,9.0,4.111111111111111,0.0,1.0,0.0449,0.1678,31974.0,6878.0,0.0,"[{""feature"": ""t90_tickets"", ""label"": ""Heavy support load"", ""impact_pp"": 3.0}]",Heavy support load,2026-06-30
30410,Mid-Market,Agritech,Maharashtra,Growth,Monthly,11300.0,135600.0,8.0,16.8,22,0.6515151515151515,0.511904761904762,0.0194174757281553,0.0,4.0,0.0,1.0,0.0027,0.0107,105768.0,1451.0,0.2,[],No clear signal,2026-06-30
18303,Mid-Market,Agritech,Tamil Nadu,Business,Monthly,14574.0,174888.0,13.0,25.3,16,0.625,0.6814814814814815,0.144578313253012,3.0,4.333333333333333,0.2,1.0,0.0067,0.0267,136413.0,4670.0,0.5,[],No clear signal,2026-06-30
25336,SMB,IT Services,Delhi,Starter,Monthly,1269.0,15228.0,8.0,38.2,5,1.0,0.7777777777777778,0.3305785123966942,3.0,3.333333333333333,0.0,1.0,0.0002,0.0008,11878.0,12.0,0.2,[],No clear signal,2026-06-30
32673,SMB,Healthcare,Maharashtra,Starter,Annual,3196.0,38352.0,7.0,34.9,13,0.8461538461538461,0.9166666666666666,0.4274809160305343,1.0,5.0,0.0,1.0,0.0004,0.0014,29915.0,54.0,0.2,[],No clear signal,2026-06-30
36815,Mid-Market,Logistics,Tamil Nadu,Business,Monthly,18148.0,217776.0,8.0,13.4,19,0.8421052631578947,0.8148148148148148,-0.0747663551401869,8.0,4.625,0.0,1.0,0.0012,0.005,169865.0,1089.0,0.0,[],No clear signal,2026-06-30
20218,SMB,IT Services,Uttar Pradesh,Starter,Annual,2076.0,24912.0,4.0,5.7,8,0.0,0.0833333333333333,-1.0,22.0,2.727272727272727,0.0,4.0,0.0223,0.0862,19431.0,2147.0,0.0,[],No clear signal,2026-06-30
341,Mid-Market,Real Estate,Tamil Nadu,Business,Annual,44187.0,530244.0,7.0,25.4,48,0.5,0.6148148148148148,-0.2602739726027397,2.0,4.0,0.0,1.0,0.002,0.0079,413590.0,4189.0,0.2,[],No clear signal,2026-06-30
8186,Mid-Market,Agritech,Tamil Nadu,Business,Annual,63765.0,765180.0,12.0,24.4,75,0.5511111111111111,0.5777777777777777,-0.0378787878787878,11.0,4.636363636363637,0.0,1.0,0.0038,0.0151,596840.0,11554.0,0.0,[],No clear signal,2026-06-30
283,Mid-Market,Healthcare,Gujarat,Business,Monthly,70779.0,849348.0,7.0,8.9,79,0.8987341772151899,0.8148148148148148,0.2384615384615384,0.0,4.0,0.2,1.0,0.0011,0.0044,662491.0,3737.0,0.2,[],No clear signal,2026-06-30
4654,Enterprise,Agritech,Maharashtra,Business,Annual,98433.0,1181196.0,10.0,10.5,116,0.1982758620689655,0.3629629629629629,0.6428571428571429,5.0,3.2,0.0,1.0,0.0361,0.1367,921333.0,161469.0,0.122,"[{""feature"": ""tenure_months"", ""label"": ""Still early in lifecycle"", ""impact_pp"": 1.8}, {""feature"": ""t90_tickets"", ""label"": ""Heavy support load"", ""impact_pp"": 0.9}, {""feature"": ""discount_pct"", ""label"": ""Price sensitive (deep discount)"", ""impact_pp"": 0.4}]",Still early in lifecycle,2026-06-30
49168,Mid-Market,IT Services,Karnataka,Growth,Monthly,21092.0,253104.0,7.0,12.3,42,0.9444444444444444,0.9642857142857144,-0.0847457627118644,2.0,4.5,0.2,1.0,0.0027,0.0107,197421.0,2708.0,0.2,[],No clear signal,2026-06-30
46158,Mid-Market,Hospitality,Maharashtra,Growth,Monthly,21092.0,253104.0,7.0,18.4,42,0.9444444444444444,0.7380952380952381,-0.1896551724137931,5.0,4.4,0.0,1.0,0.0016,0.0065,197421.0,1645.0,0.2,[],No clear signal,2026-06-30
6653,Mid-Market,Education,Maharashtra,Business,Annual,11894.0,142728.0,21.11677100257879,34.0,15,0.7777777777777778,0.9259259259259258,0.5555555555555556,1.0,2.0,0.0,1.0,0.0011,0.0044,111328.0,628.0,0.5,[],No clear signal,2026-06-30
22297,Mid-Market,Agritech,Kerala,Business,Monthly,16504.0,198048.0,7.0,14.5,17,0.7058823529411765,0.8444444444444444,0.0282485875706214,2.0,4.5,0.0,1.0,0.0005,0.0022,154477.0,436.0,0.2,[],No clear signal,2026-06-30
13575,Mid-Market,Manufacturing,Uttar Pradesh,Enterprise,Annual,27310.0,327720.0,22.97940205479317,23.4,21,0.8412698412698413,0.3833333333333333,0.2450980392156862,3.0,4.666666666666667,0.0,1.0,0.0018,0.0072,255622.0,2360.0,1.0,[],No clear signal,2026-06-30
1822,SMB,Retail,Madhya Pradesh,Starter,Annual,991.0,11892.0,11.0,14.7,4,0.5,0.6666666666666666,0.4375,8.0,3.25,0.0,1.0,0.0042,0.0166,9276.0,197.0,0.333,[],No clear signal,2026-06-30
4810,Mid-Market,IT Services,Haryana,Business,Monthly,31839.0,382068.0,12.0,33.9,36,0.8240740740740741,0.8296296296296297,0.0758620689655172,2.0,3.0,0.0,1.0,0.002,0.0079,298013.0,3018.0,0.5,[],No clear signal,2026-06-30
46772,Mid-Market,Financial Services,Tamil Nadu,Business,Annual,43458.0,521496.0,12.0,6.4,50,0.9133333333333332,0.9555555555555556,0.0103092783505154,0.0,4.0,0.0,1.0,0.0,0.0,406767.0,0.0,0.2,[],No clear signal,2026-06-30
49642,SMB,Financial Services,Karnataka,Starter,Monthly,2843.0,34116.0,3.0,15.7,11,0.6363636363636364,0.8888888888888888,0.2347826086956521,3.0,4.333333333333333,0.2,1.0,0.0093,0.0367,26610.0,1252.0,0.0,"[{""feature"": ""tenure_months"", ""label"": ""Still early in lifecycle"", ""impact_pp"": 0.7}]",Still early in lifecycle,2026-06-30
29922,Enterprise,Manufacturing,Kerala,Enterprise,Annual,97089.0,1165068.0,27.24412921824481,26.1,79,0.7130801687763714,0.8833333333333333,0.1984732824427481,10.0,3.9,0.0,1.0,0.0005,0.0022,908753.0,2563.0,0.0,[],No clear signal,2026-06-30
49714,SMB,Retail,Delhi,Growth,Annual,1591.0,19092.0,13.0,14.6,3,0.7777777777777778,0.7857142857142857,0.2777777777777778,1.0,5.0,0.0,1.0,0.0011,0.0044,14892.0,84.0,1.0,[],No clear signal,2026-06-30
42832,Mid-Market,Education,Madhya Pradesh,Business,Annual,54868.0,658416.0,5.0,8.0,59,0.6271186440677966,0.9111111111111112,0.0901639344262295,3.0,3.333333333333333,0.0,1.0,0.0009,0.0036,513564.0,2370.0,0.2,[],No clear signal,2026-06-30
39980,Enterprise,Logistics,Uttar Pradesh,Enterprise,Annual,105534.0,1266408.0,26.94672866275556,2.2,82,0.8577235772357723,0.95,0.0,2.0,5.0,0.0,1.0,0.0,0.0,987798.0,0.0,0.2,[],No clear signal,2026-06-30
31324,SMB,Real Estate,Maharashtra,Growth,Monthly,4217.0,50604.0,10.0,33.3,8,0.7916666666666666,0.8214285714285714,0.0993788819875776,0.0,4.0,0.0,1.0,0.0005,0.0022,39471.0,111.0,0.2,[],No clear signal,2026-06-30
44620,Mid-Market,Retail,Delhi,Growth,Monthly,24455.0,293460.0,15.0,11.9,54,0.969135802469136,0.9642857142857144,-0.1511111111111111,2.0,4.0,0.0,1.0,0.0,0.0,228899.0,0.0,0.2,[],No clear signal,2026-06-30
3966,SMB,Real Estate,Uttar Pradesh,Starter,Monthly,2898.0,34776.0,9.0,15.7,12,0.6944444444444445,0.8333333333333334,0.1900826446280991,0.0,4.0,0.6,1.0,0.002,0.0079,27125.0,275.0,0.2,[],No clear signal,2026-06-30
49808,SMB,Healthcare,Maharashtra,Starter,Monthly,734.0,8808.0,20.061642883870512,10.5,3,1.0,0.8888888888888888,-0.0913705583756345,4.0,4.75,0.0,1.0,0.0005,0.0022,6870.0,19.0,1.0,[],No clear signal,2026-06-30
24261,Mid-Market,Manufacturing,West Bengal,Business,Annual,56211.0,674532.0,19.91309868735465,12.5,74,0.4369369369369369,0.2740740740740741,0.2,7.0,3.4285714285714284,1.0,1.0,0.0493,0.1832,526135.0,123574.0,0.763,"[{""feature"": ""discount_pct"", ""label"": ""Price sensitive (deep discount)"", ""impact_pp"": 2.3}, {""feature"": ""t90_tickets"", ""label"": ""Heavy support load"", ""impact_pp"": 0.7}]",Price sensitive (deep discount),2026-06-30
3263,SMB,Logistics,Kerala,Growth,Annual,3918.0,47016.0,5.0,14.8,7,0.5714285714285714,0.1071428571428571,0.0,1.0,2.0,0.0,1.0,0.0011,0.0044,36672.0,207.0,0.2,[],No clear signal,2026-06-30
12923,Mid-Market,Education,Kerala,Business,Annual,32562.0,390744.0,10.0,38.5,36,0.6481481481481481,0.3629629629629629,0.2,3.0,3.0,0.0,1.0,0.002,0.0079,304780.0,3087.0,0.25,[],No clear signal,2026-06-30
38211,SMB,Education,Maharashtra,Starter,Monthly,3467.0,41604.0,6.0,20.3,14,0.7857142857142857,0.8055555555555555,0.0212765957446808,2.0,3.5,0.4,1.0,0.0061,0.0242,32451.0,1007.0,0.2,[],No clear signal,2026-06-30
34889,SMB,IT Services,Karnataka,Starter,Monthly,1642.0,19704.0,0.0,19.8,6,0.9444444444444444,0.7222222222222222,0.3884297520661157,2.0,4.5,0.2,1.0,0.0011,0.0044,15369.0,87.0,0.2,[],No clear signal,2026-06-30
31005,SMB,Retail,Uttar Pradesh,Growth,Annual,3959.0,47508.0,4.0,40.3,7,0.1428571428571428,0.1785714285714285,-0.2564102564102564,13.0,3.923076923076923,0.0,1.0,0.0119,0.0469,37056.0,2228.0,0.0,"[{""feature"": ""t90_tickets"", ""label"": ""Heavy support load"", ""impact_pp"": 0.5}]",Heavy support load,2026-06-30
41686,SMB,Logistics,Uttar Pradesh,Starter,Monthly,1324.0,15888.0,4.0,13.0,5,0.8,0.8055555555555555,0.4639175257731959,2.0,4.5,0.2,1.0,0.0011,0.0044,12393.0,70.0,0.2,[],No clear signal,2026-06-30
1314,SMB,Manufacturing,Tamil Nadu,Growth,Monthly,5652.0,67824.0,11.0,31.8,11,0.7878787878787878,0.75,0.3925233644859813,0.0,4.0,0.0,1.0,0.0011,0.0044,52903.0,298.0,0.2,[],No clear signal,2026-06-30
1167,SMB,Financial Services,Tamil Nadu,Growth,Annual,3712.0,44544.0,10.0,13.0,7,0.0952380952380952,0.1309523809523809,-0.1111111111111111,13.0,3.076923076923077,1.0,1.0,0.0275,0.1054,34744.0,4695.0,0.0,"[{""feature"": ""t90_tickets"", ""label"": ""Heavy support load"", ""impact_pp"": 1.2}, {""feature"": ""feature_adoption"", ""label"": ""Shallow product adoption"", ""impact_pp"": 0.4}]",Heavy support load,2026-06-30
41508,SMB,Financial Services,Tamil Nadu,Starter,Annual,1269.0,15228.0,8.0,17.5,5,0.8666666666666666,0.6666666666666666,-0.2465753424657534,1.0,4.0,0.0,1.0,0.0011,0.0044,11878.0,67.0,0.2,[],No clear signal,2026-06-30
17072,Mid-Market,Financial Services,Karnataka,Business,Monthly,38010.0,456120.0,20.0,19.3,48,0.9027777777777778,0.6,0.0588235294117647,0.0,4.0,0.0,1.0,0.0024,0.0097,355774.0,4424.0,0.5,[],No clear signal,2026-06-30
35046,SMB,Financial Services,Tamil Nadu,Starter,Annual,1903.0,22836.0,0.0,38.7,7,0.3333333333333333,0.3055555555555555,-0.3103448275862069,2.0,4.0,0.0,1.0,0.0027,0.0107,17812.0,244.0,0.2,[],No clear signal,2026-06-30
3295,Mid-Market,Retail,Karnataka,Growth,Annual,31400.0,376800.0,11.0,43.5,67,0.900497512437811,0.9285714285714286,0.1785714285714285,6.0,4.333333333333333,0.0,1.0,0.0,0.0,293904.0,0.0,0.2,[],No clear signal,2026-06-30
36791,SMB,Education,Kerala,Growth,Monthly,4083.0,48996.0,1.0,43.7,7,0.8571428571428571,0.9523809523809524,0.0738916256157635,3.0,4.333333333333333,0.0,1.0,0.0,0.0,38217.0,0.0,0.2,[],No clear signal,2026-06-30
39535,SMB,IT Services,Delhi,Growth,Annual,1211.0,14532.0,2.0,6.6,2,0.6666666666666666,0.8095238095238095,0.2700729927007299,2.0,4.5,0.0,1.0,0.0,0.0,11335.0,0.0,0.2,[],No clear signal,2026-06-30
46382,SMB,Retail,Maharashtra,Growth,Annual,5219.0,62628.0,10.0,17.2,10,0.9333333333333332,0.9285714285714286,0.0355329949238578,0.0,4.0,0.0,1.0,0.0,0.0,48850.0,0.0,0.2,[],No clear signal,2026-06-30
22110,SMB,Education,Delhi,Starter,Monthly,1200.0,14400.0,13.0,20.6,5,0.8,0.5555555555555556,0.1582278481012658,1.0,4.0,0.0,1.0,0.0011,0.0044,11232.0,63.0,0.0,[],No clear signal,2026-06-30
25920,SMB,Education,Gujarat,Starter,Monthly,3153.0,37836.0,1.0,12.4,12,0.8611111111111112,0.8611111111111112,0.1049382716049382,0.0,4.0,0.4,1.0,0.0011,0.0044,29512.0,166.0,0.2,[],No clear signal,2026-06-30
48159,SMB,Real Estate,Uttar Pradesh,Growth,Monthly,3783.0,45396.0,26.63245311778852,9.6,8,0.9166666666666666,0.7619047619047619,0.2857142857142857,0.0,4.0,0.0,1.0,0.0002,0.0008,35409.0,36.0,1.0,[],No clear signal,2026-06-30
31933,Mid-Market,Logistics,Tamil Nadu,Enterprise,Annual,21955.0,263460.0,26.0117751471434,12.1,16,0.875,0.8333333333333334,-0.0413793103448275,5.0,4.0,1.0,1.0,0.0073,0.029,205499.0,7640.0,0.505,"[{""feature"": ""discount_pct"", ""label"": ""Price sensitive (deep discount)"", ""impact_pp"": 0.5}, {""feature"": ""tenure_months"", ""label"": ""Still early in lifecycle"", ""impact_pp"": 0.5}]",Price sensitive (deep discount),2026-06-30
45220,SMB,Hospitality,Haryana,Starter,Monthly,827.0,9924.0,2.0,3.7,3,0.8888888888888888,0.9166666666666666,1.5192307692307692,3.0,3.6666666666666665,0.25,1.0,0.0046,0.0184,7741.0,183.0,0.0,[],No clear signal,2026-06-30
42176,SMB,IT Services,Telangana,Starter,Monthly,3541.0,42492.0,4.0,22.8,14,0.4761904761904762,0.4444444444444444,-0.2470588235294117,1.0,4.0,0.8,1.0,0.0205,0.0796,33144.0,3382.0,0.226,"[{""feature"": ""feature_adoption"", ""label"": ""Shallow product adoption"", ""impact_pp"": 1.0}, {""feature"": ""late_payment_rate_180d"", ""label"": ""Paying late"", ""impact_pp"": 0.5}]",Shallow product adoption,2026-06-30
49913,SMB,Manufacturing,Tamil Nadu,Growth,Monthly,3547.0,42564.0,14.0,30.3,7,0.7619047619047619,0.4880952380952381,0.1507936507936507,2.0,3.5,0.2,1.0,0.0048,0.019,33200.0,809.0,0.294,[],No clear signal,2026-06-30
19811,SMB,Real Estate,Rajasthan,Growth,Monthly,2958.0,35496.0,1.0,16.6,5,0.8666666666666666,0.9642857142857144,-0.053763440860215,2.0,4.5,0.0,1.0,0.0002,0.0008,27687.0,28.0,0.2,[],No clear signal,2026-06-30
45588,SMB,Agritech,Telangana,Starter,Annual,2033.0,24396.0,6.0,13.7,8,0.875,0.8333333333333334,0.2112676056338028,1.0,3.0,0.0,1.0,0.0002,0.0008,19029.0,20.0,0.0,[],No clear signal,2026-06-30
32995,Mid-Market,Manufacturing,Karnataka,Enterprise,Monthly,23894.0,286728.0,9.0,22.6,15,0.9555555555555556,0.9444444444444444,0.0,8.0,4.5,0.0,1.0,0.0005,0.0022,223648.0,631.0,0.0,[],No clear signal,2026-06-30
44453,SMB,Real Estate,Tamil Nadu,Business,Monthly,3207.0,38484.0,5.0,1.6,3,1.0,0.5111111111111111,0.0,0.0,4.0,0.5,1.0,0.0154,0.0603,30018.0,2321.0,0.333,[],No clear signal,2026-06-30
20457,SMB,Healthcare,Karnataka,Growth,Annual,2267.0,27204.0,6.0,36.9,4,1.0,0.9642857142857144,-0.0561224489795918,0.0,4.0,0.0,1.0,0.0,0.0,21219.0,0.0,0.2,[],No clear signal,2026-06-30
45547,SMB,Retail,Haryana,Growth,Monthly,2014.0,24168.0,18.216999589126427,9.1,4,0.75,0.3928571428571428,-0.175,2.0,4.0,0.4,1.0,0.0213,0.0826,18851.0,1996.0,0.426,"[{""feature"": ""discount_pct"", ""label"": ""Price sensitive (deep discount)"", ""impact_pp"": 0.9}, {""feature"": ""feature_adoption"", ""label"": ""Shallow product adoption"", ""impact_pp"": 0.7}, {""feature"": ""tenure_months"", ""label"": ""Still early in lifecycle"", ""impact_pp"": 0.4}]",Price sensitive (deep discount),2026-06-30
47460,SMB,Logistics,Tamil Nadu,Growth,Annual,6160.0,73920.0,3.0,11.0,11,0.8484848484848485,0.8095238095238095,-0.1298701298701298,1.0,3.0,0.0,1.0,0.0009,0.0036,57658.0,266.0,0.2,[],No clear signal,2026-06-30
11117,Enterprise,Financial Services,Haryana,Business,Annual,164201.0,1970412.0,13.0,21.4,207,0.8953301127214172,0.7037037037037037,-0.1512605042016806,2.0,4.5,0.0,1.0,0.0011,0.0044,1536921.0,8670.0,1.0,[],No clear signal,2026-06-30
31691,SMB,Real Estate,Haryana,Starter,Monthly,2251.0,27012.0,7.0,28.6,9,0.9629629629629628,0.7777777777777778,0.0789473684210526,9.0,4.777777777777778,0.0,1.0,0.0002,0.0008,21069.0,22.0,0.0,[],No clear signal,2026-06-30
32670,Mid-Market,IT Services,Kerala,Growth,Annual,9723.0,116676.0,9.0,25.6,19,0.8421052631578947,0.8571428571428571,-0.0251572327044025,2.0,5.0,0.0,1.0,0.0004,0.0014,91007.0,163.0,0.2,[],No clear signal,2026-06-30
32121,Mid-Market,Manufacturing,Haryana,Growth,Monthly,34824.0,417888.0,4.0,11.3,69,0.5458937198067633,0.8333333333333333,-0.1346153846153846,1.0,3.0,0.4,1.0,0.0216,0.0836,325953.0,34935.0,0.0,"[{""feature"": ""tenure_months"", ""label"": ""Still early in lifecycle"", ""impact_pp"": 0.7}]",Still early in lifecycle,2026-06-30
16284,Enterprise,Healthcare,Kerala,Business,Annual,142657.0,1711884.0,8.0,8.4,168,0.1111111111111111,0.3037037037037037,-0.4166666666666667,15.0,3.0,0.0,1.0,0.0042,0.0165,1335270.0,28246.0,0.2,[],No clear signal,2026-06-30
3583,SMB,Manufacturing,Tamil Nadu,Starter,Annual,530.0,6360.0,7.0,27.1,2,1.0,0.8333333333333334,0.1413612565445026,2.0,4.5,0.0,1.0,0.0,0.0,4961.0,0.0,0.2,[],No clear signal,2026-06-30
21156,SMB,Healthcare,Maharashtra,Business,Monthly,12965.0,155580.0,21.17542049026711,10.0,14,0.8095238095238095,0.9555555555555556,0.5128205128205128,3.0,4.333333333333333,0.0,1.0,0.0012,0.005,121352.0,778.0,1.0,[],No clear signal,2026-06-30
30800,SMB,Manufacturing,Maharashtra,Starter,Annual,2596.0,31152.0,3.0,9.6,10,0.8333333333333334,0.8055555555555555,0.1176470588235294,2.0,5.0,0.0,1.0,0.0011,0.0044,24299.0,137.0,0.2,[],No clear signal,2026-06-30
356,SMB,Healthcare,Haryana,Starter,Monthly,2917.0,35004.0,18.08520360654989,42.2,12,0.5833333333333334,0.3055555555555555,0.2608695652173913,1.0,3.0,0.0,1.0,0.0119,0.0469,27303.0,1642.0,0.447,"[{""feature"": ""feature_adoption"", ""label"": ""Shallow product adoption"", ""impact_pp"": 0.7}, {""feature"": ""discount_pct"", ""label"": ""Price sensitive (deep discount)"", ""impact_pp"": 0.6}]",Shallow product adoption,2026-06-30
2668,SMB,Agritech,Delhi,Starter,Annual,2011.0,24132.0,7.0,3.9,8,0.9166666666666666,0.4166666666666667,1.3409090909090908,2.0,4.0,0.0,1.0,0.0011,0.0044,18823.0,106.0,0.2,[],No clear signal,2026-06-30
28977,SMB,Education,Uttar Pradesh,Growth,Annual,5244.0,62928.0,0.0,13.9,9,0.8888888888888888,0.9285714285714286,-0.010204081632653,2.0,5.0,0.0,1.0,0.0,0.0,49084.0,0.0,0.2,[],No clear signal,2026-06-30
36240,SMB,IT Services,Karnataka,Starter,Monthly,2076.0,24912.0,4.0,2.5,8,0.5833333333333334,0.2777777777777778,0.0,1.0,5.0,0.0,1.0,0.0076,0.0301,19431.0,750.0,0.0,[],No clear signal,2026-06-30
12095,Mid-Market,Healthcare,Karnataka,Business,Annual,44187.0,530244.0,7.0,25.2,48,0.8333333333333334,0.8888888888888888,0.2196969696969697,0.0,4.0,0.0,1.0,0.0004,0.0014,413590.0,742.0,0.2,[],No clear signal,2026-06-30
18057,SMB,Retail,Delhi,Growth,Monthly,4592.0,55104.0,2.0,33.3,8,0.9166666666666666,0.9285714285714286,0.1118421052631579,0.0,4.0,0.0,1.0,0.0011,0.0043,42981.0,237.0,0.2,[],No clear signal,2026-06-30
34795,SMB,Agritech,Maharashtra,Starter,Monthly,3430.0,41160.0,7.0,33.5,14,0.9047619047619048,0.5833333333333334,0.1704545454545454,1.0,3.0,0.2,1.0,0.0048,0.019,32105.0,782.0,0.0,[],No clear signal,2026-06-30
47874,Enterprise,Healthcare,Rajasthan,Business,Annual,118781.0,1425372.0,12.0,34.6,145,0.6160919540229884,0.5185185185185185,1.5,8.0,3.625,0.0,1.0,0.0027,0.0107,1111790.0,15251.0,0.333,[],No clear signal,2026-06-30
3422,Mid-Market,Logistics,Maharashtra,Growth,Monthly,9439.0,113268.0,7.0,22.3,18,0.8333333333333334,0.8095238095238095,0.3434343434343434,0.0,4.0,0.2,1.0,0.0027,0.0107,88349.0,1212.0,0.2,[],No clear signal,2026-06-30
38086,Mid-Market,IT Services,Haryana,Business,Monthly,68496.0,821952.0,10.0,16.8,79,0.8016877637130801,0.8444444444444444,0.5483870967741935,3.0,4.333333333333333,0.0,1.0,0.0018,0.0072,641123.0,5918.0,0.2,[],No clear signal,2026-06-30
41776,SMB,Education,Delhi,Growth,Monthly,1690.0,20280.0,17.147589093184116,26.6,3,0.6666666666666666,0.4642857142857143,0.0114942528735632,3.0,3.333333333333333,0.0,1.0,0.0183,0.0711,15818.0,1442.0,0.494,"[{""feature"": ""discount_pct"", ""label"": ""Price sensitive (deep discount)"", ""impact_pp"": 0.9}, {""feature"": ""feature_adoption"", ""label"": ""Shallow product adoption"", ""impact_pp"": 0.6}]",Price sensitive (deep discount),2026-06-30
27778,Mid-Market,Financial Services,Gujarat,Business,Monthly,25244.0,302928.0,5.0,12.4,26,0.9102564102564104,0.7851851851851852,0.189873417721519,3.0,5.0,0.0,1.0,0.0,0.0,236284.0,0.0,0.2,[],No clear signal,2026-06-30
6134,SMB,Manufacturing,Maharashtra,Starter,Annual,1884.0,22608.0,1.0,22.5,7,0.5238095238095238,0.75,0.0808080808080808,6.0,4.166666666666667,0.0,1.0,0.002,0.0079,17634.0,179.0,0.0,[],No clear signal,2026-06-30
5036,Enterprise,Real Estate,Tamil Nadu,Enterprise,Annual,154699.0,1856388.0,10.0,5.6,109,0.0886850152905198,0.15,-0.2222222222222222,20.0,3.2,0.0,1.0,0.0063,0.0249,1447983.0,46224.0,0.0,[],No clear signal,2026-06-30
1073,SMB,Logistics,Delhi,Business,Monthly,2076.0,24912.0,9.0,13.3,2,1.0,0.9555555555555556,0.0331753554502369,1.0,5.0,0.0,1.0,0.0005,0.0022,19431.0,55.0,0.0,[],No clear signal,2026-06-30
20516,SMB,Real Estate,Tamil Nadu,Growth,Monthly,4545.0,54540.0,3.0,51.7,8,0.9166666666666666,0.9642857142857144,-0.1513761467889908,5.0,4.6,0.0,1.0,0.0004,0.0014,42541.0,76.0,0.2,[],No clear signal,2026-06-30
16905,SMB,Retail,Uttar Pradesh,Starter,Annual,3129.0,37548.0,13.520847342506247,4.8,14,0.2857142857142857,0.4722222222222222,-0.1666666666666666,12.0,2.833333333333333,0.0,1.0,0.0067,0.0267,29287.0,1003.0,0.577,[],No clear signal,2026-06-30
8107,Mid-Market,Real Estate,Kerala,Growth,Annual,25609.0,307308.0,14.0,29.6,56,0.5773809523809524,0.8095238095238095,0.4615384615384615,2.0,4.5,0.0,1.0,0.0009,0.0036,239700.0,1106.0,1.0,[],No clear signal,2026-06-30
27337,Mid-Market,Real Estate,Telangana,Enterprise,Monthly,44664.0,535968.0,6.0,28.9,28,0.880952380952381,0.9388888888888888,0.0366492146596858,2.0,5.0,0.0,1.0,0.0,0.0,418055.0,0.0,0.2,[],No clear signal,2026-06-30
21512,SMB,Logistics,Tamil Nadu,Starter,Annual,473.0,5676.0,17.0,21.3,2,1.0,0.8333333333333334,0.0273972602739726,6.0,4.0,0.0,1.0,0.0011,0.0044,4427.0,25.0,0.0,[],No clear signal,2026-06-30
6362,SMB,Hospitality,Telangana,Starter,Monthly,1123.0,13476.0,25.1516258606038,22.4,5,0.8666666666666666,0.9166666666666666,0.0728155339805825,0.0,4.0,0.0,1.0,0.0002,0.0008,10511.0,11.0,1.0,[],No clear signal,2026-06-30
38766,Mid-Market,Healthcare,Delhi,Business,Monthly,62413.0,748956.0,17.0,35.8,78,0.9230769230769232,0.8592592592592592,-0.112,0.0,4.0,0.2,1.0,0.0042,0.0165,584186.0,12358.0,1.0,[],No clear signal,2026-06-30
15389,SMB,Healthcare,Tamil Nadu,Starter,Monthly,1846.0,22152.0,3.0,20.3,7,0.7142857142857143,0.75,0.1089108910891089,2.0,4.5,0.0,1.0,0.0042,0.0165,17279.0,366.0,0.0,[],No clear signal,2026-06-30
9913,SMB,Retail,Telangana,Growth,Annual,998.0,11976.0,23.886134775481835,28.5,2,0.5,0.880952380952381,0.0891089108910891,9.0,4.0,0.0,1.0,0.0042,0.0165,9341.0,198.0,0.0,[],No clear signal,2026-06-30
10160,SMB,IT Services,Haryana,Starter,Monthly,1338.0,16056.0,3.0,14.7,5,0.3333333333333333,0.3333333333333333,-0.0277777777777777,1.0,3.0,0.2,1.0,0.0321,0.1224,12524.0,1965.0,0.0,"[{""feature"": ""seat_utilisation"", ""label"": ""Seats sitting unused"", ""impact_pp"": 0.7}, {""feature"": ""tenure_months"", ""label"": ""Still early in lifecycle"", ""impact_pp"": 0.6}]",Seats sitting unused,2026-06-30
38197,SMB,Financial Services,Maharashtra,Growth,Monthly,6624.0,79488.0,4.0,10.2,12,0.6944444444444445,0.8928571428571429,0.08130081300813,1.0,4.0,0.2,1.0,0.0038,0.0149,62001.0,1184.0,0.0,[],No clear signal,2026-06-30
7663,Mid-Market,Logistics,Gujarat,Enterprise,Annual,41188.0,494256.0,7.0,14.8,26,0.7435897435897435,0.7388888888888889,-0.0897435897435897,11.0,3.8181818181818175,0.0,1.0,0.0018,0.0072,385520.0,3559.0,0.0,[],No clear signal,2026-06-30
41531,Mid-Market,Education,Tamil Nadu,Enterprise,Monthly,95639.0,1147668.0,8.0,26.0,64,0.7083333333333334,0.788888888888889,0.3392857142857143,5.0,4.4,0.4,1.0,0.0139,0.0546,895181.0,62663.0,0.5,[],No clear signal,2026-06-30
10591,SMB,Retail,Tamil Nadu,Starter,Monthly,2569.0,30828.0,4.0,12.8,10,0.9333333333333332,0.9166666666666666,0.2387096774193548,2.0,5.0,0.0,1.0,0.0,0.0,24046.0,0.0,0.2,[],No clear signal,2026-06-30
24087,SMB,Financial Services,Kerala,Business,Monthly,7233.0,86796.0,5.0,7.2,7,0.1428571428571428,0.6,0.25,5.0,3.8,0.2,1.0,0.0453,0.1693,67701.0,14695.0,0.0,"[{""feature"": ""seat_utilisation"", ""label"": ""Seats sitting unused"", ""impact_pp"": 0.5}]",Seats sitting unused,2026-06-30
18682,Mid-Market,Hospitality,Tamil Nadu,Growth,Annual,21059.0,252708.0,5.0,12.3,41,0.8373983739837398,0.3571428571428571,0.3611111111111111,4.0,3.25,1.0,1.0,0.0119,0.0469,197112.0,11852.0,0.0,"[{""feature"": ""tenure_months"", ""label"": ""Still early in lifecycle"", ""impact_pp"": 0.5}]",Still early in lifecycle,2026-06-30
47391,SMB,Education,Tamil Nadu,Starter,Monthly,1884.0,22608.0,1.0,2.0,7,0.6428571428571429,0.6666666666666666,0.0,2.0,3.5,0.0,1.0,0.0163,0.0635,17634.0,1436.0,0.0,"[{""feature"": ""tenure_months"", ""label"": ""Still early in lifecycle"", ""impact_pp"": 0.9}]",Still early in lifecycle,2026-06-30
9794,SMB,Real Estate,Tamil Nadu,Starter,Monthly,1990.0,23880.0,8.0,3.3,8,0.875,0.9166666666666666,2.4318181818181817,3.0,3.6666666666666665,0.0,1.0,0.0032,0.0129,18626.0,308.0,0.0,[],No clear signal,2026-06-30
5468,SMB,Hospitality,Karnataka,Growth,Annual,4217.0,50604.0,10.0,16.8,8,0.875,0.7976190476190476,-0.088235294117647,0.0,4.0,0.0,1.0,0.0,0.0,39471.0,0.0,0.2,[],No clear signal,2026-06-30
36081,SMB,Logistics,Madhya Pradesh,Growth,Annual,7352.0,88224.0,8.0,7.1,14,0.2619047619047619,0.2261904761904762,2.8,7.0,3.4285714285714284,0.0,1.0,0.0057,0.0224,68815.0,1976.0,0.125,[],No clear signal,2026-06-30
29667,Enterprise,Real Estate,Kerala,Business,Monthly,82879.0,994548.0,12.0,43.9,99,0.9831649831649832,0.9555555555555556,0.0585106382978723,1.0,5.0,0.0,1.0,0.0,0.0,775747.0,0.0,0.2,[],No clear signal,2026-06-30
20493,SMB,Manufacturing,Gujarat,Growth,Monthly,4592.0,55104.0,2.0,23.2,8,0.8333333333333334,0.9642857142857144,-0.1099476439790576,1.0,5.0,0.0,1.0,0.002,0.0079,42981.0,435.0,0.0,[],No clear signal,2026-06-30
16664,SMB,Hospitality,Karnataka,Growth,Annual,2009.0,24108.0,13.125663118764717,20.0,4,0.9166666666666666,0.6904761904761905,0.2419354838709677,13.0,4.153846153846154,0.0,1.0,0.002,0.0079,18804.0,190.0,0.0,[],No clear signal,2026-06-30
24563,SMB,Hospitality,Karnataka,Starter,Monthly,1846.0,22152.0,3.0,20.9,7,0.8571428571428571,0.7777777777777778,0.1238938053097345,2.0,3.5,0.0,1.0,0.0011,0.0044,17279.0,97.0,0.2,[],No clear signal,2026-06-30
48538,SMB,Healthcare,Kerala,Starter,Annual,776.0,9312.0,8.0,33.1,3,1.0,0.9166666666666666,-0.0841584158415841,1.0,5.0,0.0,1.0,0.0,0.0,7263.0,0.0,0.2,[],No clear signal,2026-06-30
31245,Mid-Market,Logistics,Delhi,Enterprise,Annual,91395.0,1096740.0,8.0,5.4,61,0.5409836065573771,0.4,0.0,2.0,4.0,0.0,1.0,0.002,0.0079,855457.0,8664.0,0.0,[],No clear signal,2026-06-30
49249,Enterprise,Healthcare,Gujarat,Business,Annual,66172.0,794064.0,12.0,47.8,78,0.9444444444444444,0.7333333333333333,0.0869565217391304,0.0,4.0,0.0,1.0,0.0,0.0,619370.0,0.0,0.2,[],No clear signal,2026-06-30
23169,SMB,Real Estate,Haryana,Starter,Monthly,2372.0,28464.0,2.0,31.0,9,0.5925925925925926,0.3333333333333333,0.0416666666666666,3.0,4.333333333333333,0.0,1.0,0.0086,0.034,22202.0,968.0,0.0,[],No clear signal,2026-06-30
41601,SMB,Healthcare,Tamil Nadu,Starter,Annual,559.0,6708.0,2.0,24.3,2,0.5,0.1388888888888889,-0.2222222222222222,7.0,3.0,1.0,1.0,0.0162,0.0632,5232.0,424.0,0.0,"[{""feature"": ""feature_adoption"", ""label"": ""Shallow product adoption"", ""impact_pp"": 0.5}]",Shallow product adoption,2026-06-30
31286,Enterprise,IT Services,Tamil Nadu,Enterprise,Annual,213507.0,2562084.0,15.0,39.1,163,0.2208588957055214,0.2333333333333333,-0.1111111111111111,10.0,3.4,0.0,1.0,0.029,0.1109,1998426.0,284135.0,0.0,"[{""feature"": ""t90_tickets"", ""label"": ""Heavy support load"", ""impact_pp"": 0.7}, {""feature"": ""feature_adoption"", ""label"": ""Shallow product adoption"", ""impact_pp"": 0.6}, {""feature"": ""seat_utilisation"", ""label"": ""Seats sitting unused"", ""impact_pp"": 0.4}]",Heavy support load,2026-06-30
21288,SMB,Education,Maharashtra,Starter,Monthly,3467.0,41604.0,6.0,12.1,14,0.9285714285714286,0.8611111111111112,-0.064516129032258,0.0,4.0,0.0,1.0,0.0,0.0,32451.0,0.0,0.2,[],No clear signal,2026-06-30
40219,SMB,Hospitality,Rajasthan,Growth,Annual,2958.0,35496.0,1.0,18.2,5,0.8666666666666666,0.7619047619047619,0.0824175824175824,1.0,4.0,0.0,1.0,0.0,0.0,27687.0,0.0,0.2,[],No clear signal,2026-06-30
738,Enterprise,Real Estate,Rajasthan,Business,Annual,151471.0,1817652.0,7.0,29.8,177,0.5668549905838041,0.3333333333333333,-0.1376146788990825,6.0,4.166666666666667,0.0,1.0,0.0011,0.0044,1417769.0,7998.0,0.2,[],No clear signal,2026-06-30
9724,Mid-Market,Agritech,Delhi,Growth,Monthly,24644.0,295728.0,21.95437992543301,17.7,54,0.8518518518518519,0.9166666666666669,-0.0197368421052631,4.0,4.25,0.0,1.0,0.0027,0.0108,230668.0,3194.0,0.908,[],No clear signal,2026-06-30
49707,Enterprise,Real Estate,Tamil Nadu,Business,Annual,68348.0,820176.0,23.45741865004345,12.9,87,0.9042145593869731,0.9407407407407408,0.1565656565656565,1.0,4.0,0.0,1.0,0.0,0.0,639737.0,0.0,0.2,[],No clear signal,2026-06-30
25818,Mid-Market,IT Services,Maharashtra,Business,Annual,61226.0,734712.0,6.0,14.9,67,0.4676616915422885,0.4592592592592593,-0.0833333333333333,5.0,3.8,0.0,1.0,0.0027,0.0107,573075.0,7861.0,0.0,[],No clear signal,2026-06-30
20947,SMB,Logistics,Uttar Pradesh,Starter,Annual,1057.0,12684.0,5.0,14.3,4,1.0,0.9166666666666666,0.1875,1.0,5.0,0.0,1.0,0.0,0.0,9894.0,0.0,0.2,[],No clear signal,2026-06-30
1125,SMB,Education,Tamil Nadu,Starter,Annual,1283.0,15396.0,7.0,3.6,5,0.9333333333333332,0.9166666666666666,2.43859649122807,0.0,4.0,1.0,1.0,0.0,0.0,12009.0,0.0,0.2,[],No clear signal,2026-06-30
4480,SMB,Hospitality,Karnataka,Growth,Monthly,5017.0,60204.0,21.0,3.7,11,0.5757575757575757,0.6547619047619048,1.0,2.0,3.5,0.25,1.0,0.0465,0.1734,46959.0,10439.0,0.688,"[{""feature"": ""discount_pct"", ""label"": ""Price sensitive (deep discount)"", ""impact_pp"": 3.4}, {""feature"": ""feature_adoption"", ""label"": ""Shallow product adoption"", ""impact_pp"": 1.0}, {""feature"": ""tenure_months"", ""label"": ""Still early in lifecycle"", ""impact_pp"": 0.5}]",Price sensitive (deep discount),2026-06-30
31775,Mid-Market,Healthcare,Rajasthan,Growth,Monthly,14322.0,171864.0,4.0,11.3,27,0.7283950617283951,0.8214285714285714,0.2019230769230769,0.0,4.0,0.0,1.0,0.0018,0.0072,134054.0,1237.0,0.2,[],No clear signal,2026-06-30
290,SMB,Education,Haryana,Starter,Annual,530.0,6360.0,7.0,6.2,2,0.5,0.638888888888889,0.2542372881355932,4.0,4.25,0.0,1.0,0.0011,0.0044,4961.0,28.0,0.2,[],No clear signal,2026-06-30
38906,Mid-Market,IT Services,West Bengal,Enterprise,Monthly,101271.0,1215252.0,4.0,27.6,65,0.5897435897435898,0.5944444444444444,-0.0625,1.0,4.0,0.0,1.0,0.0061,0.0242,947897.0,29409.0,0.2,[],No clear signal,2026-06-30
15639,SMB,Education,Uttar Pradesh,Starter,Monthly,2521.0,30252.0,14.0,11.3,11,0.9090909090909092,0.9166666666666666,0.0681818181818181,0.0,4.0,0.2,1.0,0.0011,0.0044,23597.0,133.0,0.2,[],No clear signal,2026-06-30
28746,SMB,Education,Haryana,Business,Monthly,7538.0,90456.0,1.0,9.5,7,0.7619047619047619,0.9555555555555556,-0.0366492146596858,1.0,4.0,0.0,1.0,0.0005,0.0022,70556.0,199.0,0.2,[],No clear signal,2026-06-30
49099,Mid-Market,Hospitality,Haryana,Growth,Monthly,17144.0,205728.0,5.0,10.0,33,0.7676767676767676,0.9642857142857144,0.0621468926553672,0.0,4.0,0.4,1.0,0.0011,0.0044,160468.0,905.0,0.2,[],No clear signal,2026-06-30
3262,Mid-Market,Financial Services,Karnataka,Growth,Annual,31147.0,373764.0,5.0,31.2,62,0.3709677419354839,0.4523809523809524,-0.125,13.0,4.076923076923077,0.0,1.0,0.0054,0.0213,291536.0,7961.0,0.0,[],No clear signal,2026-06-30
35071,Mid-Market,Retail,Maharashtra,Growth,Monthly,25348.0,304176.0,7.0,10.2,51,0.9084967320261438,0.8452380952380952,0.0896551724137931,1.0,5.0,0.0,1.0,0.0,0.0,237257.0,0.0,0.2,[],No clear signal,2026-06-30
7430,SMB,Healthcare,Kerala,Starter,Monthly,1527.0,18324.0,7.0,49.4,6,0.5,0.5,0.1904761904761904,2.0,3.5,0.2,1.0,0.0249,0.0958,14293.0,1755.0,0.323,"[{""feature"": ""feature_adoption"", ""label"": ""Shallow product adoption"", ""impact_pp"": 0.5}, {""feature"": ""discount_pct"", ""label"": ""Price sensitive (deep discount)"", ""impact_pp"": 0.4}]",Shallow product adoption,2026-06-30
27689,SMB,Healthcare,Karnataka,Growth,Annual,6417.0,77004.0,7.0,19.9,12,0.8888888888888888,0.869047619047619,0.1568627450980392,5.0,3.4,0.0,1.0,0.0,0.0,60063.0,0.0,0.2,[],No clear signal,2026-06-30
44577,SMB,Healthcare,Madhya Pradesh,Starter,Annual,559.0,6708.0,2.0,24.9,2,0.5,0.8333333333333334,0.0,3.0,4.0,0.0,1.0,0.002,0.0079,5232.0,53.0,0.2,[],No clear signal,2026-06-30
47872,Mid-Market,IT Services,Karnataka,Business,Monthly,13864.0,166368.0,12.0,1.4,15,0.7333333333333333,0.5444444444444444,0.0,0.0,4.0,0.0,1.0,0.0115,0.0451,129767.0,7503.0,0.387,"[{""feature"": ""feature_adoption"", ""label"": ""Shallow product adoption"", ""impact_pp"": 0.6}, {""feature"": ""discount_pct"", ""label"": ""Price sensitive (deep discount)"", ""impact_pp"": 0.5}]",Shallow product adoption,2026-06-30
21751,Mid-Market,Financial Services,West Bengal,Business,Monthly,15747.0,188964.0,6.0,35.0,16,0.625,0.8222222222222222,0.5757575757575758,0.0,4.0,0.4,1.0,0.0162,0.0632,147392.0,11943.0,0.2,[],No clear signal,2026-06-30
30559,SMB,Real Estate,West Bengal,Business,Annual,5858.0,70296.0,18.748876234269623,9.4,7,0.7619047619047619,0.3037037037037037,-0.3611111111111111,3.0,3.0,0.0,1.0,0.0227,0.0877,54831.0,6165.0,0.452,"[{""feature"": ""discount_pct"", ""label"": ""Price sensitive (deep discount)"", ""impact_pp"": 1.9}, {""feature"": ""tenure_months"", ""label"": ""Still early in lifecycle"", ""impact_pp"": 1.4}]",Price sensitive (deep discount),2026-06-30
3285,Mid-Market,Education,Delhi,Enterprise,Monthly,106645.0,1279740.0,7.0,31.5,71,0.9154929577464788,0.9388888888888888,-0.050251256281407,8.0,4.75,0.0,1.0,0.0002,0.0008,998197.0,1024.0,0.0,[],No clear signal,2026-06-30
6250,SMB,Agritech,Gujarat,Starter,Annual,2033.0,24396.0,6.0,24.3,8,0.4583333333333333,0.3055555555555555,-0.5555555555555556,11.0,3.727272727272727,0.0,1.0,0.0448,0.1674,19029.0,4084.0,0.0,"[{""feature"": ""t90_tickets"", ""label"": ""Heavy support load"", ""impact_pp"": 2.9}]",Heavy support load,2026-06-30
11410,SMB,IT Services,Maharashtra,Starter,Monthly,3025.0,36300.0,5.0,5.3,12,0.75,0.3333333333333333,0.0987654320987654,1.0,3.0,0.2,1.0,0.0083,0.0329,28314.0,1194.0,0.0,[],No clear signal,2026-06-30
31544,Mid-Market,Manufacturing,Karnataka,Business,Monthly,63622.0,763464.0,5.0,12.6,69,0.7439613526570049,0.5481481481481482,-0.1351351351351351,0.0,4.0,0.2,1.0,0.0027,0.0107,595502.0,8169.0,0.2,[],No clear signal,2026-06-30
33351,SMB,Agritech,Madhya Pradesh,Growth,Annual,4545.0,54540.0,3.0,8.7,8,0.625,0.5476190476190477,0.3247863247863248,0.0,4.0,0.0,1.0,0.0006,0.0022,42541.0,120.0,0.0,[],No clear signal,2026-06-30
24829,SMB,Manufacturing,Madhya Pradesh,Growth,Monthly,7671.0,92052.0,4.0,20.9,14,0.4761904761904762,0.6071428571428571,0.1764705882352941,2.0,4.0,0.0,1.0,0.016,0.0626,71801.0,5762.0,0.0,"[{""feature"": ""feature_adoption"", ""label"": ""Shallow product adoption"", ""impact_pp"": 0.6}]",Shallow product adoption,2026-06-30
30839,Enterprise,Education,Maharashtra,Enterprise,Annual,256496.0,3077952.0,22.0,11.7,217,0.815668202764977,0.5944444444444444,0.4177215189873418,1.0,5.0,0.0,1.0,0.0011,0.0044,2400803.0,13543.0,0.2,[],No clear signal,2026-06-30
25328,Mid-Market,Hospitality,Karnataka,Enterprise,Annual,75903.0,910836.0,6.0,1.7,49,0.1428571428571428,0.1916666666666666,0.0,3.0,4.333333333333333,1.0,1.0,0.0088,0.0347,710452.0,31606.0,0.256,"[{""feature"": ""feature_adoption"", ""label"": ""Shallow product adoption"", ""impact_pp"": 0.4}]",Shallow product adoption,2026-06-30
32811,Mid-Market,Hospitality,Maharashtra,Business,Monthly,29200.0,350400.0,7.0,24.2,31,0.6559139784946236,0.5407407407407407,0.4509803921568627,1.0,4.0,0.4,1.0,0.0156,0.0608,273312.0,21304.0,0.02,"[{""feature"": ""feature_adoption"", ""label"": ""Shallow product adoption"", ""impact_pp"": 0.6}]",Shallow product adoption,2026-06-30
27588,SMB,Financial Services,Karnataka,Business,Annual,2918.0,35016.0,21.281166925789503,25.2,3,1.0,0.5555555555555556,0.0136986301369863,0.0,4.0,0.0,1.0,0.0011,0.0044,27312.0,154.0,0.0,[],No clear signal,2026-06-30
11877,SMB,IT Services,Gujarat,Starter,Annual,3059.0,36708.0,11.0,32.3,13,0.4102564102564102,0.4166666666666667,-0.4918032786885246,4.0,3.5,0.0,1.0,0.0042,0.0165,28632.0,606.0,0.333,[],No clear signal,2026-06-30
24733,SMB,Healthcare,West Bengal,Growth,Monthly,7831.0,93972.0,2.0,25.4,14,0.7619047619047619,0.7857142857142857,0.0888888888888888,0.0,4.0,0.0,1.0,0.0018,0.0072,73298.0,677.0,0.2,[],No clear signal,2026-06-30
37476,SMB,Manufacturing,Maharashtra,Growth,Annual,2958.0,35496.0,1.0,24.4,5,0.6,0.7023809523809524,-0.2897196261682243,1.0,4.0,0.0,1.0,0.0011,0.0044,27687.0,156.0,0.2,[],No clear signal,2026-06-30
27248,Mid-Market,Healthcare,Maharashtra,Business,Monthly,31546.0,378552.0,19.07205763293155,12.4,40,0.9583333333333334,0.8814814814814814,0.3458646616541353,0.0,4.0,0.2,1.0,0.0011,0.0044,295271.0,1666.0,1.0,[],No clear signal,2026-06-30
44851,SMB,IT Services,Kerala,Starter,Annual,485.0,5820.0,15.0,26.6,2,1.0,0.9166666666666666,0.032,1.0,4.0,1.0,1.0,0.0011,0.0044,4540.0,26.0,0.2,[],No clear signal,2026-06-30
42428,SMB,Education,Kerala,Growth,Monthly,2868.0,34416.0,4.0,30.3,5,0.8,0.511904761904762,-0.0840336134453781,0.0,4.0,0.4,1.0,0.0119,0.0469,26844.0,1614.0,0.0,"[{""feature"": ""feature_adoption"", ""label"": ""Shallow product adoption"", ""impact_pp"": 0.7}]",Shallow product adoption,2026-06-30
8371,SMB,Hospitality,West Bengal,Starter,Monthly,2484.0,29808.0,19.04188788865482,4.0,11,0.8787878787878788,0.9166666666666666,3.0,2.0,4.0,0.0,1.0,0.0,0.0,23250.0,0.0,0.2,[],No clear signal,2026-06-30
19468,SMB,Real Estate,Telangana,Starter,Monthly,2707.0,32484.0,15.0,44.1,12,0.611111111111111,0.5833333333333334,0.7941176470588235,2.0,3.5,0.0,1.0,0.023,0.0887,25338.0,2881.0,0.68,"[{""feature"": ""discount_pct"", ""label"": ""Price sensitive (deep discount)"", ""impact_pp"": 1.7}, {""feature"": ""feature_adoption"", ""label"": ""Shallow product adoption"", ""impact_pp"": 0.4}]",Price sensitive (deep discount),2026-06-30
36833,Mid-Market,Logistics,Karnataka,Business,Annual,40758.0,489096.0,19.0,22.6,51,0.4967320261437908,0.4962962962962963,0.25,1.0,3.0,0.0,1.0,0.0027,0.0107,381495.0,5233.0,0.642,[],No clear signal,2026-06-30
32536,SMB,Education,Maharashtra,Business,Monthly,12101.0,145212.0,5.0,20.6,12,0.3055555555555555,0.437037037037037,0.4,1.0,3.0,0.0,1.0,0.0348,0.1321,113265.0,19183.0,0.0,"[{""feature"": ""seat_utilisation"", ""label"": ""Seats sitting unused"", ""impact_pp"": 1.4}, {""feature"": ""feature_adoption"", ""label"": ""Shallow product adoption"", ""impact_pp"": 1.1}]",Seats sitting unused,2026-06-30
40736,Mid-Market,Healthcare,Gujarat,Enterprise,Annual,52750.0,633000.0,5.0,14.8,33,0.7575757575757576,0.7611111111111111,0.2073170731707317,3.0,3.0,0.0,1.0,0.0009,0.0036,493740.0,2279.0,0.2,[],No clear signal,2026-06-30
25666,Mid-Market,Healthcare,Gujarat,Enterprise,Monthly,70736.0,848832.0,7.0,34.6,46,0.753623188405797,0.711111111111111,-0.2344827586206896,2.0,3.5,0.0,1.0,0.0054,0.0213,662089.0,18080.0,0.5,[],No clear signal,2026-06-30
23469,Enterprise,Real Estate,Maharashtra,Enterprise,Annual,221967.0,2663604.0,9.0,15.7,158,0.9177215189873418,0.9277777777777776,-0.0509259259259259,1.0,5.0,0.0,1.0,0.0,0.0,2077611.0,0.0,0.2,[],No clear signal,2026-06-30
7979,Enterprise,Retail,Telangana,Enterprise,Annual,202819.0,2433828.0,11.0,27.2,147,0.7709750566893424,0.75,0.5540540540540541,0.0,4.0,0.0,1.0,0.0009,0.0036,1898386.0,8762.0,1.0,[],No clear signal,2026-06-30
24244,Mid-Market,Financial Services,Telangana,Business,Annual,15320.0,183840.0,16.972920447949928,23.0,17,0.5490196078431373,0.7185185185185186,-0.3188405797101449,7.0,4.285714285714286,0.0,1.0,0.0357,0.1352,143395.0,24855.0,0.292,"[{""feature"": ""t90_tickets"", ""label"": ""Heavy support load"", ""impact_pp"": 2.3}, {""feature"": ""discount_pct"", ""label"": ""Price sensitive (deep discount)"", ""impact_pp"": 2.1}, {""feature"": ""feature_adoption"", ""label"": ""Shallow product adoption"", ""impact_pp"": 1.5}]",Heavy support load,2026-06-30
9836,Mid-Market,Healthcare,Uttar Pradesh,Business,Monthly,65536.0,786432.0,6.0,42.9,72,0.6435185185185186,0.5037037037037038,-0.0930232558139534,1.0,5.0,0.0,1.0,0.0027,0.0107,613417.0,8415.0,0.2,[],No clear signal,2026-06-30
49720,SMB,Education,Kerala,Starter,Monthly,3265.0,39180.0,5.0,7.6,13,0.7948717948717949,0.8611111111111112,-0.1470588235294117,0.0,4.0,0.2,1.0,0.0027,0.0107,30560.0,419.0,0.2,[],No clear signal,2026-06-30
17993,Mid-Market,Manufacturing,Karnataka,Enterprise,Monthly,69976.0,839712.0,8.0,40.6,46,0.8405797101449275,0.7777777777777778,-0.1116279069767441,1.0,4.0,0.0,1.0,0.0014,0.0057,654975.0,4786.0,0.2,[],No clear signal,2026-06-30
43477,Mid-Market,Agritech,Gujarat,Growth,Monthly,9519.0,114228.0,19.0,4.9,21,0.8412698412698413,0.619047619047619,0.1592920353982301,3.0,4.0,0.4,1.0,0.015,0.0585,89098.0,6682.0,0.541,"[{""feature"": ""discount_pct"", ""label"": ""Price sensitive (deep discount)"", ""impact_pp"": 0.5}]",Price sensitive (deep discount),2026-06-30
25235,SMB,Manufacturing,Haryana,Growth,Annual,2928.0,35136.0,2.0,37.7,5,0.2666666666666666,0.5476190476190477,-0.6,6.0,3.8333333333333335,1.0,1.0,0.0144,0.0565,27406.0,1985.0,0.0,[],No clear signal,2026-06-30
10973,Mid-Market,IT Services,Gujarat,Growth,Annual,16982.0,203784.0,11.0,15.9,35,0.5238095238095237,0.1666666666666666,0.2222222222222222,8.0,3.25,1.0,1.0,0.0119,0.0469,158952.0,9557.0,0.041,"[{""feature"": ""t90_avg_resolution_h"", ""label"": ""Slow ticket resolution"", ""impact_pp"": 0.6}]",Slow ticket resolution,2026-06-30
42719,Enterprise,Real Estate,Rajasthan,Enterprise,Annual,92642.0,1111704.0,17.0,16.5,69,0.9227053140096618,0.95,0.1122994652406417,8.0,4.5,0.0,1.0,0.0002,0.0008,867129.0,889.0,0.0,[],No clear signal,2026-06-30
14732,SMB,Real Estate,Karnataka,Growth,Monthly,3217.0,38604.0,22.0,23.3,7,0.8095238095238095,0.8095238095238095,-0.1645569620253164,0.0,4.0,0.0,1.0,0.01,0.0394,30111.0,1521.0,0.831,"[{""feature"": ""discount_pct"", ""label"": ""Price sensitive (deep discount)"", ""impact_pp"": 0.7}]",Price sensitive (deep discount),2026-06-30
31201,SMB,IT Services,Gujarat,Growth,Annual,6072.0,72864.0,12.0,7.4,12,0.638888888888889,0.5357142857142857,0.5263157894736842,4.0,3.25,0.0,1.0,0.0027,0.0107,56834.0,780.0,1.0,[],No clear signal,2026-06-30
3835,SMB,Education,Karnataka,Growth,Monthly,7352.0,88224.0,8.0,17.3,14,0.9523809523809524,0.5714285714285714,0.0787878787878787,1.0,5.0,0.0,1.0,0.0,0.0,68815.0,0.0,0.2,[],No clear signal,2026-06-30
30229,Enterprise,Education,Haryana,Enterprise,Monthly,215516.0,2586192.0,28.404540820951816,28.4,179,0.905027932960894,0.8333333333333334,-0.0833333333333333,1.0,4.0,0.2,1.0,0.0035,0.0138,2017230.0,35689.0,1.0,[],No clear signal,2026-06-30
37460,Enterprise,Healthcare,Haryana,Enterprise,Monthly,281043.0,3372516.0,9.0,33.1,203,0.5894909688013137,0.7222222222222222,0.3333333333333333,4.0,3.5,0.2,1.0,0.0247,0.0952,2630562.0,321064.0,0.341,"[{""feature"": ""t90_tickets"", ""label"": ""Heavy support load"", ""impact_pp"": 0.9}, {""feature"": ""discount_pct"", ""label"": ""Price sensitive (deep discount)"", ""impact_pp"": 0.9}]",Heavy support load,2026-06-30
27315,SMB,Retail,West Bengal,Starter,Monthly,3121.0,37452.0,2.0,13.9,12,0.4444444444444444,0.5,-0.2051282051282051,3.0,3.6666666666666665,0.0,1.0,0.0134,0.0527,29213.0,1974.0,0.0,"[{""feature"": ""feature_adoption"", ""label"": ""Shallow product adoption"", ""impact_pp"": 0.7}]",Shallow product adoption,2026-06-30
44580,Mid-Market,Agritech,Tamil Nadu,Enterprise,Annual,26546.0,318552.0,15.0,3.6,18,0.7777777777777778,0.6055555555555556,1.1578947368421053,1.0,3.0,0.0,1.0,0.002,0.0079,248471.0,2517.0,0.5,[],No clear signal,2026-06-30
34291,SMB,Real Estate,Gujarat,Growth,Annual,3959.0,47508.0,4.0,7.4,7,0.1904761904761904,0.4761904761904762,-0.1428571428571428,7.0,3.2857142857142856,0.0,1.0,0.0046,0.0184,37056.0,874.0,0.0,[],No clear signal,2026-06-30
32531,Enterprise,Education,Madhya Pradesh,Business,Annual,123081.0,1476972.0,7.0,25.7,142,0.7934272300469484,0.8296296296296297,0.0,2.0,5.0,0.0,1.0,0.0,0.0,1152038.0,0.0,0.2,[],No clear signal,2026-06-30
2939,Enterprise,IT Services,Karnataka,Enterprise,Annual,197739.0,2372868.0,31.27766895238743,18.7,166,0.142570281124498,0.5888888888888889,-0.25,5.0,3.2,0.0,1.0,0.0207,0.0802,1850837.0,190304.0,0.882,"[{""feature"": ""discount_pct"", ""label"": ""Price sensitive (deep discount)"", ""impact_pp"": 1.8}]",Price sensitive (deep discount),2026-06-30
21170,SMB,Hospitality,Gujarat,Starter,Annual,2081.0,24972.0,14.0,15.6,9,0.2222222222222222,0.75,-0.2258064516129032,2.0,3.5,0.0,1.0,0.0061,0.0242,19478.0,604.0,0.638,[],No clear signal,2026-06-30
32544,SMB,Financial Services,Gujarat,Growth,Annual,7272.0,87264.0,9.0,2.7,14,0.3095238095238095,0.7023809523809524,0.0,5.0,3.4,0.0,1.0,0.0027,0.0107,68066.0,934.0,0.2,[],No clear signal,2026-06-30
18130,Mid-Market,Manufacturing,Telangana,Business,Monthly,64675.0,776100.0,6.0,48.5,71,1.0,0.4888888888888889,0.0212765957446808,0.0,4.0,0.0,1.0,0.0002,0.0008,605358.0,621.0,0.2,[],No clear signal,2026-06-30
17794,Mid-Market,Education,Telangana,Growth,Annual,10365.0,124380.0,3.0,22.3,19,0.7719298245614035,0.5833333333333333,0.6744186046511628,1.0,3.0,0.0,1.0,0.0011,0.0044,97016.0,547.0,0.2,[],No clear signal,2026-06-30
36351,SMB,Real Estate,Gujarat,Starter,Annual,1789.0,21468.0,6.0,2.5,7,0.8571428571428571,0.7777777777777778,0.0,0.0,4.0,0.0,1.0,0.0,0.0,16745.0,0.0,0.2,[],No clear signal,2026-06-30
29367,Mid-Market,Manufacturing,Karnataka,Growth,Monthly,10306.0,123672.0,15.776283536444412,34.7,22,0.8333333333333333,0.880952380952381,0.0843373493975903,4.0,3.5,0.0,1.0,0.0005,0.0022,96464.0,272.0,0.2,[],No clear signal,2026-06-30
41212,SMB,Manufacturing,West Bengal,Business,Monthly,5978.0,71736.0,9.0,8.3,6,0.8333333333333334,0.8222222222222222,0.0703125,2.0,5.0,0.0,1.0,0.0009,0.0036,55954.0,258.0,0.2,[],No clear signal,2026-06-30
29939,SMB,Financial Services,Gujarat,Starter,Annual,1925.0,23100.0,11.0,53.7,8,0.5,0.3888888888888889,-0.2962962962962963,2.0,4.0,0.0,1.0,0.01,0.0393,18018.0,908.0,0.396,[],No clear signal,2026-06-30
47527,SMB,Logistics,Maharashtra,Growth,Monthly,4452.0,53424.0,5.0,27.1,8,0.7916666666666666,0.3571428571428571,0.5384615384615384,2.0,4.0,0.0,1.0,0.0042,0.0165,41671.0,881.0,0.0,[],No clear signal,2026-06-30
28987,Mid-Market,Manufacturing,Madhya Pradesh,Growth,Annual,31400.0,376800.0,11.0,26.6,67,0.582089552238806,0.4404761904761905,-0.3043478260869565,2.0,4.5,0.0,1.0,0.0018,0.0072,293904.0,2713.0,0.2,[],No clear signal,2026-06-30
46659,SMB,Retail,Tamil Nadu,Starter,Monthly,1256.0,15072.0,19.03438681758803,25.7,5,1.0,0.8888888888888888,0.1358024691358024,1.0,5.0,0.0,1.0,0.0002,0.0008,11756.0,12.0,1.0,[],No clear signal,2026-06-30
22217,SMB,Healthcare,West Bengal,Growth,Annual,6831.0,81972.0,1.0,22.5,12,0.9722222222222222,0.8928571428571429,-0.1538461538461538,0.0,4.0,0.0,1.0,0.0,0.0,63938.0,0.0,0.2,[],No clear signal,2026-06-30
13213,Mid-Market,Financial Services,Delhi,Business,Annual,44187.0,530244.0,7.0,13.0,48,0.3055555555555555,0.3703703703703704,-0.2903225806451613,4.0,3.5,1.0,1.0,0.0057,0.0224,413590.0,11877.0,0.0,[],No clear signal,2026-06-30
41075,SMB,IT Services,Rajasthan,Business,Annual,1894.0,22728.0,17.0,3.2,2,0.0,0.7407407407407408,1.32,6.0,3.8333333333333335,0.0,1.0,0.0042,0.0165,17728.0,375.0,0.758,[],No clear signal,2026-06-30
33856,SMB,Real Estate,Tamil Nadu,Growth,Annual,2749.0,32988.0,8.0,29.1,5,0.2,0.4166666666666666,-0.3333333333333333,6.0,3.333333333333333,0.0,1.0,0.0212,0.082,25731.0,2705.0,0.0,[],No clear signal,2026-06-30
4108,Enterprise,Financial Services,Haryana,Enterprise,Monthly,81175.0,974100.0,17.0,7.3,60,0.711111111111111,0.8722222222222222,0.314516129032258,3.0,4.0,0.0,1.0,0.0004,0.0014,759798.0,1364.0,0.2,[],No clear signal,2026-06-30
27834,Mid-Market,Retail,Uttar Pradesh,Business,Monthly,52226.0,626712.0,11.0,5.9,60,0.7722222222222223,0.9333333333333332,-0.0144927536231884,1.0,4.0,0.0,1.0,0.0018,0.0072,488835.0,4512.0,0.2,[],No clear signal,2026-06-30
27558,SMB,Manufacturing,Telangana,Starter,Annual,2650.0,31800.0,1.0,5.4,10,0.9333333333333332,0.9166666666666666,-0.238095238095238,0.0,4.0,0.0,1.0,0.0,0.0,24804.0,0.0,0.2,[],No clear signal,2026-06-30
14674,Enterprise,Hospitality,Rajasthan,Enterprise,Monthly,199532.0,2394384.0,13.0,7.5,148,0.6666666666666667,0.6555555555555556,0.0483870967741935,1.0,4.0,0.0,1.0,0.0118,0.0465,1867620.0,111339.0,0.497,"[{""feature"": ""discount_pct"", ""label"": ""Price sensitive (deep discount)"", ""impact_pp"": 0.6}]",Price sensitive (deep discount),2026-06-30
33975,SMB,Hospitality,Kerala,Growth,Monthly,4170.0,50040.0,11.0,32.3,8,0.9166666666666666,0.9642857142857144,-0.0377358490566037,3.0,4.666666666666667,0.0,1.0,0.0,0.0,39031.0,0.0,0.2,[],No clear signal,2026-06-30
23757,SMB,Financial Services,Gujarat,Starter,Annual,525.0,6300.0,8.0,19.4,2,1.0,0.8888888888888888,0.0913705583756345,0.0,4.0,0.0,1.0,0.0004,0.0014,4914.0,9.0,0.2,[],No clear signal,2026-06-30
49598,Enterprise,Retail,Delhi,Enterprise,Annual,236428.0,2837136.0,8.0,19.3,167,0.2614770459081836,0.1388888888888889,1.0,11.0,3.4545454545454546,0.0,1.0,0.01,0.0393,2212966.0,111499.0,0.0,"[{""feature"": ""t90_tickets"", ""label"": ""Heavy support load"", ""impact_pp"": 0.7}]",Heavy support load,2026-06-30
17648,SMB,Retail,Delhi,Starter,Annual,3121.0,37452.0,2.0,29.3,12,0.1666666666666666,0.611111111111111,-0.6,4.0,3.0,0.0,1.0,0.0161,0.0629,29213.0,2356.0,0.0,[],No clear signal,2026-06-30
48644,SMB,Hospitality,Tamil Nadu,Starter,Monthly,2843.0,34116.0,3.0,10.1,11,0.9090909090909092,0.9166666666666666,-0.1014492753623188,9.0,4.666666666666667,0.0,1.0,0.0014,0.0057,26610.0,194.0,0.0,[],No clear signal,2026-06-30
12592,SMB,Real Estate,Maharashtra,Starter,Monthly,2609.0,31308.0,11.0,8.9,11,0.8484848484848485,0.75,0.1843971631205673,3.0,4.666666666666667,0.0,1.0,0.0005,0.0022,24420.0,69.0,0.0,[],No clear signal,2026-06-30
46074,Mid-Market,Retail,Rajasthan,Enterprise,Monthly,90483.0,1085796.0,6.0,46.9,59,0.8135593220338984,0.95,-0.1045751633986928,0.0,4.0,0.0,1.0,0.0018,0.0072,846921.0,7818.0,0.2,[],No clear signal,2026-06-30
49176,SMB,Hospitality,Telangana,Starter,Annual,2050.0,24600.0,20.86777946803614,12.1,9,0.8888888888888888,0.7777777777777778,0.0,3.0,4.333333333333333,0.0,1.0,0.0011,0.0044,19188.0,108.0,0.2,[],No clear signal,2026-06-30
5614,Mid-Market,Healthcare,Delhi,Business,Annual,49053.0,588636.0,6.0,17.5,53,0.1572327044025157,0.0666666666666666,-0.6666666666666666,18.0,3.4444444444444446,0.0,1.0,0.038,0.1435,459136.0,84469.0,0.0,"[{""feature"": ""t90_tickets"", ""label"": ""Heavy support load"", ""impact_pp"": 1.7}, {""feature"": ""feature_adoption"", ""label"": ""Shallow product adoption"", ""impact_pp"": 1.4}]",Heavy support load,2026-06-30
18088,SMB,Logistics,Gujarat,Growth,Monthly,5906.0,70872.0,7.0,39.1,11,0.6666666666666666,0.4642857142857143,0.7169811320754716,3.0,5.0,0.0,1.0,0.0046,0.0184,55280.0,1304.0,0.0,[],No clear signal,2026-06-30
34013,Enterprise,Real Estate,Rajasthan,Enterprise,Annual,208016.0,2496192.0,11.0,22.0,151,0.8145695364238411,0.4388888888888889,0.1595744680851064,3.0,4.0,0.0,1.0,0.0018,0.0072,1947030.0,17973.0,0.5,[],No clear signal,2026-06-30
19508,SMB,Education,Karnataka,Growth,Annual,3983.0,47796.0,15.0,6.4,8,0.5833333333333334,0.630952380952381,0.238095238095238,0.0,4.0,0.0,1.0,0.0027,0.0107,37281.0,511.0,0.693,[],No clear signal,2026-06-30
18720,SMB,Real Estate,Haryana,Business,Annual,11372.0,136464.0,3.0,20.7,11,0.8787878787878788,0.8814814814814814,-0.1089108910891089,0.0,4.0,0.0,1.0,0.0,0.0,106442.0,0.0,0.2,[],No clear signal,2026-06-30
40882,SMB,Agritech,Karnataka,Starter,Annual,525.0,6300.0,8.0,1.1,2,1.0,0.75,0.0,1.0,4.0,0.0,1.0,0.0016,0.0065,4914.0,41.0,0.25,[],No clear signal,2026-06-30
44491,Mid-Market,Financial Services,Maharashtra,Enterprise,Annual,37353.0,448236.0,9.0,22.4,24,0.7222222222222222,0.3944444444444445,0.2337662337662337,2.0,4.0,0.0,1.0,0.0011,0.0044,349624.0,1972.0,0.2,[],No clear signal,2026-06-30
33931,SMB,Agritech,Karnataka,Business,Annual,2053.0,24636.0,10.0,40.1,2,0.5,0.1629629629629629,0.0454545454545454,5.0,4.0,0.0,1.0,0.016,0.0625,19216.0,1540.0,0.25,[],No clear signal,2026-06-30
13010,Enterprise,Retail,Kerala,Business,Annual,60372.0,724464.0,20.4250573642082,30.9,84,0.9246031746031746,0.9555555555555556,0.2076502732240437,11.0,4.545454545454546,0.0,1.0,0.0002,0.0008,565082.0,580.0,0.0,[],No clear signal,2026-06-30
44722,SMB,Education,Tamil Nadu,Business,Monthly,13425.0,161100.0,9.0,32.1,14,0.9285714285714286,0.9037037037037036,-0.198019801980198,2.0,4.5,0.0,1.0,0.0,0.0,125658.0,0.0,0.2,[],No clear signal,2026-06-30
35096,SMB,Real Estate,Uttar Pradesh,Growth,Annual,2267.0,27204.0,6.0,7.7,4,0.3333333333333333,0.630952380952381,-0.2941176470588235,17.0,3.4705882352941178,0.0,1.0,0.0119,0.0469,21219.0,1276.0,0.0,"[{""feature"": ""t90_tickets"", ""label"": ""Heavy support load"", ""impact_pp"": 0.5}]",Heavy support load,2026-06-30
17745,Enterprise,IT Services,Telangana,Enterprise,Monthly,227235.0,2726820.0,14.0,5.9,172,0.937984496124031,0.95,0.0631578947368421,2.0,5.0,0.0,1.0,0.0011,0.0043,2126920.0,11725.0,1.0,[],No clear signal,2026-06-30
26445,SMB,Education,Rajasthan,Growth,Annual,4388.0,52656.0,31.267146847265657,30.8,10,0.8,0.6904761904761905,0.0967741935483871,1.0,3.0,0.0,1.0,0.0011,0.0044,41072.0,232.0,0.5,[],No clear signal,2026-06-30
30318,Enterprise,Education,Uttar Pradesh,Enterprise,Monthly,218383.0,2620596.0,11.0,1.4,159,0.8207547169811321,0.45,0.0,7.0,4.0,0.0,1.0,0.0088,0.0347,2044065.0,90935.0,0.223,"[{""feature"": ""t90_tickets"", ""label"": ""Heavy support load"", ""impact_pp"": 0.5}]",Heavy support load,2026-06-30
1406,Mid-Market,Hospitality,West Bengal,Growth,Annual,33870.0,406440.0,4.0,17.6,67,0.7960199004975125,0.5952380952380952,-0.0754716981132075,2.0,4.0,0.0,1.0,0.0011,0.0044,317023.0,1788.0,0.0,[],No clear signal,2026-06-30
49130,SMB,Education,Haryana,Growth,Monthly,4001.0,48012.0,3.0,27.0,7,0.7142857142857143,0.6428571428571429,-0.140495867768595,0.0,4.0,0.2,1.0,0.0057,0.0224,37449.0,1075.0,0.0,[],No clear signal,2026-06-30
33289,SMB,IT Services,Uttar Pradesh,Starter,Annual,1610.0,19320.0,2.0,15.5,6,0.4444444444444444,0.2777777777777778,0.3076923076923077,8.0,3.25,0.0,1.0,0.0067,0.0267,15070.0,516.0,0.0,[],No clear signal,2026-06-30
49489,SMB,Education,Maharashtra,Starter,Monthly,2542.0,30504.0,5.0,17.8,10,0.7,0.3055555555555555,0.3166666666666666,2.0,5.0,0.0,1.0,0.0076,0.0301,23793.0,918.0,0.0,[],No clear signal,2026-06-30
29327,SMB,Retail,Telangana,Starter,Annual,902.0,10824.0,19.0,27.2,4,0.6666666666666666,0.75,0.1181818181818181,1.0,5.0,0.0,1.0,0.002,0.0079,8443.0,86.0,0.584,[],No clear signal,2026-06-30
41888,Mid-Market,Hospitality,Maharashtra,Growth,Monthly,37287.0,447444.0,5.0,43.1,75,0.9022222222222224,0.880952380952381,0.0225988700564971,2.0,5.0,0.0,1.0,0.0002,0.0008,349006.0,358.0,0.0,[],No clear signal,2026-06-30
39037,SMB,Real Estate,Tamil Nadu,Growth,Annual,1536.0,18432.0,16.0,35.0,3,0.8888888888888888,0.6428571428571429,0.029940119760479,1.0,5.0,0.0,1.0,0.0014,0.0057,14377.0,105.0,0.5,[],No clear signal,2026-06-30
47858,Enterprise,Financial Services,West Bengal,Enterprise,Annual,232539.0,2790468.0,9.0,28.7,166,0.967871485943775,0.6277777777777778,0.050632911392405,6.0,4.5,0.0,1.0,0.0011,0.0044,2176565.0,12278.0,0.0,[],No clear signal,2026-06-30
34499,Mid-Market,Hospitality,Gujarat,Business,Annual,18346.0,220152.0,7.0,18.3,19,0.8596491228070174,0.9407407407407408,0.0057142857142857,0.0,4.0,0.0,1.0,0.0,0.0,171719.0,0.0,0.2,[],No clear signal,2026-06-30
43533,Mid-Market,Real Estate,Tamil Nadu,Growth,Monthly,23210.0,278520.0,8.0,19.0,47,0.723404255319149,0.6071428571428571,0.4285714285714285,1.0,5.0,0.0,1.0,0.0027,0.0107,217246.0,2980.0,0.0,[],No clear signal,2026-06-30
46302,Mid-Market,Education,Maharashtra,Business,Annual,27089.0,325068.0,11.0,30.0,30,0.9,0.9259259259259258,0.1210526315789473,0.0,4.0,0.0,1.0,0.0,0.0,253553.0,0.0,0.2,[],No clear signal,2026-06-30
28239,SMB,Agritech,Gujarat,Growth,Monthly,2672.0,32064.0,20.99415869229165,31.1,6,0.8888888888888888,0.9047619047619048,0.0309278350515463,3.0,3.333333333333333,0.0,1.0,0.0002,0.0008,25010.0,26.0,0.2,[],No clear signal,2026-06-30
43444,SMB,Agritech,Rajasthan,Growth,Monthly,6287.0,75444.0,1.0,25.0,11,0.5454545454545454,0.4523809523809524,-0.2195121951219512,0.0,4.0,0.2,1.0,0.0277,0.1064,58846.0,8027.0,0.0,[],No clear signal,2026-06-30
42058,SMB,Retail,Delhi,Growth,Monthly,5335.0,64020.0,8.0,23.4,10,0.8666666666666666,0.5833333333333333,-0.1009174311926605,4.0,4.25,0.0,1.0,0.01,0.0393,49936.0,2516.0,0.139,"[{""feature"": ""feature_adoption"", ""label"": ""Shallow product adoption"", ""impact_pp"": 0.7}, {""feature"": ""t90_tickets"", ""label"": ""Heavy support load"", ""impact_pp"": 0.6}]",Shallow product adoption,2026-06-30
23713,Mid-Market,Retail,Telangana,Business,Monthly,31064.0,372768.0,4.0,15.2,32,0.8854166666666666,0.3703703703703704,-0.0077519379844961,2.0,4.0,0.2,1.0,0.0035,0.0138,290759.0,5144.0,0.2,[],No clear signal,2026-06-30
15472,SMB,Hospitality,Kerala,Growth,Monthly,4929.0,59148.0,6.0,46.6,9,0.2962962962962963,0.1785714285714285,-0.032258064516129,0.0,4.0,0.6,1.0,0.0457,0.1707,46135.0,10097.0,0.175,"[{""feature"": ""feature_adoption"", ""label"": ""Shallow product adoption"", ""impact_pp"": 1.5}, {""feature"": ""seat_utilisation"", ""label"": ""Seats sitting unused"", ""impact_pp"": 0.4}, {""feature"": ""p180_failed"", ""label"": ""Failed payments"", ""impact_pp"": 0.4}]",Shallow product adoption,2026-06-30
17800,Mid-Market,Real Estate,Gujarat,Business,Monthly,24447.0,293364.0,8.0,28.6,26,0.8846153846153846,0.9555555555555556,0.0337078651685393,4.0,4.5,0.0,1.0,0.0002,0.0008,228824.0,235.0,0.2,[],No clear signal,2026-06-30
30070,SMB,Logistics,Delhi,Growth,Annual,4118.0,49416.0,16.202352457276984,2.6,8,0.4166666666666667,0.3095238095238095,0.0,4.0,3.25,0.0,1.0,0.0088,0.0347,38544.0,1715.0,0.695,"[{""feature"": ""discount_pct"", ""label"": ""Price sensitive (deep discount)"", ""impact_pp"": 0.6}]",Price sensitive (deep discount),2026-06-30
45332,SMB,Retail,Maharashtra,Starter,Annual,1365.0,16380.0,1.0,14.8,5,0.6,0.75,0.0952380952380952,2.0,5.0,1.0,1.0,0.002,0.0079,12776.0,129.0,0.0,[],No clear signal,2026-06-30
20162,Mid-Market,Financial Services,Karnataka,Business,Monthly,40616.0,487392.0,11.0,29.2,46,0.782608695652174,0.8666666666666667,0.0275229357798165,5.0,4.2,0.4,1.0,0.0103,0.0406,380166.0,19788.0,0.525,"[{""feature"": ""discount_pct"", ""label"": ""Price sensitive (deep discount)"", ""impact_pp"": 0.5}, {""feature"": ""t90_tickets"", ""label"": ""Heavy support load"", ""impact_pp"": 0.4}]",Price sensitive (deep discount),2026-06-30
19729,Mid-Market,Hospitality,Maharashtra,Growth,Monthly,9228.0,110736.0,4.0,30.7,17,0.6666666666666667,0.630952380952381,-0.0857142857142857,2.0,3.5,0.0,1.0,0.0133,0.0523,86374.0,5791.0,0.0,[],No clear signal,2026-06-30
41112,SMB,Financial Services,Kerala,Business,Annual,6438.0,77256.0,2.0,19.5,6,0.8888888888888888,0.7555555555555555,-0.1923076923076923,2.0,3.0,0.0,1.0,0.0005,0.0022,60260.0,170.0,0.0,[],No clear signal,2026-06-30
32019,SMB,Hospitality,Telangana,Growth,Monthly,4001.0,48012.0,3.0,15.5,7,0.7619047619047619,0.3809523809523809,0.2203389830508474,5.0,3.0,0.0,1.0,0.0088,0.0347,37449.0,1666.0,0.0,[],No clear signal,2026-06-30
40849,SMB,Logistics,Tamil Nadu,Starter,Annual,2866.0,34392.0,10.0,8.2,12,0.8333333333333334,0.3333333333333333,0.825,6.0,4.5,0.0,1.0,0.0018,0.0072,26826.0,248.0,0.333,[],No clear signal,2026-06-30
26664,Enterprise,Manufacturing,Karnataka,Business,Annual,116902.0,1402824.0,8.0,19.3,136,0.8725490196078431,0.9185185185185186,0.2457627118644068,7.0,4.428571428571429,0.0,1.0,0.0006,0.0022,1094203.0,3086.0,0.2,[],No clear signal,2026-06-30
1022,Mid-Market,Logistics,West Bengal,Growth,Monthly,31955.0,383460.0,4.0,10.7,63,0.91005291005291,0.9404761904761904,-0.0994475138121546,2.0,5.0,0.0,1.0,0.0,0.0,299099.0,0.0,0.2,[],No clear signal,2026-06-30
28440,SMB,Logistics,Haryana,Starter,Monthly,1338.0,16056.0,3.0,21.0,5,0.8,0.6666666666666666,0.0071942446043165,2.0,5.0,0.0,1.0,0.0011,0.0044,12524.0,71.0,0.0,[],No clear signal,2026-06-30
10704,SMB,Real Estate,Madhya Pradesh,Starter,Annual,1884.0,22608.0,1.0,6.0,7,0.2857142857142857,0.0277777777777777,-0.4166666666666667,8.0,3.25,0.0,1.0,0.0063,0.0249,17634.0,563.0,0.0,[],No clear signal,2026-06-30
40166,SMB,Agritech,Maharashtra,Business,Monthly,3308.0,39696.0,2.0,28.7,3,0.6666666666666666,0.8814814814814814,0.2604166666666667,0.0,4.0,0.0,1.0,0.002,0.0079,30963.0,314.0,0.2,[],No clear signal,2026-06-30
47046,Mid-Market,Real Estate,Kerala,Growth,Annual,35964.0,431568.0,6.0,38.2,73,0.8036529680365296,0.7857142857142857,-0.1034482758620689,1.0,4.0,0.0,1.0,0.0009,0.0036,336623.0,1554.0,0.2,[],No clear signal,2026-06-30
3470,SMB,Education,Karnataka,Starter,Annual,2581.0,30972.0,13.955677785108524,19.5,12,0.5,0.1111111111111111,-0.3658536585365853,5.0,3.4,0.0,1.0,0.0088,0.0347,24158.0,1075.0,0.708,"[{""feature"": ""discount_pct"", ""label"": ""Price sensitive (deep discount)"", ""impact_pp"": 0.6}]",Price sensitive (deep discount),2026-06-30
31267,Mid-Market,Hospitality,Telangana,Business,Annual,24805.0,297660.0,21.0,13.8,31,0.5161290322580645,0.674074074074074,-0.2258064516129032,6.0,3.6666666666666665,1.0,1.0,0.0135,0.0529,232175.0,15746.0,0.498,"[{""feature"": ""discount_pct"", ""label"": ""Price sensitive (deep discount)"", ""impact_pp"": 1.0}]",Price sensitive (deep discount),2026-06-30
45831,SMB,Agritech,Delhi,Starter,Monthly,1338.0,16056.0,3.0,20.0,5,0.8666666666666666,0.7222222222222222,-0.1283783783783783,1.0,5.0,0.0,1.0,0.0027,0.0107,12524.0,172.0,0.0,[],No clear signal,2026-06-30
12239,SMB,Manufacturing,Tamil Nadu,Starter,Monthly,3541.0,42492.0,4.0,17.7,14,0.7619047619047619,0.5555555555555556,0.1794871794871795,0.0,4.0,0.0,1.0,0.0042,0.0165,33144.0,701.0,0.2,[],No clear signal,2026-06-30
42446,SMB,Healthcare,Haryana,Starter,Monthly,759.0,9108.0,10.0,39.0,3,0.4444444444444444,0.4444444444444444,-0.2857142857142857,7.0,3.571428571428572,0.0,1.0,0.0471,0.1755,7104.0,1598.0,0.664,"[{""feature"": ""discount_pct"", ""label"": ""Price sensitive (deep discount)"", ""impact_pp"": 2.0}, {""feature"": ""t90_tickets"", ""label"": ""Heavy support load"", ""impact_pp"": 0.7}]",Price sensitive (deep discount),2026-06-30
16883,SMB,Agritech,Karnataka,Starter,Annual,2372.0,28464.0,2.0,5.2,9,0.8518518518518519,0.9166666666666666,0.1136363636363636,2.0,4.0,0.0,1.0,0.0,0.0,22202.0,0.0,0.2,[],No clear signal,2026-06-30
16353,SMB,IT Services,Karnataka,Starter,Monthly,1827.0,21924.0,4.0,38.3,7,0.8571428571428571,0.8055555555555555,-0.0788177339901477,3.0,3.6666666666666665,0.0,1.0,0.0,0.0,17101.0,0.0,0.2,[],No clear signal,2026-06-30
19444,SMB,Real Estate,Kerala,Growth,Monthly,1664.0,19968.0,9.0,2.1,3,0.6666666666666666,0.7857142857142857,0.0,3.0,3.6666666666666665,0.3333333333333333,1.0,0.0479,0.1783,15575.0,3560.0,0.44,"[{""feature"": ""discount_pct"", ""label"": ""Price sensitive (deep discount)"", ""impact_pp"": 2.4}, {""feature"": ""tenure_months"", ""label"": ""Still early in lifecycle"", ""impact_pp"": 2.2}, {""feature"": ""t90_avg_resolution_h"", ""label"": ""Slow ticket resolution"", ""impact_pp"": 0.4}]",Price sensitive (deep discount),2026-06-30
25687,SMB,Real Estate,West Bengal,Growth,Annual,2719.0,32628.0,9.0,23.1,5,0.8,0.7142857142857143,-0.1796875,8.0,4.625,0.0,1.0,0.0042,0.0165,25450.0,538.0,0.0,[],No clear signal,2026-06-30
460,Mid-Market,Hospitality,Delhi,Business,Monthly,32006.0,384072.0,18.0,5.2,39,0.5726495726495726,0.6888888888888889,0.0439560439560439,1.0,4.0,0.0,1.0,0.0229,0.0884,299576.0,33952.0,0.436,"[{""feature"": ""discount_pct"", ""label"": ""Price sensitive (deep discount)"", ""impact_pp"": 1.5}, {""feature"": ""tenure_months"", ""label"": ""Still early in lifecycle"", ""impact_pp"": 0.9}, {""feature"": ""seat_utilisation"", ""label"": ""Seats sitting unused"", ""impact_pp"": 0.4}]",Price sensitive (deep discount),2026-06-30
30795,SMB,Agritech,Haryana,Starter,Annual,2623.0,31476.0,2.0,14.6,10,0.9,0.9166666666666666,-0.0964912280701754,1.0,4.0,0.0,1.0,0.0,0.0,24551.0,0.0,0.2,[],No clear signal,2026-06-30
34988,SMB,Retail,Karnataka,Starter,Annual,2178.0,26136.0,10.0,33.9,9,0.925925925925926,0.9166666666666666,0.0751445086705202,0.0,4.0,0.0,1.0,0.0,0.0,20386.0,0.0,0.2,[],No clear signal,2026-06-30
46088,SMB,Retail,West Bengal,Growth,Monthly,7372.0,88464.0,1.0,18.1,13,0.6410256410256411,0.7380952380952381,0.3493975903614458,2.0,3.5,0.0,1.0,0.0027,0.0107,69002.0,947.0,0.2,[],No clear signal,2026-06-30
25988,SMB,Education,Karnataka,Starter,Annual,1283.0,15396.0,7.0,32.0,5,0.8,0.9166666666666666,0.0728476821192053,4.0,4.25,0.0,1.0,0.0009,0.0036,12009.0,55.0,0.2,[],No clear signal,2026-06-30
36077,SMB,Agritech,Telangana,Growth,Annual,5969.0,71628.0,6.0,20.6,11,0.2727272727272727,0.6547619047619048,0.1111111111111111,11.0,3.1818181818181817,0.0,1.0,0.0233,0.09,55870.0,6447.0,0.0,"[{""feature"": ""t90_tickets"", ""label"": ""Heavy support load"", ""impact_pp"": 0.9}]",Heavy support load,2026-06-30
18752,Enterprise,Education,West Bengal,Enterprise,Annual,125050.0,1500600.0,8.0,7.7,85,0.1333333333333333,0.0777777777777777,-0.4,11.0,3.272727272727273,0.0,1.0,0.0119,0.0469,1170468.0,70378.0,0.0,[],No clear signal,2026-06-30
34744,SMB,Logistics,Karnataka,Growth,Annual,2928.0,35136.0,2.0,17.2,5,0.2,0.369047619047619,-0.4666666666666667,5.0,3.8,0.0,1.0,0.0119,0.0469,27406.0,1648.0,0.0,[],No clear signal,2026-06-30
35732,SMB,Education,Delhi,Growth,Monthly,1700.0,20400.0,7.0,0.9,3,1.0,0.3928571428571428,0.0,0.0,4.0,0.0,1.0,0.0027,0.0107,15912.0,218.0,0.2,[],No clear signal,2026-06-30
42196,SMB,IT Services,West Bengal,Starter,Monthly,542.0,6504.0,5.0,16.4,2,0.5,0.1944444444444444,-0.2093023255813953,3.0,3.0,0.2,1.0,0.0442,0.1653,5073.0,1075.0,0.0,"[{""feature"": ""seat_utilisation"", ""label"": ""Seats sitting unused"", ""impact_pp"": 0.4}]",Seats sitting unused,2026-06-30
29074,Mid-Market,Manufacturing,Maharashtra,Business,Monthly,62115.0,745380.0,14.317005739461374,9.6,77,0.5670995670995671,0.7703703703703704,-0.2,3.0,4.0,0.4,1.0,0.0373,0.141,581396.0,105099.0,0.675,"[{""feature"": ""discount_pct"", ""label"": ""Price sensitive (deep discount)"", ""impact_pp"": 2.0}, {""feature"": ""tenure_months"", ""label"": ""Still early in lifecycle"", ""impact_pp"": 0.7}]",Price sensitive (deep discount),2026-06-30
20992,SMB,Logistics,Haryana,Starter,Annual,974.0,11688.0,27.526464641975885,33.5,5,0.7333333333333333,0.7777777777777778,0.7837837837837838,2.0,4.0,0.0,1.0,0.01,0.0393,9117.0,459.0,1.0,"[{""feature"": ""discount_pct"", ""label"": ""Price sensitive (deep discount)"", ""impact_pp"": 0.9}]",Price sensitive (deep discount),2026-06-30
39346,Mid-Market,Manufacturing,Tamil Nadu,Business,Annual,49538.0,594456.0,28.0,8.0,71,0.1924882629107981,0.7259259259259259,0.0,1.0,4.0,0.0,1.0,0.0069,0.0271,463676.0,16110.0,0.387,"[{""feature"": ""discount_pct"", ""label"": ""Price sensitive (deep discount)"", ""impact_pp"": 0.5}]",Price sensitive (deep discount),2026-06-30
20597,SMB,Logistics,West Bengal,Starter,Annual,1293.0,15516.0,7.267937041041698,16.5,5,0.4,0.2222222222222222,0.1,12.0,3.25,0.0,1.0,0.0127,0.0498,12102.0,773.0,0.149,[],No clear signal,2026-06-30
20574,SMB,Logistics,West Bengal,Growth,Monthly,1186.0,14232.0,4.0,6.1,2,1.0,0.8452380952380952,0.0853658536585365,3.0,4.0,0.0,1.0,0.0061,0.0242,11101.0,344.0,0.2,[],No clear signal,2026-06-30
17352,SMB,Agritech,Maharashtra,Starter,Monthly,2323.0,27876.0,4.0,12.7,9,0.8888888888888888,0.8055555555555555,0.0234741784037558,0.0,4.0,0.0,1.0,0.0002,0.0008,21743.0,22.0,0.0,[],No clear signal,2026-06-30
10771,Mid-Market,Agritech,Kerala,Business,Monthly,32562.0,390744.0,10.0,27.2,36,0.8240740740740741,0.4222222222222222,0.1333333333333333,2.0,4.0,0.2,1.0,0.0162,0.0632,304780.0,24695.0,0.333,[],No clear signal,2026-06-30
21126,SMB,IT Services,Gujarat,Growth,Monthly,4264.0,51168.0,9.0,22.6,8,0.375,0.1904761904761904,-0.4051724137931034,1.0,5.0,0.0,1.0,0.0188,0.0731,39911.0,3740.0,0.439,"[{""feature"": ""feature_adoption"", ""label"": ""Shallow product adoption"", ""impact_pp"": 0.7}, {""feature"": ""discount_pct"", ""label"": ""Price sensitive (deep discount)"", ""impact_pp"": 0.5}]",Shallow product adoption,2026-06-30
12772,SMB,Education,Tamil Nadu,Growth,Annual,1137.0,13644.0,8.0,14.0,2,0.8333333333333334,0.5238095238095238,-0.2666666666666666,3.0,3.6666666666666665,0.0,1.0,0.0011,0.0044,10642.0,60.0,0.2,[],No clear signal,2026-06-30
27422,SMB,Real Estate,Maharashtra,Starter,Annual,2516.0,30192.0,6.0,5.6,10,0.1333333333333333,0.4166666666666667,-0.3333333333333333,11.0,3.0,0.0,1.0,0.0119,0.0469,23550.0,1416.0,0.0,[],No clear signal,2026-06-30
47676,Mid-Market,Agritech,Haryana,Growth,Annual,11427.0,137124.0,26.0,13.6,28,0.8095238095238095,0.4880952380952381,0.4137931034482758,2.0,4.5,0.0,1.0,0.0042,0.0165,106957.0,2263.0,0.673,[],No clear signal,2026-06-30
34268,SMB,IT Services,Uttar Pradesh,Growth,Annual,1174.0,14088.0,5.0,27.9,2,0.5,0.4880952380952381,0.5238095238095238,3.0,3.6666666666666665,0.0,1.0,0.002,0.0079,10989.0,111.0,0.0,[],No clear signal,2026-06-30
35003,Mid-Market,IT Services,Madhya Pradesh,Business,Monthly,37860.0,454320.0,3.0,16.8,39,0.9572649572649572,0.9111111111111112,-0.2631578947368421,1.0,3.0,0.0,1.0,0.0002,0.0008,354370.0,363.0,0.2,[],No clear signal,2026-06-30
25679,Mid-Market,Manufacturing,Kerala,Business,Annual,56500.0,678000.0,17.545878877932054,27.3,73,0.8538812785388128,0.6370370370370371,0.4148936170212766,1.0,4.0,0.0,1.0,0.0008,0.003,528840.0,2034.0,0.5,[],No clear signal,2026-06-30
41955,SMB,Hospitality,Rajasthan,Growth,Monthly,3959.0,47508.0,4.0,11.4,7,0.6666666666666667,0.9047619047619048,0.0579710144927536,0.0,4.0,0.0,1.0,0.0038,0.0149,37056.0,708.0,0.0,[],No clear signal,2026-06-30
33925,SMB,Logistics,Haryana,Starter,Annual,2227.0,26724.0,8.0,30.2,9,0.3703703703703704,0.2777777777777778,0.4482758620689655,2.0,3.0,0.0,1.0,0.0011,0.0044,20845.0,118.0,0.2,[],No clear signal,2026-06-30
16956,Mid-Market,Retail,Maharashtra,Growth,Annual,37473.0,449676.0,8.0,2.7,78,0.6025641025641025,0.5952380952380952,0.0,11.0,4.090909090909091,1.0,1.0,0.0115,0.0451,350747.0,20280.0,0.136,"[{""feature"": ""t90_tickets"", ""label"": ""Heavy support load"", ""impact_pp"": 0.9}]",Heavy support load,2026-06-30
18902,Mid-Market,Real Estate,West Bengal,Growth,Monthly,35717.0,428604.0,9.0,17.4,75,0.4977777777777778,0.8095238095238095,-0.1794871794871795,0.0,4.0,0.2,1.0,0.0063,0.0249,334311.0,10672.0,1.0,[],No clear signal,2026-06-30
19563,SMB,Real Estate,Delhi,Starter,Annual,1808.0,21696.0,5.0,17.3,7,0.3809523809523809,0.6944444444444445,-0.3506493506493506,7.0,3.4285714285714284,0.0,1.0,0.0048,0.019,16923.0,412.0,0.0,[],No clear signal,2026-06-30
31113,SMB,Manufacturing,West Bengal,Growth,Annual,7298.0,87576.0,2.0,31.6,13,0.5384615384615384,0.2023809523809523,0.2727272727272727,2.0,3.5,0.0,1.0,0.0011,0.0044,68309.0,385.0,0.0,[],No clear signal,2026-06-30
7058,Mid-Market,Real Estate,Madhya Pradesh,Growth,Monthly,32192.0,386304.0,19.0,24.8,76,0.6228070175438597,0.8452380952380952,0.0093457943925233,2.0,4.0,0.6,1.0,0.015,0.0586,301317.0,22637.0,1.0,"[{""feature"": ""discount_pct"", ""label"": ""Price sensitive (deep discount)"", ""impact_pp"": 1.0}]",Price sensitive (deep discount),2026-06-30
40659,SMB,IT Services,Telangana,Starter,Monthly,802.0,9624.0,5.0,11.5,3,1.0,0.8333333333333334,0.2867647058823529,3.0,4.333333333333333,0.0,1.0,0.0011,0.0043,7507.0,41.0,0.2,[],No clear signal,2026-06-30
4819,Enterprise,Financial Services,Maharashtra,Enterprise,Monthly,201004.0,2412048.0,14.0,48.2,151,0.911699779249448,0.2722222222222222,0.2321428571428571,1.0,3.0,0.4,1.0,0.0195,0.0758,1881397.0,182833.0,0.636,"[{""feature"": ""discount_pct"", ""label"": ""Price sensitive (deep discount)"", ""impact_pp"": 0.5}]",Price sensitive (deep discount),2026-06-30
34505,Enterprise,Agritech,Haryana,Enterprise,Annual,195881.0,2350572.0,10.0,2.6,140,0.5285714285714286,0.1888888888888889,0.0,4.0,3.0,0.0,1.0,0.0027,0.0107,1833446.0,25151.0,0.0,[],No clear signal,2026-06-30
21277,SMB,Healthcare,Delhi,Growth,Monthly,6417.0,77004.0,7.0,6.9,12,0.8888888888888888,0.8928571428571429,-0.0396039603960396,2.0,5.0,0.2,1.0,0.002,0.0079,60063.0,608.0,0.0,[],No clear signal,2026-06-30
39739,SMB,Financial Services,Maharashtra,Starter,Monthly,3368.0,40416.0,2.0,15.4,13,0.8974358974358974,0.75,-0.106145251396648,5.0,4.2,0.0,1.0,0.0027,0.0107,31524.0,432.0,0.2,[],No clear signal,2026-06-30
30736,Mid-Market,Logistics,Uttar Pradesh,Business,Monthly,46640.0,559680.0,21.193226858799548,6.6,58,0.9195402298850576,0.9333333333333332,-0.1308411214953271,10.0,4.7,0.0,1.0,0.0026,0.0102,436550.0,5709.0,0.0,[],No clear signal,2026-06-30
26744,Mid-Market,Healthcare,Haryana,Business,Monthly,58108.0,697296.0,4.0,13.3,62,0.913978494623656,0.3703703703703704,-0.2290502793296089,1.0,4.0,0.0,1.0,0.0018,0.0072,543891.0,5021.0,0.0,[],No clear signal,2026-06-30
35815,SMB,Hospitality,Tamil Nadu,Starter,Annual,565.0,6780.0,1.0,15.8,2,1.0,0.5,0.2753623188405797,5.0,4.2,0.0,1.0,0.0018,0.0072,5288.0,49.0,0.2,[],No clear signal,2026-06-30
6814,SMB,Real Estate,Maharashtra,Starter,Monthly,3057.0,36684.0,4.0,41.5,12,0.7777777777777778,0.8333333333333334,0.2516129032258064,2.0,4.5,0.0,1.0,0.0004,0.0014,28614.0,51.0,0.2,[],No clear signal,2026-06-30
47029,SMB,Hospitality,Madhya Pradesh,Starter,Annual,2588.0,31056.0,20.820259305028674,4.5,13,0.6923076923076923,0.6944444444444445,0.3137254901960784,3.0,5.0,1.0,1.0,0.0139,0.0546,24224.0,1696.0,0.767,"[{""feature"": ""discount_pct"", ""label"": ""Price sensitive (deep discount)"", ""impact_pp"": 0.9}]",Price sensitive (deep discount),2026-06-30
16487,Enterprise,IT Services,Kerala,Enterprise,Monthly,159592.0,1915104.0,11.0,10.5,114,0.7543859649122807,0.4611111111111111,0.074074074074074,1.0,4.0,0.6,1.0,0.0155,0.0606,1493781.0,116055.0,0.335,[],No clear signal,2026-06-30
48050,SMB,Healthcare,Maharashtra,Starter,Monthly,542.0,6504.0,5.0,13.7,2,1.0,0.9166666666666666,-0.224390243902439,0.0,4.0,0.2,1.0,0.002,0.0079,5073.0,51.0,0.0,[],No clear signal,2026-06-30
12587,Mid-Market,Retail,Gujarat,Business,Annual,45398.0,544776.0,16.0,23.8,55,0.703030303030303,0.2888888888888888,0.0,4.0,4.25,0.0,1.0,0.002,0.0079,424925.0,4304.0,0.333,[],No clear signal,2026-06-30
12673,Mid-Market,Retail,Telangana,Growth,Monthly,13242.0,158904.0,8.0,10.2,26,0.6923076923076923,0.2738095238095238,0.0416666666666666,5.0,3.6,0.0,1.0,0.0238,0.092,123945.0,14619.0,0.177,"[{""feature"": ""tenure_months"", ""label"": ""Still early in lifecycle"", ""impact_pp"": 0.8}, {""feature"": ""feature_adoption"", ""label"": ""Shallow product adoption"", ""impact_pp"": 0.7}, {""feature"": ""seat_utilisation"", ""label"": ""Seats sitting unused"", ""impact_pp"": 0.6}]",Still early in lifecycle,2026-06-30
39515,SMB,Real Estate,Maharashtra,Starter,Annual,959.0,11508.0,19.1091813430024,19.7,4,0.75,0.6666666666666666,0.072463768115942,3.0,4.333333333333333,0.0,1.0,0.0027,0.0107,8976.0,123.0,0.443,[],No clear signal,2026-06-30
7319,SMB,Manufacturing,Rajasthan,Starter,Annual,2055.0,24660.0,5.0,14.6,8,0.625,0.8333333333333334,0.1923076923076923,3.0,4.666666666666667,0.0,1.0,0.0005,0.0022,19235.0,54.0,0.2,[],No clear signal,2026-06-30
7497,Mid-Market,IT Services,Tamil Nadu,Growth,Monthly,25703.0,308436.0,20.38674082935982,31.2,63,0.8888888888888888,0.9642857142857144,-0.0372340425531914,0.0,4.0,0.2,1.0,0.0005,0.0022,240580.0,679.0,0.2,[],No clear signal,2026-06-30
50,SMB,Hospitality,Kerala,Starter,Annual,3098.0,37176.0,16.0,16.5,14,0.5714285714285714,0.611111111111111,-0.0093457943925233,2.0,4.0,0.0,1.0,0.0011,0.0044,28997.0,164.0,0.2,[],No clear signal,2026-06-30
28276,SMB,Logistics,Karnataka,Growth,Annual,4498.0,53976.0,4.0,25.5,8,0.6666666666666666,0.8333333333333333,-0.3578947368421052,0.0,4.0,0.0,1.0,0.0011,0.0044,42101.0,237.0,0.2,[],No clear signal,2026-06-30
45827,SMB,Logistics,Telangana,Growth,Monthly,7831.0,93972.0,2.0,10.1,14,0.9285714285714286,0.8333333333333333,-0.0773809523809523,2.0,4.5,0.0,1.0,0.0,0.0,73298.0,0.0,0.2,[],No clear signal,2026-06-30
25247,SMB,Retail,Karnataka,Starter,Monthly,1057.0,12684.0,5.0,15.9,4,0.9166666666666666,0.9166666666666666,-0.200956937799043,1.0,4.0,0.0,1.0,0.0002,0.0008,9894.0,10.0,0.2,[],No clear signal,2026-06-30
28508,SMB,Healthcare,Gujarat,Starter,Monthly,2579.0,30948.0,12.0,8.6,11,0.9696969696969696,0.8333333333333334,-0.1341991341991342,0.0,4.0,0.0,1.0,0.0,0.0,24139.0,0.0,0.2,[],No clear signal,2026-06-30
41956,SMB,Hospitality,West Bengal,Starter,Monthly,3196.0,38352.0,7.0,46.6,13,0.8717948717948718,0.9166666666666666,0.0858585858585858,1.0,5.0,0.0,1.0,0.0,0.0,29915.0,0.0,0.2,[],No clear signal,2026-06-30
3225,SMB,Retail,Delhi,Starter,Annual,960.0,11520.0,14.50884180680612,11.7,4,0.9166666666666666,0.9166666666666666,-0.0198019801980198,0.0,4.0,0.0,1.0,0.0,0.0,8986.0,0.0,0.2,[],No clear signal,2026-06-30
668,SMB,Manufacturing,Delhi,Starter,Monthly,548.0,6576.0,4.0,17.6,2,0.5,0.4166666666666667,0.0972222222222222,2.0,4.0,0.8,1.0,0.0277,0.1062,5129.0,698.0,0.258,"[{""feature"": ""feature_adoption"", ""label"": ""Shallow product adoption"", ""impact_pp"": 0.6}]",Shallow product adoption,2026-06-30
31179,SMB,Real Estate,Tamil Nadu,Growth,Monthly,4982.0,59784.0,5.0,49.9,9,0.9629629629629628,0.7738095238095238,-0.0460829493087557,1.0,5.0,0.0,1.0,0.0,0.0,46632.0,0.0,0.2,[],No clear signal,2026-06-30
26035,Mid-Market,Education,Tamil Nadu,Business,Annual,45137.0,541644.0,5.0,7.5,48,0.3402777777777777,0.2888888888888888,0.5789473684210527,2.0,5.0,0.0,1.0,0.0011,0.0044,422482.0,2383.0,0.2,[],No clear signal,2026-06-30
42762,SMB,Healthcare,Tamil Nadu,Starter,Annual,3578.0,42936.0,3.0,13.5,14,0.9523809523809524,0.9166666666666666,0.1011235955056179,2.0,4.0,0.0,1.0,0.0,0.0,33490.0,0.0,0.2,[],No clear signal,2026-06-30
4192,Mid-Market,IT Services,Tamil Nadu,Business,Annual,60867.0,730404.0,16.0,1.8,75,0.0533333333333333,0.1333333333333333,0.0,9.0,3.4444444444444446,1.0,1.0,0.0067,0.0267,569715.0,19502.0,1.0,[],No clear signal,2026-06-30
37285,Mid-Market,Financial Services,Maharashtra,Business,Monthly,45433.0,545196.0,8.0,19.2,50,0.5733333333333334,0.3555555555555555,0.0454545454545454,2.0,4.5,0.4,1.0,0.0264,0.1014,425253.0,55283.0,0.0,[],No clear signal,2026-06-30
25613,Mid-Market,Financial Services,West Bengal,Business,Monthly,55921.0,671052.0,9.0,16.1,63,0.9523809523809524,0.9555555555555556,-0.1548672566371681,0.0,4.0,0.0,1.0,0.0,0.0,523421.0,0.0,0.2,[],No clear signal,2026-06-30
35412,Enterprise,Financial Services,Tamil Nadu,Enterprise,Annual,101092.0,1213104.0,13.0,20.0,72,0.5046296296296297,0.4722222222222222,-0.0133333333333333,2.0,3.5,0.0,1.0,0.002,0.0079,946221.0,9584.0,0.5,[],No clear signal,2026-06-30
48639,SMB,Financial Services,Uttar Pradesh,Growth,Annual,5087.0,61044.0,3.0,27.7,9,0.6296296296296297,0.7380952380952381,0.1,1.0,3.0,0.0,1.0,0.0002,0.0008,47614.0,49.0,0.0,[],No clear signal,2026-06-30
41168,SMB,Logistics,Tamil Nadu,Growth,Annual,2884.0,34608.0,31.601460675317107,9.5,6,0.8333333333333334,0.9166666666666669,0.0571428571428571,6.0,3.333333333333333,0.0,1.0,0.0018,0.0072,26994.0,249.0,1.0,[],No clear signal,2026-06-30
19107,SMB,Education,Uttar Pradesh,Starter,Annual,3089.0,37068.0,3.0,13.4,12,0.1388888888888889,0.3611111111111111,-0.5882352941176471,15.0,3.333333333333333,1.0,1.0,0.0222,0.0859,28913.0,3184.0,0.0,"[{""feature"": ""t90_tickets"", ""label"": ""Heavy support load"", ""impact_pp"": 1.0}, {""feature"": ""seat_utilisation"", ""label"": ""Seats sitting unused"", ""impact_pp"": 0.4}]",Heavy support load,2026-06-30
26659,SMB,Manufacturing,Uttar Pradesh,Growth,Annual,5625.0,67500.0,3.0,6.6,10,0.6,0.7261904761904762,-0.1348314606741573,4.0,4.75,0.0,1.0,0.0011,0.0044,52650.0,297.0,0.2,[],No clear signal,2026-06-30
11789,Mid-Market,Agritech,Tamil Nadu,Enterprise,Monthly,121770.0,1461240.0,4.0,10.3,79,0.5443037974683544,0.888888888888889,0.078125,5.0,4.2,0.0,1.0,0.0119,0.0469,1139767.0,68532.0,0.0,"[{""feature"": ""t90_tickets"", ""label"": ""Heavy support load"", ""impact_pp"": 0.6}]",Heavy support load,2026-06-30
20677,Mid-Market,Agritech,Telangana,Business,Monthly,46293.0,555516.0,8.0,10.2,51,0.8954248366013071,0.8444444444444444,0.3432835820895522,3.0,4.0,0.2,1.0,0.0027,0.0107,433302.0,5944.0,0.2,[],No clear signal,2026-06-30
30820,SMB,Logistics,Telangana,Starter,Monthly,2768.0,33216.0,16.940450822076905,16.6,12,0.7777777777777778,0.8888888888888888,0.1129032258064516,0.0,4.0,0.0,1.0,0.0011,0.0044,25908.0,146.0,1.0,[],No clear signal,2026-06-30
39715,Enterprise,Financial Services,Gujarat,Enterprise,Annual,149952.0,1799424.0,12.0,21.1,108,0.8487654320987654,0.8,0.0364963503649635,1.0,5.0,0.0,1.0,0.0006,0.0022,1403551.0,3959.0,0.2,[],No clear signal,2026-06-30
5217,SMB,Healthcare,Rajasthan,Starter,Annual,3196.0,38352.0,7.0,25.0,13,0.8974358974358974,0.3888888888888889,0.1132075471698113,14.0,3.7142857142857135,0.0,1.0,0.0085,0.0336,29915.0,1289.0,0.179,"[{""feature"": ""t90_tickets"", ""label"": ""Heavy support load"", ""impact_pp"": 0.6}, {""feature"": ""login_trend_pct"", ""label"": ""Usage trending down"", ""impact_pp"": 0.5}]",Heavy support load,2026-06-30
31352,SMB,Education,Haryana,Business,Annual,9635.0,115620.0,10.0,4.5,10,0.1,0.5851851851851851,0.5,4.0,3.25,0.0,1.0,0.0061,0.0242,90184.0,2798.0,0.161,[],No clear signal,2026-06-30
43248,SMB,Logistics,Delhi,Starter,Monthly,3231.0,38772.0,6.0,3.2,13,0.8974358974358974,0.8611111111111112,2.84,1.0,5.0,0.0,1.0,0.0002,0.0008,30242.0,31.0,0.0,[],No clear signal,2026-06-30
38823,Mid-Market,Agritech,Tamil Nadu,Growth,Monthly,16893.0,202716.0,9.0,18.8,34,0.7549019607843137,0.8333333333333333,-0.1287128712871287,1.0,3.0,0.0,1.0,0.0053,0.0209,158118.0,4237.0,0.333,[],No clear signal,2026-06-30
41165,Mid-Market,Retail,West Bengal,Enterprise,Annual,59228.0,710736.0,26.636956311932245,4.5,41,0.5040650406504066,0.8666666666666667,0.8857142857142857,5.0,3.8,0.0,1.0,0.0027,0.0107,554374.0,7605.0,1.0,[],No clear signal,2026-06-30
28284,Mid-Market,Hospitality,Madhya Pradesh,Enterprise,Monthly,113903.0,1366836.0,8.0,8.3,77,0.7272727272727273,0.5166666666666667,0.1063829787234042,1.0,5.0,0.0,1.0,0.0027,0.0107,1066132.0,14625.0,0.2,[],No clear signal,2026-06-30
119,Mid-Market,Financial Services,Delhi,Business,Monthly,58864.0,706368.0,7.0,28.1,65,0.8461538461538461,0.7481481481481481,-0.2045454545454545,3.0,4.0,0.0,1.0,0.0027,0.0107,550967.0,7558.0,0.2,[],No clear signal,2026-06-30
1917,Mid-Market,Retail,Maharashtra,Enterprise,Monthly,74436.0,893232.0,6.0,20.5,48,0.8958333333333334,0.7666666666666667,0.1176470588235294,0.0,4.0,0.0,1.0,0.0004,0.0014,696721.0,1251.0,0.2,[],No clear signal,2026-06-30
11457,SMB,Healthcare,Tamil Nadu,Growth,Monthly,4877.0,58524.0,7.0,19.3,9,0.8888888888888888,0.9642857142857144,0.0924855491329479,1.0,5.0,0.0,1.0,0.0,0.0,45649.0,0.0,0.2,[],No clear signal,2026-06-30
38198,SMB,Financial Services,Kerala,Starter,Monthly,819.0,9828.0,3.0,27.6,3,1.0,0.8611111111111112,0.1028571428571428,0.0,4.0,0.0,1.0,0.0,0.0,7666.0,0.0,0.2,[],No clear signal,2026-06-30
26277,Mid-Market,Retail,Haryana,Business,Annual,54265.0,651180.0,13.0,14.5,64,0.9322916666666666,0.6666666666666666,-0.15527950310559,0.0,4.0,0.0,1.0,0.0008,0.003,507920.0,1954.0,0.5,[],No clear signal,2026-06-30
48026,Mid-Market,IT Services,Haryana,Business,Annual,50371.0,604452.0,21.14145567716336,1.9,69,0.5289855072463768,0.2777777777777778,0.0,2.0,4.0,0.0,1.0,0.0057,0.0224,471473.0,13540.0,0.711,[],No clear signal,2026-06-30
6100,Mid-Market,Retail,Delhi,Business,Annual,27411.0,328932.0,7.0,22.9,29,0.942528735632184,0.9555555555555556,0.2371794871794871,5.0,5.0,0.0,1.0,0.0,0.0,256567.0,0.0,0.2,[],No clear signal,2026-06-30
33945,Mid-Market,IT Services,Tamil Nadu,Growth,Monthly,14236.0,170832.0,26.79537672942332,19.4,33,0.8282828282828283,0.75,0.2735849056603773,0.0,4.0,0.0,1.0,0.0111,0.0437,133249.0,7465.0,0.851,"[{""feature"": ""discount_pct"", ""label"": ""Price sensitive (deep discount)"", ""impact_pp"": 0.8}]",Price sensitive (deep discount),2026-06-30
1387,SMB,Retail,Tamil Nadu,Growth,Annual,3836.0,46032.0,7.0,27.8,7,0.2857142857142857,0.2261904761904762,-0.4285714285714285,2.0,2.5,1.0,1.0,0.0061,0.0242,35905.0,1114.0,0.0,[],No clear signal,2026-06-30
17606,SMB,Retail,Maharashtra,Growth,Annual,5087.0,61044.0,3.0,17.1,9,0.6666666666666666,0.4880952380952381,-0.1913043478260869,2.0,4.5,0.0,1.0,0.0011,0.0044,47614.0,269.0,0.2,[],No clear signal,2026-06-30
43251,SMB,Agritech,Haryana,Growth,Monthly,5451.0,65412.0,6.0,4.9,10,0.5333333333333333,0.75,1.2181818181818185,1.0,5.0,0.2,1.0,0.0061,0.0242,51021.0,1583.0,0.2,[],No clear signal,2026-06-30
27708,Enterprise,Healthcare,Karnataka,Enterprise,Annual,159104.0,1909248.0,12.0,33.3,115,0.863768115942029,0.95,0.0899470899470899,1.0,4.0,0.0,1.0,0.0,0.0,1489213.0,0.0,0.2,[],No clear signal,2026-06-30
38485,Mid-Market,Manufacturing,Madhya Pradesh,Growth,Annual,37679.0,452148.0,4.0,8.2,75,0.0844444444444444,0.0357142857142857,3.0,16.0,2.3125,0.0,1.0,0.0208,0.0806,352675.0,36443.0,0.0,"[{""feature"": ""feature_adoption"", ""label"": ""Shallow product adoption"", ""impact_pp"": 0.7}]",Shallow product adoption,2026-06-30
5161,SMB,IT Services,Maharashtra,Starter,Monthly,3299.0,39588.0,4.0,16.5,13,0.5897435897435898,0.5555555555555556,0.2264150943396226,1.0,4.0,0.4,1.0,0.0161,0.0629,30879.0,2490.0,0.24,"[{""feature"": ""feature_adoption"", ""label"": ""Shallow product adoption"", ""impact_pp"": 1.0}]",Shallow product adoption,2026-06-30
47074,Enterprise,Manufacturing,Madhya Pradesh,Business,Annual,179113.0,2149356.0,10.0,19.2,219,0.3576864535768645,0.0888888888888888,-0.1333333333333333,3.0,3.6666666666666665,0.0,1.0,0.0027,0.0107,1676498.0,22998.0,0.2,[],No clear signal,2026-06-30
1807,Mid-Market,Logistics,Telangana,Enterprise,Annual,49714.0,596568.0,5.0,19.1,31,0.9032258064516128,0.611111111111111,-0.0066225165562913,1.0,5.0,0.0,1.0,0.0009,0.0036,465323.0,2148.0,0.2,[],No clear signal,2026-06-30
48123,SMB,Education,West Bengal,Starter,Monthly,2870.0,34440.0,23.43307352087667,9.7,12,0.5277777777777778,0.638888888888889,-0.0757575757575757,4.0,3.5,0.0,1.0,0.0414,0.1557,26863.0,5362.0,0.539,"[{""feature"": ""discount_pct"", ""label"": ""Price sensitive (deep discount)"", ""impact_pp"": 2.9}, {""feature"": ""feature_adoption"", ""label"": ""Shallow product adoption"", ""impact_pp"": 1.2}, {""feature"": ""tenure_months"", ""label"": ""Still early in lifecycle"", ""impact_pp"": 0.8}]",Price sensitive (deep discount),2026-06-30
19777,SMB,Financial Services,Kerala,Starter,Monthly,2420.0,29040.0,0.0,25.1,9,0.7407407407407408,0.8333333333333334,-0.072,2.0,4.5,0.2,1.0,0.0027,0.0107,22651.0,311.0,0.2,[],No clear signal,2026-06-30
45541,Mid-Market,Retail,Tamil Nadu,Business,Monthly,58108.0,697296.0,4.0,33.4,62,0.8709677419354839,0.3777777777777777,-0.0512820512820512,0.0,4.0,0.2,1.0,0.0026,0.0104,543891.0,7252.0,0.0,[],No clear signal,2026-06-30
4796,SMB,Healthcare,Kerala,Starter,Annual,1310.0,15720.0,5.0,13.0,5,0.8,0.75,0.3763440860215054,2.0,4.5,0.0,1.0,0.0009,0.0036,12262.0,57.0,0.2,[],No clear signal,2026-06-30
1974,SMB,Agritech,Kerala,Growth,Annual,3753.0,45036.0,9.0,33.3,7,0.7142857142857143,0.8452380952380952,0.0218978102189781,2.0,4.5,0.0,1.0,0.0009,0.0036,35128.0,162.0,0.2,[],No clear signal,2026-06-30
39190,SMB,Retail,Karnataka,Business,Annual,9849.0,118188.0,8.0,21.6,10,0.6666666666666667,0.6074074074074074,0.0232558139534883,2.0,4.5,0.0,1.0,0.0035,0.0138,92187.0,1631.0,0.5,[],No clear signal,2026-06-30
22999,Mid-Market,Manufacturing,Gujarat,Business,Monthly,56625.0,679500.0,5.0,39.2,61,0.9508196721311476,0.9555555555555556,0.0481283422459893,0.0,4.0,0.0,1.0,0.0,0.0,530010.0,0.0,0.2,[],No clear signal,2026-06-30
39454,Enterprise,Financial Services,Maharashtra,Enterprise,Annual,255706.0,3068472.0,11.0,3.4,188,0.6170212765957447,0.4055555555555555,2.727272727272727,2.0,4.0,0.0,1.0,0.0011,0.0044,2393408.0,13501.0,0.2,[],No clear signal,2026-06-30
12588,SMB,Agritech,Gujarat,Starter,Monthly,2872.0,34464.0,2.0,23.3,11,0.7878787878787878,0.5555555555555556,0.1304347826086956,0.0,4.0,0.4,1.0,0.0048,0.019,26882.0,655.0,0.0,[],No clear signal,2026-06-30
32628,SMB,Financial Services,Gujarat,Growth,Annual,1125.0,13500.0,9.0,29.6,2,0.5,0.5833333333333333,0.05,8.0,3.25,0.0,1.0,0.0082,0.0326,10530.0,440.0,0.389,"[{""feature"": ""t90_tickets"", ""label"": ""Heavy support load"", ""impact_pp"": 0.4}]",Heavy support load,2026-06-30
22603,Enterprise,IT Services,Rajasthan,Enterprise,Annual,238408.0,2860896.0,31.113436006857896,31.1,209,0.6650717703349283,0.9055555555555556,0.1296296296296296,0.0,4.0,0.0,1.0,0.0011,0.0044,2231499.0,12588.0,1.0,[],No clear signal,2026-06-30
1237,SMB,IT Services,Tamil Nadu,Starter,Monthly,2011.0,24132.0,7.0,13.0,8,0.9166666666666666,0.8333333333333334,-0.1896551724137931,0.0,4.0,0.2,1.0,0.0038,0.0149,18823.0,360.0,0.149,[],No clear signal,2026-06-30
6058,SMB,Manufacturing,Delhi,Growth,Annual,5804.0,69648.0,22.923143209721506,20.5,12,0.7222222222222222,0.7976190476190476,-0.2465753424657534,1.0,5.0,0.0,1.0,0.0011,0.0044,54325.0,306.0,1.0,[],No clear signal,2026-06-30
378,SMB,Logistics,Kerala,Starter,Annual,2251.0,27012.0,7.0,1.6,9,0.7222222222222222,0.5416666666666666,0.0,0.0,4.0,0.0,1.0,0.0011,0.0044,21069.0,119.0,0.2,[],No clear signal,2026-06-30
49358,Enterprise,Retail,Tamil Nadu,Enterprise,Annual,260421.0,3125052.0,12.0,0.8,194,0.6701030927835051,0.3333333333333333,0.0,6.0,3.8333333333333335,1.0,1.0,0.0054,0.0213,2437541.0,66564.0,0.0,[],No clear signal,2026-06-30
43819,SMB,IT Services,Uttar Pradesh,Business,Annual,3207.0,38484.0,5.0,19.1,3,0.8888888888888888,0.6814814814814815,0.1686746987951807,3.0,4.333333333333333,0.0,1.0,0.0016,0.0065,30018.0,250.0,0.0,[],No clear signal,2026-06-30
30905,Mid-Market,Hospitality,Rajasthan,Growth,Annual,14052.0,168624.0,9.0,25.5,28,0.9404761904761904,0.9642857142857144,-0.0994475138121546,2.0,5.0,0.0,1.0,0.0,0.0,131527.0,0.0,0.2,[],No clear signal,2026-06-30
8844,SMB,Agritech,Telangana,Growth,Annual,7592.0,91104.0,5.0,31.9,14,0.6904761904761905,0.8333333333333333,-0.2176870748299319,1.0,5.0,0.0,1.0,0.0009,0.0036,71061.0,328.0,0.2,[],No clear signal,2026-06-30
7806,Mid-Market,IT Services,Uttar Pradesh,Growth,Annual,9439.0,113268.0,7.0,15.7,18,0.7222222222222222,0.8452380952380952,0.3977272727272727,3.0,3.6666666666666665,0.0,1.0,0.0009,0.0036,88349.0,408.0,0.2,[],No clear signal,2026-06-30
43665,SMB,Healthcare,West Bengal,Growth,Monthly,2122.0,25464.0,12.0,34.1,4,0.75,0.6904761904761905,0.1758241758241758,0.0,4.0,0.0,1.0,0.0027,0.0107,19862.0,272.0,0.2,[],No clear signal,2026-06-30
42704,Mid-Market,Retail,Maharashtra,Growth,Annual,13898.0,166776.0,10.0,40.2,28,0.4285714285714285,0.619047619047619,-0.2542372881355932,6.0,3.5,0.0,1.0,0.0061,0.0242,130085.0,4036.0,0.178,[],No clear signal,2026-06-30
4953,Mid-Market,IT Services,Rajasthan,Business,Annual,66113.0,793356.0,11.0,10.1,77,0.4805194805194805,0.1407407407407407,-0.2413793103448276,2.0,3.5,0.0,1.0,0.0213,0.0825,618818.0,65452.0,0.374,"[{""feature"": ""discount_pct"", ""label"": ""Price sensitive (deep discount)"", ""impact_pp"": 1.0}, {""feature"": ""tenure_months"", ""label"": ""Still early in lifecycle"", ""impact_pp"": 0.8}, {""feature"": ""login_trend_pct"", ""label"": ""Usage trending down"", ""impact_pp"": 0.5}]",Price sensitive (deep discount),2026-06-30
19746,Mid-Market,Agritech,Tamil Nadu,Growth,Annual,10770.0,129240.0,4.0,6.3,20,0.9666666666666666,0.9642857142857144,0.2923976608187134,3.0,5.0,0.0,1.0,0.0,0.0,100807.0,0.0,0.2,[],No clear signal,2026-06-30
29926,SMB,Education,Telangana,Business,Monthly,13277.0,159324.0,10.0,25.8,14,0.7380952380952381,0.7259259259259259,0.0,1.0,4.0,0.2,1.0,0.0027,0.0107,124273.0,1705.0,0.2,[],No clear signal,2026-06-30
45607,Mid-Market,Retail,Uttar Pradesh,Business,Annual,55512.0,666144.0,11.0,6.0,64,0.2083333333333333,0.1037037037037037,-0.0833333333333333,12.0,3.5,0.0,1.0,0.0048,0.019,519592.0,12657.0,0.0,[],No clear signal,2026-06-30
7359,SMB,Logistics,Telangana,Growth,Annual,1111.0,13332.0,15.48675380802775,14.9,2,1.0,0.9285714285714286,0.164021164021164,1.0,3.0,0.0,1.0,0.0,0.0,10399.0,0.0,0.2,[],No clear signal,2026-06-30
12734,Mid-Market,Education,Gujarat,Growth,Annual,33632.0,403584.0,6.0,11.2,68,0.7745098039215685,0.7619047619047619,-0.0909090909090909,1.0,3.0,0.0,1.0,0.0011,0.0044,314796.0,1776.0,0.0,[],No clear signal,2026-06-30
25308,Enterprise,IT Services,Karnataka,Business,Annual,148928.0,1787136.0,20.03842489849677,20.4,219,0.1796042617960426,0.1703703703703703,-0.3333333333333333,4.0,2.5,0.0,1.0,0.0159,0.0622,1393966.0,111160.0,0.556,"[{""feature"": ""discount_pct"", ""label"": ""Price sensitive (deep discount)"", ""impact_pp"": 1.3}, {""feature"": ""t90_tickets"", ""label"": ""Heavy support load"", ""impact_pp"": 0.6}]",Price sensitive (deep discount),2026-06-30
14706,Mid-Market,Retail,Kerala,Growth,Monthly,15307.0,183684.0,10.0,18.8,31,0.8709677419354839,0.8928571428571429,0.06282722513089,0.0,4.0,0.0,1.0,0.0,0.0,143274.0,0.0,0.2,[],No clear signal,2026-06-30
12931,SMB,IT Services,Karnataka,Growth,Annual,7372.0,88464.0,1.0,27.4,13,0.358974358974359,0.1547619047619047,0.0625,6.0,3.8333333333333335,1.0,1.0,0.0042,0.0165,69002.0,1460.0,0.0,[],No clear signal,2026-06-30
32935,Mid-Market,Financial Services,Karnataka,Growth,Annual,35041.0,420492.0,15.0,24.8,79,0.9367088607594936,0.869047619047619,-0.1526315789473684,7.0,4.857142857142857,0.0,1.0,0.0,0.0,327984.0,0.0,0.2,[],No clear signal,2026-06-30
37487,Enterprise,Agritech,Telangana,Business,Monthly,111977.0,1343724.0,6.0,13.8,127,0.868766404199475,0.7629629629629631,-0.1338582677165354,1.0,4.0,0.0,1.0,0.002,0.0079,1048105.0,10615.0,0.2,[],No clear signal,2026-06-30
24011,SMB,Education,Tamil Nadu,Growth,Monthly,2048.0,24576.0,30.5737900593584,20.6,5,0.9333333333333332,0.7261904761904762,0.1,0.0,4.0,0.0,1.0,0.0002,0.0008,19169.0,20.0,0.0,[],No clear signal,2026-06-30
12832,SMB,IT Services,Delhi,Starter,Annual,3467.0,41604.0,6.0,43.6,14,0.5238095238095238,0.1666666666666666,0.5714285714285714,2.0,4.0,0.0,1.0,0.0042,0.0165,32451.0,686.0,0.2,[],No clear signal,2026-06-30
2845,Enterprise,Logistics,Haryana,Enterprise,Annual,109053.0,1308636.0,17.0,9.2,82,0.6747967479674797,0.4944444444444444,0.0714285714285714,1.0,5.0,0.0,1.0,0.0011,0.0044,1020736.0,5758.0,0.2,[],No clear signal,2026-06-30
6981,Enterprise,Real Estate,Telangana,Enterprise,Annual,132326.0,1587912.0,22.147737960896347,12.8,102,0.3071895424836601,0.3166666666666666,-0.2692307692307692,18.0,3.5,0.0,1.0,0.0426,0.16,1238571.0,254066.0,0.406,"[{""feature"": ""discount_pct"", ""label"": ""Price sensitive (deep discount)"", ""impact_pp"": 1.8}, {""feature"": ""t90_tickets"", ""label"": ""Heavy support load"", ""impact_pp"": 1.4}, {""feature"": ""login_trend_pct"", ""label"": ""Usage trending down"", ""impact_pp"": 1.3}]",Price sensitive (deep discount),2026-06-30
12357,Mid-Market,Retail,Uttar Pradesh,Business,Annual,47517.0,570204.0,15.0,43.2,57,0.8771929824561403,0.9555555555555556,-0.0267379679144385,1.0,4.0,0.0,1.0,0.0,0.0,444759.0,0.0,0.2,[],No clear signal,2026-06-30
20686,Enterprise,Real Estate,Rajasthan,Enterprise,Annual,122704.0,1472448.0,24.0,40.2,102,0.630718954248366,0.7444444444444444,0.0163934426229508,6.0,4.833333333333333,0.0,1.0,0.0042,0.0166,1148509.0,24443.0,0.307,[],No clear signal,2026-06-30
39592,Mid-Market,Logistics,Madhya Pradesh,Enterprise,Monthly,49206.0,590472.0,3.0,3.7,30,0.8,0.611111111111111,1.878787878787879,4.0,3.5,0.0,1.0,0.0088,0.0347,460568.0,20489.0,0.0,"[{""feature"": ""feature_adoption"", ""label"": ""Shallow product adoption"", ""impact_pp"": 0.4}]",Shallow product adoption,2026-06-30
44476,SMB,Retail,Uttar Pradesh,Growth,Annual,5509.0,66108.0,5.0,24.5,10,0.9333333333333332,0.880952380952381,0.2151162790697674,0.0,4.0,0.0,1.0,0.0,0.0,51564.0,0.0,0.2,[],No clear signal,2026-06-30
26147,Mid-Market,Manufacturing,Telangana,Business,Monthly,15972.0,191664.0,10.0,13.6,17,0.6666666666666667,0.6222222222222222,0.0353982300884955,1.0,3.0,0.0,1.0,0.0061,0.0242,149498.0,4638.0,0.139,[],No clear signal,2026-06-30
22662,SMB,Agritech,Kerala,Business,Monthly,7081.0,84972.0,7.0,11.7,7,0.9523809523809524,0.8888888888888888,-0.0779816513761468,3.0,4.666666666666667,0.0,1.0,0.0002,0.0008,66278.0,68.0,0.2,[],No clear signal,2026-06-30
18808,SMB,Financial Services,Telangana,Starter,Monthly,1511.0,18132.0,8.0,31.6,6,0.9444444444444444,0.9166666666666666,-0.028169014084507,3.0,3.333333333333333,0.0,1.0,0.0006,0.0022,14143.0,40.0,0.2,[],No clear signal,2026-06-30
42887,SMB,Healthcare,Uttar Pradesh,Growth,Annual,6478.0,77736.0,13.0,2.2,13,1.0,0.9642857142857144,0.0,0.0,4.0,0.0,1.0,0.0,0.0,60634.0,0.0,0.2,[],No clear signal,2026-06-30
1061,SMB,Healthcare,Uttar Pradesh,Starter,Monthly,1560.0,18720.0,5.0,27.3,6,0.9444444444444444,0.9166666666666666,0.1453488372093023,1.0,3.0,0.0,1.0,0.0,0.0,14602.0,0.0,0.2,[],No clear signal,2026-06-30
49009,SMB,Hospitality,Karnataka,Growth,Monthly,7592.0,91104.0,5.0,12.2,14,0.8333333333333333,0.8333333333333333,0.028169014084507,1.0,5.0,0.0,1.0,0.0011,0.0044,71061.0,401.0,0.2,[],No clear signal,2026-06-30
16280,SMB,Retail,Tamil Nadu,Growth,Monthly,6627.0,79524.0,11.0,39.4,13,0.9230769230769232,0.9642857142857144,0.0252525252525252,3.0,5.0,0.0,1.0,0.0,0.0,62029.0,0.0,0.2,[],No clear signal,2026-06-30
47413,SMB,Education,Karnataka,Starter,Monthly,1057.0,12684.0,5.0,16.7,4,0.9166666666666666,0.75,0.0292682926829268,3.0,3.6666666666666665,0.0,1.0,0.0002,0.0008,9894.0,10.0,0.0,[],No clear signal,2026-06-30
34735,Mid-Market,Retail,West Bengal,Business,Monthly,51574.0,618888.0,18.53114929384487,31.1,61,0.8907103825136612,0.948148148148148,0.0459183673469387,6.0,4.333333333333333,0.0,1.0,0.0,0.0,482733.0,0.0,0.2,[],No clear signal,2026-06-30
40270,SMB,Logistics,Madhya Pradesh,Growth,Monthly,3452.0,41424.0,3.0,12.1,6,0.8333333333333334,0.4880952380952381,0.1875,0.0,4.0,0.2,1.0,0.0135,0.053,32311.0,2195.0,0.0,[],No clear signal,2026-06-30
40093,SMB,Healthcare,Tamil Nadu,Growth,Monthly,1810.0,21720.0,1.0,14.4,3,0.8888888888888888,0.8214285714285714,0.1851851851851851,11.0,4.090909090909091,0.0,1.0,0.0108,0.0424,16942.0,921.0,0.0,"[{""feature"": ""t90_tickets"", ""label"": ""Heavy support load"", ""impact_pp"": 0.6}]",Heavy support load,2026-06-30
28899,SMB,Manufacturing,Kerala,Business,Monthly,4523.0,54276.0,18.0,21.2,5,0.8666666666666666,0.6074074074074074,-0.1643835616438356,0.0,4.0,0.4,1.0,0.0139,0.0546,42335.0,2963.0,0.056,"[{""feature"": ""feature_adoption"", ""label"": ""Shallow product adoption"", ""impact_pp"": 0.8}]",Shallow product adoption,2026-06-30
46740,Mid-Market,Real Estate,Gujarat,Business,Monthly,39523.0,474276.0,39.82230810218388,14.0,56,0.8214285714285714,0.4,0.2989690721649484,1.0,4.0,0.2,1.0,0.0412,0.1549,369935.0,73465.0,0.664,"[{""feature"": ""discount_pct"", ""label"": ""Price sensitive (deep discount)"", ""impact_pp"": 3.7}, {""feature"": ""feature_adoption"", ""label"": ""Shallow product adoption"", ""impact_pp"": 1.2}, {""feature"": ""t90_avg_resolution_h"", ""label"": ""Slow ticket resolution"", ""impact_pp"": 0.4}]",Price sensitive (deep discount),2026-06-30
222,SMB,Manufacturing,Tamil Nadu,Starter,Monthly,802.0,9624.0,5.0,32.8,3,1.0,0.9166666666666666,0.0157068062827225,4.0,4.75,0.0,1.0,0.0002,0.0008,7507.0,8.0,0.2,[],No clear signal,2026-06-30
4858,SMB,Financial Services,Karnataka,Starter,Annual,3393.0,40716.0,8.0,7.3,14,0.1904761904761904,0.3055555555555555,0.0625,3.0,3.0,0.0,1.0,0.0027,0.0107,31758.0,436.0,0.2,[],No clear signal,2026-06-30
48337,SMB,IT Services,West Bengal,Starter,Monthly,3162.0,37944.0,8.0,40.0,13,0.282051282051282,0.25,0.2051282051282051,1.0,4.0,0.2,1.0,0.0245,0.0946,29596.0,3590.0,0.281,"[{""feature"": ""seat_utilisation"", ""label"": ""Seats sitting unused"", ""impact_pp"": 0.6}, {""feature"": ""feature_adoption"", ""label"": ""Shallow product adoption"", ""impact_pp"": 0.4}, {""feature"": ""discount_pct"", ""label"": ""Price sensitive (deep discount)"", ""impact_pp"": 0.4}]",Seats sitting unused,2026-06-30
33350,SMB,Logistics,Karnataka,Growth,Annual,1719.0,20628.0,6.0,41.7,3,1.0,0.75,0.2357723577235772,2.0,3.5,0.0,1.0,0.0,0.0,16090.0,0.0,0.2,[],No clear signal,2026-06-30
27322,Mid-Market,Real Estate,Gujarat,Business,Monthly,65172.0,782064.0,4.0,8.0,70,0.4571428571428571,0.3777777777777777,0.2807017543859649,2.0,4.0,0.0,1.0,0.0057,0.0224,610010.0,17518.0,0.0,[],No clear signal,2026-06-30
36920,SMB,Healthcare,Karnataka,Growth,Monthly,3877.0,46524.0,6.0,22.0,7,0.9047619047619048,0.9166666666666669,0.0344827586206896,2.0,5.0,0.0,1.0,0.0,0.0,36289.0,0.0,0.2,[],No clear signal,2026-06-30
11499,SMB,Financial Services,Rajasthan,Growth,Monthly,2839.0,34068.0,5.0,6.1,5,0.5333333333333333,0.6428571428571429,-0.07,9.0,4.222222222222222,0.0,1.0,0.0417,0.1566,26573.0,5335.0,0.0,"[{""feature"": ""t90_tickets"", ""label"": ""Heavy support load"", ""impact_pp"": 3.6}, {""feature"": ""seat_utilisation"", ""label"": ""Seats sitting unused"", ""impact_pp"": 1.0}]",Heavy support load,2026-06-30
5589,Mid-Market,Retail,Tamil Nadu,Growth,Annual,7638.0,91656.0,35.0,15.2,21,0.8412698412698413,0.9285714285714286,-0.0588235294117647,0.0,4.0,0.0,1.0,0.0004,0.0014,71492.0,128.0,1.0,[],No clear signal,2026-06-30
30593,SMB,Retail,Maharashtra,Starter,Annual,2679.0,32148.0,19.04818387318452,35.2,12,0.5,0.3333333333333333,0.5,10.0,3.5,0.0,1.0,0.0085,0.0336,25075.0,1080.0,0.0,"[{""feature"": ""t90_tickets"", ""label"": ""Heavy support load"", ""impact_pp"": 0.6}]",Heavy support load,2026-06-30
46487,SMB,Real Estate,Maharashtra,Starter,Annual,2275.0,27300.0,6.0,50.9,9,0.8148148148148148,0.8611111111111112,0.5833333333333334,2.0,3.5,0.0,1.0,0.0009,0.0036,21294.0,98.0,0.2,[],No clear signal,2026-06-30
35266,SMB,Manufacturing,Madhya Pradesh,Starter,Annual,2489.0,29868.0,7.0,12.5,10,0.3666666666666666,0.6944444444444445,0.0769230769230769,4.0,4.25,0.0,1.0,0.0053,0.021,23297.0,627.0,0.111,"[{""feature"": ""seat_utilisation"", ""label"": ""Seats sitting unused"", ""impact_pp"": 0.4}, {""feature"": ""t90_tickets"", ""label"": ""Heavy support load"", ""impact_pp"": 0.4}]",Seats sitting unused,2026-06-30
30344,SMB,Healthcare,West Bengal,Starter,Annual,1189.0,14268.0,17.74763624773351,11.3,5,0.9333333333333332,0.4722222222222222,-0.2337662337662337,11.0,3.909090909090909,0.0,1.0,0.0054,0.0215,11129.0,307.0,0.118,[],No clear signal,2026-06-30
17565,Mid-Market,Agritech,Haryana,Business,Annual,49053.0,588636.0,6.0,7.3,53,0.8238993710691823,0.6074074074074074,-0.1933333333333333,3.0,4.333333333333333,0.0,1.0,0.0011,0.0044,459136.0,2590.0,0.0,[],No clear signal,2026-06-30
14271,SMB,IT Services,Tamil Nadu,Starter,Monthly,2516.0,30192.0,6.0,24.2,10,0.8,0.9166666666666666,-0.0253164556962025,9.0,3.6666666666666665,0.0,1.0,0.0204,0.0793,23550.0,2394.0,0.0,"[{""feature"": ""t90_tickets"", ""label"": ""Heavy support load"", ""impact_pp"": 1.2}]",Heavy support load,2026-06-30
29769,SMB,Education,Tamil Nadu,Growth,Annual,5335.0,64020.0,8.0,23.3,10,0.3333333333333333,0.1071428571428571,0.0263157894736842,0.0,4.0,0.0,1.0,0.0018,0.0072,49936.0,461.0,0.5,[],No clear signal,2026-06-30
25319,SMB,Manufacturing,Tamil Nadu,Starter,Monthly,810.0,9720.0,4.0,34.1,3,1.0,0.7777777777777778,0.0,3.0,4.0,0.0,1.0,0.0008,0.003,7582.0,29.0,0.2,[],No clear signal,2026-06-30
35042,SMB,Healthcare,Maharashtra,Starter,Monthly,3368.0,40416.0,2.0,7.0,13,0.717948717948718,0.7777777777777778,0.1585365853658536,3.0,3.6666666666666665,0.0,1.0,0.0057,0.0224,31524.0,905.0,0.0,[],No clear signal,2026-06-30
21682,Mid-Market,Retail,Tamil Nadu,Business,Monthly,57704.0,692448.0,15.0,28.3,70,0.7333333333333334,0.8222222222222222,-0.1935483870967742,10.0,3.7,0.0,1.0,0.0168,0.0657,540109.0,45494.0,0.0,"[{""feature"": ""t90_tickets"", ""label"": ""Heavy support load"", ""impact_pp"": 0.7}]",Heavy support load,2026-06-30
13513,SMB,Retail,Karnataka,Growth,Annual,4083.0,48996.0,1.0,6.1,7,0.4285714285714285,0.2380952380952381,0.1333333333333333,5.0,2.8,0.0,1.0,0.0054,0.0213,38217.0,1044.0,0.0,[],No clear signal,2026-06-30
1489,SMB,Logistics,Maharashtra,Business,Annual,7538.0,90456.0,1.0,0.6,7,0.8571428571428571,0.6666666666666666,0.0,1.0,5.0,0.0,1.0,0.0008,0.003,70556.0,271.0,0.2,[],No clear signal,2026-06-30
14309,SMB,Retail,Rajasthan,Starter,Annual,835.0,10020.0,1.0,12.9,3,0.3333333333333333,0.3333333333333333,-0.25,14.0,2.857142857142857,1.0,1.0,0.0145,0.0569,7816.0,570.0,0.0,[],No clear signal,2026-06-30
33723,SMB,Healthcare,Haryana,Growth,Annual,2002.0,24024.0,17.0,3.5,4,0.6666666666666666,0.9642857142857144,3.0,2.0,3.5,0.0,1.0,0.002,0.0079,18739.0,190.0,0.2,[],No clear signal,2026-06-30
8039,SMB,Logistics,Maharashtra,Growth,Monthly,1664.0,19968.0,9.0,26.1,3,0.6666666666666666,0.5595238095238095,0.5,2.0,3.5,0.0,1.0,0.0372,0.1406,15575.0,2808.0,0.248,"[{""feature"": ""t90_avg_csat"", ""label"": ""Unhappy with support"", ""impact_pp"": 0.9}, {""feature"": ""discount_pct"", ""label"": ""Price sensitive (deep discount)"", ""impact_pp"": 0.7}, {""feature"": ""feature_adoption"", ""label"": ""Shallow product adoption"", ""impact_pp"": 0.6}]",Unhappy with support,2026-06-30
18710,SMB,Retail,Rajasthan,Growth,Annual,3298.0,39576.0,18.447149451368418,33.3,7,0.9047619047619048,0.9642857142857144,-0.1470588235294117,0.0,4.0,0.0,1.0,0.0002,0.0008,30869.0,32.0,0.5,[],No clear signal,2026-06-30
45757,Mid-Market,Real Estate,Haryana,Business,Monthly,15747.0,188964.0,6.0,22.9,16,0.5833333333333334,0.8740740740740741,0.065359477124183,0.0,4.0,0.0,1.0,0.0005,0.0022,147392.0,416.0,0.2,[],No clear signal,2026-06-30
33472,Enterprise,IT Services,Karnataka,Business,Annual,80817.0,969804.0,15.0,28.5,100,0.9,0.8222222222222222,-0.1219512195121951,0.0,4.0,0.0,1.0,0.0,0.0,756447.0,0.0,0.2,[],No clear signal,2026-06-30
46607,SMB,Agritech,West Bengal,Starter,Monthly,2856.0,34272.0,14.055299138753826,19.9,12,0.9722222222222222,0.9166666666666666,0.1694915254237288,2.0,4.5,0.0,1.0,0.0,0.0,26732.0,0.0,0.2,[],No clear signal,2026-06-30
22041,SMB,Retail,Haryana,Growth,Annual,1627.0,19524.0,11.0,18.8,3,1.0,0.9285714285714286,0.0420560747663551,1.0,3.0,0.0,1.0,0.0,0.0,15229.0,0.0,0.2,[],No clear signal,2026-06-30
43777,Mid-Market,Logistics,Delhi,Business,Annual,44783.0,537396.0,11.0,28.7,51,0.2483660130718954,0.0444444444444444,-0.5384615384615384,6.0,3.0,0.0,1.0,0.016,0.0626,419169.0,33641.0,0.387,"[{""feature"": ""t90_tickets"", ""label"": ""Heavy support load"", ""impact_pp"": 0.4}]",Heavy support load,2026-06-30
42105,SMB,Logistics,Maharashtra,Starter,Monthly,2931.0,35172.0,0.0,31.9,11,0.8787878787878788,0.7222222222222222,-0.0789473684210526,3.0,4.0,0.2,1.0,0.0139,0.0544,27434.0,1913.0,0.2,[],No clear signal,2026-06-30
4019,Enterprise,Hospitality,Telangana,Business,Annual,83310.0,999720.0,14.0,18.7,102,0.4019607843137255,0.0814814814814814,2.5,12.0,3.1666666666666665,0.0,1.0,0.018,0.0702,779782.0,70180.0,0.323,[],No clear signal,2026-06-30
6293,Enterprise,Agritech,Haryana,Business,Annual,100336.0,1204032.0,9.0,33.0,117,0.2962962962962963,0.4,-0.2580645161290322,6.0,4.0,0.0,1.0,0.0087,0.0344,939145.0,41419.0,0.0,[],No clear signal,2026-06-30
16241,SMB,Real Estate,Karnataka,Starter,Annual,1338.0,16056.0,3.0,10.3,5,0.7333333333333333,0.5833333333333334,0.0,2.0,5.0,0.0,1.0,0.0039,0.0156,12524.0,250.0,0.2,[],No clear signal,2026-06-30
44458,Mid-Market,Hospitality,Tamil Nadu,Enterprise,Annual,46670.0,560040.0,8.0,29.5,30,0.6333333333333333,0.5555555555555556,-0.3223140495867768,2.0,4.0,0.0,1.0,0.002,0.0079,436831.0,4424.0,0.0,[],No clear signal,2026-06-30
20071,SMB,Hospitality,Gujarat,Starter,Monthly,3153.0,37836.0,1.0,31.7,12,0.9166666666666666,0.9166666666666666,0.0,1.0,5.0,0.0,1.0,0.0011,0.0043,29512.0,163.0,0.0,[],No clear signal,2026-06-30
33231,SMB,IT Services,Rajasthan,Business,Annual,2167.0,26004.0,5.0,5.5,2,0.5,0.4074074074074074,-0.0350877192982456,1.0,4.0,0.0,1.0,0.0011,0.0044,20283.0,114.0,0.2,[],No clear signal,2026-06-30
14388,SMB,Logistics,Rajasthan,Starter,Monthly,1751.0,21012.0,8.0,27.8,7,0.8095238095238095,0.7777777777777778,0.3103448275862069,0.0,4.0,0.0,1.0,0.0004,0.0014,16389.0,29.0,0.2,[],No clear signal,2026-06-30
48591,SMB,Manufacturing,Tamil Nadu,Starter,Annual,525.0,6300.0,8.0,6.8,2,0.0,0.3888888888888889,-0.1153846153846153,3.0,3.333333333333333,0.0,1.0,0.0027,0.0107,4914.0,67.0,0.2,[],No clear signal,2026-06-30
49617,Mid-Market,Real Estate,Gujarat,Growth,Monthly,11164.0,133968.0,5.0,40.4,21,0.746031746031746,0.6904761904761905,0.2688172043010752,3.0,4.0,0.0,1.0,0.0027,0.0107,104495.0,1433.0,0.2,[],No clear signal,2026-06-30
22215,SMB,Retail,Madhya Pradesh,Starter,Monthly,2119.0,25428.0,2.0,20.5,8,0.4166666666666667,0.3333333333333333,-0.3513513513513513,4.0,4.25,0.2,1.0,0.0425,0.1593,19834.0,4051.0,0.0,"[{""feature"": ""feature_adoption"", ""label"": ""Shallow product adoption"", ""impact_pp"": 1.2}]",Shallow product adoption,2026-06-30
16705,SMB,Education,Gujarat,Starter,Monthly,2323.0,27876.0,4.0,38.6,9,0.3333333333333333,0.6944444444444445,-0.1777777777777777,2.0,4.0,0.2,1.0,0.0261,0.1003,21743.0,2796.0,0.0,"[{""feature"": ""seat_utilisation"", ""label"": ""Seats sitting unused"", ""impact_pp"": 0.4}]",Seats sitting unused,2026-06-30
11639,SMB,Real Estate,Haryana,Starter,Monthly,1495.0,17940.0,9.0,6.7,6,0.8333333333333334,0.611111111111111,0.2833333333333333,3.0,4.0,0.0,1.0,0.002,0.0079,13993.0,142.0,0.0,[],No clear signal,2026-06-30
16048,SMB,Agritech,West Bengal,Starter,Monthly,2119.0,25428.0,2.0,17.7,8,0.7916666666666666,0.8333333333333334,0.3255813953488372,4.0,3.5,0.4,1.0,0.0073,0.029,19834.0,737.0,0.2,[],No clear signal,2026-06-30
38775,SMB,Agritech,Karnataka,Starter,Monthly,1626.0,19512.0,1.0,8.3,6,0.6666666666666666,0.6666666666666666,0.0606060606060606,4.0,3.75,0.0,1.0,0.0112,0.0441,15219.0,860.0,0.0,[],No clear signal,2026-06-30
38227,SMB,Logistics,Telangana,Growth,Monthly,2339.0,28068.0,3.0,37.5,4,0.75,0.6071428571428571,-0.4428571428571428,3.0,3.0,0.2,1.0,0.0339,0.1289,21893.0,3618.0,0.0,"[{""feature"": ""t90_high_sev"", ""label"": ""Serious unresolved issues"", ""impact_pp"": 0.6}]",Serious unresolved issues,2026-06-30
20987,SMB,Manufacturing,Kerala,Starter,Monthly,1808.0,21696.0,5.0,22.0,7,0.9047619047619048,0.9166666666666666,0.0,2.0,4.5,0.0,1.0,0.001,0.0042,16923.0,91.0,0.2,[],No clear signal,2026-06-30
33928,SMB,IT Services,Haryana,Growth,Annual,1662.0,19944.0,17.80289733928018,1.5,3,1.0,0.9642857142857144,0.0,3.0,4.666666666666667,0.0,1.0,0.0006,0.0022,15556.0,44.0,0.2,[],No clear signal,2026-06-30
32171,Mid-Market,Real Estate,Telangana,Growth,Monthly,18771.0,225252.0,9.0,17.9,38,0.7280701754385965,0.9404761904761904,0.2329545454545454,1.0,4.0,0.2,1.0,0.0011,0.0044,175697.0,991.0,0.2,[],No clear signal,2026-06-30
35270,Enterprise,Manufacturing,Maharashtra,Enterprise,Annual,199391.0,2392692.0,9.0,2.1,141,0.8274231678486998,0.8777777777777778,0.0,3.0,4.666666666666667,0.0,1.0,0.0004,0.0014,1866300.0,3350.0,0.2,[],No clear signal,2026-06-30
26243,SMB,Agritech,Rajasthan,Growth,Monthly,3918.0,47016.0,5.0,7.8,7,0.5238095238095238,0.4047619047619047,-0.1007194244604316,2.0,4.0,0.0,1.0,0.0115,0.0451,36672.0,2120.0,0.0,"[{""feature"": ""feature_adoption"", ""label"": ""Shallow product adoption"", ""impact_pp"": 0.6}]",Shallow product adoption,2026-06-30
3685,SMB,Logistics,Maharashtra,Business,Annual,13610.0,163320.0,1.0,2.8,13,0.8717948717948718,0.6666666666666666,0.0,1.0,4.0,0.0,1.0,0.0002,0.0008,127390.0,131.0,0.2,[],No clear signal,2026-06-30
28572,SMB,Logistics,Maharashtra,Growth,Annual,5652.0,67824.0,11.0,15.8,11,0.2424242424242424,0.4523809523809524,-0.1818181818181818,8.0,3.25,1.0,1.0,0.0042,0.0166,52903.0,1126.0,1.0,[],No clear signal,2026-06-30
20391,Mid-Market,Financial Services,Karnataka,Growth,Monthly,14361.0,172332.0,7.0,15.6,28,0.8333333333333333,0.880952380952381,-0.0675675675675675,0.0,4.0,0.0,1.0,0.0011,0.0044,134419.0,758.0,0.2,[],No clear signal,2026-06-30
43,Enterprise,Education,Tamil Nadu,Business,Monthly,81686.0,980232.0,31.163581826547173,14.8,110,0.7393939393939394,0.9037037037037036,0.6105263157894737,0.0,4.0,0.0,1.0,0.0004,0.0014,764581.0,1372.0,0.2,[],No clear signal,2026-06-30
5046,Mid-Market,IT Services,Delhi,Business,Monthly,37180.0,446160.0,7.0,23.2,40,0.5416666666666667,0.7703703703703704,-0.3,0.0,4.0,0.6,1.0,0.029,0.1109,348005.0,49479.0,0.0,[],No clear signal,2026-06-30
25274,Enterprise,Logistics,Karnataka,Enterprise,Annual,72718.0,872616.0,29.0,17.8,63,0.5714285714285714,0.7777777777777778,0.1320754716981132,1.0,4.0,0.0,1.0,0.0027,0.0107,680640.0,9337.0,1.0,[],No clear signal,2026-06-30
9557,Enterprise,IT Services,Tamil Nadu,Business,Annual,75003.0,900036.0,7.0,50.1,84,0.4047619047619047,0.6888888888888889,-0.25,4.0,3.25,0.0,1.0,0.0033,0.0132,702028.0,11880.0,0.5,[],No clear signal,2026-06-30
36984,Mid-Market,Logistics,Tamil Nadu,Business,Annual,48306.0,579672.0,4.0,16.6,51,0.1830065359477124,0.2962962962962963,0.0588235294117647,5.0,3.8,1.0,1.0,0.0067,0.0267,452144.0,15477.0,0.0,[],No clear signal,2026-06-30
22106,SMB,IT Services,Rajasthan,Growth,Monthly,2388.0,28656.0,1.0,6.8,4,0.75,0.369047619047619,0.1,1.0,4.0,0.4,1.0,0.0209,0.0809,22352.0,2318.0,0.0,"[{""feature"": ""feature_adoption"", ""label"": ""Shallow product adoption"", ""impact_pp"": 0.5}]",Shallow product adoption,2026-06-30
33383,Mid-Market,Financial Services,Gujarat,Growth,Annual,35405.0,424860.0,5.0,33.7,71,0.6525821596244131,0.7619047619047619,0.3444444444444444,8.0,4.0,0.0,1.0,0.002,0.0079,331391.0,3356.0,0.0,[],No clear signal,2026-06-30
1402,Mid-Market,Retail,West Bengal,Enterprise,Monthly,39682.0,476184.0,7.0,15.7,25,0.88,0.3833333333333333,-0.1133333333333333,0.0,4.0,0.0,1.0,0.0027,0.0107,371424.0,5095.0,0.0,[],No clear signal,2026-06-30
2803,Enterprise,Real Estate,Haryana,Business,Annual,62157.0,745884.0,12.0,10.2,73,0.6894977168949772,0.7259259259259259,0.2933333333333333,1.0,4.0,0.0,1.0,0.0011,0.0044,581790.0,3282.0,0.2,[],No clear signal,2026-06-30
29690,SMB,Hospitality,Tamil Nadu,Starter,Annual,2154.0,25848.0,11.0,2.8,9,0.8888888888888888,0.9166666666666666,0.0,5.0,4.2,0.0,1.0,0.0,0.0,20161.0,0.0,0.2,[],No clear signal,2026-06-30
8013,SMB,Logistics,Telangana,Business,Annual,6663.0,79956.0,19.774984219639684,25.9,7,0.7142857142857143,0.8962962962962964,-0.0714285714285714,0.0,4.0,0.0,1.0,0.0011,0.0044,62366.0,352.0,0.2,[],No clear signal,2026-06-30
4788,Mid-Market,Manufacturing,Tamil Nadu,Business,Monthly,24028.0,288336.0,26.36565105510251,28.3,29,0.9540229885057472,0.8740740740740741,0.1952662721893491,0.0,4.0,0.0,1.0,0.0002,0.0008,224902.0,231.0,1.0,[],No clear signal,2026-06-30
22768,SMB,Manufacturing,Maharashtra,Growth,Annual,5969.0,71628.0,6.0,10.3,11,0.9090909090909092,0.8452380952380952,0.1075949367088607,10.0,3.7,0.0,1.0,0.0005,0.0022,55870.0,158.0,0.0,[],No clear signal,2026-06-30
30920,SMB,Healthcare,Uttar Pradesh,Starter,Monthly,1527.0,18324.0,7.0,8.1,6,0.8888888888888888,0.8888888888888888,-0.1563981042654028,0.0,4.0,0.0,1.0,0.0,0.0,14293.0,0.0,0.2,[],No clear signal,2026-06-30
16405,Enterprise,Logistics,Maharashtra,Enterprise,Annual,199835.0,2398020.0,10.0,25.1,143,0.5664335664335665,0.4833333333333333,0.1521739130434782,3.0,3.0,0.0,1.0,0.0011,0.0044,1870456.0,10551.0,0.0,[],No clear signal,2026-06-30
41475,Mid-Market,Hospitality,Gujarat,Growth,Annual,24219.0,290628.0,4.0,30.9,47,0.3191489361702128,0.2261904761904762,-0.7241379310344828,12.0,3.4166666666666665,0.0,1.0,0.0376,0.1422,226690.0,41327.0,0.0,"[{""feature"": ""t90_tickets"", ""label"": ""Heavy support load"", ""impact_pp"": 2.4}]",Heavy support load,2026-06-30
41554,SMB,Healthcare,Maharashtra,Growth,Monthly,5822.0,69864.0,10.035962421361262,23.9,11,0.9696969696969696,0.7976190476190476,-0.0942028985507246,1.0,5.0,0.4,1.0,0.0026,0.0103,54494.0,720.0,1.0,[],No clear signal,2026-06-30
29175,SMB,Education,Karnataka,Growth,Monthly,2388.0,28656.0,1.0,8.2,4,0.9166666666666666,0.9404761904761904,0.0555555555555555,1.0,5.0,0.0,1.0,0.0042,0.0166,22352.0,476.0,0.0,[],No clear signal,2026-06-30
44799,SMB,Education,Rajasthan,Growth,Annual,6287.0,75444.0,1.0,10.0,11,0.7878787878787878,0.7380952380952381,0.4470588235294118,3.0,4.666666666666667,0.0,1.0,0.0011,0.0044,58846.0,332.0,0.2,[],No clear signal,2026-06-30
42170,SMB,Hospitality,Telangana,Starter,Annual,2275.0,27300.0,6.0,44.7,9,1.0,0.9166666666666666,0.0601092896174863,0.0,4.0,0.0,1.0,0.0,0.0,21294.0,0.0,0.2,[],No clear signal,2026-06-30
8179,Mid-Market,Agritech,Madhya Pradesh,Growth,Monthly,26592.0,319104.0,15.0,23.4,59,0.6610169491525424,0.7380952380952381,0.1466666666666666,1.0,4.0,0.0,1.0,0.0061,0.0242,248901.0,7722.0,0.698,[],No clear signal,2026-06-30
2529,SMB,Agritech,West Bengal,Starter,Annual,2011.0,24132.0,7.0,24.1,8,0.25,0.3333333333333333,0.0,2.0,3.5,1.0,1.0,0.0098,0.0388,18823.0,936.0,0.499,[],No clear signal,2026-06-30
24468,Mid-Market,Agritech,Karnataka,Growth,Annual,20639.0,247668.0,11.0,5.0,43,0.7674418604651163,0.6547619047619048,0.2452830188679245,4.0,3.5,0.0,1.0,0.0018,0.0072,193181.0,1783.0,0.2,[],No clear signal,2026-06-30
999,Mid-Market,IT Services,Kerala,Growth,Annual,11668.0,140016.0,5.0,4.1,22,0.3939393939393939,0.5357142857142857,0.2653061224489796,3.0,4.0,0.0,1.0,0.0011,0.0044,109212.0,616.0,0.2,[],No clear signal,2026-06-30
22573,SMB,Retail,Uttar Pradesh,Growth,Monthly,6616.0,79392.0,20.80736346927089,19.6,14,0.8571428571428571,0.9642857142857144,0.1757575757575757,1.0,5.0,0.0,1.0,0.0,0.0,61926.0,0.0,0.2,[],No clear signal,2026-06-30
4534,SMB,IT Services,Tamil Nadu,Business,Monthly,4634.0,55608.0,16.0,19.2,5,0.6,0.8666666666666667,0.0656934306569343,0.0,4.0,0.6,1.0,0.0056,0.022,43374.0,1223.0,0.0,[],No clear signal,2026-06-30
45424,SMB,Healthcare,Uttar Pradesh,Growth,Monthly,1774.0,21288.0,3.0,14.8,3,0.8888888888888888,0.5952380952380952,-0.135593220338983,3.0,4.0,0.0,1.0,0.0057,0.0224,16605.0,477.0,0.2,[],No clear signal,2026-06-30
3958,SMB,IT Services,Delhi,Starter,Monthly,2872.0,34464.0,2.0,4.9,11,0.696969696969697,0.4444444444444444,0.8529411764705882,3.0,4.0,0.4,1.0,0.01,0.0394,26882.0,1358.0,0.0,"[{""feature"": ""feature_adoption"", ""label"": ""Shallow product adoption"", ""impact_pp"": 0.7}, {""feature"": ""tenure_months"", ""label"": ""Still early in lifecycle"", ""impact_pp"": 0.5}]",Shallow product adoption,2026-06-30
29832,SMB,Hospitality,Telangana,Growth,Monthly,2171.0,26052.0,10.0,22.2,4,0.6666666666666666,0.9642857142857144,-0.017094017094017,0.0,4.0,0.0,1.0,0.0042,0.0166,20321.0,432.0,0.0,[],No clear signal,2026-06-30
10289,Mid-Market,Education,Kerala,Business,Annual,64628.0,775536.0,13.0,36.0,77,0.4285714285714285,0.5777777777777777,0.0508474576271186,2.0,2.5,0.0,1.0,0.002,0.0079,604918.0,6127.0,0.5,[],No clear signal,2026-06-30
31701,SMB,Manufacturing,Maharashtra,Starter,Monthly,2130.0,25560.0,12.0,12.7,9,0.8518518518518519,0.9166666666666666,-0.0294117647058823,3.0,4.333333333333333,0.0,1.0,0.0061,0.0242,19937.0,619.0,0.5,[],No clear signal,2026-06-30
319,Mid-Market,Manufacturing,Haryana,Enterprise,Annual,25407.0,304884.0,9.0,10.1,16,0.875,0.8777777777777778,0.1398601398601398,0.0,4.0,0.0,1.0,0.0,0.0,237810.0,0.0,0.2,[],No clear signal,2026-06-30
24703,SMB,Healthcare,Uttar Pradesh,Growth,Monthly,2219.0,26628.0,8.0,33.1,4,0.75,0.4642857142857143,-0.0761904761904762,8.0,3.875,0.0,1.0,0.0328,0.1249,20770.0,3326.0,0.0,"[{""feature"": ""t90_tickets"", ""label"": ""Heavy support load"", ""impact_pp"": 1.8}]",Heavy support load,2026-06-30
12602,SMB,Healthcare,Maharashtra,Starter,Monthly,519.0,6228.0,8.267738852477006,19.2,2,0.5,0.3888888888888889,0.2833333333333333,1.0,3.0,0.0,1.0,0.0134,0.0527,4858.0,328.0,0.2,[],No clear signal,2026-06-30
12617,Mid-Market,Financial Services,Tamil Nadu,Enterprise,Annual,109226.0,1310712.0,6.0,40.2,72,0.9074074074074072,0.7777777777777778,-0.0596026490066225,1.0,5.0,0.0,1.0,0.0006,0.0022,1022355.0,2884.0,0.2,[],No clear signal,2026-06-30
45081,SMB,Healthcare,Gujarat,Starter,Annual,1241.0,14892.0,10.0,10.1,5,0.3333333333333333,0.5555555555555556,0.7037037037037037,7.0,3.2857142857142856,0.0,1.0,0.0105,0.0412,11616.0,614.0,0.0,"[{""feature"": ""t90_tickets"", ""label"": ""Heavy support load"", ""impact_pp"": 0.6}]",Heavy support load,2026-06-30
22350,Mid-Market,Manufacturing,Telangana,Enterprise,Monthly,33988.0,407856.0,6.0,8.0,21,0.634920634920635,0.4111111111111111,0.0298507462686567,3.0,4.333333333333333,0.2,1.0,0.0201,0.078,318128.0,31813.0,0.165,[],No clear signal,2026-06-30
31852,Mid-Market,Real Estate,Tamil Nadu,Growth,Annual,28289.0,339468.0,5.0,24.9,56,0.5654761904761905,0.3928571428571428,-0.0109890109890109,0.0,4.0,0.0,1.0,0.0011,0.0044,264785.0,1494.0,0.0,[],No clear signal,2026-06-30
17724,SMB,Education,Uttar Pradesh,Growth,Monthly,1174.0,14088.0,5.0,30.1,2,0.5,0.619047619047619,-0.2478632478632478,3.0,4.333333333333333,0.2,1.0,0.0158,0.0617,10989.0,869.0,0.0,[],No clear signal,2026-06-30
45290,SMB,Retail,West Bengal,Growth,Annual,5277.0,63324.0,9.0,21.2,10,0.2333333333333333,0.4880952380952381,-0.12,5.0,4.2,0.0,1.0,0.0182,0.0708,49393.0,4483.0,0.0,[],No clear signal,2026-06-30
24630,SMB,Retail,Gujarat,Growth,Annual,4639.0,55668.0,20.0,34.5,10,0.4333333333333333,0.7142857142857143,0.0526315789473684,3.0,4.0,0.0,1.0,0.0268,0.1028,43421.0,5723.0,0.722,"[{""feature"": ""discount_pct"", ""label"": ""Price sensitive (deep discount)"", ""impact_pp"": 1.3}]",Price sensitive (deep discount),2026-06-30
21823,SMB,Retail,West Bengal,Starter,Annual,2163.0,25956.0,0.0,15.2,8,0.9166666666666666,0.9166666666666666,0.06282722513089,10.0,4.7,0.0,1.0,0.0002,0.0008,20246.0,21.0,0.0,[],No clear signal,2026-06-30
7342,Mid-Market,Healthcare,Tamil Nadu,Business,Annual,15244.0,182928.0,9.0,24.6,16,0.9166666666666666,0.9111111111111112,-0.1333333333333333,6.0,4.333333333333333,0.0,1.0,0.0,0.0,142684.0,0.0,0.2,[],No clear signal,2026-06-30
2698,Mid-Market,Agritech,Tamil Nadu,Business,Annual,44735.0,536820.0,29.693640655740275,5.7,59,0.4971751412429378,0.3037037037037037,0.5882352941176471,1.0,4.0,0.0,1.0,0.0042,0.0165,418720.0,8858.0,0.781,[],No clear signal,2026-06-30
13647,SMB,Financial Services,Gujarat,Growth,Monthly,1572.0,18864.0,14.0,12.1,3,1.0,0.869047619047619,0.0,3.0,5.0,0.0,1.0,0.0011,0.0043,14714.0,81.0,0.2,[],No clear signal,2026-06-30
31468,SMB,Retail,Maharashtra,Growth,Monthly,5451.0,65412.0,6.0,36.1,10,0.4,0.75,-0.3137254901960784,1.0,3.0,0.2,1.0,0.0229,0.0884,51021.0,5782.0,0.221,[],No clear signal,2026-06-30
9272,SMB,Logistics,Tamil Nadu,Starter,Monthly,819.0,9828.0,3.0,37.7,3,0.6666666666666666,0.8888888888888888,0.1779661016949152,1.0,5.0,0.4,1.0,0.0011,0.0044,7666.0,43.0,0.2,[],No clear signal,2026-06-30
7526,Enterprise,Hospitality,Karnataka,Business,Annual,171655.0,2059860.0,13.0,27.8,217,0.8955453149001537,0.9555555555555556,-0.0995260663507109,0.0,4.0,0.0,1.0,0.0,0.0,1606691.0,0.0,0.2,[],No clear signal,2026-06-30
45451,Mid-Market,Hospitality,Maharashtra,Growth,Annual,21753.0,261036.0,12.0,3.9,46,0.7391304347826086,0.7142857142857143,1.4545454545454546,4.0,4.75,0.0,1.0,0.002,0.0079,203608.0,2062.0,0.5,[],No clear signal,2026-06-30
9083,SMB,Education,Rajasthan,Starter,Monthly,2033.0,24396.0,6.0,30.9,8,0.625,0.9166666666666666,0.0580645161290322,2.0,4.0,0.0,1.0,0.0046,0.0184,19029.0,449.0,0.0,[],No clear signal,2026-06-30
17368,SMB,Financial Services,Rajasthan,Growth,Monthly,4124.0,49488.0,12.0,27.4,8,0.7916666666666666,0.5714285714285714,0.0,1.0,4.0,0.0,1.0,0.0046,0.0184,38601.0,911.0,1.0,[],No clear signal,2026-06-30
22676,SMB,Hospitality,Maharashtra,Growth,Monthly,3655.0,43860.0,19.032946400261228,35.8,7,0.4285714285714285,0.3928571428571428,-0.1282051282051282,3.0,3.0,0.0,1.0,0.0299,0.1143,34211.0,5013.0,0.383,"[{""feature"": ""discount_pct"", ""label"": ""Price sensitive (deep discount)"", ""impact_pp"": 1.6}, {""feature"": ""feature_adoption"", ""label"": ""Shallow product adoption"", ""impact_pp"": 0.9}, {""feature"": ""t90_tickets"", ""label"": ""Heavy support load"", ""impact_pp"": 0.7}]",Price sensitive (deep discount),2026-06-30
11496,SMB,Agritech,Kerala,Growth,Annual,1024.0,12288.0,20.807924989516778,27.1,2,0.6666666666666666,0.6071428571428571,-0.1081081081081081,2.0,3.0,0.0,1.0,0.0035,0.0138,9585.0,170.0,0.0,[],No clear signal,2026-06-30
44365,SMB,IT Services,Maharashtra,Growth,Monthly,7671.0,92052.0,4.0,11.7,14,0.7619047619047619,0.4285714285714285,0.0659340659340659,1.0,5.0,0.0,1.0,0.0042,0.0165,71801.0,1519.0,0.2,[],No clear signal,2026-06-30
42914,SMB,Healthcare,Karnataka,Growth,Annual,6553.0,78636.0,18.0,17.9,14,0.5238095238095238,0.5714285714285714,-0.392156862745098,1.0,3.0,0.0,1.0,0.0057,0.0224,61336.0,1761.0,0.66,"[{""feature"": ""discount_pct"", ""label"": ""Price sensitive (deep discount)"", ""impact_pp"": 0.5}]",Price sensitive (deep discount),2026-06-30
26817,Mid-Market,Agritech,Madhya Pradesh,Growth,Monthly,32605.0,391260.0,28.836031375577583,41.6,73,0.6621004566210046,0.2976190476190476,0.032258064516129,2.0,3.5,0.0,1.0,0.0491,0.1824,305183.0,71366.0,0.68,"[{""feature"": ""discount_pct"", ""label"": ""Price sensitive (deep discount)"", ""impact_pp"": 4.5}, {""feature"": ""feature_adoption"", ""label"": ""Shallow product adoption"", ""impact_pp"": 1.6}]",Price sensitive (deep discount),2026-06-30
28551,SMB,Real Estate,Karnataka,Starter,Annual,3467.0,41604.0,6.0,1.8,14,0.3571428571428571,0.75,0.0,1.0,4.0,0.0,1.0,0.002,0.0079,32451.0,329.0,0.0,[],No clear signal,2026-06-30
42805,SMB,Healthcare,Tamil Nadu,Growth,Monthly,2703.0,32436.0,13.375301477587868,7.9,5,0.6,0.8452380952380952,-0.0888888888888888,1.0,4.0,0.2,1.0,0.0061,0.0242,25300.0,785.0,0.0,[],No clear signal,2026-06-30
18219,Mid-Market,Logistics,Maharashtra,Business,Annual,23410.0,280920.0,15.0,42.0,27,0.8888888888888888,0.9555555555555556,0.0314465408805031,0.0,4.0,0.0,1.0,0.0,0.0,219118.0,0.0,0.2,[],No clear signal,2026-06-30
42868,SMB,Agritech,Karnataka,Growth,Monthly,1137.0,13644.0,8.0,37.5,2,0.5,0.6428571428571429,0.032051282051282,2.0,4.0,0.0,1.0,0.002,0.0079,10642.0,108.0,0.2,[],No clear signal,2026-06-30
12276,SMB,Healthcare,Telangana,Starter,Annual,1429.0,17148.0,13.0,50.7,6,0.8888888888888888,0.9166666666666666,0.0869565217391304,0.0,4.0,0.0,1.0,0.0,0.0,13375.0,0.0,0.2,[],No clear signal,2026-06-30
38452,SMB,Hospitality,Haryana,Business,Annual,4408.0,52896.0,1.0,5.7,4,0.6666666666666666,0.7851851851851852,0.22,1.0,5.0,0.0,1.0,0.0011,0.0044,41259.0,233.0,0.2,[],No clear signal,2026-06-30
38661,SMB,IT Services,West Bengal,Business,Monthly,8716.0,104592.0,18.26122011784936,5.7,10,0.6333333333333333,0.7333333333333333,0.4324324324324324,3.0,4.0,0.4,1.0,0.0227,0.0877,81582.0,9173.0,0.528,"[{""feature"": ""discount_pct"", ""label"": ""Price sensitive (deep discount)"", ""impact_pp"": 1.4}, {""feature"": ""tenure_months"", ""label"": ""Still early in lifecycle"", ""impact_pp"": 0.5}]",Price sensitive (deep discount),2026-06-30
31811,SMB,Retail,Karnataka,Starter,Monthly,2872.0,34464.0,2.0,38.3,11,0.8787878787878788,0.9166666666666666,0.3237410071942446,2.0,4.0,0.2,1.0,0.0005,0.0022,26882.0,76.0,0.2,[],No clear signal,2026-06-30
29155,Mid-Market,Healthcare,Tamil Nadu,Growth,Monthly,32696.0,392352.0,6.0,24.9,66,0.3232323232323232,0.8928571428571429,0.25,3.0,4.0,0.0,1.0,0.0119,0.0469,306035.0,18401.0,0.0,"[{""feature"": ""seat_utilisation"", ""label"": ""Seats sitting unused"", ""impact_pp"": 0.5}]",Seats sitting unused,2026-06-30
15909,Enterprise,Education,Haryana,Business,Annual,79191.0,950292.0,8.0,16.9,90,0.9666666666666668,0.9555555555555556,0.3856209150326797,0.0,4.0,0.0,1.0,0.0004,0.0014,741228.0,1330.0,0.2,[],No clear signal,2026-06-30
10516,SMB,Real Estate,Maharashtra,Growth,Annual,4545.0,54540.0,3.0,16.9,8,0.875,0.7261904761904762,0.0066666666666666,1.0,5.0,0.0,1.0,0.0006,0.0022,42541.0,120.0,0.2,[],No clear signal,2026-06-30
23892,SMB,Financial Services,Karnataka,Starter,Monthly,810.0,9720.0,4.0,10.8,3,0.6666666666666666,0.5,0.0701754385964912,2.0,4.5,0.4,1.0,0.0277,0.1064,7582.0,1034.0,0.0,"[{""feature"": ""tenure_months"", ""label"": ""Still early in lifecycle"", ""impact_pp"": 0.7}]",Still early in lifecycle,2026-06-30
24957,Mid-Market,Retail,Gujarat,Growth,Monthly,29292.0,351504.0,12.0,18.0,63,0.708994708994709,0.4047619047619047,0.088235294117647,2.0,3.5,0.2,1.0,0.013,0.0509,274173.0,17892.0,0.301,"[{""feature"": ""feature_adoption"", ""label"": ""Shallow product adoption"", ""impact_pp"": 0.9}, {""feature"": ""discount_pct"", ""label"": ""Price sensitive (deep discount)"", ""impact_pp"": 0.8}, {""feature"": ""t90_avg_resolution_h"", ""label"": ""Slow ticket resolution"", ""impact_pp"": 0.5}]",Shallow product adoption,2026-06-30
18861,SMB,Real Estate,Kerala,Starter,Annual,1280.0,15360.0,21.333789886473493,7.4,6,0.6666666666666666,0.4444444444444444,-0.1078431372549019,2.0,5.0,0.0,1.0,0.0011,0.0044,11981.0,68.0,0.2,[],No clear signal,2026-06-30
5367,Mid-Market,Agritech,Karnataka,Enterprise,Monthly,103614.0,1243368.0,27.3660254883786,17.2,76,0.6885964912280702,0.5722222222222223,-0.0288461538461538,1.0,4.0,0.0,1.0,0.018,0.0701,969827.0,87160.0,0.604,"[{""feature"": ""discount_pct"", ""label"": ""Price sensitive (deep discount)"", ""impact_pp"": 1.5}, {""feature"": ""feature_adoption"", ""label"": ""Shallow product adoption"", ""impact_pp"": 0.6}]",Price sensitive (deep discount),2026-06-30
13230,SMB,Education,Maharashtra,Growth,Monthly,1810.0,21720.0,1.0,20.4,3,0.7777777777777778,0.8452380952380952,-0.0148148148148148,2.0,4.0,0.0,1.0,0.0027,0.0107,16942.0,232.0,0.0,[],No clear signal,2026-06-30
44670,Mid-Market,Retail,Telangana,Enterprise,Annual,99808.0,1197696.0,16.198782085132336,14.2,77,0.6839826839826839,0.1277777777777778,-0.3,2.0,4.0,0.0,1.0,0.0011,0.0044,934203.0,5270.0,0.2,[],No clear signal,2026-06-30
33778,SMB,IT Services,Karnataka,Starter,Monthly,1990.0,23880.0,8.0,41.3,8,0.625,0.8611111111111112,-0.1607142857142857,1.0,5.0,0.0,1.0,0.0042,0.0166,18626.0,396.0,0.0,[],No clear signal,2026-06-30
8642,SMB,Healthcare,Kerala,Growth,Annual,6633.0,79596.0,17.0,21.2,14,0.4285714285714285,0.7380952380952381,-0.3298969072164948,4.0,4.5,0.0,1.0,0.0018,0.0072,62085.0,573.0,0.333,[],No clear signal,2026-06-30
6909,SMB,Retail,Gujarat,Growth,Annual,3381.0,40572.0,5.0,19.0,6,0.5,0.2261904761904762,-0.2142857142857142,5.0,4.2,0.0,1.0,0.0046,0.0184,31646.0,747.0,0.0,[],No clear signal,2026-06-30
44541,SMB,Logistics,Karnataka,Starter,Monthly,1569.0,18828.0,13.684822449950406,16.0,7,0.9523809523809524,0.9166666666666666,-0.0625,1.0,5.0,0.0,1.0,0.0,0.0,14686.0,0.0,0.2,[],No clear signal,2026-06-30
13254,SMB,IT Services,Rajasthan,Growth,Annual,5741.0,68892.0,1.0,31.0,10,0.9666666666666666,0.9642857142857144,-0.0753768844221105,4.0,5.0,0.0,1.0,0.0,0.0,53736.0,0.0,0.2,[],No clear signal,2026-06-30
11225,SMB,Real Estate,Telangana,Growth,Annual,3309.0,39708.0,7.0,15.5,6,0.9444444444444444,0.9642857142857144,-0.0521327014218009,6.0,4.666666666666667,0.0,1.0,0.0,0.0,30972.0,0.0,0.2,[],No clear signal,2026-06-30
33086,SMB,Hospitality,Uttar Pradesh,Starter,Monthly,835.0,10020.0,1.0,7.8,3,0.3333333333333333,0.3888888888888889,-0.125,1.0,5.0,0.0,1.0,0.0233,0.09,7816.0,902.0,0.0,"[{""feature"": ""tenure_months"", ""label"": ""Still early in lifecycle"", ""impact_pp"": 1.0}, {""feature"": ""seat_utilisation"", ""label"": ""Seats sitting unused"", ""impact_pp"": 0.5}, {""feature"": ""feature_adoption"", ""label"": ""Shallow product adoption"", ""impact_pp"": 0.4}]",Still early in lifecycle,2026-06-30
6529,Mid-Market,Financial Services,Tamil Nadu,Enterprise,Monthly,120502.0,1446024.0,5.0,14.4,79,0.919831223628692,0.9277777777777776,0.0489130434782608,2.0,4.0,0.0,1.0,0.0002,0.0008,1127899.0,1157.0,0.2,[],No clear signal,2026-06-30
27545,SMB,Real Estate,Karnataka,Starter,Monthly,1102.0,13224.0,1.0,41.5,4,0.9166666666666666,0.9166666666666666,0.0653266331658291,0.0,4.0,0.0,1.0,0.0,0.0,10315.0,0.0,0.2,[],No clear signal,2026-06-30
5610,Mid-Market,Retail,West Bengal,Enterprise,Annual,81442.0,977304.0,8.0,17.2,54,0.3703703703703703,0.4888888888888889,-0.1578947368421052,11.0,3.1818181818181817,0.0,1.0,0.013,0.0509,762297.0,49745.0,0.0,"[{""feature"": ""t90_tickets"", ""label"": ""Heavy support load"", ""impact_pp"": 0.6}]",Heavy support load,2026-06-30
34781,SMB,Education,Maharashtra,Growth,Monthly,2065.0,24780.0,14.19719192282883,4.0,4,0.75,0.5238095238095238,0.3157894736842105,1.0,5.0,0.2,1.0,0.01,0.0394,19328.0,976.0,0.0,"[{""feature"": ""feature_adoption"", ""label"": ""Shallow product adoption"", ""impact_pp"": 0.5}]",Shallow product adoption,2026-06-30
20131,SMB,Healthcare,Karnataka,Growth,Monthly,1199.0,14388.0,3.0,24.2,2,1.0,0.5357142857142857,-0.0413223140495867,0.0,4.0,0.0,1.0,0.0057,0.0224,11223.0,322.0,0.0,[],No clear signal,2026-06-30
35550,SMB,Agritech,Tamil Nadu,Starter,Monthly,802.0,9624.0,5.0,19.3,3,1.0,0.9166666666666666,-0.1970443349753694,9.0,4.222222222222222,0.2,1.0,0.0035,0.0138,7507.0,133.0,0.0,[],No clear signal,2026-06-30
40330,SMB,Hospitality,Rajasthan,Growth,Monthly,5087.0,61044.0,3.0,2.1,9,0.6296296296296297,0.3809523809523809,0.0,0.0,4.0,0.6666666666666666,1.0,0.0257,0.099,47614.0,6043.0,0.0,"[{""feature"": ""feature_adoption"", ""label"": ""Shallow product adoption"", ""impact_pp"": 1.0}]",Shallow product adoption,2026-06-30
48593,Enterprise,Healthcare,Haryana,Enterprise,Annual,177000.0,2124000.0,27.0,20.6,157,0.7239915074309979,0.5888888888888889,0.134020618556701,3.0,3.6666666666666665,0.0,1.0,0.0011,0.0044,1656720.0,9346.0,0.5,[],No clear signal,2026-06-30
37500,SMB,Agritech,Gujarat,Growth,Monthly,7512.0,90144.0,6.0,39.5,14,0.3571428571428571,0.6428571428571429,0.25,4.0,4.25,0.2,1.0,0.0261,0.1003,70312.0,9041.0,0.0,[],No clear signal,2026-06-30
31459,Enterprise,Logistics,Karnataka,Business,Annual,80374.0,964488.0,13.0,14.6,97,0.8281786941580755,0.8148148148148148,0.1557377049180328,1.0,4.0,0.0,1.0,0.0006,0.0022,752301.0,2122.0,0.2,[],No clear signal,2026-06-30
26507,SMB,Retail,West Bengal,Starter,Monthly,924.0,11088.0,17.0,26.9,4,0.75,0.638888888888889,0.0317460317460317,1.0,5.0,0.4,1.0,0.0241,0.0929,8649.0,1030.0,0.603,"[{""feature"": ""discount_pct"", ""label"": ""Price sensitive (deep discount)"", ""impact_pp"": 0.8}]",Price sensitive (deep discount),2026-06-30
29404,SMB,Financial Services,West Bengal,Starter,Monthly,827.0,9924.0,2.0,3.9,3,1.0,0.9166666666666666,1.472972972972973,4.0,3.75,0.0,1.0,0.0004,0.0014,7741.0,14.0,0.0,[],No clear signal,2026-06-30
23959,SMB,Financial Services,Uttar Pradesh,Starter,Annual,1789.0,21468.0,6.0,29.4,7,0.6666666666666667,0.9166666666666666,-0.1030927835051546,0.0,4.0,0.0,1.0,0.0011,0.0044,16745.0,94.0,0.2,[],No clear signal,2026-06-30
48355,SMB,Logistics,Maharashtra,Growth,Monthly,4592.0,55104.0,2.0,17.4,8,0.9583333333333334,0.9642857142857144,-0.0454545454545454,7.0,4.714285714285714,0.0,1.0,0.0005,0.0022,42981.0,121.0,0.2,[],No clear signal,2026-06-30
15380,SMB,Hospitality,Uttar Pradesh,Business,Monthly,5518.0,66216.0,16.0,12.4,6,0.7777777777777778,0.9555555555555556,0.0,4.0,3.75,0.0,1.0,0.0005,0.0022,51648.0,146.0,0.2,[],No clear signal,2026-06-30
24595,SMB,Manufacturing,Gujarat,Starter,Monthly,3614.0,43368.0,2.0,21.7,14,0.5714285714285714,0.3611111111111111,0.0677966101694915,0.0,4.0,0.2,1.0,0.0205,0.0796,33827.0,3452.0,0.0,[],No clear signal,2026-06-30
36158,SMB,Retail,Gujarat,Starter,Monthly,519.0,6228.0,9.0,19.9,2,1.0,0.9166666666666666,0.0235294117647058,5.0,4.6,0.0,1.0,0.001,0.0042,4858.0,26.0,0.2,[],No clear signal,2026-06-30
22343,SMB,Real Estate,Maharashtra,Business,Monthly,13335.0,160020.0,3.0,12.3,13,0.7692307692307693,0.6962962962962963,-0.1571428571428571,6.0,4.0,0.0,1.0,0.0115,0.0452,124816.0,7233.0,0.0,[],No clear signal,2026-06-30
34482,SMB,Agritech,Uttar Pradesh,Business,Monthly,5351.0,64212.0,3.0,37.9,5,0.8,0.7925925925925925,0.4242424242424242,3.0,4.0,0.2,1.0,0.0188,0.0731,50085.0,4694.0,0.2,[],No clear signal,2026-06-30
2244,SMB,Financial Services,Maharashtra,Starter,Annual,1732.0,20784.0,9.0,42.1,7,0.4285714285714285,0.5,0.2608695652173913,14.0,3.928571428571429,0.0,1.0,0.013,0.0509,16212.0,1058.0,0.167,"[{""feature"": ""t90_tickets"", ""label"": ""Heavy support load"", ""impact_pp"": 0.4}]",Heavy support load,2026-06-30
45231,Enterprise,IT Services,Tamil Nadu,Business,Annual,55081.0,660972.0,9.0,29.1,62,0.7688172043010753,0.6962962962962963,0.2950819672131147,3.0,4.333333333333333,0.0,1.0,0.0004,0.0014,515558.0,925.0,1.0,[],No clear signal,2026-06-30
25951,SMB,Retail,Gujarat,Growth,Monthly,1755.0,21060.0,4.0,10.5,3,0.6666666666666666,0.9642857142857144,0.2761904761904762,0.0,4.0,0.0,1.0,0.0145,0.0569,16427.0,1198.0,0.0,"[{""feature"": ""seat_utilisation"", ""label"": ""Seats sitting unused"", ""impact_pp"": 0.4}, {""feature"": ""tenure_months"", ""label"": ""Still early in lifecycle"", ""impact_pp"": 0.4}]",Seats sitting unused,2026-06-30
15049,SMB,Hospitality,Maharashtra,Starter,Monthly,2516.0,30192.0,6.0,28.4,10,0.9,0.6666666666666666,-0.1666666666666666,0.0,4.0,0.0,1.0,0.0016,0.0065,23550.0,196.0,0.0,[],No clear signal,2026-06-30
36783,SMB,Manufacturing,Rajasthan,Starter,Annual,2962.0,35544.0,7.0,8.7,12,0.8611111111111112,0.9166666666666666,-0.1116279069767441,1.0,5.0,0.0,1.0,0.0004,0.0014,27724.0,50.0,0.2,[],No clear signal,2026-06-30
37940,SMB,Real Estate,Gujarat,Growth,Monthly,5969.0,71628.0,6.0,31.7,11,0.9393939393939394,0.9642857142857144,-0.0051020408163265,0.0,4.0,0.0,1.0,0.0,0.0,55870.0,0.0,0.2,[],No clear signal,2026-06-30
28017,SMB,IT Services,Tamil Nadu,Starter,Annual,2755.0,33060.0,6.0,16.8,11,0.696969696969697,0.5,0.0641025641025641,2.0,4.0,0.0,1.0,0.0011,0.0044,25787.0,145.0,0.0,[],No clear signal,2026-06-30
43702,SMB,IT Services,Uttar Pradesh,Starter,Monthly,2784.0,33408.0,5.0,20.2,11,0.3939393939393939,0.6944444444444445,-0.0701754385964912,4.0,3.75,0.4,1.0,0.0205,0.0794,26058.0,2653.0,0.0,"[{""feature"": ""t90_tickets"", ""label"": ""Heavy support load"", ""impact_pp"": 0.4}]",Heavy support load,2026-06-30
47913,SMB,Agritech,Tamil Nadu,Starter,Monthly,3231.0,38772.0,6.0,38.4,13,0.8717948717948718,0.5277777777777778,0.4150943396226415,1.0,4.0,0.4,1.0,0.0066,0.0262,30242.0,1016.0,0.46,[],No clear signal,2026-06-30
15207,SMB,Financial Services,Maharashtra,Growth,Annual,6624.0,79488.0,4.0,5.7,12,0.5,0.8214285714285714,0.072289156626506,2.0,3.5,0.0,1.0,0.0011,0.0044,62001.0,350.0,0.0,[],No clear signal,2026-06-30
41180,SMB,Agritech,Delhi,Starter,Annual,2872.0,34464.0,2.0,27.0,11,0.8787878787878788,0.7777777777777778,-0.0426829268292682,13.0,4.307692307692308,0.0,1.0,0.0011,0.0043,26882.0,148.0,0.0,[],No clear signal,2026-06-30
29546,Mid-Market,Agritech,Telangana,Business,Monthly,23809.0,285708.0,7.0,8.2,25,0.8933333333333333,0.9555555555555556,0.1724137931034483,2.0,4.5,0.0,1.0,0.0,0.0,222852.0,0.0,0.2,[],No clear signal,2026-06-30
35763,Enterprise,Retail,West Bengal,Business,Monthly,138296.0,1659552.0,19.215687725349017,5.5,188,0.7836879432624114,0.9111111111111112,-0.125,1.0,5.0,0.2,1.0,0.002,0.0079,1294451.0,13110.0,0.2,[],No clear signal,2026-06-30
45909,Mid-Market,Retail,Karnataka,Growth,Monthly,15775.0,189300.0,10.0,42.6,32,0.7604166666666666,0.4880952380952381,0.0769230769230769,5.0,4.4,0.0,1.0,0.0088,0.0347,147654.0,6569.0,0.5,[],No clear signal,2026-06-30
41404,SMB,Retail,West Bengal,Starter,Annual,559.0,6708.0,2.0,24.9,2,0.5,0.4722222222222222,0.1386138613861386,3.0,3.6666666666666665,1.0,1.0,0.0018,0.0072,5232.0,48.0,0.0,[],No clear signal,2026-06-30
5985,SMB,Financial Services,Delhi,Starter,Monthly,1160.0,13920.0,19.64317490005684,32.8,5,0.9333333333333332,0.9166666666666666,0.0858585858585858,2.0,4.5,0.4,1.0,0.0011,0.0044,10858.0,61.0,0.2,[],No clear signal,2026-06-30
35933,Enterprise,IT Services,Kerala,Enterprise,Monthly,282345.0,3388140.0,9.0,21.7,204,0.3709150326797386,0.15,-0.3278688524590163,2.0,4.0,0.2,1.0,0.0208,0.0806,2642749.0,273084.0,0.5,"[{""feature"": ""feature_adoption"", ""label"": ""Shallow product adoption"", ""impact_pp"": 0.5}, {""feature"": ""discount_pct"", ""label"": ""Price sensitive (deep discount)"", ""impact_pp"": 0.5}]",Shallow product adoption,2026-06-30
35057,SMB,Real Estate,Maharashtra,Growth,Annual,7751.0,93012.0,3.0,20.6,14,0.9285714285714286,0.9047619047619048,0.0693641618497109,0.0,4.0,0.0,1.0,0.0,0.0,72549.0,0.0,0.2,[],No clear signal,2026-06-30
43041,Enterprise,Healthcare,Haryana,Enterprise,Monthly,210808.0,2529696.0,12.0,35.2,155,0.7569892473118279,0.6833333333333333,-0.1132075471698113,5.0,4.0,0.0,1.0,0.0046,0.0184,1973163.0,46546.0,0.333,[],No clear signal,2026-06-30
49783,SMB,Retail,Haryana,Starter,Annual,3057.0,36684.0,4.0,14.8,12,0.6666666666666666,0.9166666666666666,0.189873417721519,2.0,4.0,0.0,1.0,0.0004,0.0014,28614.0,51.0,0.0,[],No clear signal,2026-06-30
41021,SMB,Manufacturing,Karnataka,Starter,Annual,2130.0,25560.0,12.0,13.9,9,0.8148148148148148,0.8611111111111112,0.5263157894736842,2.0,4.0,0.0,1.0,0.0011,0.0044,19937.0,112.0,0.2,[],No clear signal,2026-06-30
37398,SMB,IT Services,Rajasthan,Growth,Annual,5842.0,70104.0,8.0,37.2,11,0.696969696969697,0.8214285714285714,0.7837837837837838,5.0,3.2,0.0,1.0,0.0011,0.0044,54681.0,308.0,0.2,[],No clear signal,2026-06-30
7280,Mid-Market,Hospitality,Karnataka,Enterprise,Annual,62751.0,753012.0,8.0,7.2,41,0.4146341463414634,0.4333333333333333,0.0212765957446808,9.0,3.6666666666666665,0.0,1.0,0.0042,0.0165,587349.0,12425.0,0.333,[],No clear signal,2026-06-30
33986,Enterprise,Financial Services,Karnataka,Enterprise,Annual,217268.0,2607216.0,13.0,25.4,162,0.6790123456790124,0.6333333333333333,0.5,4.0,4.75,0.0,1.0,0.0018,0.0072,2033628.0,18772.0,0.5,[],No clear signal,2026-06-30
23130,Mid-Market,Healthcare,Telangana,Business,Monthly,37980.0,455760.0,5.0,12.3,40,0.5583333333333333,0.4,1.5714285714285714,2.0,4.0,0.0,1.0,0.0188,0.0731,355493.0,33316.0,0.0,"[{""feature"": ""tenure_months"", ""label"": ""Still early in lifecycle"", ""impact_pp"": 0.8}, {""feature"": ""feature_adoption"", ""label"": ""Shallow product adoption"", ""impact_pp"": 0.5}]",Still early in lifecycle,2026-06-30
46708,SMB,Healthcare,Maharashtra,Growth,Monthly,4639.0,55668.0,1.0,31.3,8,0.9166666666666666,0.8571428571428571,-0.0714285714285714,0.0,4.0,0.0,1.0,0.0005,0.0022,43421.0,122.0,0.2,[],No clear signal,2026-06-30
14249,SMB,Retail,Karnataka,Growth,Monthly,1162.0,13944.0,6.0,18.0,2,1.0,0.619047619047619,-0.2777777777777778,0.0,4.0,0.2,1.0,0.0115,0.0451,10876.0,629.0,0.35,"[{""feature"": ""feature_adoption"", ""label"": ""Shallow product adoption"", ""impact_pp"": 0.6}]",Shallow product adoption,2026-06-30
11188,Mid-Market,Hospitality,Madhya Pradesh,Growth,Annual,9760.0,117120.0,13.0,8.4,20,0.1166666666666666,0.4523809523809524,-0.3333333333333333,19.0,3.421052631578948,0.0,1.0,0.0162,0.0632,91354.0,7402.0,0.333,[],No clear signal,2026-06-30
32896,Enterprise,Agritech,Karnataka,Enterprise,Annual,211679.0,2540148.0,19.0,31.1,170,0.8568627450980392,0.8277777777777777,-0.0196078431372549,6.0,4.5,0.0,1.0,0.0,0.0,1981315.0,0.0,0.2,[],No clear signal,2026-06-30
12008,SMB,Agritech,Karnataka,Starter,Monthly,827.0,9924.0,2.0,20.5,3,1.0,0.9166666666666666,-0.1009174311926605,0.0,4.0,0.0,1.0,0.0005,0.0022,7741.0,22.0,0.2,[],No clear signal,2026-06-30
14532,Mid-Market,IT Services,Haryana,Enterprise,Annual,80557.0,966684.0,9.0,18.2,54,0.7283950617283951,0.6444444444444444,0.1739130434782608,1.0,3.0,0.0,1.0,0.0009,0.0036,754014.0,3480.0,0.2,[],No clear signal,2026-06-30
1240,SMB,Retail,Delhi,Business,Annual,10200.0,122400.0,13.0,28.1,11,0.6060606060606061,0.5111111111111111,-0.134020618556701,0.0,4.0,1.0,1.0,0.0027,0.0107,95472.0,1310.0,0.642,[],No clear signal,2026-06-30
45344,Mid-Market,Retail,Karnataka,Growth,Monthly,38339.0,460068.0,7.0,23.8,79,0.7215189873417721,0.8214285714285714,-0.037037037037037,3.0,4.333333333333333,0.0,1.0,0.0033,0.0132,358853.0,6073.0,0.5,[],No clear signal,2026-06-30
14279,Mid-Market,Real Estate,Karnataka,Business,Monthly,59719.0,716628.0,7.0,10.3,66,0.9191919191919192,0.9555555555555556,0.5656565656565656,2.0,4.0,0.2,1.0,0.0011,0.0044,558970.0,3153.0,0.0,[],No clear signal,2026-06-30
20357,Enterprise,Real Estate,Tamil Nadu,Enterprise,Annual,115141.0,1381692.0,7.0,22.7,77,0.8874458874458874,0.8666666666666667,-0.0157068062827225,1.0,5.0,0.0,1.0,0.0,0.0,1077720.0,0.0,0.2,[],No clear signal,2026-06-30
25256,Mid-Market,Education,Uttar Pradesh,Business,Monthly,61877.0,742524.0,5.0,27.3,67,0.8855721393034827,0.948148148148148,0.1764705882352941,2.0,4.5,0.2,1.0,0.0005,0.0022,579169.0,1634.0,0.2,[],No clear signal,2026-06-30
34092,SMB,IT Services,Tamil Nadu,Growth,Annual,7751.0,93012.0,3.0,6.5,14,0.0714285714285714,0.0714285714285714,-0.5714285714285714,19.0,2.894736842105264,0.0,1.0,0.0144,0.0565,72549.0,5255.0,0.0,[],No clear signal,2026-06-30
4376,SMB,IT Services,Haryana,Starter,Monthly,2011.0,24132.0,7.0,11.0,8,0.9166666666666666,0.8055555555555555,0.2873563218390804,2.0,2.5,0.0,1.0,0.0027,0.0107,18823.0,258.0,0.2,[],No clear signal,2026-06-30
18914,SMB,Financial Services,Tamil Nadu,Starter,Monthly,2872.0,34464.0,2.0,25.8,11,0.6060606060606061,0.1944444444444444,-0.1630434782608695,2.0,4.5,0.2,1.0,0.0135,0.053,26882.0,1827.0,0.0,"[{""feature"": ""feature_adoption"", ""label"": ""Shallow product adoption"", ""impact_pp"": 0.4}]",Shallow product adoption,2026-06-30
36117,Mid-Market,Manufacturing,Maharashtra,Business,Monthly,32901.0,394812.0,4.0,2.6,34,0.8823529411764706,0.9555555555555556,0.0,0.0,4.0,0.3333333333333333,1.0,0.0011,0.0044,307953.0,1737.0,0.2,[],No clear signal,2026-06-30
29841,Enterprise,IT Services,Madhya Pradesh,Enterprise,Annual,257462.0,3089544.0,13.0,15.9,194,0.8900343642611683,0.8111111111111111,-0.0465116279069767,4.0,4.75,0.0,1.0,0.0009,0.0036,2409844.0,11122.0,0.2,[],No clear signal,2026-06-30
17147,Mid-Market,IT Services,Maharashtra,Growth,Monthly,25145.0,301740.0,6.0,13.2,50,0.7733333333333333,0.3452380952380952,-0.4144144144144144,1.0,4.0,0.2,1.0,0.0119,0.0469,235357.0,14152.0,0.0,[],No clear signal,2026-06-30
2554,Enterprise,Healthcare,Maharashtra,Enterprise,Annual,151295.0,1815540.0,17.0,35.6,116,0.7183908045977011,0.8166666666666667,0.1886792452830188,0.0,4.0,0.0,1.0,0.0009,0.0036,1416121.0,6536.0,0.2,[],No clear signal,2026-06-30
42398,Enterprise,Agritech,West Bengal,Enterprise,Monthly,287332.0,3447984.0,13.0,29.9,218,0.4724770642201835,0.1888888888888889,-0.2941176470588235,2.0,3.5,0.2,1.0,0.0415,0.1561,2689428.0,538230.0,0.525,"[{""feature"": ""discount_pct"", ""label"": ""Price sensitive (deep discount)"", ""impact_pp"": 2.5}, {""feature"": ""feature_adoption"", ""label"": ""Shallow product adoption"", ""impact_pp"": 1.0}, {""feature"": ""t90_high_sev"", ""label"": ""Serious unresolved issues"", ""impact_pp"": 0.5}]",Price sensitive (deep discount),2026-06-30
855,SMB,Real Estate,Uttar Pradesh,Growth,Monthly,3712.0,44544.0,10.0,27.1,7,0.7142857142857143,0.7380952380952381,0.075,0.0,4.0,0.0,1.0,0.0089,0.035,34744.0,1559.0,0.449,[],No clear signal,2026-06-30
18887,Mid-Market,IT Services,Maharashtra,Enterprise,Monthly,102058.0,1224696.0,11.0,10.8,71,0.9530516431924884,0.6833333333333333,0.2921348314606741,0.0,4.0,0.0,1.0,0.0002,0.0008,955263.0,980.0,0.0,[],No clear signal,2026-06-30
1001,SMB,IT Services,Tamil Nadu,Business,Annual,12228.0,146736.0,4.0,27.8,12,0.1666666666666666,0.2592592592592592,-0.4545454545454545,12.0,3.25,0.0,1.0,0.0159,0.0622,114454.0,9127.0,0.0,"[{""feature"": ""t90_tickets"", ""label"": ""Heavy support load"", ""impact_pp"": 1.0}]",Heavy support load,2026-06-30
33794,Mid-Market,Manufacturing,Madhya Pradesh,Business,Monthly,59261.0,711132.0,15.0,20.9,72,0.9120370370370372,0.948148148148148,0.0594594594594594,1.0,4.0,0.0,1.0,0.0,0.0,554683.0,0.0,0.2,[],No clear signal,2026-06-30
12951,Enterprise,Education,Kerala,Enterprise,Annual,232425.0,2789100.0,8.0,31.5,164,0.4430894308943089,0.8166666666666667,-0.373134328358209,0.0,4.0,0.0,1.0,0.002,0.0079,2175498.0,22034.0,0.2,[],No clear signal,2026-06-30
29723,SMB,Logistics,Uttar Pradesh,Starter,Annual,1310.0,15720.0,5.0,16.8,5,0.4,0.638888888888889,0.0357142857142857,1.0,3.0,1.0,1.0,0.0018,0.0072,12262.0,113.0,0.2,[],No clear signal,2026-06-30
19079,Mid-Market,Logistics,Maharashtra,Growth,Annual,22990.0,275880.0,3.0,34.4,44,0.9318181818181818,0.9642857142857144,-0.1844660194174757,1.0,5.0,0.0,1.0,0.0,0.0,215186.0,0.0,0.2,[],No clear signal,2026-06-30
28546,Mid-Market,Real Estate,Kerala,Business,Monthly,28886.0,346632.0,8.0,1.1,31,0.7741935483870968,0.8222222222222222,0.0,1.0,4.0,0.0,1.0,0.0071,0.0283,270373.0,9810.0,0.666,[],No clear signal,2026-06-30
8924,SMB,Logistics,Delhi,Growth,Monthly,1719.0,20628.0,6.0,5.8,3,1.0,0.8214285714285714,-0.0738916256157635,2.0,4.5,0.0,1.0,0.0005,0.0022,16090.0,45.0,0.0,[],No clear signal,2026-06-30
5428,SMB,Manufacturing,Maharashtra,Growth,Monthly,7149.0,85788.0,4.0,12.3,13,0.8974358974358974,0.9642857142857144,0.106145251396648,11.0,4.636363636363637,0.0,1.0,0.0014,0.0057,66915.0,489.0,0.0,[],No clear signal,2026-06-30
31595,SMB,Real Estate,Karnataka,Starter,Annual,802.0,9624.0,5.0,24.0,3,0.7777777777777778,0.8333333333333334,0.1525423728813559,0.0,4.0,0.0,1.0,0.0008,0.003,7507.0,29.0,0.2,[],No clear signal,2026-06-30
24117,SMB,Manufacturing,Karnataka,Growth,Annual,5244.0,62928.0,0.0,8.0,9,0.8888888888888888,0.8571428571428571,0.0804597701149425,1.0,5.0,0.0,1.0,0.0,0.0,49084.0,0.0,0.2,[],No clear signal,2026-06-30
41724,SMB,IT Services,Karnataka,Starter,Annual,3614.0,43368.0,2.0,12.4,14,0.4285714285714285,0.7222222222222222,-0.1625,2.0,3.5,0.0,1.0,0.0011,0.0044,33827.0,191.0,0.2,[],No clear signal,2026-06-30
11650,Mid-Market,IT Services,Rajasthan,Enterprise,Annual,33300.0,399600.0,30.722034010808223,21.8,27,0.8024691358024691,0.6333333333333333,-0.0952380952380952,0.0,4.0,0.0,1.0,0.0011,0.0044,311688.0,1758.0,0.735,[],No clear signal,2026-06-30
9995,Mid-Market,Logistics,Madhya Pradesh,Business,Monthly,52813.0,633756.0,10.0,15.6,60,0.6888888888888889,0.6074074074074074,0.4831460674157303,5.0,4.0,0.2,1.0,0.0163,0.0634,494330.0,40180.0,0.0,[],No clear signal,2026-06-30
4453,Mid-Market,Manufacturing,Uttar Pradesh,Business,Monthly,35797.0,429564.0,6.0,14.5,38,0.6929824561403508,0.6296296296296297,-0.1121495327102803,0.0,4.0,0.0,1.0,0.0042,0.0165,335060.0,7088.0,0.2,[],No clear signal,2026-06-30
38770,Enterprise,Financial Services,Delhi,Enterprise,Annual,300515.0,3606180.0,7.0,29.5,213,0.9420970266040688,0.95,0.0406091370558375,0.0,4.0,0.0,1.0,0.0,0.0,2812820.0,0.0,0.2,[],No clear signal,2026-06-30
33627,SMB,Real Estate,Uttar Pradesh,Growth,Annual,2779.0,33348.0,7.0,2.5,5,0.9333333333333332,0.7857142857142857,0.0,2.0,4.5,0.0,1.0,0.0,0.0,26011.0,0.0,0.2,[],No clear signal,2026-06-30
1054,SMB,Hospitality,West Bengal,Starter,Monthly,2814.0,33768.0,4.0,32.3,11,0.2727272727272727,0.2222222222222222,-0.2033898305084746,2.0,4.0,0.2,1.0,0.0294,0.1123,26339.0,3792.0,0.0,"[{""feature"": ""seat_utilisation"", ""label"": ""Seats sitting unused"", ""impact_pp"": 0.6}]",Seats sitting unused,2026-06-30
32258,Mid-Market,Real Estate,West Bengal,Business,Annual,21088.0,253056.0,7.0,5.8,22,0.2575757575757575,0.3185185185185185,-0.25,8.0,2.75,0.0,1.0,0.0063,0.0249,197384.0,6301.0,0.0,[],No clear signal,2026-06-30
31726,SMB,IT Services,Maharashtra,Growth,Monthly,2898.0,34776.0,3.0,23.9,5,0.6666666666666667,0.3928571428571428,0.2613636363636363,7.0,3.7142857142857135,0.2,1.0,0.0208,0.0806,27125.0,2803.0,0.0,[],No clear signal,2026-06-30
26592,SMB,IT Services,Maharashtra,Growth,Annual,2958.0,35496.0,1.0,37.6,5,0.7333333333333333,0.8095238095238095,0.2195121951219512,1.0,3.0,0.0,1.0,0.0006,0.0022,27687.0,78.0,0.2,[],No clear signal,2026-06-30
1074,SMB,Education,Maharashtra,Starter,Annual,3231.0,38772.0,6.0,30.2,13,0.5641025641025641,0.5277777777777778,0.0,2.0,4.0,0.0,1.0,0.0011,0.0044,30242.0,171.0,0.2,[],No clear signal,2026-06-30
33919,Mid-Market,Education,Telangana,Business,Monthly,49721.0,596652.0,8.0,12.5,55,0.6545454545454545,0.7481481481481481,-0.1759259259259259,1.0,5.0,0.0,1.0,0.0061,0.0242,465389.0,14439.0,0.5,[],No clear signal,2026-06-30
49639,Mid-Market,Retail,West Bengal,Business,Annual,38879.0,466548.0,5.0,8.0,41,0.910569105691057,0.948148148148148,0.0913978494623656,1.0,5.0,0.0,1.0,0.0,0.0,363907.0,0.0,0.2,[],No clear signal,2026-06-30
49606,SMB,Retail,Rajasthan,Starter,Monthly,1102.0,13224.0,1.0,28.3,4,0.5,0.1944444444444444,0.3829787234042553,4.0,4.0,0.2,1.0,0.0292,0.1118,10315.0,1478.0,0.0,[],No clear signal,2026-06-30
29331,SMB,Education,Uttar Pradesh,Starter,Annual,1046.0,12552.0,6.0,40.2,4,0.5,0.4444444444444444,0.625,4.0,3.5,0.0,1.0,0.0053,0.0209,9791.0,262.0,0.298,[],No clear signal,2026-06-30
11662,SMB,IT Services,Haryana,Growth,Annual,2739.0,32868.0,22.3430352628326,7.3,6,0.0,0.2380952380952381,-0.25,19.0,3.0,0.0,1.0,0.016,0.0626,25637.0,2058.0,0.558,"[{""feature"": ""discount_pct"", ""label"": ""Price sensitive (deep discount)"", ""impact_pp"": 0.7}, {""feature"": ""t90_tickets"", ""label"": ""Heavy support load"", ""impact_pp"": 0.6}]",Price sensitive (deep discount),2026-06-30
874,Mid-Market,Healthcare,Tamil Nadu,Business,Annual,65363.0,784356.0,5.0,1.9,71,0.676056338028169,0.7111111111111111,0.0,0.0,4.0,0.0,1.0,0.0011,0.0044,611798.0,3451.0,0.2,[],No clear signal,2026-06-30
6209,SMB,Real Estate,Haryana,Starter,Annual,3651.0,43812.0,1.0,16.9,14,0.619047619047619,0.4166666666666667,0.5,4.0,4.25,0.0,1.0,0.0027,0.0107,34173.0,469.0,0.2,[],No clear signal,2026-06-30
19,SMB,Retail,Karnataka,Growth,Annual,6553.0,78636.0,12.0,24.5,13,0.6666666666666666,0.6904761904761905,0.0496453900709219,4.0,4.25,1.0,1.0,0.0031,0.0122,61336.0,959.0,0.0,[],No clear signal,2026-06-30
46829,Enterprise,Manufacturing,Maharashtra,Business,Annual,138731.0,1664772.0,9.0,33.2,165,0.9555555555555556,0.9555555555555556,0.0631578947368421,0.0,4.0,0.0,1.0,0.0,0.0,1298522.0,0.0,0.2,[],No clear signal,2026-06-30
22541,SMB,Manufacturing,Uttar Pradesh,Starter,Annual,1485.0,17820.0,20.58283088002325,17.0,7,0.5714285714285714,0.4166666666666667,0.1020408163265306,2.0,4.0,0.0,1.0,0.0047,0.0186,13900.0,331.0,0.642,[],No clear signal,2026-06-30
7227,Mid-Market,Logistics,Haryana,Growth,Monthly,9399.0,112788.0,19.664093733002872,35.8,21,0.6984126984126984,0.7261904761904762,0.0721649484536082,3.0,4.0,0.2,1.0,0.0134,0.0527,87975.0,5944.0,1.0,"[{""feature"": ""discount_pct"", ""label"": ""Price sensitive (deep discount)"", ""impact_pp"": 0.9}]",Price sensitive (deep discount),2026-06-30
49980,Mid-Market,Financial Services,Maharashtra,Enterprise,Monthly,70024.0,840288.0,6.0,26.1,45,0.4222222222222222,0.65,-0.136986301369863,5.0,4.2,0.2,1.0,0.0156,0.0608,655425.0,51090.0,0.516,[],No clear signal,2026-06-30
26965,Enterprise,Healthcare,Gujarat,Enterprise,Annual,180646.0,2167752.0,17.0,13.5,140,0.7238095238095238,0.4333333333333333,0.1833333333333333,4.0,3.5,1.0,1.0,0.0027,0.0107,1690847.0,23195.0,0.2,[],No clear signal,2026-06-30
33997,SMB,Real Estate,Tamil Nadu,Growth,Monthly,7671.0,92052.0,4.0,0.2,14,0.9285714285714286,0.6428571428571429,0.0,1.0,5.0,0.0,1.0,0.0098,0.0388,71801.0,3572.0,0.0,"[{""feature"": ""tenure_months"", ""label"": ""Still early in lifecycle"", ""impact_pp"": 0.6}]",Still early in lifecycle,2026-06-30
28234,SMB,Logistics,Karnataka,Business,Annual,11138.0,133656.0,5.0,15.5,11,0.6363636363636364,0.8222222222222222,-0.0756302521008403,0.0,4.0,1.0,1.0,0.0011,0.0044,104252.0,588.0,0.5,[],No clear signal,2026-06-30
5255,Mid-Market,Financial Services,Delhi,Growth,Annual,17555.0,210660.0,8.0,14.4,35,0.8285714285714286,0.880952380952381,0.075,0.0,4.0,0.0,1.0,0.0009,0.0036,164315.0,758.0,0.2,[],No clear signal,2026-06-30
16799,SMB,IT Services,Tamil Nadu,Starter,Annual,1013.0,12156.0,9.0,19.3,4,0.75,0.9166666666666666,-0.1846153846153846,6.0,4.0,0.0,1.0,0.0027,0.0107,9482.0,130.0,0.0,[],No clear signal,2026-06-30
11861,SMB,IT Services,Uttar Pradesh,Starter,Monthly,1884.0,22608.0,1.0,16.7,7,0.9047619047619048,0.9166666666666666,0.0,1.0,4.0,0.2,1.0,0.0061,0.0242,17634.0,547.0,0.0,[],No clear signal,2026-06-30
20244,Mid-Market,Logistics,Madhya Pradesh,Growth,Monthly,30407.0,364884.0,10.0,3.9,64,0.9010416666666666,0.9642857142857144,1.818181818181818,2.0,4.5,0.0,1.0,0.0,0.0,284610.0,0.0,0.2,[],No clear signal,2026-06-30
44643,SMB,Manufacturing,Telangana,Starter,Annual,3153.0,37836.0,1.0,10.8,12,0.8888888888888888,0.9166666666666666,0.0297029702970297,1.0,5.0,0.0,1.0,0.0,0.0,29512.0,0.0,0.2,[],No clear signal,2026-06-30
39685,Enterprise,Manufacturing,Karnataka,Enterprise,Annual,163551.0,1962612.0,11.0,6.3,117,0.0341880341880341,0.0722222222222222,1.5,16.0,3.125,0.0,1.0,0.0134,0.0527,1530837.0,103430.0,0.183,"[{""feature"": ""feature_adoption"", ""label"": ""Shallow product adoption"", ""impact_pp"": 0.5}]",Shallow product adoption,2026-06-30
9720,SMB,Healthcare,Tamil Nadu,Starter,Annual,3093.0,37116.0,10.0,30.9,13,0.4615384615384615,0.611111111111111,-0.3214285714285714,7.0,3.2857142857142856,0.0,1.0,0.0057,0.0224,28950.0,831.0,0.0,[],No clear signal,2026-06-30
12819,SMB,Manufacturing,West Bengal,Growth,Monthly,1792.0,21504.0,2.0,14.1,3,1.0,0.880952380952381,0.2035928143712574,2.0,4.0,0.4,1.0,0.0011,0.0044,16773.0,95.0,0.2,[],No clear signal,2026-06-30
12136,SMB,Retail,Karnataka,Starter,Annual,3025.0,36300.0,20.97927431341332,20.5,14,0.7857142857142857,0.9166666666666666,0.3454545454545454,2.0,4.0,0.0,1.0,0.0011,0.0044,28314.0,160.0,1.0,[],No clear signal,2026-06-30
38189,SMB,Hospitality,Karnataka,Growth,Monthly,2219.0,26628.0,8.0,7.3,4,0.8333333333333334,0.5595238095238095,-0.1685393258426966,5.0,3.6,0.0,1.0,0.0423,0.1588,20770.0,4229.0,0.288,"[{""feature"": ""tenure_months"", ""label"": ""Still early in lifecycle"", ""impact_pp"": 1.9}, {""feature"": ""discount_pct"", ""label"": ""Price sensitive (deep discount)"", ""impact_pp"": 1.6}, {""feature"": ""t90_tickets"", ""label"": ""Heavy support load"", ""impact_pp"": 1.2}]",Still early in lifecycle,2026-06-30
11068,SMB,Hospitality,Madhya Pradesh,Growth,Annual,5300.0,63600.0,27.07735606163181,13.8,13,0.2564102564102564,0.0833333333333333,0.2857142857142857,3.0,2.6666666666666665,1.0,1.0,0.0185,0.0721,49608.0,4586.0,0.672,"[{""feature"": ""discount_pct"", ""label"": ""Price sensitive (deep discount)"", ""impact_pp"": 1.4}, {""feature"": ""feature_adoption"", ""label"": ""Shallow product adoption"", ""impact_pp"": 0.5}]",Price sensitive (deep discount),2026-06-30
25909,SMB,Logistics,Maharashtra,Starter,Annual,1363.0,16356.0,17.0,10.5,6,0.8888888888888888,0.9166666666666666,0.2598425196850393,1.0,5.0,0.0,1.0,0.0,0.0,12758.0,0.0,0.2,[],No clear signal,2026-06-30
28370,Mid-Market,Healthcare,Delhi,Business,Monthly,32057.0,384684.0,9.0,19.6,35,0.419047619047619,0.5851851851851851,0.0,0.0,4.0,0.0,1.0,0.0119,0.0469,300054.0,18042.0,0.2,[],No clear signal,2026-06-30
43358,Mid-Market,IT Services,Haryana,Business,Monthly,58231.0,698772.0,8.0,20.7,65,0.6256410256410256,0.7111111111111111,0.0119047619047619,1.0,3.0,0.0,1.0,0.0061,0.0242,545042.0,16910.0,0.447,[],No clear signal,2026-06-30
33018,SMB,Real Estate,Tamil Nadu,Starter,Annual,525.0,6300.0,8.0,28.4,2,0.8333333333333334,0.8611111111111112,0.4555555555555555,0.0,4.0,0.0,1.0,0.0011,0.0044,4914.0,28.0,1.0,[],No clear signal,2026-06-30
18606,SMB,Hospitality,Karnataka,Starter,Annual,1622.0,19464.0,33.0,17.3,9,0.8888888888888888,0.9166666666666666,0.4465408805031446,6.0,4.5,0.0,1.0,0.0,0.0,15182.0,0.0,0.2,[],No clear signal,2026-06-30
14970,SMB,Education,Maharashtra,Growth,Monthly,1083.0,12996.0,15.965132420954896,27.4,2,1.0,0.8214285714285714,0.0223880597014925,1.0,4.0,0.0,1.0,0.0026,0.0103,10137.0,134.0,0.2,[],No clear signal,2026-06-30
25586,SMB,Logistics,Tamil Nadu,Starter,Annual,1248.0,14976.0,24.0,6.3,6,0.2777777777777778,0.3611111111111111,0.1538461538461538,13.0,2.6923076923076925,0.0,1.0,0.0163,0.0635,11681.0,951.0,0.591,"[{""feature"": ""discount_pct"", ""label"": ""Price sensitive (deep discount)"", ""impact_pp"": 0.4}]",Price sensitive (deep discount),2026-06-30
36021,SMB,Agritech,Tamil Nadu,Starter,Monthly,810.0,9720.0,4.0,33.3,3,0.8888888888888888,0.638888888888889,0.0839694656488549,4.0,4.0,0.2,1.0,0.0128,0.0503,7582.0,489.0,0.0,"[{""feature"": ""t90_tickets"", ""label"": ""Heavy support load"", ""impact_pp"": 0.5}]",Heavy support load,2026-06-30
31977,Mid-Market,Manufacturing,Kerala,Growth,Annual,8076.0,96912.0,24.292116522850705,15.5,20,0.5833333333333333,0.1428571428571428,-0.3548387096774194,4.0,3.75,0.0,1.0,0.0061,0.0242,75591.0,2345.0,1.0,[],No clear signal,2026-06-30
31160,SMB,Real Estate,Kerala,Starter,Monthly,2251.0,27012.0,7.0,22.8,9,0.8148148148148148,0.6666666666666666,0.1507936507936507,1.0,3.0,0.2,1.0,0.0027,0.0107,21069.0,289.0,0.0,[],No clear signal,2026-06-30
45638,Mid-Market,Agritech,Uttar Pradesh,Business,Monthly,40861.0,490332.0,14.0,1.2,48,0.9375,0.9222222222222224,0.0,0.0,4.0,0.0,1.0,0.0011,0.0044,382459.0,2157.0,1.0,[],No clear signal,2026-06-30
31051,SMB,Healthcare,Haryana,Starter,Annual,1214.0,14568.0,12.0,1.6,5,0.4,0.7916666666666666,0.0,3.0,4.0,0.0,1.0,0.0027,0.0107,11363.0,156.0,1.0,[],No clear signal,2026-06-30
13412,SMB,Manufacturing,Karnataka,Starter,Monthly,559.0,6708.0,2.0,18.8,2,0.5,0.5277777777777778,-0.3157894736842105,1.0,4.0,0.2,1.0,0.0373,0.141,5232.0,946.0,0.0,[],No clear signal,2026-06-30
21783,SMB,Education,Uttar Pradesh,Growth,Monthly,4498.0,53976.0,4.0,13.7,8,0.625,0.7976190476190476,0.2452830188679245,0.0,4.0,0.0,1.0,0.0027,0.0107,42101.0,578.0,0.2,[],No clear signal,2026-06-30
6051,SMB,IT Services,Uttar Pradesh,Starter,Annual,2667.0,32004.0,9.0,31.6,11,0.7878787878787878,0.6666666666666666,0.1403508771929824,5.0,3.8,0.0,1.0,0.0011,0.0044,24963.0,141.0,0.2,[],No clear signal,2026-06-30
29302,Enterprise,Healthcare,Karnataka,Business,Monthly,110674.0,1328088.0,23.0,38.3,155,0.7483870967741936,0.5703703703703704,0.5909090909090909,0.0,4.0,0.0,1.0,0.0175,0.0682,1035909.0,90576.0,0.708,"[{""feature"": ""discount_pct"", ""label"": ""Price sensitive (deep discount)"", ""impact_pp"": 1.3}, {""feature"": ""feature_adoption"", ""label"": ""Shallow product adoption"", ""impact_pp"": 0.5}]",Price sensitive (deep discount),2026-06-30
20711,Enterprise,Financial Services,West Bengal,Enterprise,Annual,182658.0,2191896.0,8.0,24.0,127,0.7480314960629921,0.95,-0.06,4.0,4.75,0.0,1.0,0.0,0.0,1709679.0,0.0,0.2,[],No clear signal,2026-06-30
43540,SMB,Logistics,Delhi,Starter,Annual,1046.0,12552.0,6.0,33.1,4,0.6666666666666666,0.5277777777777778,0.3146067415730337,1.0,4.0,0.0,1.0,0.0011,0.0044,9791.0,55.0,0.2,[],No clear signal,2026-06-30
14289,Mid-Market,Logistics,Maharashtra,Enterprise,Annual,71269.0,855228.0,10.0,44.8,48,0.7916666666666666,0.6055555555555556,0.1393442622950819,0.0,4.0,0.0,1.0,0.0009,0.0036,667078.0,3079.0,0.2,[],No clear signal,2026-06-30
29986,Mid-Market,Manufacturing,Uttar Pradesh,Enterprise,Monthly,56080.0,672960.0,7.0,18.2,36,0.8796296296296297,0.7944444444444444,-0.1282051282051282,0.0,4.0,0.0,1.0,0.0002,0.0008,524909.0,538.0,0.2,[],No clear signal,2026-06-30
27381,SMB,Real Estate,Tamil Nadu,Starter,Monthly,2251.0,27012.0,7.0,7.3,9,0.925925925925926,0.9166666666666666,-0.0757575757575757,0.0,4.0,0.0,1.0,0.0,0.0,21069.0,0.0,0.2,[],No clear signal,2026-06-30
685,SMB,Agritech,Tamil Nadu,Starter,Monthly,2323.0,27876.0,4.0,30.6,9,0.4074074074074074,0.5277777777777778,0.8,6.0,3.8333333333333335,0.0,1.0,0.0233,0.09,21743.0,2509.0,0.0,"[{""feature"": ""feature_adoption"", ""label"": ""Shallow product adoption"", ""impact_pp"": 0.7}, {""feature"": ""t90_tickets"", ""label"": ""Heavy support load"", ""impact_pp"": 0.5}]",Shallow product adoption,2026-06-30
49794,Mid-Market,Agritech,Delhi,Growth,Monthly,20411.0,244932.0,10.0,4.6,42,0.7063492063492064,0.8214285714285714,0.6822429906542056,1.0,4.0,0.2,1.0,0.0011,0.0044,191047.0,1078.0,0.2,[],No clear signal,2026-06-30
29261,SMB,Agritech,Rajasthan,Growth,Annual,1792.0,21504.0,2.0,6.9,3,0.0,0.0595238095238095,-0.6,22.0,3.0454545454545454,0.0,1.0,0.0192,0.0745,16773.0,1602.0,0.0,[],No clear signal,2026-06-30
4576,SMB,IT Services,Maharashtra,Growth,Monthly,5087.0,61044.0,3.0,15.0,9,0.5555555555555556,0.6904761904761905,0.0609756097560975,2.0,4.0,0.0,1.0,0.0087,0.0344,47614.0,2100.0,0.0,[],No clear signal,2026-06-30
37105,SMB,IT Services,Delhi,Starter,Monthly,2275.0,27300.0,6.0,11.4,9,0.7037037037037037,0.9166666666666666,0.0547945205479452,3.0,3.6666666666666665,0.2,1.0,0.0201,0.078,21294.0,2129.0,0.0,[],No clear signal,2026-06-30
40026,Mid-Market,Logistics,Uttar Pradesh,Business,Annual,29186.0,350232.0,20.73014695104868,3.2,32,0.8958333333333334,0.9555555555555556,2.5660377358490565,7.0,4.285714285714286,0.0,1.0,0.0,0.0,273181.0,0.0,0.2,[],No clear signal,2026-06-30
6330,SMB,Retail,Delhi,Starter,Annual,525.0,6300.0,8.0,14.8,2,0.6666666666666666,0.4166666666666667,-0.4444444444444444,3.0,3.6666666666666665,0.0,1.0,0.0027,0.0107,4914.0,67.0,0.0,[],No clear signal,2026-06-30
41859,SMB,Agritech,Madhya Pradesh,Growth,Monthly,5567.0,66804.0,4.0,16.5,10,0.9,0.7857142857142857,0.3738317757009345,0.0,4.0,0.0,1.0,0.0018,0.0072,52107.0,481.0,0.2,[],No clear signal,2026-06-30
10299,Enterprise,Logistics,Kerala,Enterprise,Annual,139014.0,1668168.0,32.0,29.7,131,0.8778625954198473,0.9388888888888888,-0.0163934426229508,5.0,4.4,0.0,1.0,0.0,0.0,1301171.0,0.0,0.2,[],No clear signal,2026-06-30
20335,SMB,Healthcare,Tamil Nadu,Growth,Monthly,3487.0,41844.0,2.0,17.1,6,0.6666666666666666,0.6428571428571429,0.0454545454545454,2.0,4.0,1.0,1.0,0.0164,0.0641,32638.0,2682.0,0.03,"[{""feature"": ""feature_adoption"", ""label"": ""Shallow product adoption"", ""impact_pp"": 0.5}]",Shallow product adoption,2026-06-30
8400,SMB,Hospitality,Gujarat,Starter,Annual,1089.0,13068.0,21.0,13.9,5,0.4,0.3333333333333333,-0.1739130434782608,6.0,4.0,1.0,1.0,0.0139,0.0546,10193.0,714.0,0.639,"[{""feature"": ""discount_pct"", ""label"": ""Price sensitive (deep discount)"", ""impact_pp"": 1.1}]",Price sensitive (deep discount),2026-06-30
12473,SMB,Financial Services,Delhi,Growth,Annual,1174.0,14088.0,5.0,20.6,2,0.8333333333333334,0.7976190476190476,0.2980769230769231,9.0,4.444444444444445,0.0,1.0,0.0018,0.0072,10989.0,101.0,0.0,[],No clear signal,2026-06-30
13240,Mid-Market,Logistics,West Bengal,Growth,Annual,21331.0,255972.0,10.0,6.0,44,0.893939393939394,0.8214285714285714,-0.1076923076923077,10.0,4.9,0.0,1.0,0.0002,0.0008,199658.0,205.0,0.0,[],No clear signal,2026-06-30
1275,Mid-Market,Real Estate,Maharashtra,Growth,Monthly,17144.0,205728.0,5.0,8.9,33,0.8585858585858586,0.511904761904762,-0.0095238095238095,3.0,3.333333333333333,0.2,1.0,0.0067,0.0267,160468.0,5493.0,0.268,[],No clear signal,2026-06-30
39666,SMB,Agritech,Rajasthan,Growth,Annual,1149.0,13788.0,7.0,30.6,2,1.0,0.8571428571428571,0.2596153846153846,6.0,3.5,0.0,1.0,0.0011,0.0044,10755.0,61.0,0.2,[],No clear signal,2026-06-30
44225,Mid-Market,Agritech,Maharashtra,Business,Monthly,39333.0,471996.0,12.0,2.7,45,0.7037037037037037,0.674074074074074,0.0,1.0,3.0,0.3333333333333333,1.0,0.0189,0.0734,368157.0,34645.0,0.391,"[{""feature"": ""discount_pct"", ""label"": ""Price sensitive (deep discount)"", ""impact_pp"": 0.7}, {""feature"": ""tenure_months"", ""label"": ""Still early in lifecycle"", ""impact_pp"": 0.5}]",Price sensitive (deep discount),2026-06-30
29499,Mid-Market,Agritech,Madhya Pradesh,Business,Monthly,30077.0,360924.0,19.0,29.8,37,0.963963963963964,0.9259259259259258,0.0051282051282051,1.0,5.0,0.0,1.0,0.0,0.0,281521.0,0.0,0.2,[],No clear signal,2026-06-30
22447,Mid-Market,Logistics,Haryana,Business,Monthly,25658.0,307896.0,10.0,1.9,28,0.9464285714285714,0.8555555555555555,0.0,0.0,4.0,0.0,1.0,0.0016,0.0065,240159.0,2001.0,0.5,[],No clear signal,2026-06-30
40857,SMB,Logistics,Haryana,Starter,Annual,1080.0,12960.0,3.0,16.6,4,0.6666666666666666,0.4444444444444444,0.0,2.0,4.0,0.0,1.0,0.002,0.0079,10109.0,102.0,0.0,[],No clear signal,2026-06-30
17923,SMB,Education,Haryana,Starter,Monthly,3075.0,36900.0,19.297263750887204,5.7,13,0.9487179487179488,0.9166666666666666,-0.1698113207547169,1.0,4.0,0.0,1.0,0.0,0.0,28782.0,0.0,0.2,[],No clear signal,2026-06-30
6298,SMB,Agritech,West Bengal,Growth,Annual,6605.0,79260.0,24.35184062457798,35.5,13,0.8205128205128205,0.5357142857142857,0.1260504201680672,5.0,4.4,0.0,1.0,0.0018,0.0072,61823.0,571.0,0.819,[],No clear signal,2026-06-30
45983,Enterprise,Hospitality,Tamil Nadu,Enterprise,Monthly,252276.0,3027312.0,9.0,24.3,181,0.4493554327808471,0.7833333333333333,-0.036697247706422,1.0,3.0,0.0,1.0,0.0042,0.0166,2361303.0,50253.0,0.5,[],No clear signal,2026-06-30
33450,SMB,Healthcare,Tamil Nadu,Growth,Annual,2171.0,26052.0,10.0,7.6,4,0.9166666666666666,0.9642857142857144,0.1075949367088607,2.0,3.0,0.0,1.0,0.0,0.0,20321.0,0.0,0.2,[],No clear signal,2026-06-30
38022,SMB,Agritech,Haryana,Starter,Monthly,3368.0,40416.0,2.0,11.7,13,0.9743589743589745,0.9166666666666666,0.2215189873417721,1.0,5.0,0.0,1.0,0.0,0.0,31524.0,0.0,0.2,[],No clear signal,2026-06-30
8906,SMB,Financial Services,Maharashtra,Starter,Monthly,1770.0,21240.0,7.0,2.6,7,0.4761904761904762,0.8888888888888888,0.0,2.0,4.5,0.3333333333333333,1.0,0.0264,0.1014,16567.0,2154.0,0.228,"[{""feature"": ""tenure_months"", ""label"": ""Still early in lifecycle"", ""impact_pp"": 0.6}, {""feature"": ""seat_utilisation"", ""label"": ""Seats sitting unused"", ""impact_pp"": 0.4}]",Still early in lifecycle,2026-06-30
30819,Enterprise,Real Estate,Karnataka,Enterprise,Monthly,157296.0,1887552.0,13.0,22.4,115,0.8927536231884058,0.9166666666666666,0.2710843373493976,1.0,4.0,0.0,1.0,0.0,0.0,1472291.0,0.0,0.2,[],No clear signal,2026-06-30
21526,SMB,Agritech,Kerala,Growth,Annual,7671.0,92052.0,4.0,5.9,14,0.5476190476190477,0.4404761904761905,0.3809523809523809,6.0,3.1666666666666665,0.0,1.0,0.002,0.0079,71801.0,727.0,0.2,[],No clear signal,2026-06-30
48,SMB,Education,Madhya Pradesh,Starter,Monthly,1950.0,23400.0,12.111304852332587,40.0,8,0.875,0.9166666666666666,-0.065,10.0,4.3,0.0,1.0,0.0014,0.0057,18252.0,133.0,0.0,[],No clear signal,2026-06-30
32529,SMB,Real Estate,Karnataka,Starter,Monthly,2098.0,25176.0,3.0,21.4,8,0.625,0.9166666666666666,0.3561643835616438,2.0,4.0,0.0,1.0,0.0027,0.0107,19637.0,269.0,0.2,[],No clear signal,2026-06-30
38270,Mid-Market,Real Estate,Delhi,Business,Annual,48340.0,580080.0,24.481085571707297,28.2,60,0.0777777777777777,0.2962962962962963,-0.4615384615384615,3.0,3.6666666666666665,1.0,1.0,0.019,0.074,452462.0,42926.0,0.833,"[{""feature"": ""discount_pct"", ""label"": ""Price sensitive (deep discount)"", ""impact_pp"": 1.3}]",Price sensitive (deep discount),2026-06-30
14225,SMB,IT Services,Uttar Pradesh,Starter,Annual,3614.0,43368.0,2.0,17.2,14,0.8095238095238095,0.6666666666666666,0.2771084337349397,1.0,5.0,0.0,1.0,0.0011,0.0044,33827.0,191.0,0.0,[],No clear signal,2026-06-30
48107,Enterprise,Hospitality,Kerala,Business,Annual,70779.0,849348.0,7.0,14.9,79,0.9071729957805909,0.8222222222222222,-0.0232558139534883,2.0,5.0,0.0,1.0,0.0,0.0,662491.0,0.0,0.2,[],No clear signal,2026-06-30
30489,SMB,Financial Services,Maharashtra,Starter,Annual,2962.0,35544.0,7.0,6.7,12,0.2777777777777778,0.1666666666666666,-0.2,13.0,3.3076923076923075,0.0,1.0,0.0134,0.0527,27724.0,1873.0,0.0,[],No clear signal,2026-06-30
16348,Mid-Market,Manufacturing,Delhi,Growth,Monthly,24985.0,299820.0,10.0,11.8,52,0.5769230769230769,0.869047619047619,-0.0135135135135135,9.0,4.0,0.0,1.0,0.0486,0.1807,233860.0,54177.0,0.19,"[{""feature"": ""t90_tickets"", ""label"": ""Heavy support load"", ""impact_pp"": 3.1}, {""feature"": ""seat_utilisation"", ""label"": ""Seats sitting unused"", ""impact_pp"": 1.1}, {""feature"": ""discount_pct"", ""label"": ""Price sensitive (deep discount)"", ""impact_pp"": 1.1}]",Heavy support load,2026-06-30
30601,Enterprise,Financial Services,Haryana,Enterprise,Annual,272632.0,3271584.0,16.0,9.9,214,0.9641744548286604,0.7944444444444444,-0.1213872832369942,2.0,5.0,0.0,1.0,0.0002,0.0008,2551836.0,2617.0,0.5,[],No clear signal,2026-06-30
2259,SMB,Education,Telangana,Starter,Annual,913.0,10956.0,18.0,14.6,4,0.25,0.3888888888888889,0.3043478260869565,1.0,4.0,0.0,1.0,0.0027,0.0107,8546.0,117.0,0.2,[],No clear signal,2026-06-30
36773,SMB,Logistics,Karnataka,Growth,Monthly,4042.0,48504.0,2.0,18.4,7,0.8571428571428571,0.7738095238095238,0.4651162790697674,0.0,4.0,0.8,1.0,0.0195,0.0759,37833.0,3681.0,0.936,[],No clear signal,2026-06-30
34076,SMB,Agritech,Kerala,Starter,Monthly,2382.0,28584.0,11.0,18.6,10,0.4666666666666667,0.4444444444444444,-0.0612244897959183,1.0,4.0,0.0,1.0,0.0229,0.0884,22296.0,2527.0,0.579,"[{""feature"": ""discount_pct"", ""label"": ""Price sensitive (deep discount)"", ""impact_pp"": 1.4}]",Price sensitive (deep discount),2026-06-30
7609,Enterprise,Hospitality,Madhya Pradesh,Business,Monthly,55399.0,664788.0,24.21728519825765,13.6,72,0.8194444444444444,0.837037037037037,-0.0478723404255319,2.0,5.0,0.2,1.0,0.002,0.0079,518535.0,5252.0,1.0,[],No clear signal,2026-06-30
20940,SMB,IT Services,Rajasthan,Starter,Monthly,2141.0,25692.0,1.0,45.7,8,0.875,0.8611111111111112,0.0119047619047619,1.0,4.0,0.0,1.0,0.0002,0.0008,20040.0,21.0,0.0,[],No clear signal,2026-06-30
10432,SMB,Healthcare,Karnataka,Starter,Monthly,530.0,6360.0,7.0,8.4,2,1.0,0.5277777777777778,0.2317880794701986,2.0,4.0,0.0,1.0,0.0011,0.0044,4961.0,28.0,0.0,[],No clear signal,2026-06-30
33774,SMB,Financial Services,Delhi,Starter,Monthly,1789.0,21468.0,6.0,35.5,7,0.4285714285714285,0.4722222222222222,0.3,5.0,4.6,0.2,1.0,0.0396,0.1492,16745.0,3203.0,0.311,"[{""feature"": ""t90_tickets"", ""label"": ""Heavy support load"", ""impact_pp"": 0.9}, {""feature"": ""discount_pct"", ""label"": ""Price sensitive (deep discount)"", ""impact_pp"": 0.9}, {""feature"": ""seat_utilisation"", ""label"": ""Seats sitting unused"", ""impact_pp"": 0.5}]",Heavy support load,2026-06-30
14312,SMB,IT Services,Gujarat,Growth,Annual,3167.0,38004.0,11.0,1.4,6,0.0,0.125,0.0,11.0,3.0,1.0,2.0,0.0277,0.1064,29643.0,4044.0,0.212,"[{""feature"": ""t90_tickets"", ""label"": ""Heavy support load"", ""impact_pp"": 0.7}]",Heavy support load,2026-06-30
2705,Mid-Market,Logistics,Karnataka,Enterprise,Annual,61219.0,734628.0,16.759530477534888,22.8,48,0.8263888888888888,0.9388888888888888,0.1509433962264151,1.0,4.0,0.0,1.0,0.0,0.0,573010.0,0.0,0.2,[],No clear signal,2026-06-30
4306,SMB,IT Services,Gujarat,Growth,Annual,3646.0,43752.0,10.595885179618374,20.2,7,0.619047619047619,0.630952380952381,0.2857142857142857,2.0,3.5,0.0,1.0,0.002,0.0079,34127.0,346.0,0.0,[],No clear signal,2026-06-30
24848,SMB,Financial Services,Gujarat,Starter,Monthly,3138.0,37656.0,21.91287691089551,14.4,13,0.8205128205128205,0.7777777777777778,0.3525179856115107,3.0,4.333333333333333,0.0,1.0,0.0004,0.0014,29372.0,53.0,0.2,[],No clear signal,2026-06-30
8982,Enterprise,Hospitality,West Bengal,Enterprise,Annual,93887.0,1126644.0,11.0,38.7,65,0.5487179487179487,0.3388888888888888,-0.4393939393939394,1.0,5.0,1.0,1.0,0.0027,0.0107,878782.0,12055.0,0.2,[],No clear signal,2026-06-30
42955,SMB,Healthcare,Madhya Pradesh,Growth,Annual,6350.0,76200.0,0.0,18.7,11,0.6060606060606061,0.630952380952381,-0.0683760683760683,0.0,4.0,0.0,1.0,0.0008,0.003,59436.0,229.0,0.0,[],No clear signal,2026-06-30
33626,Mid-Market,Logistics,Rajasthan,Business,Annual,71436.0,857232.0,5.0,2.3,78,0.670940170940171,0.7925925925925925,0.0,0.0,4.0,0.0,1.0,0.0006,0.0022,668641.0,1886.0,0.2,[],No clear signal,2026-06-30
26685,SMB,Education,West Bengal,Starter,Monthly,810.0,9720.0,4.0,17.6,3,1.0,0.5833333333333334,0.0920245398773006,0.0,4.0,0.0,1.0,0.0008,0.003,7582.0,29.0,0.0,[],No clear signal,2026-06-30
43871,Mid-Market,Logistics,Rajasthan,Enterprise,Monthly,73481.0,881772.0,9.0,3.7,49,0.8571428571428571,0.7555555555555556,3.0,3.0,4.666666666666667,0.0,1.0,0.0061,0.0242,687782.0,21339.0,0.266,[],No clear signal,2026-06-30
27277,SMB,Manufacturing,Karnataka,Starter,Monthly,793.0,9516.0,6.0,7.2,3,0.7777777777777778,0.4722222222222222,0.5714285714285714,1.0,5.0,0.0,1.0,0.0017,0.0069,7422.0,66.0,0.0,[],No clear signal,2026-06-30
21561,SMB,Healthcare,Maharashtra,Starter,Monthly,2275.0,27300.0,6.0,15.7,9,0.4814814814814814,0.5833333333333334,-0.1764705882352941,3.0,3.333333333333333,0.4,1.0,0.0221,0.0855,21294.0,2334.0,0.111,"[{""feature"": ""feature_adoption"", ""label"": ""Shallow product adoption"", ""impact_pp"": 0.6}]",Shallow product adoption,2026-06-30
20288,Enterprise,Healthcare,Karnataka,Business,Monthly,105987.0,1271844.0,9.0,4.9,124,0.7741935483870968,0.8148148148148148,0.5098039215686274,1.0,4.0,0.0,1.0,0.0046,0.0184,992038.0,23402.0,0.5,[],No clear signal,2026-06-30
28412,SMB,Retail,Telangana,Starter,Annual,2275.0,27300.0,6.0,30.9,9,0.925925925925926,0.8333333333333334,0.1066666666666666,1.0,3.0,0.0,1.0,0.0,0.0,21294.0,0.0,0.2,[],No clear signal,2026-06-30
6092,Enterprise,Financial Services,Delhi,Business,Monthly,101329.0,1215948.0,13.0,41.8,124,0.3172043010752688,0.5481481481481482,-0.1785714285714285,1.0,4.0,0.0,1.0,0.012,0.0472,948439.0,57393.0,0.682,"[{""feature"": ""discount_pct"", ""label"": ""Price sensitive (deep discount)"", ""impact_pp"": 0.7}]",Price sensitive (deep discount),2026-06-30
32430,Mid-Market,IT Services,Tamil Nadu,Growth,Monthly,27135.0,325620.0,4.0,21.3,53,0.8993710691823898,0.9642857142857144,-0.0392156862745098,2.0,5.0,0.0,1.0,0.0002,0.0008,253984.0,260.0,0.2,[],No clear signal,2026-06-30
38677,SMB,Hospitality,Madhya Pradesh,Growth,Annual,1737.0,20844.0,5.0,4.1,3,0.6666666666666666,0.5357142857142857,-0.0555555555555555,5.0,3.8,0.0,1.0,0.0027,0.0107,16258.0,223.0,0.0,[],No clear signal,2026-06-30
10974,Mid-Market,Education,West Bengal,Business,Annual,32206.0,386472.0,15.222014182903775,26.4,42,0.5158730158730159,0.5629629629629629,-0.0422535211267605,4.0,4.25,0.0,1.0,0.0027,0.0107,301448.0,4135.0,0.235,[],No clear signal,2026-06-30
29721,SMB,Agritech,Uttar Pradesh,Starter,Annual,2106.0,25272.0,13.0,26.5,9,0.8148148148148148,0.9166666666666666,0.0133333333333333,2.0,3.0,0.0,1.0,0.0011,0.0044,19712.0,111.0,0.5,[],No clear signal,2026-06-30
13155,SMB,IT Services,Telangana,Starter,Monthly,548.0,6576.0,4.0,40.2,2,1.0,0.9166666666666666,0.1276595744680851,0.0,4.0,0.0,1.0,0.0,0.0,5129.0,0.0,0.2,[],No clear signal,2026-06-30
1385,SMB,Hospitality,Tamil Nadu,Growth,Monthly,1186.0,14232.0,4.0,34.5,2,1.0,0.9642857142857144,0.0697674418604651,0.0,4.0,0.0,1.0,0.0,0.0,11101.0,0.0,0.2,[],No clear signal,2026-06-30
37767,Mid-Market,Agritech,Uttar Pradesh,Growth,Monthly,10459.0,125508.0,11.0,6.3,21,0.7777777777777777,0.8214285714285714,-0.1634615384615384,1.0,3.0,0.2,1.0,0.0078,0.0307,97896.0,3853.0,0.852,[],No clear signal,2026-06-30
19221,SMB,Logistics,Telangana,Business,Monthly,3207.0,38484.0,5.0,3.3,3,0.6666666666666666,0.9037037037037036,2.326530612244898,1.0,5.0,0.0,1.0,0.0014,0.0057,30018.0,219.0,0.2,[],No clear signal,2026-06-30
10322,SMB,Retail,Tamil Nadu,Starter,Monthly,3368.0,40416.0,2.0,12.0,13,0.717948717948718,0.4722222222222222,0.2053571428571428,2.0,4.0,0.0,1.0,0.0011,0.0044,31524.0,178.0,0.0,[],No clear signal,2026-06-30
27489,Mid-Market,Hospitality,Maharashtra,Business,Annual,18019.0,216228.0,13.0,35.6,20,0.9166666666666666,0.9555555555555556,-0.031413612565445,1.0,5.0,0.0,1.0,0.0,0.0,168658.0,0.0,0.2,[],No clear signal,2026-06-30
43663,Mid-Market,Agritech,Madhya Pradesh,Growth,Monthly,36167.0,434004.0,9.0,13.7,76,0.793859649122807,0.6071428571428571,0.174757281553398,6.0,4.333333333333333,0.2,1.0,0.0078,0.0309,338523.0,13411.0,0.0,"[{""feature"": ""feature_adoption"", ""label"": ""Shallow product adoption"", ""impact_pp"": 0.5}]",Shallow product adoption,2026-06-30
11527,SMB,Manufacturing,Tamil Nadu,Growth,Annual,2388.0,28656.0,1.0,51.8,4,0.5833333333333334,0.7023809523809524,-0.5466666666666666,2.0,4.0,0.0,1.0,0.002,0.0079,22352.0,226.0,0.0,[],No clear signal,2026-06-30
41324,SMB,Manufacturing,Karnataka,Growth,Annual,4982.0,59784.0,5.0,30.5,9,0.2962962962962963,0.2380952380952381,1.0,8.0,3.5,0.0,1.0,0.0257,0.099,46632.0,5919.0,0.0,"[{""feature"": ""t90_tickets"", ""label"": ""Heavy support load"", ""impact_pp"": 1.4}]",Heavy support load,2026-06-30
42017,SMB,Hospitality,Tamil Nadu,Growth,Annual,4083.0,48996.0,1.0,18.1,7,0.2857142857142857,0.3571428571428571,-0.3157894736842105,6.0,3.333333333333333,0.0,1.0,0.0042,0.0165,38217.0,808.0,0.0,[],No clear signal,2026-06-30
41740,SMB,IT Services,Tamil Nadu,Starter,Monthly,3504.0,42048.0,5.0,30.0,14,0.3333333333333333,0.8611111111111112,-0.2972972972972973,6.0,4.0,0.0,1.0,0.0233,0.09,32797.0,3784.0,0.0,"[{""feature"": ""t90_tickets"", ""label"": ""Heavy support load"", ""impact_pp"": 0.5}]",Heavy support load,2026-06-30
291,SMB,Logistics,Karnataka,Starter,Monthly,1338.0,16056.0,3.0,7.4,5,0.9333333333333332,0.7777777777777778,-0.0050761421319796,7.0,4.428571428571429,0.0,1.0,0.0,0.0,12524.0,0.0,0.2,[],No clear signal,2026-06-30
33971,Mid-Market,Agritech,Tamil Nadu,Business,Annual,15579.0,186948.0,7.0,33.0,16,0.9166666666666666,0.948148148148148,-0.1641791044776119,0.0,4.0,0.0,1.0,0.0,0.0,145819.0,0.0,0.2,[],No clear signal,2026-06-30
31551,SMB,Healthcare,Karnataka,Growth,Monthly,4615.0,55380.0,12.0,6.9,9,0.8518518518518519,0.9642857142857144,0.0163934426229508,2.0,5.0,0.0,1.0,0.0,0.0,43196.0,0.0,0.2,[],No clear signal,2026-06-30
6317,SMB,Education,Karnataka,Starter,Monthly,1283.0,15396.0,7.0,17.4,5,0.5333333333333333,0.4166666666666667,-0.1290322580645161,2.0,4.5,0.2,1.0,0.0261,0.1003,12009.0,1544.0,0.066,"[{""feature"": ""feature_adoption"", ""label"": ""Shallow product adoption"", ""impact_pp"": 0.9}, {""feature"": ""seat_utilisation"", ""label"": ""Seats sitting unused"", ""impact_pp"": 0.5}]",Shallow product adoption,2026-06-30
24948,SMB,Financial Services,Kerala,Starter,Monthly,3368.0,40416.0,2.0,29.2,13,1.0,0.9166666666666666,0.1494845360824742,1.0,4.0,0.0,1.0,0.0,0.0,31524.0,0.0,0.2,[],No clear signal,2026-06-30
25075,Enterprise,IT Services,Kerala,Enterprise,Monthly,237761.0,2853132.0,8.0,12.6,168,0.9325396825396824,0.95,0.2484472049689441,2.0,4.5,0.0,1.0,0.0002,0.0008,2225443.0,2283.0,0.2,[],No clear signal,2026-06-30
3805,Mid-Market,IT Services,Tamil Nadu,Enterprise,Monthly,53122.0,637464.0,7.0,9.9,34,0.6274509803921569,0.3888888888888889,-0.0175438596491228,7.0,3.2857142857142856,0.4,1.0,0.0453,0.1693,497222.0,107923.0,0.105,"[{""feature"": ""t90_tickets"", ""label"": ""Heavy support load"", ""impact_pp"": 1.9}, {""feature"": ""tenure_months"", ""label"": ""Still early in lifecycle"", ""impact_pp"": 0.4}]",Heavy support load,2026-06-30
40843,SMB,Healthcare,Karnataka,Starter,Monthly,2033.0,24396.0,6.0,18.2,8,0.4166666666666667,0.5,-0.1428571428571428,0.0,4.0,0.6,1.0,0.0154,0.0603,19029.0,1471.0,0.0,"[{""feature"": ""feature_adoption"", ""label"": ""Shallow product adoption"", ""impact_pp"": 0.7}]",Shallow product adoption,2026-06-30
23538,SMB,Real Estate,Uttar Pradesh,Starter,Annual,716.0,8592.0,8.450001311266767,4.6,3,0.6666666666666666,0.25,0.0,1.0,2.0,1.0,1.0,0.0042,0.0165,6702.0,142.0,0.2,[],No clear signal,2026-06-30
46847,Mid-Market,Hospitality,Madhya Pradesh,Enterprise,Annual,99161.0,1189932.0,6.0,19.8,65,0.9282051282051282,0.85,0.0572916666666666,0.0,4.0,0.0,1.0,0.0,0.0,928147.0,0.0,0.2,[],No clear signal,2026-06-30
15195,SMB,Education,Madhya Pradesh,Business,Annual,8564.0,102768.0,1.0,6.5,8,0.125,0.0814814814814814,0.0,17.0,2.823529411764706,0.0,1.0,0.0366,0.1386,80159.0,14244.0,0.0,"[{""feature"": ""t90_tickets"", ""label"": ""Heavy support load"", ""impact_pp"": 1.5}, {""feature"": ""feature_adoption"", ""label"": ""Shallow product adoption"", ""impact_pp"": 1.3}, {""feature"": ""t90_avg_csat"", ""label"": ""Unhappy with support"", ""impact_pp"": 1.1}]",Heavy support load,2026-06-30
43202,Mid-Market,Education,Haryana,Business,Annual,20091.0,241092.0,3.0,23.8,20,0.8333333333333334,0.7925925925925925,0.1439393939393939,0.0,4.0,0.0,1.0,0.0006,0.0022,188052.0,530.0,0.2,[],No clear signal,2026-06-30
31983,Mid-Market,Healthcare,Delhi,Business,Monthly,27698.0,332376.0,9.0,15.4,30,0.711111111111111,0.7111111111111111,0.2291666666666666,1.0,5.0,0.2,1.0,0.0057,0.0224,259253.0,7445.0,0.0,[],No clear signal,2026-06-30
42606,SMB,Financial Services,Gujarat,Starter,Annual,530.0,6360.0,7.0,1.3,2,0.5,0.625,0.0,5.0,4.2,1.0,1.0,0.0042,0.0166,4961.0,106.0,0.25,[],No clear signal,2026-06-30
6505,SMB,Agritech,Haryana,Growth,Monthly,2243.0,26916.0,7.0,4.5,4,1.0,0.619047619047619,0.7662337662337663,7.0,4.142857142857143,0.2,1.0,0.012,0.0472,20994.0,1270.0,0.009,"[{""feature"": ""feature_adoption"", ""label"": ""Shallow product adoption"", ""impact_pp"": 0.6}]",Shallow product adoption,2026-06-30
14642,SMB,Manufacturing,Madhya Pradesh,Business,Annual,2213.0,26556.0,3.0,24.2,2,0.5,0.3259259259259259,0.3214285714285714,1.0,3.0,1.0,1.0,0.0018,0.0072,20714.0,191.0,0.2,[],No clear signal,2026-06-30
19769,SMB,Education,Tamil Nadu,Starter,Monthly,3282.0,39384.0,11.0,8.6,14,0.9047619047619048,0.9166666666666666,-0.1201923076923077,1.0,5.0,0.0,1.0,0.0,0.0,30720.0,0.0,0.2,[],No clear signal,2026-06-30
12218,SMB,Hospitality,Tamil Nadu,Starter,Annual,3578.0,42936.0,3.0,25.8,14,0.7857142857142857,0.6944444444444445,0.4123711340206185,0.0,4.0,0.0,1.0,0.0011,0.0044,33490.0,189.0,0.0,[],No clear signal,2026-06-30
31125,SMB,Healthcare,Telangana,Business,Annual,3240.0,38880.0,4.0,23.7,3,0.3333333333333333,0.3925925925925926,-0.4571428571428571,1.0,3.0,0.0,1.0,0.0215,0.0832,30326.0,3235.0,0.0,[],No clear signal,2026-06-30
6545,Mid-Market,Logistics,Madhya Pradesh,Business,Monthly,20610.0,247320.0,5.0,23.5,21,0.8412698412698413,0.7407407407407408,-0.0707070707070707,0.0,4.0,0.0,1.0,0.0042,0.0165,192910.0,4081.0,0.0,[],No clear signal,2026-06-30
8392,SMB,Agritech,Telangana,Starter,Monthly,1838.0,22056.0,15.0,27.5,8,0.9166666666666666,0.9166666666666666,0.1286549707602339,3.0,5.0,0.0,1.0,0.0002,0.0008,17204.0,18.0,0.2,[],No clear signal,2026-06-30
9518,Mid-Market,Healthcare,Tamil Nadu,Growth,Annual,17971.0,215652.0,18.693070366108724,6.7,40,0.1,0.0476190476190476,-0.4,16.0,2.6875,0.0,2.0,0.025,0.0962,168209.0,20746.0,0.384,"[{""feature"": ""discount_pct"", ""label"": ""Price sensitive (deep discount)"", ""impact_pp"": 1.0}, {""feature"": ""t90_tickets"", ""label"": ""Heavy support load"", ""impact_pp"": 0.6}, {""feature"": ""seat_utilisation"", ""label"": ""Seats sitting unused"", ""impact_pp"": 0.6}]",Price sensitive (deep discount),2026-06-30
28203,SMB,Healthcare,Maharashtra,Growth,Monthly,7512.0,90144.0,6.0,23.9,14,0.8333333333333333,0.7142857142857143,0.1714285714285714,2.0,4.0,0.2,1.0,0.0042,0.0166,70312.0,1496.0,0.0,[],No clear signal,2026-06-30
29251,Mid-Market,Education,Maharashtra,Business,Monthly,57502.0,690024.0,5.0,15.6,62,0.5215053763440861,0.6296296296296297,0.375,1.0,4.0,0.4,1.0,0.0363,0.1375,538219.0,94878.0,0.0,"[{""feature"": ""tenure_months"", ""label"": ""Still early in lifecycle"", ""impact_pp"": 0.6}]",Still early in lifecycle,2026-06-30
22485,Mid-Market,Real Estate,Telangana,Growth,Monthly,11423.0,137076.0,7.0,23.3,22,0.893939393939394,0.9285714285714286,-0.0426829268292682,0.0,4.0,0.0,1.0,0.0,0.0,106919.0,0.0,0.2,[],No clear signal,2026-06-30
41845,Mid-Market,Retail,Maharashtra,Enterprise,Monthly,59411.0,712932.0,4.0,6.1,37,0.8018018018018018,0.8222222222222223,-0.0344827586206896,1.0,5.0,0.0,1.0,0.0011,0.0044,556087.0,3137.0,0.2,[],No clear signal,2026-06-30
39869,SMB,Manufacturing,Delhi,Starter,Monthly,3614.0,43368.0,2.0,28.2,14,0.4047619047619047,0.25,0.05,5.0,4.0,0.4,1.0,0.0374,0.1414,33827.0,6132.0,0.0,"[{""feature"": ""feature_adoption"", ""label"": ""Shallow product adoption"", ""impact_pp"": 1.0}]",Shallow product adoption,2026-06-30
35912,SMB,Real Estate,Uttar Pradesh,Starter,Monthly,2542.0,30504.0,5.0,8.0,10,0.8666666666666666,0.638888888888889,0.208,1.0,4.0,0.0,1.0,0.0008,0.003,23793.0,92.0,0.0,[],No clear signal,2026-06-30
25145,SMB,Real Estate,West Bengal,Starter,Monthly,2372.0,28464.0,2.0,40.4,9,0.6666666666666666,0.8611111111111112,-0.0571428571428571,3.0,2.6666666666666665,0.2,1.0,0.0057,0.0224,22202.0,638.0,0.0,[],No clear signal,2026-06-30
22825,Mid-Market,Agritech,Delhi,Enterprise,Annual,32501.0,390012.0,14.0,21.1,22,0.6818181818181818,0.8777777777777778,0.1976744186046511,1.0,3.0,0.0,1.0,0.0009,0.0036,304209.0,1404.0,0.2,[],No clear signal,2026-06-30
8775,SMB,Retail,Gujarat,Starter,Monthly,792.0,9504.0,13.23010550898804,40.2,3,0.3333333333333333,0.638888888888889,0.3111111111111111,1.0,5.0,0.0,1.0,0.012,0.0472,7413.0,449.0,0.175,"[{""feature"": ""seat_utilisation"", ""label"": ""Seats sitting unused"", ""impact_pp"": 0.6}]",Seats sitting unused,2026-06-30
49144,SMB,Retail,Tamil Nadu,Growth,Monthly,3487.0,41844.0,2.0,16.8,6,0.6666666666666666,0.5476190476190477,0.1063829787234042,3.0,3.6666666666666665,0.0,1.0,0.0077,0.0304,32638.0,1272.0,0.0,[],No clear signal,2026-06-30
10214,SMB,Logistics,West Bengal,Starter,Monthly,793.0,9516.0,6.0,37.0,3,0.6666666666666666,0.7777777777777778,0.1710526315789473,2.0,3.5,0.0,1.0,0.0061,0.0242,7422.0,230.0,0.2,[],No clear signal,2026-06-30
14270,Enterprise,Education,Haryana,Enterprise,Monthly,134854.0,1618248.0,6.0,19.1,90,0.5370370370370371,0.2888888888888888,0.0192307692307692,3.0,3.0,0.2,1.0,0.0162,0.0632,1262233.0,102273.0,0.0,"[{""feature"": ""feature_adoption"", ""label"": ""Shallow product adoption"", ""impact_pp"": 0.6}]",Shallow product adoption,2026-06-30
18732,SMB,Agritech,Delhi,Starter,Annual,844.0,10128.0,0.0,25.8,3,0.3333333333333333,0.5555555555555556,-0.1756756756756756,9.0,3.7777777777777777,0.0,1.0,0.0027,0.0107,7900.0,108.0,0.0,[],No clear signal,2026-06-30
43645,SMB,Manufacturing,Karnataka,Starter,Annual,1283.0,15396.0,7.0,8.8,5,0.2,0.0833333333333333,0.0,9.0,2.7777777777777777,0.0,1.0,0.0103,0.0406,12009.0,625.0,0.0,[],No clear signal,2026-06-30
32617,SMB,Agritech,Madhya Pradesh,Growth,Annual,7592.0,91104.0,5.0,8.7,14,0.0714285714285714,0.0357142857142857,-0.75,19.0,2.789473684210526,0.0,2.0,0.0258,0.0992,71061.0,9038.0,0.0,"[{""feature"": ""seat_utilisation"", ""label"": ""Seats sitting unused"", ""impact_pp"": 0.7}]",Seats sitting unused,2026-06-30
25448,SMB,Real Estate,Delhi,Growth,Monthly,7192.0,86304.0,10.0,4.5,14,0.9523809523809524,0.9523809523809524,0.656,1.0,5.0,0.0,1.0,0.0,0.0,67317.0,0.0,0.2,[],No clear signal,2026-06-30
9157,SMB,Education,Madhya Pradesh,Growth,Monthly,7372.0,88464.0,1.0,21.6,13,0.8461538461538461,0.8214285714285714,-0.1677419354838709,1.0,3.0,0.2,1.0,0.0027,0.0107,69002.0,947.0,0.2,[],No clear signal,2026-06-30
31331,SMB,Manufacturing,Haryana,Starter,Monthly,2755.0,33060.0,6.0,40.4,11,0.6666666666666666,0.8888888888888888,0.625,1.0,5.0,0.0,1.0,0.0042,0.0166,25787.0,549.0,0.333,[],No clear signal,2026-06-30
29918,SMB,Healthcare,Kerala,Starter,Annual,2542.0,30504.0,5.0,23.2,10,0.4,0.4166666666666667,-0.4444444444444444,1.0,5.0,0.0,1.0,0.0066,0.0262,23793.0,799.0,0.0,"[{""feature"": ""feature_adoption"", ""label"": ""Shallow product adoption"", ""impact_pp"": 0.4}]",Shallow product adoption,2026-06-30
1227,SMB,Healthcare,Kerala,Starter,Monthly,3057.0,36684.0,4.0,13.0,12,0.8888888888888888,0.9166666666666666,0.0342857142857142,12.0,4.583333333333333,0.0,1.0,0.0029,0.0116,28614.0,426.0,0.0,[],No clear signal,2026-06-30
31786,Mid-Market,Real Estate,Rajasthan,Enterprise,Annual,62575.0,750900.0,16.0,26.3,45,0.3185185185185185,0.35,0.4,5.0,3.6,0.0,1.0,0.0104,0.0409,585702.0,30712.0,0.451,[],No clear signal,2026-06-30
49313,SMB,Logistics,Tamil Nadu,Growth,Monthly,2044.0,24528.0,25.23203292469706,13.1,4,0.75,0.9642857142857144,-0.0177514792899408,1.0,5.0,0.0,1.0,0.0005,0.0022,19132.0,54.0,0.2,[],No clear signal,2026-06-30
29679,SMB,Education,Uttar Pradesh,Growth,Monthly,4452.0,53424.0,5.0,23.8,8,0.7916666666666666,0.7142857142857143,-0.008695652173913,4.0,4.75,0.0,1.0,0.013,0.0509,41671.0,2719.0,0.2,[],No clear signal,2026-06-30
14803,SMB,Healthcare,Rajasthan,Starter,Annual,3578.0,42936.0,3.0,48.1,14,0.9285714285714286,0.7777777777777778,0.3986013986013986,2.0,4.0,0.0,1.0,0.0004,0.0014,33490.0,60.0,0.2,[],No clear signal,2026-06-30
6781,SMB,Education,West Bengal,Growth,Monthly,6952.0,83424.0,13.0,6.8,14,0.2619047619047619,0.2619047619047619,1.2647058823529411,3.0,4.0,0.4,1.0,0.0241,0.0929,65071.0,7750.0,0.248,"[{""feature"": ""feature_adoption"", ""label"": ""Shallow product adoption"", ""impact_pp"": 0.8}, {""feature"": ""discount_pct"", ""label"": ""Price sensitive (deep discount)"", ""impact_pp"": 0.8}, {""feature"": ""seat_utilisation"", ""label"": ""Seats sitting unused"", ""impact_pp"": 0.6}]",Shallow product adoption,2026-06-30
24222,Enterprise,Retail,Maharashtra,Enterprise,Annual,118283.0,1419396.0,11.0,1.9,83,0.072289156626506,0.0666666666666666,0.0,7.0,3.0,1.0,2.0,0.0233,0.09,1107129.0,127746.0,0.0,"[{""feature"": ""feature_adoption"", ""label"": ""Shallow product adoption"", ""impact_pp"": 0.7}, {""feature"": ""seat_utilisation"", ""label"": ""Seats sitting unused"", ""impact_pp"": 0.5}]",Shallow product adoption,2026-06-30
36196,Mid-Market,Real Estate,Madhya Pradesh,Enterprise,Annual,88021.0,1056252.0,10.0,43.1,60,0.8944444444444444,0.8833333333333333,0.0220994475138121,2.0,5.0,0.0,1.0,0.0,0.0,823877.0,0.0,0.2,[],No clear signal,2026-06-30
12590,Enterprise,Financial Services,Uttar Pradesh,Enterprise,Annual,168013.0,2016156.0,16.0,39.4,128,0.7890625,0.8222222222222223,-0.1564625850340136,12.0,4.0,1.0,1.0,0.0048,0.019,1572602.0,38307.0,0.174,[],No clear signal,2026-06-30
21504,SMB,Logistics,West Bengal,Growth,Monthly,3523.0,42276.0,1.0,32.4,6,0.6666666666666666,0.7142857142857143,0.4,4.0,4.5,0.2,1.0,0.0213,0.0825,32975.0,3488.0,0.0,[],No clear signal,2026-06-30
3656,SMB,Agritech,Gujarat,Starter,Monthly,2489.0,29868.0,7.0,19.8,10,0.7,0.3611111111111111,-0.4177215189873418,0.0,4.0,0.0,1.0,0.0119,0.0469,23297.0,1401.0,0.2,[],No clear signal,2026-06-30
9057,SMB,Hospitality,Uttar Pradesh,Starter,Annual,1770.0,21240.0,7.0,10.3,7,0.5238095238095238,0.2222222222222222,0.44,6.0,3.8333333333333335,0.0,1.0,0.0218,0.0845,16567.0,1795.0,0.206,"[{""feature"": ""tenure_months"", ""label"": ""Still early in lifecycle"", ""impact_pp"": 1.2}, {""feature"": ""t90_tickets"", ""label"": ""Heavy support load"", ""impact_pp"": 0.8}, {""feature"": ""discount_pct"", ""label"": ""Price sensitive (deep discount)"", ""impact_pp"": 0.7}]",Still early in lifecycle,2026-06-30
3054,SMB,IT Services,Maharashtra,Starter,Monthly,768.0,9216.0,31.0,25.9,4,1.0,0.9166666666666666,-0.1682692307692307,0.0,4.0,0.0,1.0,0.0011,0.0043,7188.0,40.0,0.2,[],No clear signal,2026-06-30
49791,Enterprise,Logistics,Rajasthan,Enterprise,Annual,146105.0,1753260.0,15.0,31.3,109,0.1070336391437308,0.0333333333333333,-0.1666666666666666,14.0,3.0,0.0,2.0,0.0549,0.2023,1367543.0,354684.0,0.0,"[{""feature"": ""t90_tickets"", ""label"": ""Heavy support load"", ""impact_pp"": 0.4}]",Heavy support load,2026-06-30
1345,Enterprise,Real Estate,Delhi,Enterprise,Monthly,237589.0,2851068.0,22.37660324228654,7.7,197,0.6649746192893401,0.8444444444444444,-0.2429906542056074,1.0,4.0,0.4,1.0,0.0817,0.2889,2223833.0,823674.0,0.824,"[{""feature"": ""discount_pct"", ""label"": ""Price sensitive (deep discount)"", ""impact_pp"": 7.4}, {""feature"": ""tenure_months"", ""label"": ""Still early in lifecycle"", ""impact_pp"": 0.9}, {""feature"": ""login_trend_pct"", ""label"": ""Usage trending down"", ""impact_pp"": 0.7}]",Price sensitive (deep discount),2026-06-30
7498,Mid-Market,Logistics,Madhya Pradesh,Growth,Annual,16708.0,200496.0,10.0,12.2,34,0.4411764705882353,0.1785714285714285,-0.303030303030303,7.0,3.857142857142857,0.0,1.0,0.0628,0.2286,156387.0,45833.0,0.152,"[{""feature"": ""tenure_months"", ""label"": ""Still early in lifecycle"", ""impact_pp"": 4.4}, {""feature"": ""login_trend_pct"", ""label"": ""Usage trending down"", ""impact_pp"": 3.1}, {""feature"": ""t90_tickets"", ""label"": ""Heavy support load"", ""impact_pp"": 2.2}]",Still early in lifecycle,2026-06-30
39541,Mid-Market,Hospitality,West Bengal,Business,Annual,23809.0,285708.0,7.0,9.8,25,0.04,0.0518518518518518,0.375,6.0,3.8333333333333335,0.0,1.0,0.1098,0.372,222852.0,106283.0,0.0,"[{""feature"": ""t90_tickets"", ""label"": ""Heavy support load"", ""impact_pp"": 3.1}, {""feature"": ""feature_adoption"", ""label"": ""Shallow product adoption"", ""impact_pp"": 1.4}, {""feature"": ""seat_utilisation"", ""label"": ""Seats sitting unused"", ""impact_pp"": 0.7}]",Heavy support load,2026-06-30
41834,SMB,Retail,Karnataka,Starter,Monthly,2872.0,34464.0,2.0,21.6,11,0.4242424242424242,0.25,-0.0952380952380952,4.0,4.0,0.4,1.0,0.1312,0.4302,26882.0,14826.0,0.264,"[{""feature"": ""feature_adoption"", ""label"": ""Shallow product adoption"", ""impact_pp"": 4.4}, {""feature"": ""t90_tickets"", ""label"": ""Heavy support load"", ""impact_pp"": 3.1}, {""feature"": ""p180_failed"", ""label"": ""Failed payments"", ""impact_pp"": 2.1}]",Shallow product adoption,2026-06-30
41280,SMB,Healthcare,Karnataka,Starter,Monthly,2930.0,35160.0,8.0,3.3,12,0.5,0.4722222222222222,0.9565217391304348,3.0,3.333333333333333,0.0,1.0,0.0687,0.2477,27425.0,8709.0,0.2,"[{""feature"": ""tenure_months"", ""label"": ""Still early in lifecycle"", ""impact_pp"": 2.5}, {""feature"": ""feature_adoption"", ""label"": ""Shallow product adoption"", ""impact_pp"": 1.9}, {""feature"": ""discount_pct"", ""label"": ""Price sensitive (deep discount)"", ""impact_pp"": 1.2}]",Still early in lifecycle,2026-06-30
49872,SMB,Real Estate,Tamil Nadu,Growth,Monthly,5842.0,70104.0,8.0,36.6,11,0.2727272727272727,0.4523809523809524,-0.1764705882352941,5.0,2.6,0.4,1.0,0.1439,0.4628,54681.0,32444.0,0.118,"[{""feature"": ""t90_tickets"", ""label"": ""Heavy support load"", ""impact_pp"": 3.6}, {""feature"": ""feature_adoption"", ""label"": ""Shallow product adoption"", ""impact_pp"": 2.3}, {""feature"": ""seat_utilisation"", ""label"": ""Seats sitting unused"", ""impact_pp"": 2.2}]",Heavy support load,2026-06-30
38664,SMB,Financial Services,Rajasthan,Growth,Annual,6952.0,83424.0,13.0,33.1,14,0.2619047619047619,0.2619047619047619,-0.1333333333333333,6.0,3.0,0.0,1.0,0.0939,0.3258,65071.0,27180.0,0.385,"[{""feature"": ""discount_pct"", ""label"": ""Price sensitive (deep discount)"", ""impact_pp"": 4.0}, {""feature"": ""t90_tickets"", ""label"": ""Heavy support load"", ""impact_pp"": 3.2}, {""feature"": ""seat_utilisation"", ""label"": ""Seats sitting unused"", ""impact_pp"": 1.6}]",Price sensitive (deep discount),2026-06-30
2575,SMB,Retail,Tamil Nadu,Starter,Monthly,734.0,8808.0,13.0,38.0,3,0.6666666666666666,0.5833333333333334,-0.3125,3.0,4.0,0.2,1.0,0.0521,0.1926,6870.0,1696.0,0.392,"[{""feature"": ""discount_pct"", ""label"": ""Price sensitive (deep discount)"", ""impact_pp"": 2.2}, {""feature"": ""feature_adoption"", ""label"": ""Shallow product adoption"", ""impact_pp"": 2.1}, {""feature"": ""t90_tickets"", ""label"": ""Heavy support load"", ""impact_pp"": 0.8}]",Price sensitive (deep discount),2026-06-30
13806,Mid-Market,Real Estate,Karnataka,Enterprise,Monthly,57124.0,685488.0,10.0,17.6,38,0.1578947368421052,0.2944444444444444,-0.4032258064516129,3.0,3.6666666666666665,0.0,1.0,0.0672,0.2428,534681.0,166436.0,0.203,"[{""feature"": ""seat_utilisation"", ""label"": ""Seats sitting unused"", ""impact_pp"": 2.2}, {""feature"": ""feature_adoption"", ""label"": ""Shallow product adoption"", ""impact_pp"": 1.0}, {""feature"": ""discount_pct"", ""label"": ""Price sensitive (deep discount)"", ""impact_pp"": 0.8}]",Seats sitting unused,2026-06-30
33137,Mid-Market,Hospitality,Karnataka,Business,Annual,42788.0,513456.0,22.87187311008689,12.6,58,0.3505747126436781,0.4074074074074074,-0.3043478260869565,6.0,4.0,1.0,1.0,0.0855,0.3006,400496.0,154345.0,0.556,"[{""feature"": ""discount_pct"", ""label"": ""Price sensitive (deep discount)"", ""impact_pp"": 4.9}, {""feature"": ""t90_tickets"", ""label"": ""Heavy support load"", ""impact_pp"": 2.7}, {""feature"": ""login_trend_pct"", ""label"": ""Usage trending down"", ""impact_pp"": 1.2}]",Price sensitive (deep discount),2026-06-30
300,Enterprise,Manufacturing,Telangana,Enterprise,Annual,230901.0,2770812.0,7.0,10.2,161,0.2712215320910973,0.1777777777777777,-0.5405405405405406,11.0,3.272727272727273,0.0,1.0,0.1443,0.4639,2161233.0,1285380.0,0.0,"[{""feature"": ""t90_tickets"", ""label"": ""Heavy support load"", ""impact_pp"": 7.4}, {""feature"": ""tenure_months"", ""label"": ""Still early in lifecycle"", ""impact_pp"": 3.1}, {""feature"": ""feature_adoption"", ""label"": ""Shallow product adoption"", ""impact_pp"": 2.4}]",Heavy support load,2026-06-30
24180,SMB,IT Services,Kerala,Starter,Monthly,2877.0,34524.0,22.0,1.6,14,0.3214285714285714,0.4583333333333333,0.0,1.0,5.0,0.0,1.0,0.0607,0.2217,26929.0,7654.0,0.521,"[{""feature"": ""discount_pct"", ""label"": ""Price sensitive (deep discount)"", ""impact_pp"": 4.5}, {""feature"": ""feature_adoption"", ""label"": ""Shallow product adoption"", ""impact_pp"": 2.2}, {""feature"": ""tenure_months"", ""label"": ""Still early in lifecycle"", ""impact_pp"": 1.2}]",Price sensitive (deep discount),2026-06-30
48427,SMB,Agritech,Rajasthan,Starter,Monthly,3231.0,38772.0,6.0,16.3,13,0.3333333333333333,0.6666666666666666,-0.3666666666666666,15.0,3.866666666666666,0.0,1.0,0.08,0.2836,30242.0,10996.0,0.095,"[{""feature"": ""t90_tickets"", ""label"": ""Heavy support load"", ""impact_pp"": 4.4}, {""feature"": ""t90_high_sev"", ""label"": ""Serious unresolved issues"", ""impact_pp"": 0.6}, {""feature"": ""discount_pct"", ""label"": ""Price sensitive (deep discount)"", ""impact_pp"": 0.6}]",Heavy support load,2026-06-30
3297,SMB,IT Services,West Bengal,Starter,Monthly,548.0,6576.0,4.0,4.4,2,0.5,0.4166666666666667,0.9333333333333332,2.0,4.5,0.6,1.0,0.1312,0.4302,5129.0,2829.0,0.175,"[{""feature"": ""tenure_months"", ""label"": ""Still early in lifecycle"", ""impact_pp"": 6.5}, {""feature"": ""feature_adoption"", ""label"": ""Shallow product adoption"", ""impact_pp"": 3.6}, {""feature"": ""late_payment_rate_180d"", ""label"": ""Paying late"", ""impact_pp"": 2.4}]",Still early in lifecycle,2026-06-30
33202,Mid-Market,Education,Maharashtra,Growth,Annual,21229.0,254748.0,22.33415857838218,12.7,45,0.4888888888888889,0.3571428571428571,-0.3,2.0,2.5,1.0,1.0,0.0569,0.2089,198703.0,53217.0,0.36,"[{""feature"": ""discount_pct"", ""label"": ""Price sensitive (deep discount)"", ""impact_pp"": 3.5}, {""feature"": ""tenure_months"", ""label"": ""Still early in lifecycle"", ""impact_pp"": 3.1}, {""feature"": ""login_trend_pct"", ""label"": ""Usage trending down"", ""impact_pp"": 1.6}]",Price sensitive (deep discount),2026-06-30
2899,SMB,Hospitality,Gujarat,Growth,Annual,2839.0,34068.0,5.0,10.8,5,0.2666666666666666,0.1785714285714285,-0.2083333333333333,9.0,3.0,0.0,1.0,0.118,0.3948,26573.0,13450.0,0.0,"[{""feature"": ""t90_tickets"", ""label"": ""Heavy support load"", ""impact_pp"": 4.3}, {""feature"": ""tenure_months"", ""label"": ""Still early in lifecycle"", ""impact_pp"": 2.2}, {""feature"": ""seat_utilisation"", ""label"": ""Seats sitting unused"", ""impact_pp"": 1.0}]",Heavy support load,2026-06-30
5566,SMB,Financial Services,Telangana,Growth,Monthly,4498.0,53976.0,4.0,29.4,8,0.2916666666666667,0.1428571428571428,-0.4324324324324324,3.0,3.6666666666666665,0.4,1.0,0.0818,0.2891,42101.0,15604.0,0.0,"[{""feature"": ""feature_adoption"", ""label"": ""Shallow product adoption"", ""impact_pp"": 2.5}, {""feature"": ""t90_tickets"", ""label"": ""Heavy support load"", ""impact_pp"": 1.0}, {""feature"": ""t90_avg_csat"", ""label"": ""Unhappy with support"", ""impact_pp"": 0.5}]",Shallow product adoption,2026-06-30
41869,Mid-Market,Real Estate,Karnataka,Growth,Annual,21201.0,254412.0,22.85352525975292,12.3,48,0.4652777777777777,0.4404761904761905,0.1351351351351351,10.0,3.5,1.0,1.0,0.112,0.3783,198441.0,96244.0,0.317,"[{""feature"": ""tenure_months"", ""label"": ""Still early in lifecycle"", ""impact_pp"": 6.1}, {""feature"": ""discount_pct"", ""label"": ""Price sensitive (deep discount)"", ""impact_pp"": 4.9}, {""feature"": ""t90_tickets"", ""label"": ""Heavy support load"", ""impact_pp"": 3.5}]",Still early in lifecycle,2026-06-30
47514,SMB,Real Estate,Tamil Nadu,Growth,Monthly,1223.0,14676.0,1.0,5.7,2,0.5,0.2619047619047619,-0.1,1.0,4.0,0.2,1.0,0.0506,0.1875,11447.0,2752.0,0.0,"[{""feature"": ""tenure_months"", ""label"": ""Still early in lifecycle"", ""impact_pp"": 2.4}, {""feature"": ""feature_adoption"", ""label"": ""Shallow product adoption"", ""impact_pp"": 1.1}, {""feature"": ""t90_avg_resolution_h"", ""label"": ""Slow ticket resolution"", ""impact_pp"": 0.8}]",Still early in lifecycle,2026-06-30
18013,SMB,Manufacturing,Karnataka,Starter,Monthly,1593.0,19116.0,3.0,25.7,6,0.5,0.3611111111111111,-0.1111111111111111,4.0,4.0,0.8,1.0,0.0506,0.1875,14910.0,3584.0,0.433,"[{""feature"": ""late_payment_rate_180d"", ""label"": ""Paying late"", ""impact_pp"": 1.5}, {""feature"": ""feature_adoption"", ""label"": ""Shallow product adoption"", ""impact_pp"": 1.0}, {""feature"": ""t90_tickets"", ""label"": ""Heavy support load"", ""impact_pp"": 1.0}]",Paying late,2026-06-30
38612,Mid-Market,Education,Delhi,Business,Monthly,16682.0,200184.0,6.0,15.8,17,0.6470588235294118,0.4666666666666667,0.3421052631578947,6.0,4.166666666666667,0.8,1.0,0.0521,0.1926,156144.0,38555.0,0.0,"[{""feature"": ""feature_adoption"", ""label"": ""Shallow product adoption"", ""impact_pp"": 2.1}]",Shallow product adoption,2026-06-30
43428,SMB,Agritech,Rajasthan,Growth,Monthly,1682.0,20184.0,8.0,15.2,3,0.6666666666666666,0.369047619047619,-0.2903225806451613,4.0,3.5,0.2,1.0,0.1133,0.3819,15744.0,7708.0,0.142,"[{""feature"": ""t90_tickets"", ""label"": ""Heavy support load"", ""impact_pp"": 3.7}, {""feature"": ""tenure_months"", ""label"": ""Still early in lifecycle"", ""impact_pp"": 2.1}, {""feature"": ""discount_pct"", ""label"": ""Price sensitive (deep discount)"", ""impact_pp"": 1.2}]",Heavy support load,2026-06-30
15412,Mid-Market,IT Services,Gujarat,Growth,Monthly,17265.0,207180.0,7.0,25.7,34,0.3431372549019608,0.4404761904761905,-0.1388888888888889,2.0,3.5,0.6,1.0,0.0548,0.2017,161600.0,41788.0,0.384,"[{""feature"": ""feature_adoption"", ""label"": ""Shallow product adoption"", ""impact_pp"": 1.8}, {""feature"": ""late_payment_rate_180d"", ""label"": ""Paying late"", ""impact_pp"": 1.4}, {""feature"": ""t90_avg_csat"", ""label"": ""Unhappy with support"", ""impact_pp"": 0.4}]",Shallow product adoption,2026-06-30
31126,SMB,Real Estate,Delhi,Growth,Monthly,5103.0,61236.0,12.0,17.3,10,0.8333333333333334,0.5595238095238095,0.09375,10.0,4.0,0.2,1.0,0.1033,0.3535,47764.0,21647.0,0.093,"[{""feature"": ""t90_tickets"", ""label"": ""Heavy support load"", ""impact_pp"": 8.5}, {""feature"": ""discount_pct"", ""label"": ""Price sensitive (deep discount)"", ""impact_pp"": 1.1}, {""feature"": ""feature_adoption"", ""label"": ""Shallow product adoption"", ""impact_pp"": 1.0}]",Heavy support load,2026-06-30
58,SMB,Financial Services,Tamil Nadu,Growth,Monthly,5139.0,61668.0,2.0,21.6,9,0.4074074074074074,0.619047619047619,-0.5208333333333334,4.0,4.0,0.6,1.0,0.0549,0.2023,48101.0,12475.0,0.632,"[{""feature"": ""late_payment_rate_180d"", ""label"": ""Paying late"", ""impact_pp"": 1.0}, {""feature"": ""feature_adoption"", ""label"": ""Shallow product adoption"", ""impact_pp"": 0.4}]",Paying late,2026-06-30
5659,Mid-Market,Real Estate,Uttar Pradesh,Business,Monthly,20634.0,247608.0,9.0,10.8,22,0.5,0.6888888888888889,-0.5111111111111111,5.0,3.6,0.2,1.0,0.0599,0.2189,193134.0,54201.0,0.36,"[{""feature"": ""discount_pct"", ""label"": ""Price sensitive (deep discount)"", ""impact_pp"": 2.0}, {""feature"": ""tenure_months"", ""label"": ""Still early in lifecycle"", ""impact_pp"": 1.8}, {""feature"": ""t90_tickets"", ""label"": ""Heavy support load"", ""impact_pp"": 1.2}]",Price sensitive (deep discount),2026-06-30
18104,Mid-Market,Education,Maharashtra,Business,Monthly,21997.0,263964.0,7.0,24.0,23,0.4347826086956521,0.1111111111111111,0.0869565217391304,7.0,3.7142857142857135,0.6,1.0,0.0876,0.3069,205892.0,81011.0,0.272,"[{""feature"": ""t90_tickets"", ""label"": ""Heavy support load"", ""impact_pp"": 2.2}, {""feature"": ""feature_adoption"", ""label"": ""Shallow product adoption"", ""impact_pp"": 1.3}, {""feature"": ""late_payment_rate_180d"", ""label"": ""Paying late"", ""impact_pp"": 1.1}]",Heavy support load,2026-06-30
26878,SMB,Manufacturing,Delhi,Starter,Annual,2103.0,25236.0,15.330021301819444,20.3,9,0.2222222222222222,0.0833333333333333,-0.5,17.0,2.764705882352941,0.0,1.0,0.0732,0.2623,19684.0,6619.0,0.007,"[{""feature"": ""t90_tickets"", ""label"": ""Heavy support load"", ""impact_pp"": 2.5}, {""feature"": ""seat_utilisation"", ""label"": ""Seats sitting unused"", ""impact_pp"": 0.7}, {""feature"": ""t90_avg_resolution_h"", ""label"": ""Slow ticket resolution"", ""impact_pp"": 0.7}]",Heavy support load,2026-06-30
25694,Mid-Market,Manufacturing,Madhya Pradesh,Growth,Monthly,18422.0,221064.0,6.0,37.0,36,0.3611111111111111,0.7023809523809524,-0.4509803921568627,3.0,3.6666666666666665,0.4,1.0,0.0549,0.2023,172430.0,44721.0,0.0,"[{""feature"": ""t90_tickets"", ""label"": ""Heavy support load"", ""impact_pp"": 1.0}]",Heavy support load,2026-06-30
9703,Mid-Market,Retail,Karnataka,Enterprise,Monthly,49695.0,596340.0,13.0,29.2,34,0.5392156862745098,0.4,-0.1428571428571428,5.0,4.4,0.4,1.0,0.1212,0.4036,465145.0,240683.0,0.479,"[{""feature"": ""discount_pct"", ""label"": ""Price sensitive (deep discount)"", ""impact_pp"": 8.0}, {""feature"": ""t90_tickets"", ""label"": ""Heavy support load"", ""impact_pp"": 3.4}, {""feature"": ""feature_adoption"", ""label"": ""Shallow product adoption"", ""impact_pp"": 3.3}]",Price sensitive (deep discount),2026-06-30
8874,Mid-Market,Real Estate,Kerala,Growth,Annual,23783.0,285396.0,22.49517220509302,45.9,50,0.5066666666666666,0.1904761904761904,0.0714285714285714,14.0,3.4285714285714284,0.0,1.0,0.1195,0.399,222609.0,113873.0,0.396,"[{""feature"": ""discount_pct"", ""label"": ""Price sensitive (deep discount)"", ""impact_pp"": 8.7}, {""feature"": ""t90_tickets"", ""label"": ""Heavy support load"", ""impact_pp"": 6.5}, {""feature"": ""feature_adoption"", ""label"": ""Shallow product adoption"", ""impact_pp"": 3.0}]",Price sensitive (deep discount),2026-06-30
31359,SMB,Hospitality,Karnataka,Starter,Monthly,1527.0,18324.0,7.0,7.9,6,0.1666666666666666,0.5,0.5428571428571428,6.0,3.8333333333333335,0.2,1.0,0.1026,0.3515,14293.0,6441.0,0.0,"[{""feature"": ""tenure_months"", ""label"": ""Still early in lifecycle"", ""impact_pp"": 1.7}, {""feature"": ""feature_adoption"", ""label"": ""Shallow product adoption"", ""impact_pp"": 1.5}, {""feature"": ""seat_utilisation"", ""label"": ""Seats sitting unused"", ""impact_pp"": 1.2}]",Still early in lifecycle,2026-06-30
19036,Mid-Market,Real Estate,Uttar Pradesh,Enterprise,Monthly,71415.0,856980.0,8.0,25.6,47,0.6382978723404256,0.6888888888888889,-0.3508771929824561,2.0,2.5,0.8,1.0,0.0522,0.1928,668444.0,165226.0,0.528,"[{""feature"": ""late_payment_rate_180d"", ""label"": ""Paying late"", ""impact_pp"": 1.3}, {""feature"": ""t90_avg_csat"", ""label"": ""Unhappy with support"", ""impact_pp"": 0.7}, {""feature"": ""t90_avg_resolution_h"", ""label"": ""Slow ticket resolution"", ""impact_pp"": 0.6}]",Paying late,2026-06-30
15256,SMB,Real Estate,Haryana,Starter,Annual,2995.0,35940.0,15.489958337786195,30.7,13,0.1025641025641025,0.0277777777777777,-0.1666666666666666,15.0,2.7333333333333334,0.0,1.0,0.1144,0.3849,28033.0,13833.0,0.147,"[{""feature"": ""t90_tickets"", ""label"": ""Heavy support load"", ""impact_pp"": 3.2}, {""feature"": ""seat_utilisation"", ""label"": ""Seats sitting unused"", ""impact_pp"": 1.7}, {""feature"": ""t90_avg_resolution_h"", ""label"": ""Slow ticket resolution"", ""impact_pp"": 1.7}]",Heavy support load,2026-06-30
34615,Mid-Market,Education,Karnataka,Business,Monthly,59859.0,718308.0,13.0,16.4,71,0.6995305164319249,0.3037037037037037,-0.3,5.0,3.2,0.4,1.0,0.1498,0.4776,560280.0,343064.0,0.348,"[{""feature"": ""discount_pct"", ""label"": ""Price sensitive (deep discount)"", ""impact_pp"": 6.2}, {""feature"": ""t90_avg_csat"", ""label"": ""Unhappy with support"", ""impact_pp"": 3.0}, {""feature"": ""t90_avg_resolution_h"", ""label"": ""Slow ticket resolution"", ""impact_pp"": 3.0}]",Price sensitive (deep discount),2026-06-30
32137,Mid-Market,Agritech,Karnataka,Enterprise,Monthly,50694.0,608328.0,6.0,11.0,32,0.40625,0.0555555555555555,0.0416666666666666,2.0,4.0,0.4,1.0,0.0986,0.3399,474496.0,206771.0,0.134,"[{""feature"": ""tenure_months"", ""label"": ""Still early in lifecycle"", ""impact_pp"": 4.3}, {""feature"": ""feature_adoption"", ""label"": ""Shallow product adoption"", ""impact_pp"": 3.9}, {""feature"": ""t90_tickets"", ""label"": ""Heavy support load"", ""impact_pp"": 1.7}]",Still early in lifecycle,2026-06-30
30866,SMB,IT Services,Maharashtra,Starter,Monthly,2348.0,28176.0,3.0,16.8,9,0.3333333333333333,0.1944444444444444,-0.1428571428571428,2.0,2.0,0.4,1.0,0.0839,0.2957,21977.0,8332.0,0.0,"[{""feature"": ""feature_adoption"", ""label"": ""Shallow product adoption"", ""impact_pp"": 0.8}]",Shallow product adoption,2026-06-30
16769,Mid-Market,Agritech,Gujarat,Business,Monthly,57793.0,693516.0,10.0,39.7,66,0.2474747474747474,0.1481481481481481,-0.2368421052631578,5.0,3.8,0.2,1.0,0.0941,0.3265,540942.0,226433.0,0.325,"[{""feature"": ""discount_pct"", ""label"": ""Price sensitive (deep discount)"", ""impact_pp"": 2.2}, {""feature"": ""t90_tickets"", ""label"": ""Heavy support load"", ""impact_pp"": 1.5}, {""feature"": ""t90_avg_resolution_h"", ""label"": ""Slow ticket resolution"", ""impact_pp"": 1.4}]",Price sensitive (deep discount),2026-06-30
46503,Enterprise,Agritech,Kerala,Enterprise,Monthly,145189.0,1742268.0,20.95497350553045,31.6,126,0.4285714285714285,0.7555555555555556,-0.1029411764705882,1.0,3.0,0.4,1.0,0.0733,0.2625,1358969.0,457345.0,0.952,"[{""feature"": ""discount_pct"", ""label"": ""Price sensitive (deep discount)"", ""impact_pp"": 6.0}]",Price sensitive (deep discount),2026-06-30
9694,Mid-Market,Healthcare,Madhya Pradesh,Business,Monthly,45101.0,541212.0,12.0,8.5,52,0.6923076923076923,0.4888888888888889,-0.131578947368421,7.0,4.0,0.4,1.0,0.0877,0.3073,422145.0,166314.0,0.436,"[{""feature"": ""discount_pct"", ""label"": ""Price sensitive (deep discount)"", ""impact_pp"": 5.5}, {""feature"": ""t90_tickets"", ""label"": ""Heavy support load"", ""impact_pp"": 2.6}, {""feature"": ""tenure_months"", ""label"": ""Still early in lifecycle"", ""impact_pp"": 2.3}]",Price sensitive (deep discount),2026-06-30
8339,Mid-Market,Financial Services,Uttar Pradesh,Business,Monthly,26320.0,315840.0,21.0,38.1,33,0.8282828282828283,0.6296296296296297,-0.2592592592592592,0.0,4.0,0.4,1.0,0.0912,0.3177,246355.0,100342.0,1.0,"[{""feature"": ""discount_pct"", ""label"": ""Price sensitive (deep discount)"", ""impact_pp"": 7.4}, {""feature"": ""late_payment_rate_180d"", ""label"": ""Paying late"", ""impact_pp"": 0.6}]",Price sensitive (deep discount),2026-06-30
32021,SMB,Real Estate,Madhya Pradesh,Starter,Annual,1365.0,16380.0,1.0,10.8,5,0.2,0.1666666666666666,-0.3,6.0,3.1666666666666665,0.0,1.0,0.0897,0.3133,12776.0,5132.0,0.0,"[{""feature"": ""t90_tickets"", ""label"": ""Heavy support load"", ""impact_pp"": 3.2}, {""feature"": ""login_trend_pct"", ""label"": ""Usage trending down"", ""impact_pp"": 2.7}, {""feature"": ""tenure_months"", ""label"": ""Still early in lifecycle"", ""impact_pp"": 2.4}]",Heavy support load,2026-06-30
16036,Mid-Market,IT Services,Gujarat,Business,Monthly,26440.0,317280.0,4.0,19.1,27,0.3209876543209876,0.437037037037037,-0.3823529411764705,2.0,3.0,0.4,1.0,0.0726,0.2604,247478.0,82620.0,0.164,"[{""feature"": ""feature_adoption"", ""label"": ""Shallow product adoption"", ""impact_pp"": 1.9}, {""feature"": ""login_trend_pct"", ""label"": ""Usage trending down"", ""impact_pp"": 1.4}, {""feature"": ""seat_utilisation"", ""label"": ""Seats sitting unused"", ""impact_pp"": 0.8}]",Shallow product adoption,2026-06-30
24838,SMB,Hospitality,Rajasthan,Starter,Monthly,1751.0,21012.0,8.0,21.3,7,0.2857142857142857,0.2777777777777778,0.1052631578947368,4.0,3.25,0.2,1.0,0.1439,0.4628,16389.0,9724.0,0.182,"[{""feature"": ""t90_tickets"", ""label"": ""Heavy support load"", ""impact_pp"": 3.1}, {""feature"": ""seat_utilisation"", ""label"": ""Seats sitting unused"", ""impact_pp"": 2.2}, {""feature"": ""feature_adoption"", ""label"": ""Shallow product adoption"", ""impact_pp"": 2.2}]",Heavy support load,2026-06-30
45606,Mid-Market,IT Services,Haryana,Business,Monthly,30648.0,367776.0,13.0,24.4,35,0.5904761904761905,0.4444444444444444,-0.144927536231884,3.0,3.333333333333333,0.4,1.0,0.0674,0.2437,286865.0,89627.0,0.515,"[{""feature"": ""discount_pct"", ""label"": ""Price sensitive (deep discount)"", ""impact_pp"": 4.3}, {""feature"": ""feature_adoption"", ""label"": ""Shallow product adoption"", ""impact_pp"": 3.0}, {""feature"": ""t90_tickets"", ""label"": ""Heavy support load"", ""impact_pp"": 0.8}]",Price sensitive (deep discount),2026-06-30
42382,Mid-Market,IT Services,Tamil Nadu,Business,Monthly,56897.0,682764.0,6.0,6.8,62,0.575268817204301,0.2740740740740741,-0.0869565217391304,3.0,4.0,0.8,1.0,0.1171,0.3923,532556.0,267848.0,0.266,"[{""feature"": ""tenure_months"", ""label"": ""Still early in lifecycle"", ""impact_pp"": 3.8}, {""feature"": ""late_payment_rate_180d"", ""label"": ""Paying late"", ""impact_pp"": 2.1}, {""feature"": ""feature_adoption"", ""label"": ""Shallow product adoption"", ""impact_pp"": 1.6}]",Still early in lifecycle,2026-06-30
18605,SMB,Real Estate,Haryana,Business,Monthly,13425.0,161100.0,9.0,8.8,14,0.3095238095238095,0.2666666666666666,0.4444444444444444,0.0,4.0,0.4,1.0,0.0506,0.1874,125658.0,30190.0,0.28,"[{""feature"": ""tenure_months"", ""label"": ""Still early in lifecycle"", ""impact_pp"": 2.5}, {""feature"": ""discount_pct"", ""label"": ""Price sensitive (deep discount)"", ""impact_pp"": 1.6}, {""feature"": ""feature_adoption"", ""label"": ""Shallow product adoption"", ""impact_pp"": 1.3}]",Still early in lifecycle,2026-06-30
43194,SMB,Agritech,Rajasthan,Growth,Monthly,1481.0,17772.0,19.0,33.6,3,0.6666666666666666,0.511904761904762,0.9047619047619048,4.0,3.75,0.2,1.0,0.1265,0.4178,13862.0,7425.0,0.571,"[{""feature"": ""discount_pct"", ""label"": ""Price sensitive (deep discount)"", ""impact_pp"": 7.7}, {""feature"": ""t90_tickets"", ""label"": ""Heavy support load"", ""impact_pp"": 3.9}, {""feature"": ""t90_avg_csat"", ""label"": ""Unhappy with support"", ""impact_pp"": 1.2}]",Price sensitive (deep discount),2026-06-30
35343,SMB,Manufacturing,Kerala,Growth,Monthly,4639.0,55668.0,1.0,29.9,8,0.875,0.5238095238095238,0.1785714285714285,9.0,3.888888888888889,0.4,1.0,0.0782,0.278,43421.0,15476.0,0.0,"[{""feature"": ""t90_tickets"", ""label"": ""Heavy support load"", ""impact_pp"": 6.6}, {""feature"": ""feature_adoption"", ""label"": ""Shallow product adoption"", ""impact_pp"": 2.6}]",Heavy support load,2026-06-30
41709,Mid-Market,IT Services,Telangana,Business,Monthly,59497.0,713964.0,6.0,30.2,65,0.4769230769230769,0.1703703703703703,-0.2352941176470588,4.0,4.0,0.4,1.0,0.0724,0.2596,556892.0,185345.0,0.254,"[{""feature"": ""t90_tickets"", ""label"": ""Heavy support load"", ""impact_pp"": 1.0}, {""feature"": ""login_trend_pct"", ""label"": ""Usage trending down"", ""impact_pp"": 0.5}, {""feature"": ""late_payment_rate_180d"", ""label"": ""Paying late"", ""impact_pp"": 0.5}]",Heavy support load,2026-06-30
19794,SMB,Logistics,Maharashtra,Growth,Monthly,6690.0,80280.0,14.268638890747802,12.2,14,0.4285714285714285,0.2619047619047619,-0.0196078431372549,2.0,3.0,0.2,1.0,0.0599,0.2189,62618.0,17573.0,0.515,"[{""feature"": ""discount_pct"", ""label"": ""Price sensitive (deep discount)"", ""impact_pp"": 3.1}, {""feature"": ""tenure_months"", ""label"": ""Still early in lifecycle"", ""impact_pp"": 2.4}]",Price sensitive (deep discount),2026-06-30
38252,Mid-Market,Manufacturing,West Bengal,Business,Annual,19055.0,228660.0,8.0,30.9,20,0.2333333333333333,0.1555555555555555,0.0833333333333333,12.0,3.1666666666666665,0.0,1.0,0.0554,0.2037,178355.0,46578.0,0.0,"[{""feature"": ""t90_tickets"", ""label"": ""Heavy support load"", ""impact_pp"": 3.4}, {""feature"": ""t90_avg_csat"", ""label"": ""Unhappy with support"", ""impact_pp"": 1.2}]",Heavy support load,2026-06-30
42484,SMB,Financial Services,Delhi,Starter,Monthly,1610.0,19320.0,2.0,8.7,6,0.3333333333333333,0.3888888888888889,-0.375,6.0,3.333333333333333,0.0,1.0,0.0649,0.2355,15070.0,4550.0,0.0,"[{""feature"": ""tenure_months"", ""label"": ""Still early in lifecycle"", ""impact_pp"": 1.4}, {""feature"": ""seat_utilisation"", ""label"": ""Seats sitting unused"", ""impact_pp"": 1.1}, {""feature"": ""t90_tickets"", ""label"": ""Heavy support load"", ""impact_pp"": 1.1}]",Still early in lifecycle,2026-06-30
33871,Enterprise,Manufacturing,Madhya Pradesh,Enterprise,Annual,241420.0,2897040.0,12.0,46.1,179,0.1378026070763501,0.2444444444444444,-0.3333333333333333,17.0,3.294117647058824,0.0,1.0,0.0876,0.3069,2259691.0,889102.0,0.15,"[{""feature"": ""t90_tickets"", ""label"": ""Heavy support load"", ""impact_pp"": 4.0}, {""feature"": ""seat_utilisation"", ""label"": ""Seats sitting unused"", ""impact_pp"": 1.8}, {""feature"": ""discount_pct"", ""label"": ""Price sensitive (deep discount)"", ""impact_pp"": 1.4}]",Heavy support load,2026-06-30
36206,SMB,Healthcare,West Bengal,Starter,Annual,2227.0,26724.0,8.0,22.8,9,0.3333333333333333,0.4166666666666667,-0.1578947368421052,7.0,3.857142857142857,0.0,1.0,0.1186,0.3965,20845.0,10596.0,0.0,"[{""feature"": ""t90_tickets"", ""label"": ""Heavy support load"", ""impact_pp"": 6.1}, {""feature"": ""seat_utilisation"", ""label"": ""Seats sitting unused"", ""impact_pp"": 1.0}, {""feature"": ""feature_adoption"", ""label"": ""Shallow product adoption"", ""impact_pp"": 1.0}]",Heavy support load,2026-06-30
39899,SMB,Logistics,Karnataka,Starter,Annual,1478.0,17736.0,10.0,10.2,6,0.3888888888888889,0.5,-0.1538461538461538,4.0,3.5,0.0,1.0,0.0999,0.3437,13834.0,6096.0,0.143,"[{""feature"": ""t90_tickets"", ""label"": ""Heavy support load"", ""impact_pp"": 3.9}, {""feature"": ""login_trend_pct"", ""label"": ""Usage trending down"", ""impact_pp"": 2.6}, {""feature"": ""tenure_months"", ""label"": ""Still early in lifecycle"", ""impact_pp"": 2.2}]",Heavy support load,2026-06-30
9399,SMB,Healthcare,Haryana,Starter,Monthly,1310.0,15720.0,5.0,21.9,5,0.5333333333333333,0.6944444444444445,-0.2676056338028169,7.0,3.2857142857142856,0.2,1.0,0.0756,0.2698,12262.0,4241.0,0.0,"[{""feature"": ""t90_tickets"", ""label"": ""Heavy support load"", ""impact_pp"": 3.3}, {""feature"": ""feature_adoption"", ""label"": ""Shallow product adoption"", ""impact_pp"": 1.6}, {""feature"": ""t90_avg_csat"", ""label"": ""Unhappy with support"", ""impact_pp"": 1.2}]",Heavy support load,2026-06-30
33776,SMB,IT Services,Tamil Nadu,Starter,Monthly,2348.0,28176.0,3.0,19.3,9,0.4074074074074074,0.3055555555555555,-0.4444444444444444,3.0,4.333333333333333,0.8,1.0,0.1077,0.3662,21977.0,10318.0,0.439,"[{""feature"": ""late_payment_rate_180d"", ""label"": ""Paying late"", ""impact_pp"": 2.5}, {""feature"": ""t90_tickets"", ""label"": ""Heavy support load"", ""impact_pp"": 1.6}, {""feature"": ""tenure_months"", ""label"": ""Still early in lifecycle"", ""impact_pp"": 0.8}]",Paying late,2026-06-30
31158,SMB,Logistics,West Bengal,Starter,Monthly,2902.0,34824.0,1.0,1.6,11,0.5454545454545454,0.5,0.0,1.0,4.0,0.0,1.0,0.0578,0.212,27163.0,7383.0,0.0,"[{""feature"": ""tenure_months"", ""label"": ""Still early in lifecycle"", ""impact_pp"": 1.5}]",Still early in lifecycle,2026-06-30
5754,SMB,Real Estate,Tamil Nadu,Starter,Monthly,2141.0,25692.0,1.0,27.2,8,0.2083333333333333,0.7777777777777778,-0.303030303030303,5.0,3.2,0.0,1.0,0.0665,0.2405,20040.0,6179.0,0.0,"[{""feature"": ""t90_tickets"", ""label"": ""Heavy support load"", ""impact_pp"": 2.1}, {""feature"": ""seat_utilisation"", ""label"": ""Seats sitting unused"", ""impact_pp"": 1.9}, {""feature"": ""t90_avg_csat"", ""label"": ""Unhappy with support"", ""impact_pp"": 1.0}]",Heavy support load,2026-06-30
11883,Mid-Market,IT Services,Tamil Nadu,Business,Monthly,58642.0,703704.0,26.519465356371185,42.0,78,0.611111111111111,0.6666666666666666,-0.0727272727272727,8.0,4.0,0.2,1.0,0.0729,0.2613,548889.0,183878.0,0.382,"[{""feature"": ""t90_tickets"", ""label"": ""Heavy support load"", ""impact_pp"": 4.1}, {""feature"": ""discount_pct"", ""label"": ""Price sensitive (deep discount)"", ""impact_pp"": 2.8}, {""feature"": ""feature_adoption"", ""label"": ""Shallow product adoption"", ""impact_pp"": 0.4}]",Heavy support load,2026-06-30
36906,SMB,Agritech,Tamil Nadu,Starter,Monthly,1618.0,19416.0,15.0,16.9,7,0.619047619047619,0.5555555555555556,-0.0266666666666666,8.0,3.625,0.6,1.0,0.0697,0.251,15144.0,4873.0,0.0,"[{""feature"": ""t90_tickets"", ""label"": ""Heavy support load"", ""impact_pp"": 4.8}, {""feature"": ""feature_adoption"", ""label"": ""Shallow product adoption"", ""impact_pp"": 2.3}]",Heavy support load,2026-06-30
30372,Enterprise,Retail,Maharashtra,Enterprise,Annual,206962.0,2483544.0,12.0,23.3,152,0.2741228070175438,0.5944444444444444,0.2,8.0,3.625,0.0,1.0,0.0604,0.2206,1937164.0,547870.0,0.187,"[{""feature"": ""t90_tickets"", ""label"": ""Heavy support load"", ""impact_pp"": 3.7}, {""feature"": ""discount_pct"", ""label"": ""Price sensitive (deep discount)"", ""impact_pp"": 1.7}, {""feature"": ""t90_avg_resolution_h"", ""label"": ""Slow ticket resolution"", ""impact_pp"": 1.4}]",Heavy support load,2026-06-30
39040,Mid-Market,Logistics,West Bengal,Enterprise,Monthly,68454.0,821448.0,10.0,7.7,46,0.3188405797101449,0.7833333333333333,0.2272727272727272,4.0,3.25,0.2,1.0,0.0715,0.2569,640729.0,211030.0,0.312,"[{""feature"": ""discount_pct"", ""label"": ""Price sensitive (deep discount)"", ""impact_pp"": 3.0}, {""feature"": ""t90_tickets"", ""label"": ""Heavy support load"", ""impact_pp"": 2.4}, {""feature"": ""seat_utilisation"", ""label"": ""Seats sitting unused"", ""impact_pp"": 2.1}]",Price sensitive (deep discount),2026-06-30
47879,Enterprise,Hospitality,West Bengal,Business,Annual,62367.0,748404.0,15.0,20.0,76,0.1447368421052631,0.237037037037037,-0.625,22.0,3.272727272727273,0.0,2.0,0.0589,0.2157,583755.0,161431.0,0.232,"[{""feature"": ""t90_tickets"", ""label"": ""Heavy support load"", ""impact_pp"": 2.9}, {""feature"": ""discount_pct"", ""label"": ""Price sensitive (deep discount)"", ""impact_pp"": 1.6}, {""feature"": ""feature_adoption"", ""label"": ""Shallow product adoption"", ""impact_pp"": 1.4}]",Heavy support load,2026-06-30
35346,SMB,Hospitality,Maharashtra,Starter,Monthly,1678.0,20136.0,13.70366694633326,15.5,7,0.4285714285714285,0.5277777777777778,0.8648648648648649,6.0,4.166666666666667,0.2,1.0,0.0748,0.2671,15706.0,5378.0,0.353,"[{""feature"": ""discount_pct"", ""label"": ""Price sensitive (deep discount)"", ""impact_pp"": 4.4}, {""feature"": ""feature_adoption"", ""label"": ""Shallow product adoption"", ""impact_pp"": 3.0}, {""feature"": ""t90_tickets"", ""label"": ""Heavy support load"", ""impact_pp"": 2.3}]",Price sensitive (deep discount),2026-06-30
22605,SMB,Education,Gujarat,Starter,Monthly,1610.0,19320.0,2.0,10.1,6,0.5,0.5277777777777778,0.2682926829268293,5.0,4.0,0.2,1.0,0.0642,0.233,15070.0,4502.0,0.0,"[{""feature"": ""tenure_months"", ""label"": ""Still early in lifecycle"", ""impact_pp"": 2.8}, {""feature"": ""t90_tickets"", ""label"": ""Heavy support load"", ""impact_pp"": 1.1}, {""feature"": ""seat_utilisation"", ""label"": ""Seats sitting unused"", ""impact_pp"": 0.9}]",Still early in lifecycle,2026-06-30
18050,SMB,Hospitality,West Bengal,Growth,Monthly,1013.0,12156.0,18.0,7.4,2,0.5,0.5357142857142857,0.2195121951219512,1.0,3.0,0.4,1.0,0.1115,0.3767,9482.0,4579.0,0.505,"[{""feature"": ""discount_pct"", ""label"": ""Price sensitive (deep discount)"", ""impact_pp"": 7.1}, {""feature"": ""tenure_months"", ""label"": ""Still early in lifecycle"", ""impact_pp"": 3.8}, {""feature"": ""feature_adoption"", ""label"": ""Shallow product adoption"", ""impact_pp"": 2.7}]",Price sensitive (deep discount),2026-06-30
34879,SMB,Healthcare,Tamil Nadu,Business,Monthly,2190.0,26280.0,4.0,31.9,2,0.5,0.3185185185185185,-0.0952380952380952,6.0,3.8333333333333335,0.2,1.0,0.1151,0.3867,20498.0,10162.0,0.0,"[{""feature"": ""t90_tickets"", ""label"": ""Heavy support load"", ""impact_pp"": 4.4}, {""feature"": ""feature_adoption"", ""label"": ""Shallow product adoption"", ""impact_pp"": 3.0}, {""feature"": ""t90_avg_resolution_h"", ""label"": ""Slow ticket resolution"", ""impact_pp"": 2.1}]",Heavy support load,2026-06-30
5370,Enterprise,Manufacturing,Tamil Nadu,Enterprise,Annual,95248.0,1142976.0,24.0,33.1,78,0.3205128205128205,0.2777777777777778,0.0,4.0,3.5,0.0,1.0,0.0535,0.1973,891521.0,225509.0,0.522,"[{""feature"": ""discount_pct"", ""label"": ""Price sensitive (deep discount)"", ""impact_pp"": 3.5}, {""feature"": ""t90_tickets"", ""label"": ""Heavy support load"", ""impact_pp"": 2.2}, {""feature"": ""login_trend_pct"", ""label"": ""Usage trending down"", ""impact_pp"": 0.8}]",Price sensitive (deep discount),2026-06-30
5855,SMB,Education,Karnataka,Starter,Monthly,3265.0,39180.0,5.0,14.6,13,0.5641025641025641,0.5833333333333334,0.6052631578947368,7.0,3.857142857142857,0.4,1.0,0.0685,0.2471,30560.0,9681.0,0.0,"[{""feature"": ""tenure_months"", ""label"": ""Still early in lifecycle"", ""impact_pp"": 2.3}, {""feature"": ""feature_adoption"", ""label"": ""Shallow product adoption"", ""impact_pp"": 1.8}, {""feature"": ""t90_tickets"", ""label"": ""Heavy support load"", ""impact_pp"": 0.4}]",Still early in lifecycle,2026-06-30
1092,SMB,Education,Gujarat,Starter,Monthly,1046.0,12552.0,6.0,22.7,4,0.5,0.2777777777777778,-0.5487804878048781,3.0,4.666666666666667,0.0,1.0,0.0506,0.1875,9791.0,2354.0,0.18,"[{""feature"": ""feature_adoption"", ""label"": ""Shallow product adoption"", ""impact_pp"": 2.0}, {""feature"": ""seat_utilisation"", ""label"": ""Seats sitting unused"", ""impact_pp"": 1.4}, {""feature"": ""t90_tickets"", ""label"": ""Heavy support load"", ""impact_pp"": 1.0}]",Shallow product adoption,2026-06-30
48567,SMB,Hospitality,Gujarat,Starter,Monthly,1269.0,15228.0,8.0,26.7,5,0.6,0.5277777777777778,-0.3975903614457831,7.0,3.857142857142857,0.0,1.0,0.0599,0.2189,11878.0,3333.0,0.27,"[{""feature"": ""t90_tickets"", ""label"": ""Heavy support load"", ""impact_pp"": 2.0}, {""feature"": ""feature_adoption"", ""label"": ""Shallow product adoption"", ""impact_pp"": 1.5}, {""feature"": ""discount_pct"", ""label"": ""Price sensitive (deep discount)"", ""impact_pp"": 1.5}]",Heavy support load,2026-06-30
28453,SMB,Hospitality,Kerala,Starter,Monthly,2726.0,32712.0,7.0,13.9,11,0.4545454545454545,0.7222222222222222,-0.3170731707317073,4.0,3.0,0.6,1.0,0.0876,0.3069,25515.0,10039.0,0.245,"[{""feature"": ""tenure_months"", ""label"": ""Still early in lifecycle"", ""impact_pp"": 3.5}, {""feature"": ""t90_tickets"", ""label"": ""Heavy support load"", ""impact_pp"": 3.2}, {""feature"": ""discount_pct"", ""label"": ""Price sensitive (deep discount)"", ""impact_pp"": 1.6}]",Still early in lifecycle,2026-06-30
34201,SMB,Hospitality,Uttar Pradesh,Growth,Monthly,6417.0,77004.0,7.0,19.4,12,0.3055555555555555,0.511904761904762,0.4615384615384615,3.0,3.6666666666666665,0.4,1.0,0.0703,0.2528,60063.0,19467.0,0.587,"[{""feature"": ""p180_failed"", ""label"": ""Failed payments"", ""impact_pp"": 1.8}, {""feature"": ""feature_adoption"", ""label"": ""Shallow product adoption"", ""impact_pp"": 1.1}, {""feature"": ""seat_utilisation"", ""label"": ""Seats sitting unused"", ""impact_pp"": 0.5}]",Failed payments,2026-06-30
49323,Mid-Market,Financial Services,Tamil Nadu,Growth,Annual,32987.0,395844.0,17.0,33.2,76,0.2982456140350877,0.4166666666666666,-0.5,11.0,3.090909090909091,0.0,1.0,0.1006,0.3455,308758.0,136764.0,0.367,"[{""feature"": ""discount_pct"", ""label"": ""Price sensitive (deep discount)"", ""impact_pp"": 4.1}, {""feature"": ""t90_tickets"", ""label"": ""Heavy support load"", ""impact_pp"": 3.3}, {""feature"": ""t90_high_sev"", ""label"": ""Serious unresolved issues"", ""impact_pp"": 1.3}]",Price sensitive (deep discount),2026-06-30
38812,SMB,Manufacturing,Haryana,Starter,Monthly,2396.0,28752.0,1.0,36.3,9,0.3333333333333333,0.1111111111111111,1.1,2.0,3.5,0.6,1.0,0.0748,0.2671,22427.0,7680.0,0.606,"[{""feature"": ""p180_failed"", ""label"": ""Failed payments"", ""impact_pp"": 3.3}, {""feature"": ""feature_adoption"", ""label"": ""Shallow product adoption"", ""impact_pp"": 2.3}, {""feature"": ""late_payment_rate_180d"", ""label"": ""Paying late"", ""impact_pp"": 1.0}]",Failed payments,2026-06-30
35927,SMB,Real Estate,Rajasthan,Starter,Monthly,3162.0,37944.0,8.0,4.5,13,0.4615384615384615,0.4722222222222222,1.2,1.0,2.0,0.4,1.0,0.0549,0.2023,29596.0,7676.0,0.307,"[{""feature"": ""feature_adoption"", ""label"": ""Shallow product adoption"", ""impact_pp"": 1.2}, {""feature"": ""discount_pct"", ""label"": ""Price sensitive (deep discount)"", ""impact_pp"": 0.7}]",Shallow product adoption,2026-06-30
17095,Mid-Market,Logistics,Rajasthan,Enterprise,Monthly,59975.0,719700.0,15.380146532834516,51.0,42,0.7619047619047619,0.4444444444444445,-0.2156862745098039,4.0,3.75,0.6,1.0,0.1234,0.4095,561366.0,294717.0,0.489,"[{""feature"": ""discount_pct"", ""label"": ""Price sensitive (deep discount)"", ""impact_pp"": 9.1}, {""feature"": ""feature_adoption"", ""label"": ""Shallow product adoption"", ""impact_pp"": 3.4}, {""feature"": ""t90_avg_resolution_h"", ""label"": ""Slow ticket resolution"", ""impact_pp"": 3.1}]",Price sensitive (deep discount),2026-06-30
17819,SMB,Healthcare,Karnataka,Growth,Monthly,2339.0,28068.0,3.0,8.2,4,0.8333333333333334,0.4166666666666666,-0.032258064516129,8.0,4.875,0.2,1.0,0.0591,0.2163,21893.0,6071.0,0.0,"[{""feature"": ""t90_tickets"", ""label"": ""Heavy support load"", ""impact_pp"": 3.5}, {""feature"": ""feature_adoption"", ""label"": ""Shallow product adoption"", ""impact_pp"": 1.0}]",Heavy support load,2026-06-30
17555,Mid-Market,Agritech,Maharashtra,Growth,Monthly,17564.0,210768.0,34.05234814351047,42.1,48,0.8055555555555555,0.75,-0.0396039603960396,0.0,4.0,0.6,1.0,0.0762,0.2718,164399.0,57287.0,0.97,"[{""feature"": ""discount_pct"", ""label"": ""Price sensitive (deep discount)"", ""impact_pp"": 7.4}, {""feature"": ""late_payment_rate_180d"", ""label"": ""Paying late"", ""impact_pp"": 1.0}]",Price sensitive (deep discount),2026-06-30
42060,Mid-Market,Hospitality,Tamil Nadu,Business,Monthly,64393.0,772716.0,10.0,14.7,74,0.3918918918918919,0.3185185185185185,-0.0952380952380952,3.0,4.0,0.0,1.0,0.0859,0.3017,602718.0,233128.0,0.105,"[{""feature"": ""seat_utilisation"", ""label"": ""Seats sitting unused"", ""impact_pp"": 1.4}, {""feature"": ""feature_adoption"", ""label"": ""Shallow product adoption"", ""impact_pp"": 1.1}, {""feature"": ""tenure_months"", ""label"": ""Still early in lifecycle"", ""impact_pp"": 1.0}]",Seats sitting unused,2026-06-30
6786,Mid-Market,Healthcare,Delhi,Business,Monthly,36689.0,440268.0,6.0,34.9,39,0.4700854700854701,0.2296296296296296,-0.25,3.0,3.333333333333333,0.6,1.0,0.057,0.2093,343409.0,92148.0,1.0,"[{""feature"": ""late_payment_rate_180d"", ""label"": ""Paying late"", ""impact_pp"": 1.4}]",Paying late,2026-06-30
43165,Mid-Market,Hospitality,Maharashtra,Growth,Monthly,24803.0,297636.0,9.0,37.8,51,0.6797385620915032,0.3452380952380952,0.6666666666666666,4.0,4.25,0.6,1.0,0.0553,0.2036,232156.0,60599.0,0.491,"[{""feature"": ""discount_pct"", ""label"": ""Price sensitive (deep discount)"", ""impact_pp"": 2.6}, {""feature"": ""t90_tickets"", ""label"": ""Heavy support load"", ""impact_pp"": 1.4}, {""feature"": ""feature_adoption"", ""label"": ""Shallow product adoption"", ""impact_pp"": 1.4}]",Price sensitive (deep discount),2026-06-30
35439,SMB,Healthcare,Telangana,Growth,Monthly,2740.0,32880.0,23.0,13.9,6,0.5555555555555556,0.3214285714285714,0.0350877192982456,1.0,4.0,0.2,1.0,0.0822,0.2905,25646.0,9552.0,0.621,"[{""feature"": ""discount_pct"", ""label"": ""Price sensitive (deep discount)"", ""impact_pp"": 6.6}, {""feature"": ""feature_adoption"", ""label"": ""Shallow product adoption"", ""impact_pp"": 3.6}, {""feature"": ""tenure_months"", ""label"": ""Still early in lifecycle"", ""impact_pp"": 0.4}]",Price sensitive (deep discount),2026-06-30
47297,Enterprise,Real Estate,Maharashtra,Enterprise,Annual,106528.0,1278336.0,15.0,20.0,78,0.1282051282051282,0.0444444444444444,-0.7142857142857143,19.0,3.1052631578947367,0.0,2.0,0.0744,0.266,997102.0,340037.0,0.113,"[{""feature"": ""t90_tickets"", ""label"": ""Heavy support load"", ""impact_pp"": 2.3}, {""feature"": ""feature_adoption"", ""label"": ""Shallow product adoption"", ""impact_pp"": 1.4}, {""feature"": ""seat_utilisation"", ""label"": ""Seats sitting unused"", ""impact_pp"": 0.6}]",Heavy support load,2026-06-30
27750,SMB,Financial Services,Delhi,Starter,Annual,2299.0,27588.0,5.0,9.1,9,0.1111111111111111,0.1666666666666666,-0.45,5.0,3.2,0.0,1.0,0.0576,0.2113,21519.0,5829.0,0.0,"[{""feature"": ""feature_adoption"", ""label"": ""Shallow product adoption"", ""impact_pp"": 2.2}, {""feature"": ""t90_tickets"", ""label"": ""Heavy support load"", ""impact_pp"": 2.1}, {""feature"": ""seat_utilisation"", ""label"": ""Seats sitting unused"", ""impact_pp"": 1.0}]",Shallow product adoption,2026-06-30
1806,Mid-Market,Education,Gujarat,Business,Monthly,59603.0,715236.0,11.0,19.0,69,0.3816425120772946,0.237037037037037,0.7058823529411765,4.0,4.0,0.0,1.0,0.0562,0.2067,557884.0,147839.0,0.933,"[{""feature"": ""discount_pct"", ""label"": ""Price sensitive (deep discount)"", ""impact_pp"": 2.2}]",Price sensitive (deep discount),2026-06-30
22475,SMB,IT Services,Maharashtra,Growth,Annual,5683.0,68196.0,2.0,45.0,10,0.4,0.3333333333333333,-0.25,7.0,3.142857142857143,0.0,1.0,0.0796,0.2823,53193.0,19252.0,0.0,"[{""feature"": ""t90_tickets"", ""label"": ""Heavy support load"", ""impact_pp"": 2.4}, {""feature"": ""t90_avg_csat"", ""label"": ""Unhappy with support"", ""impact_pp"": 1.8}]",Heavy support load,2026-06-30
2920,Mid-Market,Logistics,Delhi,Business,Monthly,48841.0,586092.0,25.3109419373684,3.8,65,0.5076923076923077,0.7925925925925925,3.0,1.0,3.0,0.0,1.0,0.0529,0.1953,457152.0,114464.0,0.763,"[{""feature"": ""discount_pct"", ""label"": ""Price sensitive (deep discount)"", ""impact_pp"": 4.7}, {""feature"": ""tenure_months"", ""label"": ""Still early in lifecycle"", ""impact_pp"": 1.4}]",Price sensitive (deep discount),2026-06-30
13539,Mid-Market,Hospitality,Delhi,Enterprise,Monthly,82783.0,993396.0,14.0,7.5,59,0.3502824858757062,0.35,-0.1428571428571428,1.0,4.0,0.2,1.0,0.0832,0.2936,774849.0,291661.0,0.637,"[{""feature"": ""discount_pct"", ""label"": ""Price sensitive (deep discount)"", ""impact_pp"": 3.8}, {""feature"": ""tenure_months"", ""label"": ""Still early in lifecycle"", ""impact_pp"": 1.5}, {""feature"": ""seat_utilisation"", ""label"": ""Seats sitting unused"", ""impact_pp"": 0.7}]",Price sensitive (deep discount),2026-06-30
41897,Mid-Market,Hospitality,Karnataka,Business,Annual,55982.0,671784.0,19.08235678317316,9.6,67,0.1990049751243781,0.6148148148148148,-0.2903225806451613,6.0,3.6666666666666665,0.0,1.0,0.1218,0.4052,523992.0,272207.0,0.364,"[{""feature"": ""discount_pct"", ""label"": ""Price sensitive (deep discount)"", ""impact_pp"": 8.9}, {""feature"": ""tenure_months"", ""label"": ""Still early in lifecycle"", ""impact_pp"": 5.8}, {""feature"": ""t90_tickets"", ""label"": ""Heavy support load"", ""impact_pp"": 5.7}]",Price sensitive (deep discount),2026-06-30
38373,SMB,Healthcare,Tamil Nadu,Growth,Monthly,4311.0,51732.0,8.0,7.2,8,0.4166666666666667,0.2738095238095238,0.1785714285714285,4.0,4.0,0.2,1.0,0.0724,0.2596,40351.0,13430.0,0.207,"[{""feature"": ""tenure_months"", ""label"": ""Still early in lifecycle"", ""impact_pp"": 3.4}, {""feature"": ""discount_pct"", ""label"": ""Price sensitive (deep discount)"", ""impact_pp"": 1.5}, {""feature"": ""t90_tickets"", ""label"": ""Heavy support load"", ""impact_pp"": 0.7}]",Still early in lifecycle,2026-06-30
30382,SMB,Agritech,Karnataka,Business,Annual,9391.0,112692.0,3.0,23.0,9,0.2222222222222222,0.1703703703703703,-0.5714285714285714,6.0,3.8333333333333335,0.0,1.0,0.1037,0.3546,87900.0,39961.0,0.0,"[{""feature"": ""t90_tickets"", ""label"": ""Heavy support load"", ""impact_pp"": 5.0}, {""feature"": ""feature_adoption"", ""label"": ""Shallow product adoption"", ""impact_pp"": 2.0}, {""feature"": ""seat_utilisation"", ""label"": ""Seats sitting unused"", ""impact_pp"": 1.9}]",Heavy support load,2026-06-30
5398,Mid-Market,Manufacturing,Madhya Pradesh,Growth,Monthly,36277.0,435324.0,12.0,10.5,79,0.3881856540084388,0.3095238095238095,-0.0972222222222222,6.0,4.166666666666667,0.2,1.0,0.1078,0.3663,339553.0,159459.0,0.439,"[{""feature"": ""discount_pct"", ""label"": ""Price sensitive (deep discount)"", ""impact_pp"": 7.7}, {""feature"": ""tenure_months"", ""label"": ""Still early in lifecycle"", ""impact_pp"": 3.8}, {""feature"": ""feature_adoption"", ""label"": ""Shallow product adoption"", ""impact_pp"": 1.9}]",Price sensitive (deep discount),2026-06-30
10780,SMB,Hospitality,Delhi,Growth,Monthly,4042.0,48504.0,2.0,11.7,7,0.7619047619047619,0.7380952380952381,0.0549450549450549,11.0,3.5454545454545454,0.2,1.0,0.1391,0.4506,37833.0,21856.0,0.0,"[{""feature"": ""t90_tickets"", ""label"": ""Heavy support load"", ""impact_pp"": 11.8}, {""feature"": ""feature_adoption"", ""label"": ""Shallow product adoption"", ""impact_pp"": 2.8}, {""feature"": ""t90_avg_csat"", ""label"": ""Unhappy with support"", ""impact_pp"": 1.1}]",Heavy support load,2026-06-30
15628,Mid-Market,Financial Services,Tamil Nadu,Business,Annual,50010.0,600120.0,12.0,24.7,58,0.1264367816091954,0.1111111111111111,0.0909090909090909,11.0,3.363636363636364,0.0,1.0,0.0672,0.2428,468094.0,145709.0,0.0,"[{""feature"": ""t90_tickets"", ""label"": ""Heavy support load"", ""impact_pp"": 2.4}, {""feature"": ""seat_utilisation"", ""label"": ""Seats sitting unused"", ""impact_pp"": 0.5}]",Heavy support load,2026-06-30
24845,SMB,Manufacturing,Telangana,Starter,Monthly,1427.0,17124.0,34.0,15.8,8,0.625,0.638888888888889,-0.2096774193548387,2.0,4.0,0.8,1.0,0.121,0.403,13357.0,6901.0,0.825,"[{""feature"": ""discount_pct"", ""label"": ""Price sensitive (deep discount)"", ""impact_pp"": 10.2}, {""feature"": ""feature_adoption"", ""label"": ""Shallow product adoption"", ""impact_pp"": 2.2}]",Price sensitive (deep discount),2026-06-30
15368,SMB,IT Services,Kerala,Starter,Monthly,645.0,7740.0,32.996720738763685,10.8,3,0.6666666666666666,0.5555555555555556,0.1951219512195122,0.0,4.0,0.2,1.0,0.0729,0.2613,6037.0,2022.0,0.63,"[{""feature"": ""discount_pct"", ""label"": ""Price sensitive (deep discount)"", ""impact_pp"": 5.9}, {""feature"": ""feature_adoption"", ""label"": ""Shallow product adoption"", ""impact_pp"": 1.9}, {""feature"": ""tenure_months"", ""label"": ""Still early in lifecycle"", ""impact_pp"": 1.0}]",Price sensitive (deep discount),2026-06-30
20082,Mid-Market,IT Services,Gujarat,Business,Monthly,65108.0,781296.0,9.0,11.2,74,0.7837837837837838,0.2444444444444444,0.6666666666666666,1.0,4.0,0.6,1.0,0.0695,0.2504,609411.0,195637.0,0.522,"[{""feature"": ""late_payment_rate_180d"", ""label"": ""Paying late"", ""impact_pp"": 2.6}, {""feature"": ""feature_adoption"", ""label"": ""Shallow product adoption"", ""impact_pp"": 1.6}, {""feature"": ""tenure_months"", ""label"": ""Still early in lifecycle"", ""impact_pp"": 1.6}]",Paying late,2026-06-30
15612,SMB,Logistics,Karnataka,Starter,Monthly,3224.0,38688.0,19.16688759705788,25.6,14,0.3095238095238095,0.0833333333333333,-0.3382352941176471,3.0,3.333333333333333,0.0,1.0,0.0808,0.2861,30177.0,11069.0,0.966,"[{""feature"": ""discount_pct"", ""label"": ""Price sensitive (deep discount)"", ""impact_pp"": 5.3}]",Price sensitive (deep discount),2026-06-30
43556,SMB,Hospitality,Rajasthan,Starter,Monthly,2726.0,32712.0,7.0,19.3,11,0.2424242424242424,0.611111111111111,0.7058823529411765,7.0,3.571428571428572,0.2,1.0,0.105,0.3584,25515.0,11724.0,0.086,"[{""feature"": ""t90_high_sev"", ""label"": ""Serious unresolved issues"", ""impact_pp"": 1.2}, {""feature"": ""t90_tickets"", ""label"": ""Heavy support load"", ""impact_pp"": 1.2}, {""feature"": ""t90_avg_csat"", ""label"": ""Unhappy with support"", ""impact_pp"": 1.1}]",Serious unresolved issues,2026-06-30
17929,Mid-Market,Agritech,Uttar Pradesh,Enterprise,Monthly,120313.0,1443756.0,4.0,8.0,78,0.1111111111111111,0.35,-0.2068965517241379,6.0,3.1666666666666665,0.0,1.0,0.0738,0.2641,1126130.0,381296.0,0.0,"[{""feature"": ""tenure_months"", ""label"": ""Still early in lifecycle"", ""impact_pp"": 2.7}, {""feature"": ""t90_tickets"", ""label"": ""Heavy support load"", ""impact_pp"": 2.3}, {""feature"": ""seat_utilisation"", ""label"": ""Seats sitting unused"", ""impact_pp"": 1.9}]",Still early in lifecycle,2026-06-30
38728,SMB,Healthcare,Karnataka,Starter,Annual,2993.0,35916.0,6.0,37.7,12,0.1388888888888889,0.25,-0.3571428571428571,7.0,2.857142857142857,1.0,1.0,0.055,0.2023,28014.0,7266.0,0.0,"[{""feature"": ""t90_tickets"", ""label"": ""Heavy support load"", ""impact_pp"": 2.2}, {""feature"": ""t90_avg_csat"", ""label"": ""Unhappy with support"", ""impact_pp"": 0.8}, {""feature"": ""feature_adoption"", ""label"": ""Shallow product adoption"", ""impact_pp"": 0.4}]",Heavy support load,2026-06-30
34534,SMB,Retail,Uttar Pradesh,Starter,Monthly,1440.0,17280.0,22.16716287496932,6.0,6,0.6666666666666666,0.9166666666666666,-0.0583941605839416,5.0,4.0,0.6,1.0,0.0512,0.1897,13478.0,3278.0,0.655,"[{""feature"": ""discount_pct"", ""label"": ""Price sensitive (deep discount)"", ""impact_pp"": 1.8}, {""feature"": ""tenure_months"", ""label"": ""Still early in lifecycle"", ""impact_pp"": 0.9}]",Price sensitive (deep discount),2026-06-30
15962,SMB,Education,Maharashtra,Starter,Monthly,3504.0,42048.0,5.0,3.5,14,0.8095238095238095,0.4166666666666667,3.0,9.0,4.444444444444445,0.25,1.0,0.079,0.2804,32797.0,11790.0,0.0,"[{""feature"": ""t90_tickets"", ""label"": ""Heavy support load"", ""impact_pp"": 5.5}, {""feature"": ""tenure_months"", ""label"": ""Still early in lifecycle"", ""impact_pp"": 2.0}, {""feature"": ""feature_adoption"", ""label"": ""Shallow product adoption"", ""impact_pp"": 1.6}]",Heavy support load,2026-06-30
45236,SMB,Logistics,Tamil Nadu,Starter,Annual,2055.0,24660.0,5.0,40.0,8,0.0416666666666666,0.25,-0.8181818181818182,12.0,3.0,1.0,2.0,0.1494,0.4764,19235.0,11748.0,0.054,"[{""feature"": ""t90_tickets"", ""label"": ""Heavy support load"", ""impact_pp"": 6.1}, {""feature"": ""feature_adoption"", ""label"": ""Shallow product adoption"", ""impact_pp"": 3.5}, {""feature"": ""seat_utilisation"", ""label"": ""Seats sitting unused"", ""impact_pp"": 3.2}]",Heavy support load,2026-06-30
15642,SMB,Retail,Delhi,Growth,Annual,3309.0,39708.0,7.0,33.2,6,0.1666666666666666,0.5714285714285714,-0.4117647058823529,9.0,3.333333333333333,0.0,1.0,0.0655,0.2373,30972.0,9423.0,0.081,"[{""feature"": ""t90_tickets"", ""label"": ""Heavy support load"", ""impact_pp"": 3.9}, {""feature"": ""seat_utilisation"", ""label"": ""Seats sitting unused"", ""impact_pp"": 0.8}, {""feature"": ""discount_pct"", ""label"": ""Price sensitive (deep discount)"", ""impact_pp"": 0.4}]",Heavy support load,2026-06-30
22756,SMB,Manufacturing,Maharashtra,Starter,Monthly,692.0,8304.0,18.0,22.8,3,0.6666666666666666,0.5833333333333334,-0.3305084745762712,0.0,4.0,0.8,1.0,0.0526,0.1942,6477.0,1613.0,0.499,"[{""feature"": ""discount_pct"", ""label"": ""Price sensitive (deep discount)"", ""impact_pp"": 2.8}, {""feature"": ""feature_adoption"", ""label"": ""Shallow product adoption"", ""impact_pp"": 2.5}, {""feature"": ""login_trend_pct"", ""label"": ""Usage trending down"", ""impact_pp"": 0.4}]",Price sensitive (deep discount),2026-06-30
19926,SMB,Real Estate,Telangana,Business,Annual,5240.0,62880.0,5.0,30.2,5,0.0666666666666666,0.1925925925925926,-0.6666666666666666,12.0,3.1666666666666665,0.0,1.0,0.0894,0.3125,49046.0,19650.0,0.0,"[{""feature"": ""t90_tickets"", ""label"": ""Heavy support load"", ""impact_pp"": 3.6}, {""feature"": ""seat_utilisation"", ""label"": ""Seats sitting unused"", ""impact_pp"": 1.4}, {""feature"": ""t90_avg_resolution_h"", ""label"": ""Slow ticket resolution"", ""impact_pp"": 0.9}]",Heavy support load,2026-06-30
17432,Mid-Market,Real Estate,Gujarat,Business,Monthly,21919.0,263028.0,11.0,8.4,24,0.75,0.4962962962962963,-0.6176470588235294,2.0,3.0,0.2,1.0,0.1011,0.3472,205162.0,91323.0,0.454,"[{""feature"": ""discount_pct"", ""label"": ""Price sensitive (deep discount)"", ""impact_pp"": 4.6}, {""feature"": ""feature_adoption"", ""label"": ""Shallow product adoption"", ""impact_pp"": 2.7}, {""feature"": ""tenure_months"", ""label"": ""Still early in lifecycle"", ""impact_pp"": 1.6}]",Price sensitive (deep discount),2026-06-30
41106,Mid-Market,IT Services,Karnataka,Business,Monthly,63622.0,763464.0,5.0,3.5,69,0.3188405797101449,0.4962962962962963,2.0,4.0,4.0,1.0,1.0,0.1287,0.4237,595502.0,323480.0,0.175,"[{""feature"": ""tenure_months"", ""label"": ""Still early in lifecycle"", ""impact_pp"": 5.1}, {""feature"": ""late_payment_rate_180d"", ""label"": ""Paying late"", ""impact_pp"": 1.6}, {""feature"": ""feature_adoption"", ""label"": ""Shallow product adoption"", ""impact_pp"": 1.4}]",Still early in lifecycle,2026-06-30
5009,SMB,Financial Services,Delhi,Starter,Monthly,2011.0,24132.0,7.0,7.0,8,0.7916666666666666,0.2777777777777778,-0.1764705882352941,3.0,2.6666666666666665,0.6,1.0,0.0989,0.3408,18823.0,8224.0,0.166,"[{""feature"": ""tenure_months"", ""label"": ""Still early in lifecycle"", ""impact_pp"": 2.9}, {""feature"": ""feature_adoption"", ""label"": ""Shallow product adoption"", ""impact_pp"": 2.0}, {""feature"": ""late_payment_rate_180d"", ""label"": ""Paying late"", ""impact_pp"": 0.9}]",Still early in lifecycle,2026-06-30
40163,Mid-Market,Hospitality,Tamil Nadu,Enterprise,Monthly,69976.0,839712.0,8.0,5.5,46,0.1594202898550724,0.6222222222222222,-0.1,2.0,3.5,0.0,1.0,0.0591,0.2163,654975.0,181630.0,0.106,"[{""feature"": ""seat_utilisation"", ""label"": ""Seats sitting unused"", ""impact_pp"": 2.4}, {""feature"": ""tenure_months"", ""label"": ""Still early in lifecycle"", ""impact_pp"": 2.3}, {""feature"": ""feature_adoption"", ""label"": ""Shallow product adoption"", ""impact_pp"": 1.5}]",Seats sitting unused,2026-06-30
17774,Enterprise,Logistics,Madhya Pradesh,Enterprise,Monthly,189790.0,2277480.0,11.0,8.4,137,0.6326034063260341,0.5944444444444444,-0.2142857142857142,4.0,4.0,0.2,1.0,0.0526,0.1942,1776434.0,442287.0,0.227,"[{""feature"": ""t90_tickets"", ""label"": ""Heavy support load"", ""impact_pp"": 2.4}, {""feature"": ""tenure_months"", ""label"": ""Still early in lifecycle"", ""impact_pp"": 2.2}, {""feature"": ""discount_pct"", ""label"": ""Price sensitive (deep discount)"", ""impact_pp"": 1.7}]",Heavy support load,2026-06-30
9141,SMB,Retail,Telangana,Growth,Monthly,2243.0,26916.0,7.0,23.2,4,0.5,0.5833333333333333,-0.217391304347826,4.0,4.75,0.2,1.0,0.0837,0.2951,20994.0,7943.0,0.0,"[{""feature"": ""t90_tickets"", ""label"": ""Heavy support load"", ""impact_pp"": 1.5}]",Heavy support load,2026-06-30
2768,SMB,Real Estate,Uttar Pradesh,Business,Monthly,4274.0,51288.0,4.0,23.0,4,0.6666666666666666,0.8888888888888888,-0.1825396825396825,9.0,4.0,0.0,1.0,0.0598,0.2185,40005.0,11206.0,0.0,"[{""feature"": ""t90_tickets"", ""label"": ""Heavy support load"", ""impact_pp"": 4.1}]",Heavy support load,2026-06-30
46887,SMB,Agritech,West Bengal,Growth,Annual,2150.0,25800.0,19.599672095777336,54.2,4,0.25,0.4285714285714285,0.0,6.0,3.1666666666666665,0.0,1.0,0.0674,0.2437,20124.0,6287.0,0.519,"[{""feature"": ""discount_pct"", ""label"": ""Price sensitive (deep discount)"", ""impact_pp"": 4.7}, {""feature"": ""t90_tickets"", ""label"": ""Heavy support load"", ""impact_pp"": 3.3}, {""feature"": ""seat_utilisation"", ""label"": ""Seats sitting unused"", ""impact_pp"": 0.4}]",Price sensitive (deep discount),2026-06-30
4613,SMB,Healthcare,Rajasthan,Growth,Annual,6925.0,83100.0,7.0,47.8,13,0.2051282051282051,0.1071428571428571,-0.2142857142857142,13.0,3.3076923076923075,0.0,1.0,0.0938,0.3255,64818.0,27049.0,0.0,"[{""feature"": ""t90_tickets"", ""label"": ""Heavy support load"", ""impact_pp"": 3.8}, {""feature"": ""seat_utilisation"", ""label"": ""Seats sitting unused"", ""impact_pp"": 1.3}, {""feature"": ""feature_adoption"", ""label"": ""Shallow product adoption"", ""impact_pp"": 1.3}]",Heavy support load,2026-06-30
