customer_id,month_start,logins,active_days,seats_active,features_used,features_available,api_calls
19,2024-07-01,46,19,8,15,28,275
23,2024-07-01,25,16,8,24,28,658
48,2024-07-01,29,21,5,10,12,647
119,2024-07-01,9,12,33,17,45,1869
222,2024-07-01,28,17,2,10,12,248
334,2024-07-01,45,20,55,25,28,3918
341,2024-07-01,22,18,25,27,45,2469
356,2024-07-01,22,15,7,4,12,1447
379,2024-07-01,32,17,10,23,45,317
508,2024-07-01,3,6,40,11,60,4489
685,2024-07-01,1,2,1,2,12,27
689,2024-07-01,22,16,3,25,28,480
738,2024-07-01,33,17,105,15,45,31679
855,2024-07-01,65,22,6,27,28,1723
1001,2024-07-01,42,19,7,20,45,1274
1048,2024-07-01,56,21,37,26,28,12126
1054,2024-07-01,37,20,5,5,12,245
1061,2024-07-01,32,19,5,10,12,1251
1074,2024-07-01,16,16,6,6,12,690
1240,2024-07-01,27,18,6,26,45,1809
1314,2024-07-01,7,9,4,8,28,667
1362,2024-07-01,12,12,2,12,45,261
1385,2024-07-01,47,19,2,27,28,196
1387,2024-07-01,15,12,4,16,28,421
1974,2024-07-01,47,20,5,20,28,256
2082,2024-07-01,28,17,30,25,45,3949
2244,2024-07-01,6,8,3,7,12,173
2383,2024-07-01,17,17,7,5,12,281
2529,2024-07-01,4,6,2,3,12,499
2554,2024-07-01,23,16,62,47,60,4308
2575,2024-07-01,46,19,3,9,12,371
2608,2024-07-01,19,15,8,27,45,638
2620,2024-07-01,24,18,5,27,60,1409
2761,2024-07-01,35,17,6,6,12,2186
2768,2024-07-01,7,8,1,32,45,146
3054,2024-07-01,21,14,3,7,12,786
3171,2024-07-01,34,17,57,53,60,5203
3262,2024-07-01,32,18,40,17,28,3056
3285,2024-07-01,56,19,61,53,60,12698
3295,2024-07-01,66,22,53,21,28,1660
3421,2024-07-01,76,22,18,57,60,7830
3583,2024-07-01,50,21,2,9,12,191
3669,2024-07-01,16,13,7,16,28,707
4281,2024-07-01,33,19,12,14,28,761
4613,2024-07-01,5,7,6,10,28,960
4626,2024-07-01,6,9,23,16,45,1607
4788,2024-07-01,23,19,15,21,45,1417
4810,2024-07-01,23,14,23,29,45,2314
4819,2024-07-01,9,12,126,12,60,17944
4922,2024-07-01,6,10,3,13,28,55
4988,2024-07-01,30,18,33,27,45,5642
5023,2024-07-01,51,21,10,10,12,2457
5046,2024-07-01,12,12,20,31,45,1748
5217,2024-07-01,22,15,12,6,12,512
5370,2024-07-01,6,8,36,24,60,893
5535,2024-07-01,8,8,30,18,60,1766
5566,2024-07-01,12,15,2,6,28,257
5657,2024-07-01,31,16,1,10,12,249
5717,2024-07-01,13,12,15,30,45,279
5749,2024-07-01,26,17,3,14,28,445
5754,2024-07-01,14,16,2,10,12,111
5786,2024-07-01,52,22,3,15,28,171
5985,2024-07-01,30,18,4,8,12,938
6051,2024-07-01,12,11,7,7,12,233
6092,2024-07-01,22,13,58,34,45,5058
6096,2024-07-01,11,10,8,11,45,1440
6117,2024-07-01,23,16,84,31,45,9771
6149,2024-07-01,29,17,67,20,45,11611
6250,2024-07-01,18,11,5,6,12,767
6293,2024-07-01,27,18,54,29,45,4118
6298,2024-07-01,18,14,8,5,28,562
6487,2024-07-01,30,14,4,8,12,251
6514,2024-07-01,5,9,5,1,28,348
6545,2024-07-01,42,18,18,35,45,1285
6653,2024-07-01,15,15,8,34,45,802
6669,2024-07-01,19,15,5,11,12,468
6670,2024-07-01,19,15,29,40,60,4004
6786,2024-07-01,6,10,17,12,45,1972
6814,2024-07-01,43,18,7,6,12,1766
7058,2024-07-01,11,13,18,17,28,1316
7225,2024-07-01,31,15,23,35,45,2503
7227,2024-07-01,31,18,13,16,28,429
7342,2024-07-01,63,20,15,40,45,1039
7357,2024-07-01,37,18,12,19,28,917
7429,2024-07-01,16,13,149,7,60,31470
7430,2024-07-01,14,13,4,7,12,1095
7486,2024-07-01,4,6,3,7,12,26
7497,2024-07-01,18,13,41,22,28,5176
7526,2024-07-01,37,19,140,37,45,91001
7979,2024-07-01,18,15,98,41,60,4740
8004,2024-07-01,8,8,28,28,60,547
8013,2024-07-01,43,22,6,43,45,1187
8039,2024-07-01,3,5,2,9,28,106
8085,2024-07-01,47,20,9,24,28,1265
8107,2024-07-01,18,14,18,20,28,685
8179,2024-07-01,37,20,47,21,28,16134
8186,2024-07-01,22,16,22,10,45,1830
8339,2024-07-01,38,20,32,41,45,4885
8359,2024-07-01,25,17,72,42,60,5249
8377,2024-07-01,15,14,3,9,12,347
8392,2024-07-01,54,19,7,9,12,1219
8646,2024-07-01,0,0,1,1,12,175
8712,2024-07-01,12,12,3,11,28,152
8727,2024-07-01,17,15,10,9,28,1242
8775,2024-07-01,46,20,1,7,12,123
8844,2024-07-01,47,20,10,24,28,1909
8874,2024-07-01,13,12,35,13,28,6987
8895,2024-07-01,34,19,121,37,60,5199
8982,2024-07-01,8,9,32,21,60,2397
9083,2024-07-01,35,19,5,11,12,792
9141,2024-07-01,27,17,3,22,28,874
9272,2024-07-01,31,20,2,9,12,169
9477,2024-07-01,7,11,19,25,60,1800
9505,2024-07-01,14,13,48,25,45,17363
9557,2024-07-01,17,12,54,41,45,3724
9636,2024-07-01,39,20,21,20,28,7804
9703,2024-07-01,36,18,25,45,60,5195
9720,2024-07-01,33,19,10,11,12,4241
9768,2024-07-01,25,16,24,9,45,6712
9836,2024-07-01,12,16,34,17,45,1445
9866,2024-07-01,20,16,9,8,12,156
9913,2024-07-01,60,21,2,24,28,879
10006,2024-07-01,40,18,66,14,45,14220
10214,2024-07-01,11,14,2,7,12,200
10289,2024-07-01,2,4,7,12,45,239
10299,2024-07-01,29,19,78,43,60,11918
10316,2024-07-01,19,19,34,7,45,3610
10429,2024-07-01,31,16,57,26,45,4261
10457,2024-07-01,3,4,1,3,12,117
10490,2024-07-01,51,20,4,11,12,152
10771,2024-07-01,14,14,24,12,45,2611
10883,2024-07-01,44,21,116,48,60,23914
10941,2024-07-01,9,9,13,37,45,1354
10974,2024-07-01,20,19,21,27,45,654
11277,2024-07-01,18,16,86,34,60,5616
11496,2024-07-01,29,15,1,16,28,135
11527,2024-07-01,17,16,3,23,28,77
11877,2024-07-01,7,8,6,5,12,1223
11883,2024-07-01,42,22,50,33,45,11459
12095,2024-07-01,16,13,28,24,45,957
12103,2024-07-01,12,9,38,15,45,6452
12176,2024-07-01,11,10,34,16,45,551
12218,2024-07-01,16,15,8,5,12,1758
12276,2024-07-01,39,18,4,9,12,611
12321,2024-07-01,13,11,29,30,45,2401
12357,2024-07-01,44,18,38,42,45,2386
12358,2024-07-01,12,11,3,6,28,586
12375,2024-07-01,28,18,49,48,60,8731
12436,2024-07-01,31,18,5,26,28,1452
12587,2024-07-01,28,17,47,15,45,13130
12588,2024-07-01,13,13,7,5,12,770
12590,2024-07-01,22,17,82,38,60,6731
12617,2024-07-01,23,19,54,31,60,24988
12832,2024-07-01,4,7,6,2,12,859
12867,2024-07-01,37,20,7,18,28,3383
12923,2024-07-01,21,17,22,10,45,4663
12931,2024-07-01,7,10,6,6,28,208
12951,2024-07-01,15,11,96,52,60,33392
12990,2024-07-01,23,19,1,4,12,145
13010,2024-07-01,34,20,71,41,45,8410
13155,2024-07-01,18,15,1,10,12,164
13215,2024-07-01,28,18,8,23,28,1363
13254,2024-07-01,22,15,7,24,28,3750
13308,2024-07-01,19,14,3,9,12,334
13422,2024-07-01,19,17,91,23,60,3862
13468,2024-07-01,28,14,3,20,28,630
13552,2024-07-01,18,15,5,12,28,1374
13575,2024-07-01,6,10,7,4,60,160
13618,2024-07-01,68,21,2,24,28,486
13637,2024-07-01,43,20,10,18,28,1127
13704,2024-07-01,16,13,2,3,12,220
14020,2024-07-01,32,16,3,13,28,441
14271,2024-07-01,29,19,7,10,12,146
14289,2024-07-01,58,20,37,34,60,12318
14362,2024-07-01,12,13,3,6,12,194
14388,2024-07-01,15,14,3,4,12,339
14642,2024-07-01,13,12,1,8,45,83
14690,2024-07-01,1,2,78,17,60,18451
14732,2024-07-01,53,22,5,22,28,1336
14778,2024-07-01,13,11,7,24,45,236
14803,2024-07-01,27,17,9,4,12,1727
14970,2024-07-01,31,16,2,16,28,17
15049,2024-07-01,46,19,8,6,12,1472
15189,2024-07-01,24,16,7,10,12,1803
15256,2024-07-01,62,22,11,8,12,710
15412,2024-07-01,23,16,17,16,28,222
15472,2024-07-01,10,15,3,4,28,161
15508,2024-07-01,2,2,1,5,45,43
15612,2024-07-01,26,16,7,2,12,710
15628,2024-07-01,27,17,41,26,45,3991
15642,2024-07-01,13,10,3,25,28,402
16009,2024-07-01,32,17,40,34,45,3801
16073,2024-07-01,12,12,28,34,45,2051
16280,2024-07-01,27,15,7,24,28,1099
16353,2024-07-01,67,20,5,8,12,364
16381,2024-07-01,27,18,5,11,12,615
16405,2024-07-01,25,17,82,28,60,4525
16705,2024-07-01,13,16,3,9,12,258
16712,2024-07-01,7,9,45,28,60,3634
16769,2024-07-01,29,14,35,12,45,6623
16832,2024-07-01,15,12,2,26,28,477
17095,2024-07-01,22,19,24,25,60,2520
17368,2024-07-01,26,18,6,17,28,944
17430,2024-07-01,55,22,188,44,60,75794
17555,2024-07-01,13,14,24,18,28,175
17648,2024-07-01,21,14,6,11,12,965
17724,2024-07-01,51,22,2,21,28,322
17800,2024-07-01,37,18,24,43,45,6269
17920,2024-07-01,4,6,8,7,60,366
17974,2024-07-01,30,18,9,10,12,496
17993,2024-07-01,26,15,35,35,60,28284
17998,2024-07-01,29,16,8,11,12,1258
18013,2024-07-01,37,21,4,7,12,405
18057,2024-07-01,36,18,6,23,28,592
18088,2024-07-01,27,18,9,17,28,939
18104,2024-07-01,16,13,16,13,45,1680
18130,2024-07-01,40,21,66,11,45,8454
18211,2024-07-01,22,15,4,20,28,1007
18219,2024-07-01,50,18,25,42,45,2464
18303,2024-07-01,39,20,9,33,45,3879
18662,2024-07-01,13,14,5,4,12,878
18710,2024-07-01,23,14,5,17,28,430
18732,2024-07-01,35,16,2,9,12,823
18808,2024-07-01,14,13,4,10,12,802
18811,2024-07-01,33,18,2,21,45,179
18901,2024-07-01,26,16,21,24,28,504
18914,2024-07-01,52,21,9,4,12,334
18943,2024-07-01,18,15,5,5,12,1535
19002,2024-07-01,27,18,63,37,45,2453
19036,2024-07-01,14,12,34,45,60,844
19079,2024-07-01,43,21,40,23,28,4506
19095,2024-07-01,17,13,8,18,28,627
19198,2024-07-01,15,17,11,15,28,293
19468,2024-07-01,2,4,2,2,12,373
19729,2024-07-01,54,21,15,24,28,1587
19777,2024-07-01,19,17,4,5,12,256
19926,2024-07-01,47,17,4,36,45,233
20071,2024-07-01,25,17,6,9,12,2321
20131,2024-07-01,18,14,2,7,28,684
20162,2024-07-01,15,15,26,32,45,4073
20296,2024-07-01,14,13,9,4,12,597
20457,2024-07-01,36,18,3,24,28,328
20493,2024-07-01,55,20,6,22,28,466
20516,2024-07-01,40,20,7,22,28,2594
20595,2024-07-01,4,5,1,2,12,69
20686,2024-07-01,25,19,69,45,60,19924
20711,2024-07-01,9,9,14,39,60,221
20940,2024-07-01,22,16,5,7,12,526
20992,2024-07-01,27,18,4,10,12,402
21026,2024-07-01,61,22,5,9,12,1245
21504,2024-07-01,30,17,5,24,28,1790
21542,2024-07-01,17,12,6,7,12,866
21682,2024-07-01,5,8,18,19,45,2164
21751,2024-07-01,14,14,9,32,45,1037
22139,2024-07-01,28,19,4,7,12,609
22154,2024-07-01,25,14,6,9,12,1488
22372,2024-07-01,32,17,7,9,12,1001
22475,2024-07-01,7,10,6,12,28,518
22485,2024-07-01,26,19,21,23,28,1831
22603,2024-07-01,28,15,119,53,60,9014
22676,2024-07-01,25,17,3,17,28,86
22710,2024-07-01,39,20,2,4,12,521
22836,2024-07-01,47,21,5,22,28,1001
22915,2024-07-01,29,17,4,10,12,211
22949,2024-07-01,20,14,34,45,60,2531
22999,2024-07-01,25,15,27,35,45,2579
23169,2024-07-01,31,17,5,4,12,706
23490,2024-07-01,18,12,8,4,12,1550
23508,2024-07-01,12,14,2,19,45,313
23931,2024-07-01,23,16,53,25,28,9673
23959,2024-07-01,30,16,4,11,12,112
24199,2024-07-01,44,21,16,40,45,6306
24244,2024-07-01,35,17,13,38,45,756
24530,2024-07-01,25,14,10,8,12,1281
24630,2024-07-01,29,19,7,21,28,1064
24703,2024-07-01,26,18,3,14,28,268
24733,2024-07-01,20,16,9,18,28,467
24772,2024-07-01,25,17,4,11,12,1116
24948,2024-07-01,37,21,10,11,12,1815
25035,2024-07-01,48,19,7,11,12,2164
25145,2024-07-01,23,12,6,11,12,387
25235,2024-07-01,16,13,3,19,28,381
25256,2024-07-01,18,15,29,28,45,3332
25319,2024-07-01,50,20,2,9,12,77
25336,2024-07-01,9,11,3,2,12,864
25560,2024-07-01,5,8,1,18,28,91
25577,2024-07-01,19,15,46,48,60,3263
25666,2024-07-01,2,4,10,14,60,2146
25679,2024-07-01,18,12,45,24,45,8853
25687,2024-07-01,43,20,4,21,28,1809
25694,2024-07-01,20,17,18,25,28,3380
25919,2024-07-01,30,19,32,22,28,10397
25988,2024-07-01,35,20,4,10,12,849
26445,2024-07-01,36,19,8,17,28,1292
26507,2024-07-01,21,13,3,8,12,350
26568,2024-07-01,5,8,95,16,45,1426
26592,2024-07-01,3,4,1,8,28,156
26817,2024-07-01,33,20,55,15,28,14788
26911,2024-07-01,33,18,2,8,12,411
27133,2024-07-01,50,20,12,19,28,1034
27337,2024-07-01,68,21,26,54,60,3748
27387,2024-07-01,27,18,31,45,60,2907
27489,2024-07-01,4,7,6,30,45,427
27545,2024-07-01,45,19,4,11,12,519
27588,2024-07-01,17,12,2,8,45,40
27708,2024-07-01,63,21,101,57,60,8805
27791,2024-07-01,7,9,14,17,45,1265
28082,2024-07-01,32,17,6,12,28,959
28203,2024-07-01,27,18,10,18,28,2496
28239,2024-07-01,24,15,5,12,28,2207
28276,2024-07-01,38,20,6,25,28,794
28397,2024-07-01,54,20,62,17,45,24830
28412,2024-07-01,17,16,7,5,12,1145
28826,2024-07-01,9,10,13,8,28,1484
28909,2024-07-01,8,10,2,4,12,180
28987,2024-07-01,16,15,42,11,28,4751
29124,2024-07-01,24,16,131,43,60,15540
29155,2024-07-01,11,11,15,24,28,3417
29218,2024-07-01,50,21,6,27,28,608
29302,2024-07-01,8,10,50,12,45,730
29303,2024-07-01,27,18,65,8,28,16625
29327,2024-07-01,25,14,2,6,12,244
29331,2024-07-01,11,12,2,6,12,391
29367,2024-07-01,48,18,17,22,28,1505
29499,2024-07-01,24,16,28,24,45,3688
29667,2024-07-01,22,15,46,30,45,3154
29679,2024-07-01,20,15,6,16,28,1765
29721,2024-07-01,21,15,6,7,12,405
29769,2024-07-01,18,14,2,2,28,183
29805,2024-07-01,33,17,3,16,28,1017
29897,2024-07-01,25,18,1,14,28,142
29918,2024-07-01,11,12,5,6,12,548
29922,2024-07-01,20,15,26,38,60,2460
29926,2024-07-01,13,14,6,17,45,628
29939,2024-07-01,8,11,4,5,12,772
30229,2024-07-01,9,12,80,11,60,17386
30372,2024-07-01,5,7,39,36,60,2825
30382,2024-07-01,22,16,4,18,45,217
30593,2024-07-01,14,13,5,3,12,737
30905,2024-07-01,51,21,20,27,28,5205
31005,2024-07-01,9,11,1,5,28,63
31113,2024-07-01,25,18,8,6,28,1023
31125,2024-07-01,18,17,1,25,45,96
31179,2024-07-01,27,19,6,7,28,211
31286,2024-07-01,14,13,89,30,60,23101
31324,2024-07-01,28,15,6,16,28,1057
31331,2024-07-01,28,18,7,10,12,1302
31348,2024-07-01,31,16,2,4,12,214
31392,2024-07-01,21,16,8,4,12,1027
31468,2024-07-01,46,18,6,25,28,248
31563,2024-07-01,36,20,2,11,28,160
31595,2024-07-01,32,18,2,10,12,38
31691,2024-07-01,32,16,4,3,12,739
31726,2024-07-01,22,16,3,10,28,145
31786,2024-07-01,4,5,11,15,60,1607
31811,2024-07-01,38,21,8,11,12,221
31852,2024-07-01,41,21,41,17,28,1386
32211,2024-07-01,20,12,8,18,28,1349
32302,2024-07-01,26,18,39,14,60,2396
32521,2024-07-01,35,17,2,6,12,485
32531,2024-07-01,24,15,76,28,45,10557
32601,2024-07-01,16,11,7,18,28,912
32628,2024-07-01,34,18,1,25,28,113
32670,2024-07-01,10,10,8,19,28,916
32673,2024-07-01,9,13,3,7,12,322
32811,2024-07-01,10,11,15,18,45,194
32896,2024-07-01,43,19,124,27,60,32969
32920,2024-07-01,4,6,2,4,12,366
32935,2024-07-01,42,21,61,16,28,13388
33018,2024-07-01,37,17,1,9,12,107
33021,2024-07-01,21,14,4,19,28,320
33350,2024-07-01,35,18,3,15,28,446
33372,2024-07-01,8,11,13,9,45,1364
33383,2024-07-01,21,15,32,18,28,3361
33472,2024-07-01,26,18,48,21,45,3596
33774,2024-07-01,3,6,2,4,12,68
33778,2024-07-01,47,21,6,11,12,325
33796,2024-07-01,35,18,12,32,45,3846
33856,2024-07-01,5,8,1,15,28,71
33871,2024-07-01,0,0,27,13,60,3163
33925,2024-07-01,5,8,1,1,12,53
33931,2024-07-01,5,9,1,5,45,79
33971,2024-07-01,32,21,12,39,45,891
33975,2024-07-01,53,21,6,24,28,709
33986,2024-07-01,17,14,98,24,60,8064
34048,2024-07-01,36,19,8,7,12,1402
34261,2024-07-01,29,17,4,18,28,70
34268,2024-07-01,26,16,1,19,28,77
34482,2024-07-01,5,8,4,25,45,855
34721,2024-07-01,43,21,38,22,28,7805
34735,2024-07-01,45,19,36,34,45,4860
34795,2024-07-01,23,17,13,7,12,1566
34863,2024-07-01,11,11,4,31,45,460
34879,2024-07-01,34,20,1,25,45,80
34988,2024-07-01,5,6,5,4,12,684
35046,2024-07-01,28,17,5,8,12,691
35118,2024-07-01,5,9,3,5,12,312
35136,2024-07-01,15,15,1,8,12,32
35343,2024-07-01,7,11,4,6,28,718
35528,2024-07-01,51,21,2,9,12,130
35710,2024-07-01,31,19,3,23,28,753
35860,2024-07-01,54,21,2,25,28,338
36021,2024-07-01,40,20,2,8,12,73
36196,2024-07-01,33,19,52,36,60,2845
36197,2024-07-01,14,14,9,12,28,311
36413,2024-07-01,8,10,49,18,60,7192
36791,2024-07-01,23,16,3,18,28,836
36980,2024-07-01,6,8,25,3,28,7412
37109,2024-07-01,24,16,55,39,45,7756
37134,2024-07-01,39,19,10,10,12,4636
37179,2024-07-01,34,17,8,7,12,1233
37398,2024-07-01,10,10,8,23,28,2357
37460,2024-07-01,10,11,90,40,60,5599
37476,2024-07-01,34,20,4,24,28,1004
37500,2024-07-01,13,12,4,16,28,517
37563,2024-07-01,25,17,57,37,45,6562
37605,2024-07-01,20,14,51,17,28,6391
37672,2024-07-01,21,13,58,23,28,5365
37940,2024-07-01,54,20,9,25,28,1606
37982,2024-07-01,22,14,9,29,60,2097
38198,2024-07-01,27,19,2,5,12,191
38227,2024-07-01,25,15,3,22,28,748
38252,2024-07-01,12,12,10,20,45,80
38270,2024-07-01,21,15,12,30,45,3304
38664,2024-07-01,32,18,10,21,28,1221
38728,2024-07-01,7,11,2,4,12,180
38766,2024-07-01,35,18,77,36,45,2747
38770,2024-07-01,45,20,180,52,60,7045
38812,2024-07-01,13,12,4,2,12,311
38848,2024-07-01,15,11,70,5,60,4830
38906,2024-07-01,25,18,41,41,60,3646
39037,2024-07-01,18,12,2,6,28,106
39062,2024-07-01,16,13,6,13,28,491
39196,2024-07-01,13,14,3,10,12,305
39248,2024-07-01,13,11,57,24,28,2602
39416,2024-07-01,24,15,49,46,60,4678
39666,2024-07-01,5,6,1,10,28,125
39869,2024-07-01,24,14,6,3,12,626
40017,2024-07-01,4,5,12,9,45,189
40166,2024-07-01,16,16,1,32,45,71
40485,2024-07-01,45,20,9,10,12,2146
40757,2024-07-01,30,18,9,42,45,2783
40892,2024-07-01,10,12,19,24,45,1251
40936,2024-07-01,26,17,3,21,28,291
41180,2024-07-01,48,21,8,8,12,1533
41324,2024-07-01,10,12,4,11,28,522
41404,2024-07-01,41,20,1,8,12,145
41475,2024-07-01,26,16,37,17,28,18104
41531,2024-07-01,19,14,43,46,60,8908
41542,2024-07-01,15,13,20,11,45,2234
41554,2024-07-01,51,18,9,24,28,657
41601,2024-07-01,28,17,2,3,12,181
41660,2024-07-01,25,14,5,21,28,528
41704,2024-07-01,16,15,1,19,28,22
41709,2024-07-01,12,13,40,12,45,2629
41717,2024-07-01,38,20,3,9,12,429
41740,2024-07-01,13,13,6,11,12,131
41776,2024-07-01,38,18,3,21,28,220
41888,2024-07-01,33,21,59,21,28,6362
41956,2024-07-01,50,20,11,10,12,1718
41970,2024-07-01,36,18,12,23,45,2379
42058,2024-07-01,32,19,8,13,28,2281
42105,2024-07-01,29,17,10,10,12,340
42170,2024-07-01,41,20,9,11,12,511
42264,2024-07-01,7,11,5,20,45,364
42398,2024-07-01,13,14,88,8,60,18235
42428,2024-07-01,10,10,3,7,28,478
42446,2024-07-01,12,14,1,6,12,73
42536,2024-07-01,19,14,5,7,12,74
42620,2024-07-01,22,15,8,7,12,2265
42704,2024-07-01,29,15,16,19,28,2297
42868,2024-07-01,37,18,1,8,28,74
43041,2024-07-01,28,18,117,40,60,22865
43165,2024-07-01,15,12,32,12,28,1938
43194,2024-07-01,21,14,2,14,28,174
43202,2024-07-01,47,20,15,34,45,4081
43280,2024-07-01,41,19,39,16,28,7623
43444,2024-07-01,46,20,8,21,28,1743
43540,2024-07-01,40,20,3,8,12,187
43665,2024-07-01,13,13,2,14,28,536
43777,2024-07-01,12,12,29,9,45,3670
43882,2024-07-01,58,22,4,5,12,439
44058,2024-07-01,10,12,6,3,12,948
44458,2024-07-01,14,13,19,33,60,1457
44476,2024-07-01,30,19,8,16,28,2036
44484,2024-07-01,24,15,1,13,28,187
44577,2024-07-01,21,14,1,11,12,101
44722,2024-07-01,52,20,11,36,45,917
44851,2024-07-01,46,20,1,11,12,194
44979,2024-07-01,33,20,6,10,12,418
45231,2024-07-01,24,17,30,13,45,5340
45236,2024-07-01,38,21,5,11,12,305
45344,2024-07-01,9,11,35,20,28,4324
45395,2024-07-01,25,17,12,8,12,2262
45507,2024-07-01,14,10,3,11,28,462
45541,2024-07-01,21,15,33,11,45,1434
45556,2024-07-01,26,18,5,28,45,482
45606,2024-07-01,31,18,21,23,45,4031
45608,2024-07-01,14,15,1,4,12,88
45702,2024-07-01,11,13,2,3,12,21
45909,2024-07-01,27,18,23,11,28,5406
45983,2024-07-01,15,12,42,43,60,3047
46074,2024-07-01,18,16,32,50,60,3561
46114,2024-07-01,10,12,3,9,28,398
46227,2024-07-01,14,14,5,6,12,445
46302,2024-07-01,55,21,29,42,45,957
46452,2024-07-01,6,9,9,6,28,819
46487,2024-07-01,3,4,3,6,12,328
46503,2024-07-01,32,17,79,54,60,17286
46659,2024-07-01,7,11,2,5,12,207
46708,2024-07-01,21,12,5,10,28,1484
46731,2024-07-01,7,8,4,10,28,413
46829,2024-07-01,15,15,125,26,45,7292
46887,2024-07-01,19,13,2,20,28,260
46903,2024-07-01,21,13,9,16,45,505
46968,2024-07-01,32,17,5,25,28,602
47036,2024-07-01,15,13,7,2,12,483
47046,2024-07-01,25,18,52,16,28,3372
47280,2024-07-01,34,16,3,9,28,678
47527,2024-07-01,55,20,7,13,28,846
47666,2024-07-01,35,16,5,9,12,1359
47832,2024-07-01,10,11,44,6,28,5916
47858,2024-07-01,29,18,134,28,60,8624
47874,2024-07-01,23,16,99,33,45,24962
47889,2024-07-01,34,20,95,47,60,46107
47913,2024-07-01,12,13,6,2,12,3145
47989,2024-07-01,12,12,4,13,28,1053
48299,2024-07-01,15,12,6,4,12,1152
48337,2024-07-01,20,15,5,5,12,664
48428,2024-07-01,17,12,2,24,28,426
48538,2024-07-01,14,12,1,9,12,53
48567,2024-07-01,42,20,4,10,12,1821
48639,2024-07-01,38,21,6,17,28,692
49130,2024-07-01,39,22,5,22,28,91
49214,2024-07-01,28,15,6,10,12,508
49249,2024-07-01,39,19,67,20,45,10041
49323,2024-07-01,15,11,52,20,28,4104
49606,2024-07-01,18,16,2,3,12,123
49617,2024-07-01,11,12,10,14,28,1373
49791,2024-07-01,42,20,85,28,60,15483
49872,2024-07-01,13,12,5,17,28,624
49884,2024-07-01,35,18,60,31,45,14765
49913,2024-07-01,24,18,4,10,28,277
49980,2024-07-01,11,11,17,32,60,780
19,2024-08-01,27,18,7,16,28,1776
23,2024-08-01,40,19,8,25,28,930
48,2024-08-01,30,16,4,9,12,1849
119,2024-08-01,6,10,31,18,45,2514
222,2024-08-01,42,19,2,10,12,817
334,2024-08-01,43,22,52,26,28,1917
341,2024-08-01,19,17,27,31,45,5912
356,2024-08-01,33,17,7,5,12,398
379,2024-08-01,23,15,12,26,45,3989
508,2024-08-01,3,4,35,6,60,1351
685,2024-08-01,4,6,1,1,12,76
689,2024-08-01,21,17,2,24,28,294
738,2024-08-01,37,21,94,15,45,25015
855,2024-08-01,60,22,5,23,28,921
1001,2024-08-01,29,15,6,30,45,1036
1048,2024-08-01,58,22,34,27,28,3887
1054,2024-08-01,22,16,5,4,12,991
1061,2024-08-01,43,21,5,11,12,1286
1074,2024-08-01,10,12,7,6,12,3963
1092,2024-08-01,29,14,3,5,12,669
1240,2024-08-01,25,20,7,21,45,221
1314,2024-08-01,8,11,3,9,28,136
1362,2024-08-01,25,19,2,15,45,281
1385,2024-08-01,68,21,2,25,28,490
1387,2024-08-01,7,8,3,10,28,561
1974,2024-08-01,33,18,5,20,28,412
2082,2024-08-01,27,17,34,34,45,2511
2244,2024-08-01,7,9,2,5,12,216
2383,2024-08-01,15,11,6,5,12,593
2529,2024-08-01,4,6,2,5,12,161
2554,2024-08-01,32,17,63,40,60,2235
2575,2024-08-01,53,19,2,10,12,372
2608,2024-08-01,19,15,9,31,45,1127
2620,2024-08-01,21,13,5,28,60,901
2705,2024-08-01,21,15,15,42,60,1819
2761,2024-08-01,28,15,6,6,12,159
2768,2024-08-01,15,15,2,33,45,168
3054,2024-08-01,26,18,3,8,12,360
3171,2024-08-01,34,17,59,51,60,4841
3262,2024-08-01,31,19,37,18,28,4223
3285,2024-08-01,51,21,52,52,60,7315
3295,2024-08-01,61,21,55,22,28,8645
3421,2024-08-01,81,22,17,56,60,4738
3422,2024-08-01,38,19,14,23,28,2977
3583,2024-08-01,59,22,2,8,12,409
3669,2024-08-01,18,13,6,15,28,826
4281,2024-08-01,36,17,13,14,28,3545
4613,2024-08-01,3,5,4,7,28,102
4626,2024-08-01,4,5,20,13,45,1755
4788,2024-08-01,38,19,17,22,45,1252
4810,2024-08-01,26,15,23,28,45,4514
4819,2024-08-01,5,7,112,14,60,13401
4922,2024-08-01,6,7,4,11,28,314
4988,2024-08-01,29,16,32,23,45,9493
5023,2024-08-01,50,20,10,10,12,109
5046,2024-08-01,14,14,27,34,45,7591
5217,2024-08-01,29,16,10,6,12,224
5370,2024-08-01,6,8,33,16,60,1429
5535,2024-08-01,9,10,32,17,60,2112
5566,2024-08-01,3,4,2,5,28,100
5657,2024-08-01,29,18,1,11,12,78
5717,2024-08-01,17,16,16,32,45,2617
5749,2024-08-01,35,18,3,16,28,87
5754,2024-08-01,14,13,2,10,12,91
5786,2024-08-01,43,21,3,17,28,405
5985,2024-08-01,39,19,4,8,12,181
6051,2024-08-01,8,10,7,6,12,740
6092,2024-08-01,32,22,62,35,45,25110
6096,2024-08-01,17,13,8,12,45,1469
6100,2024-08-01,29,13,21,38,45,9548
6117,2024-08-01,21,14,84,26,45,2478
6134,2024-08-01,18,15,2,6,12,360
6149,2024-08-01,33,19,60,18,45,24416
6250,2024-08-01,22,12,5,6,12,153
6293,2024-08-01,20,17,57,26,45,5947
6298,2024-08-01,18,14,8,3,28,1280
6362,2024-08-01,36,19,5,11,12,99
6487,2024-08-01,34,20,4,8,12,647
6514,2024-08-01,6,9,5,2,28,365
6545,2024-08-01,27,17,19,36,45,5272
6557,2024-08-01,39,18,73,42,60,11654
6653,2024-08-01,10,11,7,31,45,543
6669,2024-08-01,14,16,4,9,12,222
6670,2024-08-01,25,18,30,40,60,5985
6744,2024-08-01,47,22,26,38,45,7155
6786,2024-08-01,7,8,18,13,45,2314
6814,2024-08-01,39,20,7,6,12,1480
7058,2024-08-01,21,13,27,16,28,7475
7225,2024-08-01,28,16,25,36,45,5865
7227,2024-08-01,24,17,14,15,28,2161
7342,2024-08-01,42,19,16,40,45,2063
7357,2024-08-01,45,20,11,16,28,2057
7429,2024-08-01,19,13,183,16,60,22442
7430,2024-08-01,19,15,4,4,12,189
7486,2024-08-01,5,9,4,8,12,154
7497,2024-08-01,15,11,51,20,28,4772
7526,2024-08-01,33,17,170,38,45,57080
7979,2024-08-01,16,14,89,45,60,9152
8004,2024-08-01,14,14,33,29,60,3333
8013,2024-08-01,31,17,6,43,45,245
8039,2024-08-01,5,6,2,8,28,72
8085,2024-08-01,32,17,10,24,28,1421
8107,2024-08-01,14,13,16,14,28,1374
8179,2024-08-01,44,18,48,24,28,6716
8186,2024-08-01,18,14,25,11,45,7837
8339,2024-08-01,45,18,29,41,45,2328
8359,2024-08-01,39,19,66,41,60,17806
8377,2024-08-01,26,16,4,9,12,750
8392,2024-08-01,58,20,8,10,12,904
8646,2024-08-01,2,3,1,1,12,37
8712,2024-08-01,13,14,4,11,28,1508
8727,2024-08-01,20,16,10,7,28,1136
8775,2024-08-01,47,20,1,7,12,77
8844,2024-08-01,44,20,9,23,28,1006
8874,2024-08-01,15,13,39,12,28,1915
8895,2024-08-01,26,18,134,25,60,9635
8982,2024-08-01,10,12,29,22,60,5564
9083,2024-08-01,43,19,5,11,12,2321
9104,2024-08-01,20,18,3,21,28,501
9141,2024-08-01,27,15,3,25,28,207
9272,2024-08-01,29,20,2,9,12,459
9477,2024-08-01,12,11,20,22,60,1193
9505,2024-08-01,19,18,46,26,45,3197
9557,2024-08-01,19,15,58,38,45,2489
9636,2024-08-01,34,17,18,17,28,6140
9703,2024-08-01,41,18,30,41,60,1654
9720,2024-08-01,49,20,11,10,12,2142
9768,2024-08-01,17,12,26,9,45,2269
9836,2024-08-01,23,16,42,17,45,10786
9866,2024-08-01,20,16,9,7,12,351
9913,2024-08-01,53,19,2,25,28,111
10006,2024-08-01,35,17,58,14,45,8517
10214,2024-08-01,12,10,1,8,12,248
10289,2024-08-01,3,4,6,6,45,171
10299,2024-08-01,40,19,85,45,60,11788
10316,2024-08-01,24,16,39,13,45,5801
10376,2024-08-01,15,14,2,15,28,329
10429,2024-08-01,41,18,55,27,45,12324
10457,2024-08-01,5,9,2,3,12,108
10490,2024-08-01,58,21,4,11,12,287
10771,2024-08-01,14,10,26,12,45,4106
10776,2024-08-01,16,14,2,9,12,109
10883,2024-08-01,45,17,125,47,60,45337
10941,2024-08-01,15,12,12,37,45,494
10974,2024-08-01,17,16,19,23,45,1727
11277,2024-08-01,26,19,73,37,60,3267
11496,2024-08-01,47,20,1,16,28,102
11527,2024-08-01,19,15,2,18,28,332
11877,2024-08-01,9,11,5,5,12,887
11883,2024-08-01,32,18,51,30,45,2171
12095,2024-08-01,26,20,29,27,45,2585
12103,2024-08-01,23,15,44,15,45,21659
12176,2024-08-01,13,12,38,18,45,6568
12218,2024-08-01,19,14,8,6,12,1181
12276,2024-08-01,53,21,4,9,12,958
12321,2024-08-01,21,15,35,30,45,1472
12357,2024-08-01,41,22,44,42,45,5229
12358,2024-08-01,11,10,5,8,28,874
12375,2024-08-01,42,18,57,51,60,10613
12436,2024-08-01,30,17,5,26,28,376
12587,2024-08-01,33,16,49,16,45,756
12588,2024-08-01,12,11,7,4,12,1197
12590,2024-08-01,22,17,93,48,60,6910
12617,2024-08-01,19,15,58,37,60,11421
12832,2024-08-01,4,8,6,2,12,367
12867,2024-08-01,28,18,8,13,28,1452
12923,2024-08-01,28,19,22,12,45,1483
12931,2024-08-01,9,13,7,7,28,442
12951,2024-08-01,19,11,104,52,60,5014
12990,2024-08-01,36,20,2,4,12,320
13010,2024-08-01,42,21,81,43,45,3537
13155,2024-08-01,26,13,1,11,12,144
13215,2024-08-01,36,19,9,20,28,1225
13254,2024-08-01,47,20,8,25,28,1383
13308,2024-08-01,16,15,2,8,12,363
13422,2024-08-01,12,11,89,15,60,6561
13468,2024-08-01,41,20,3,21,28,213
13552,2024-08-01,21,16,5,10,28,617
13575,2024-08-01,8,10,8,7,60,558
13618,2024-08-01,59,21,1,22,28,504
13637,2024-08-01,33,19,10,17,28,1584
13704,2024-08-01,12,10,2,2,12,230
14020,2024-08-01,33,17,2,13,28,824
14271,2024-08-01,29,18,7,10,12,1407
14289,2024-08-01,65,22,40,40,60,7940
14362,2024-08-01,10,12,3,7,12,508
14388,2024-08-01,17,14,3,5,12,41
14642,2024-08-01,10,10,1,10,45,147
14690,2024-08-01,3,4,70,9,60,2256
14732,2024-08-01,59,21,6,24,28,358
14778,2024-08-01,14,13,7,22,45,1143
14803,2024-08-01,27,17,9,4,12,1589
14970,2024-08-01,19,17,2,15,28,212
15049,2024-08-01,23,16,9,5,12,447
15189,2024-08-01,20,11,6,9,12,1129
15256,2024-08-01,69,22,11,9,12,1997
15412,2024-08-01,17,16,18,20,28,1199
15472,2024-08-01,9,13,3,5,28,1200
15508,2024-08-01,0,0,1,5,45,41
15612,2024-08-01,29,19,8,3,12,996
15628,2024-08-01,39,17,39,23,45,1488
15642,2024-08-01,18,13,3,24,28,357
15791,2024-08-01,22,14,1,9,12,172
16009,2024-08-01,46,22,42,37,45,1706
16073,2024-08-01,14,11,33,31,45,2292
16280,2024-08-01,34,18,8,26,28,230
16353,2024-08-01,76,21,5,9,12,2394
16381,2024-08-01,29,18,4,11,12,458
16405,2024-08-01,16,15,76,35,60,15112
16705,2024-08-01,11,9,3,9,12,335
16712,2024-08-01,4,7,44,29,60,4823
16769,2024-08-01,16,10,27,9,45,4641
16832,2024-08-01,29,16,2,26,28,164
17095,2024-08-01,25,20,27,29,60,10926
17368,2024-08-01,33,21,6,14,28,2133
17430,2024-08-01,46,22,170,46,60,86818
17555,2024-08-01,19,18,29,18,28,1078
17648,2024-08-01,25,16,7,10,12,1305
17724,2024-08-01,43,18,1,23,28,9
17794,2024-08-01,15,13,12,10,28,3213
17800,2024-08-01,37,18,24,43,45,4887
17818,2024-08-01,32,17,8,10,28,1510
17920,2024-08-01,5,6,7,9,60,1101
17974,2024-08-01,29,16,10,10,12,1294
17993,2024-08-01,22,14,32,30,60,5602
17998,2024-08-01,31,20,8,11,12,3439
18013,2024-08-01,34,20,5,5,12,1326
18057,2024-08-01,33,18,6,22,28,59
18088,2024-08-01,31,17,8,17,28,169
18104,2024-08-01,17,11,14,7,45,5870
18130,2024-08-01,49,21,69,11,45,12095
18211,2024-08-01,25,16,4,19,28,615
18219,2024-08-01,50,19,24,43,45,3778
18303,2024-08-01,14,11,8,34,45,1067
18662,2024-08-01,11,9,6,3,12,818
18710,2024-08-01,34,21,5,22,28,970
18732,2024-08-01,35,16,2,8,12,329
18808,2024-08-01,16,11,4,10,12,374
18811,2024-08-01,26,17,1,18,45,223
18901,2024-08-01,24,14,19,21,28,2866
18914,2024-08-01,34,18,8,4,12,1441
18943,2024-08-01,15,11,5,4,12,1104
19002,2024-08-01,31,18,65,34,45,5853
19036,2024-08-01,12,11,26,44,60,4059
19079,2024-08-01,41,18,33,23,28,1008
19095,2024-08-01,23,18,8,19,28,677
19198,2024-08-01,10,12,10,11,28,1953
19468,2024-08-01,4,5,2,2,12,109
19729,2024-08-01,40,20,14,24,28,1266
19777,2024-08-01,20,15,4,8,12,466
19926,2024-08-01,50,20,4,36,45,563
20071,2024-08-01,20,17,7,9,12,615
20131,2024-08-01,18,14,1,8,28,90
20162,2024-08-01,13,11,25,30,45,958
20296,2024-08-01,20,14,9,4,12,1044
20357,2024-08-01,70,22,72,49,60,13748
20457,2024-08-01,32,17,3,25,28,73
20493,2024-08-01,36,19,5,24,28,908
20516,2024-08-01,44,22,7,23,28,2117
20595,2024-08-01,7,12,1,2,12,127
20686,2024-08-01,17,15,72,44,60,4238
20711,2024-08-01,14,14,16,36,60,981
20940,2024-08-01,30,16,5,5,12,644
20987,2024-08-01,47,19,5,10,12,681
20992,2024-08-01,24,18,4,9,12,569
21026,2024-08-01,46,18,5,8,12,783
21126,2024-08-01,39,16,5,9,28,462
21189,2024-08-01,53,21,3,11,12,388
21504,2024-08-01,35,19,5,24,28,2042
21542,2024-08-01,31,18,6,7,12,586
21682,2024-08-01,3,4,20,22,45,1623
21751,2024-08-01,6,9,8,30,45,694
22139,2024-08-01,19,15,3,6,12,480
22154,2024-08-01,26,13,7,10,12,1691
22217,2024-08-01,51,20,10,24,28,1969
22372,2024-08-01,29,16,8,9,12,526
22475,2024-08-01,6,8,6,16,28,1296
22485,2024-08-01,41,19,19,21,28,7779
22487,2024-08-01,21,15,1,14,28,83
22603,2024-08-01,25,13,139,53,60,10751
22676,2024-08-01,31,18,3,12,28,358
22710,2024-08-01,46,20,2,6,12,366
22756,2024-08-01,36,20,2,9,12,278
22836,2024-08-01,46,22,6,22,28,751
22915,2024-08-01,22,14,5,10,12,202
22949,2024-08-01,17,17,32,37,60,2550
22999,2024-08-01,27,15,31,38,45,3634
23169,2024-08-01,25,14,6,4,12,211
23490,2024-08-01,10,11,7,3,12,1421
23508,2024-08-01,23,17,2,26,45,123
23512,2024-08-01,20,16,6,6,28,850
23931,2024-08-01,42,19,53,24,28,17774
23959,2024-08-01,23,19,4,11,12,387
24199,2024-08-01,60,21,14,38,45,2046
24244,2024-08-01,30,16,14,40,45,2961
24530,2024-08-01,32,19,9,9,12,2246
24630,2024-08-01,16,13,7,21,28,2590
24703,2024-08-01,40,19,3,8,28,582
24733,2024-08-01,23,17,10,19,28,613
24772,2024-08-01,23,18,4,11,12,1054
24948,2024-08-01,52,20,13,11,12,3888
25035,2024-08-01,34,19,7,11,12,423
25145,2024-08-01,23,18,6,10,12,1102
25235,2024-08-01,16,14,2,17,28,631
25256,2024-08-01,23,16,39,28,45,4323
25319,2024-08-01,44,17,2,9,12,220
25336,2024-08-01,9,12,3,4,12,369
25560,2024-08-01,7,11,2,21,28,217
25577,2024-08-01,11,12,43,52,60,10023
25666,2024-08-01,8,12,14,18,60,2298
25679,2024-08-01,22,15,57,25,45,10771
25687,2024-08-01,38,19,5,22,28,920
25694,2024-08-01,18,13,19,21,28,5444
25919,2024-08-01,38,22,30,22,28,4070
25988,2024-08-01,35,22,3,9,12,445
26445,2024-08-01,35,19,7,17,28,755
26507,2024-08-01,18,16,2,6,12,235
26568,2024-08-01,8,11,99,26,45,1973
26592,2024-08-01,6,9,1,6,28,30
26817,2024-08-01,40,18,54,13,28,4908
26911,2024-08-01,39,17,3,8,12,645
27133,2024-08-01,33,17,12,21,28,1160
27337,2024-08-01,77,22,24,55,60,11129
27387,2024-08-01,18,14,32,43,60,3747
27489,2024-08-01,6,6,8,33,45,551
27545,2024-08-01,42,21,4,11,12,949
27588,2024-08-01,13,14,2,11,45,120
27708,2024-08-01,63,20,95,57,60,30607
27791,2024-08-01,5,6,18,19,45,880
28082,2024-08-01,22,15,6,7,28,898
28203,2024-08-01,40,18,10,21,28,976
28239,2024-08-01,45,19,5,17,28,456
28276,2024-08-01,38,19,7,24,28,2094
28278,2024-08-01,34,17,30,40,45,3831
28397,2024-08-01,46,19,65,16,45,10062
28412,2024-08-01,13,14,7,4,12,508
28826,2024-08-01,6,8,12,6,28,176
28909,2024-08-01,4,8,1,5,12,193
28987,2024-08-01,10,14,33,10,28,2932
29124,2024-08-01,32,16,123,43,60,4394
29155,2024-08-01,30,18,19,23,28,833
29218,2024-08-01,64,22,8,27,28,3600
29302,2024-08-01,8,14,60,10,45,3429
29303,2024-08-01,47,18,69,12,28,24309
29327,2024-08-01,26,17,2,6,12,116
29331,2024-08-01,9,12,3,7,12,249
29367,2024-08-01,44,22,18,20,28,3936
29499,2024-08-01,37,18,32,31,45,4600
29667,2024-08-01,20,15,46,30,45,5743
29679,2024-08-01,17,10,5,16,28,1271
29721,2024-08-01,20,13,6,7,12,835
29769,2024-08-01,14,13,2,2,28,99
29805,2024-08-01,38,20,3,16,28,691
29832,2024-08-01,16,10,2,24,28,171
29897,2024-08-01,24,16,1,13,28,225
29918,2024-08-01,19,17,5,6,12,291
29922,2024-08-01,14,13,31,35,60,2809
29926,2024-08-01,20,15,6,20,45,658
29939,2024-08-01,9,11,5,5,12,259
30229,2024-08-01,13,15,90,17,60,3653
30372,2024-08-01,6,9,35,32,60,793
30382,2024-08-01,22,17,4,19,45,369
30593,2024-08-01,6,7,4,3,12,346
30738,2024-08-01,32,16,11,22,28,2980
30819,2024-08-01,49,21,98,50,60,7959
30905,2024-08-01,44,21,24,27,28,2361
31005,2024-08-01,9,11,1,4,28,51
31113,2024-08-01,16,12,7,6,28,524
31125,2024-08-01,18,14,1,25,45,332
31160,2024-08-01,25,18,5,4,12,604
31179,2024-08-01,18,13,6,7,28,1268
31286,2024-08-01,13,14,87,25,60,17854
31324,2024-08-01,23,12,5,16,28,771
31331,2024-08-01,28,17,7,11,12,2067
31348,2024-08-01,24,16,2,3,12,358
31392,2024-08-01,25,15,7,5,12,435
31468,2024-08-01,41,19,5,26,28,843
31563,2024-08-01,22,15,2,13,28,69
31595,2024-08-01,35,21,2,10,12,501
31691,2024-08-01,40,20,5,4,12,966
31726,2024-08-01,38,20,3,12,28,121
31786,2024-08-01,3,4,12,20,60,362
31811,2024-08-01,44,21,8,11,12,1571
31852,2024-08-01,44,18,41,18,28,2421
32211,2024-08-01,17,13,7,15,28,624
32302,2024-08-01,23,16,40,20,60,8638
32521,2024-08-01,51,21,2,7,12,94
32531,2024-08-01,23,15,74,31,45,15783
32601,2024-08-01,19,15,7,14,28,240
32628,2024-08-01,19,15,1,23,28,178
32670,2024-08-01,23,14,9,18,28,596
32673,2024-08-01,6,8,4,7,12,643
32811,2024-08-01,10,11,15,20,45,1279
32896,2024-08-01,39,22,151,31,60,48298
32920,2024-08-01,8,10,2,5,12,59
32935,2024-08-01,33,21,58,19,28,28390
32995,2024-08-01,55,22,13,47,60,1056
33018,2024-08-01,29,18,2,10,12,241
33021,2024-08-01,16,14,4,18,28,336
33350,2024-08-01,24,15,2,19,28,701
33372,2024-08-01,11,11,13,14,45,3020
33383,2024-08-01,17,14,34,20,28,3029
33472,2024-08-01,31,19,56,19,45,6424
33774,2024-08-01,3,4,2,3,12,256
33778,2024-08-01,50,22,6,11,12,1458
33796,2024-08-01,35,18,14,31,45,6836
33856,2024-08-01,3,5,1,16,28,53
33871,2024-08-01,3,4,27,14,60,802
33925,2024-08-01,6,7,2,4,12,50
33931,2024-08-01,3,4,1,4,45,15
33971,2024-08-01,38,18,13,41,45,2903
33975,2024-08-01,32,16,7,24,28,1561
33986,2024-08-01,13,13,100,22,60,25320
34013,2024-08-01,8,12,70,11,60,9060
34048,2024-08-01,35,19,8,8,12,481
34261,2024-08-01,23,17,4,16,28,1821
34268,2024-08-01,16,11,1,18,28,95
34482,2024-08-01,8,10,3,23,45,413
34721,2024-08-01,39,20,36,23,28,686
34735,2024-08-01,53,19,48,35,45,6196
34795,2024-08-01,27,15,13,6,12,2708
34863,2024-08-01,20,18,4,32,45,627
34879,2024-08-01,25,15,1,30,45,177
34988,2024-08-01,9,11,6,4,12,192
35046,2024-08-01,22,14,4,8,12,510
35118,2024-08-01,7,9,3,4,12,135
35136,2024-08-01,19,16,1,9,12,211
35343,2024-08-01,11,10,4,5,28,320
35528,2024-08-01,27,17,2,10,12,90
35710,2024-08-01,36,19,3,23,28,361
35860,2024-08-01,38,18,2,25,28,670
36021,2024-08-01,43,22,2,6,12,551
36196,2024-08-01,40,21,45,36,60,3898
36197,2024-08-01,15,15,8,11,28,621
36206,2024-08-01,25,17,7,7,12,1111
36413,2024-08-01,5,6,40,17,60,3048
36791,2024-08-01,23,13,3,21,28,793
36833,2024-08-01,25,15,31,31,45,4774
36920,2024-08-01,27,18,5,20,28,1503
36980,2024-08-01,7,10,26,5,28,3027
37109,2024-08-01,34,19,50,38,45,14458
37134,2024-08-01,49,19,12,10,12,1393
37179,2024-08-01,25,16,9,9,12,2961
37398,2024-08-01,20,16,8,24,28,1028
37460,2024-08-01,16,14,94,41,60,10840
37476,2024-08-01,48,20,3,22,28,110
37500,2024-08-01,11,14,5,14,28,433
37563,2024-08-01,33,19,57,39,45,9542
37605,2024-08-01,18,15,53,23,28,5754
37672,2024-08-01,16,14,48,20,28,7001
37940,2024-08-01,55,20,9,27,28,346
37982,2024-08-01,19,13,9,32,60,2084
38198,2024-08-01,36,17,3,5,12,308
38227,2024-08-01,24,17,3,22,28,850
38252,2024-08-01,14,12,9,13,45,1265
38270,2024-08-01,15,15,10,19,45,1177
38664,2024-08-01,35,19,11,24,28,1318
38728,2024-08-01,9,11,2,3,12,178
38766,2024-08-01,43,20,69,34,45,11524
38770,2024-08-01,46,20,159,56,60,23596
38812,2024-08-01,11,12,3,2,12,133
38848,2024-08-01,16,12,60,6,60,10772
38906,2024-08-01,17,15,35,38,60,843
39037,2024-08-01,17,12,2,7,28,350
39062,2024-08-01,18,16,6,13,28,1028
39196,2024-08-01,17,14,3,10,12,186
39248,2024-08-01,18,14,51,25,28,1301
39416,2024-08-01,32,18,49,44,60,5152
39666,2024-08-01,7,10,1,13,28,85
39869,2024-08-01,28,18,7,4,12,467
40017,2024-08-01,2,3,10,7,45,483
40166,2024-08-01,21,17,1,35,45,209
40485,2024-08-01,40,16,9,10,12,2413
40757,2024-08-01,29,18,8,42,45,875
40892,2024-08-01,19,15,20,12,45,1997
40936,2024-08-01,36,19,4,22,28,2402
41124,2024-08-01,52,19,3,42,45,606
41180,2024-08-01,56,20,9,8,12,853
41324,2024-08-01,10,9,4,10,28,536
41404,2024-08-01,33,19,1,7,12,231
41475,2024-08-01,15,14,28,15,28,9428
41531,2024-08-01,14,13,34,47,60,1053
41542,2024-08-01,14,14,25,11,45,1849
41554,2024-08-01,40,21,11,23,28,4025
41601,2024-08-01,30,17,2,5,12,349
41660,2024-08-01,40,19,5,23,28,604
41704,2024-08-01,17,15,1,21,28,159
41709,2024-08-01,12,12,44,13,45,4011
41717,2024-08-01,22,16,2,8,12,208
41740,2024-08-01,16,16,5,11,12,606
41776,2024-08-01,65,22,3,17,28,695
41888,2024-08-01,21,16,59,20,28,6531
41956,2024-08-01,59,20,10,10,12,1588
41970,2024-08-01,40,18,12,27,45,3744
42058,2024-08-01,23,18,8,13,28,1056
42105,2024-08-01,20,14,10,9,12,787
42170,2024-08-01,48,22,9,11,12,749
42176,2024-08-01,26,18,7,6,12,2141
42264,2024-08-01,7,9,6,25,45,2045
42398,2024-08-01,5,10,80,6,60,3069
42428,2024-08-01,28,17,3,8,28,245
42446,2024-08-01,16,13,2,7,12,389
42536,2024-08-01,18,16,5,6,12,1259
42620,2024-08-01,31,16,8,8,12,1751
42704,2024-08-01,27,18,14,18,28,1241
42868,2024-08-01,27,16,1,11,28,86
43041,2024-08-01,20,13,115,40,60,11847
43165,2024-08-01,10,12,31,12,28,4099
43194,2024-08-01,16,11,2,19,28,305
43202,2024-08-01,46,19,15,34,45,1772
43280,2024-08-01,33,17,42,14,28,11194
43444,2024-08-01,31,19,9,20,28,258
43540,2024-08-01,51,21,3,8,12,32
43665,2024-08-01,17,15,2,17,28,214
43777,2024-08-01,5,8,29,6,45,700
43882,2024-08-01,42,20,5,3,12,430
44058,2024-08-01,5,7,7,6,12,945
44458,2024-08-01,20,17,17,34,60,3196
44476,2024-08-01,49,18,8,19,28,232
44484,2024-08-01,32,18,1,13,28,43
44491,2024-08-01,8,8,11,10,60,591
44577,2024-08-01,19,14,1,11,12,124
44722,2024-08-01,39,19,12,37,45,1371
44851,2024-08-01,40,20,1,11,12,171
44979,2024-08-01,34,17,7,9,12,1571
45231,2024-08-01,15,13,32,13,45,156
45236,2024-08-01,39,20,5,10,12,19
45344,2024-08-01,21,15,44,20,28,2097
45395,2024-08-01,21,16,10,8,12,623
45507,2024-08-01,17,16,3,11,28,226
45541,2024-08-01,12,13,31,4,45,2777
45556,2024-08-01,29,14,5,33,45,981
45606,2024-08-01,16,13,22,27,45,8836
45608,2024-08-01,14,10,1,6,12,106
45702,2024-08-01,7,10,2,3,12,65
45757,2024-08-01,17,15,3,33,45,361
45909,2024-08-01,25,18,23,15,28,2660
45983,2024-08-01,15,16,38,33,60,12810
46074,2024-08-01,18,15,39,48,60,21765
46114,2024-08-01,18,13,4,8,28,413
46227,2024-08-01,14,11,5,5,12,440
46302,2024-08-01,62,20,29,43,45,5605
46452,2024-08-01,7,10,8,4,28,574
46487,2024-08-01,5,7,3,4,12,351
46503,2024-08-01,25,18,75,53,60,7974
46659,2024-08-01,8,11,2,5,12,502
46708,2024-08-01,22,21,4,14,28,288
46731,2024-08-01,5,7,3,6,28,335
46829,2024-08-01,17,13,113,26,45,23186
46887,2024-08-01,15,14,2,22,28,277
46903,2024-08-01,43,21,10,14,45,2640
46968,2024-08-01,28,19,5,26,28,676
47036,2024-08-01,8,11,6,2,12,1342
47046,2024-08-01,21,12,41,16,28,3056
47280,2024-08-01,33,16,3,6,28,755
47527,2024-08-01,37,20,7,12,28,1460
47666,2024-08-01,28,14,5,8,12,755
47832,2024-08-01,15,14,46,5,28,4757
47858,2024-08-01,27,18,131,29,60,21387
47874,2024-08-01,36,18,103,33,45,24164
47889,2024-08-01,42,19,104,47,60,16708
47913,2024-08-01,11,13,6,2,12,162
47989,2024-08-01,5,8,4,13,28,79
48299,2024-08-01,12,14,6,4,12,1219
48337,2024-08-01,14,12,4,5,12,1004
48428,2024-08-01,21,16,1,24,28,56
48538,2024-08-01,12,13,1,8,12,297
48567,2024-08-01,58,21,5,9,12,1106
48639,2024-08-01,50,20,5,21,28,1215
49130,2024-08-01,45,21,6,23,28,1924
49214,2024-08-01,41,19,7,10,12,702
49249,2024-08-01,55,20,70,19,45,6528
49323,2024-08-01,19,13,42,18,28,6592
49606,2024-08-01,29,17,2,3,12,140
49617,2024-08-01,14,14,11,16,28,3957
49791,2024-08-01,30,18,88,26,60,2929
49872,2024-08-01,13,13,5,18,28,859
49884,2024-08-01,49,20,68,38,45,12637
49913,2024-08-01,38,21,4,10,28,600
49980,2024-08-01,29,20,18,38,60,5277
19,2024-09-01,41,18,8,16,28,2482
23,2024-09-01,36,20,8,23,28,3372
48,2024-09-01,37,16,5,10,12,758
58,2024-09-01,23,18,5,21,28,315
119,2024-09-01,7,9,29,15,45,895
222,2024-09-01,42,20,2,11,12,103
334,2024-09-01,50,22,60,27,28,14946
341,2024-09-01,16,15,26,31,45,698
356,2024-09-01,33,19,7,6,12,398
379,2024-09-01,32,21,11,23,45,1476
508,2024-09-01,3,5,27,7,60,880
685,2024-09-01,7,9,1,3,12,143
689,2024-09-01,17,15,2,24,28,152
738,2024-09-01,21,16,84,14,45,4512
855,2024-09-01,48,17,6,25,28,969
1001,2024-09-01,41,18,6,29,45,532
1048,2024-09-01,67,21,39,27,28,10617
1054,2024-09-01,32,20,5,4,12,244
1061,2024-09-01,56,21,5,11,12,591
1074,2024-09-01,19,14,7,5,12,163
1092,2024-09-01,34,18,3,6,12,749
1240,2024-09-01,16,13,5,21,45,160
1314,2024-09-01,13,12,4,10,28,1052
1362,2024-09-01,18,15,2,21,45,182
1385,2024-09-01,61,21,2,26,28,394
1387,2024-09-01,8,13,3,9,28,95
1974,2024-09-01,34,18,4,18,28,208
1983,2024-09-01,52,20,59,24,45,6354
2082,2024-09-01,43,19,31,37,45,3557
2244,2024-09-01,4,8,2,7,12,313
2383,2024-09-01,14,12,6,5,12,707
2529,2024-09-01,7,9,2,4,12,57
2554,2024-09-01,34,17,60,46,60,3944
2575,2024-09-01,46,20,3,9,12,751
2608,2024-09-01,12,12,9,29,45,1459
2620,2024-09-01,16,14,6,26,60,610
2705,2024-09-01,21,14,13,41,60,2197
2761,2024-09-01,39,19,5,7,12,480
2768,2024-09-01,11,12,1,27,45,91
3054,2024-09-01,38,17,3,9,12,260
3171,2024-09-01,32,17,59,50,60,4070
3262,2024-09-01,34,20,38,19,28,14640
3285,2024-09-01,49,21,60,53,60,971
3295,2024-09-01,65,20,59,22,28,20639
3421,2024-09-01,54,22,20,55,60,3062
3422,2024-09-01,32,18,16,21,28,1701
3583,2024-09-01,46,21,2,8,12,869
3669,2024-09-01,15,12,7,14,28,1567
4281,2024-09-01,41,18,11,15,28,2401
4613,2024-09-01,6,8,5,9,28,111
4626,2024-09-01,8,10,22,12,45,2943
4788,2024-09-01,47,19,20,32,45,1249
4810,2024-09-01,27,16,23,27,45,3981
4819,2024-09-01,10,10,112,8,60,21002
4922,2024-09-01,2,4,4,15,28,493
4988,2024-09-01,37,18,28,23,45,3892
5023,2024-09-01,41,22,12,11,12,2162
5046,2024-09-01,16,15,27,36,45,541
5215,2024-09-01,6,8,10,23,60,532
5217,2024-09-01,21,14,11,5,12,2039
5370,2024-09-01,13,11,37,21,60,987
5411,2024-09-01,36,21,65,41,45,24084
5513,2024-09-01,21,16,31,46,60,8278
5535,2024-09-01,11,14,23,17,60,5022
5566,2024-09-01,3,5,2,5,28,265
5657,2024-09-01,38,20,1,10,12,31
5678,2024-09-01,4,7,1,7,45,107
5717,2024-09-01,17,13,17,34,45,410
5749,2024-09-01,40,19,3,18,28,666
5754,2024-09-01,11,9,2,10,12,160
5786,2024-09-01,63,19,4,18,28,420
5985,2024-09-01,40,19,4,10,12,286
6051,2024-09-01,8,10,7,5,12,746
6092,2024-09-01,37,17,57,29,45,6145
6096,2024-09-01,14,14,8,15,45,1451
6100,2024-09-01,29,20,24,37,45,3003
6117,2024-09-01,25,16,80,30,45,5140
6134,2024-09-01,13,9,2,6,12,157
6149,2024-09-01,38,20,64,17,45,1768
6250,2024-09-01,17,15,5,7,12,894
6293,2024-09-01,21,14,43,23,45,5445
6298,2024-09-01,9,8,6,8,28,833
6362,2024-09-01,46,22,5,11,12,171
6487,2024-09-01,48,19,5,8,12,933
6514,2024-09-01,7,10,6,1,28,1574
6515,2024-09-01,31,19,2,14,28,374
6545,2024-09-01,39,18,18,30,45,2281
6557,2024-09-01,29,14,77,41,60,5954
6653,2024-09-01,11,13,8,27,45,1773
6669,2024-09-01,12,11,5,9,12,2039
6670,2024-09-01,25,16,29,36,60,525
6744,2024-09-01,61,22,28,40,45,6785
6786,2024-09-01,4,6,17,11,45,4389
6814,2024-09-01,44,19,7,5,12,423
7058,2024-09-01,12,11,28,19,28,3451
7225,2024-09-01,47,21,26,37,45,4390
7227,2024-09-01,20,13,14,16,28,1458
7342,2024-09-01,52,20,15,35,45,4010
7357,2024-09-01,41,19,10,18,28,1984
7429,2024-09-01,11,11,156,8,60,13307
7430,2024-09-01,20,15,4,5,12,1042
7486,2024-09-01,5,7,4,7,12,493
7497,2024-09-01,27,17,45,23,28,5136
7526,2024-09-01,44,19,131,34,45,5349
7979,2024-09-01,15,12,93,38,60,2366
8004,2024-09-01,25,18,31,24,60,4057
8013,2024-09-01,45,21,6,43,45,795
8039,2024-09-01,4,6,2,10,28,374
8085,2024-09-01,37,20,10,26,28,1774
8107,2024-09-01,15,12,16,14,28,1210
8179,2024-09-01,41,18,45,22,28,13348
8186,2024-09-01,21,16,29,20,45,8846
8339,2024-09-01,39,19,28,40,45,2628
8359,2024-09-01,18,12,68,41,60,9344
8377,2024-09-01,26,16,4,9,12,254
8392,2024-09-01,44,21,8,9,12,829
8642,2024-09-01,18,17,5,19,28,418
8646,2024-09-01,1,2,1,1,12,90
8712,2024-09-01,16,11,4,10,28,377
8727,2024-09-01,15,11,8,8,28,423
8775,2024-09-01,27,18,1,8,12,55
8799,2024-09-01,25,14,9,20,28,1962
8844,2024-09-01,33,15,9,23,28,2917
8874,2024-09-01,9,10,38,11,28,5565
8895,2024-09-01,34,21,133,37,60,9185
8982,2024-09-01,16,13,33,23,60,4978
9083,2024-09-01,58,21,5,11,12,643
9104,2024-09-01,9,10,3,17,28,230
9141,2024-09-01,23,18,3,24,28,396
9157,2024-09-01,15,14,8,17,28,1249
9272,2024-09-01,36,17,2,10,12,165
9399,2024-09-01,46,18,4,11,12,131
9477,2024-09-01,12,12,20,26,60,323
9505,2024-09-01,21,16,48,26,45,8705
9557,2024-09-01,15,10,65,40,45,9109
9565,2024-09-01,8,11,29,6,28,5255
9636,2024-09-01,45,20,18,15,28,6986
9703,2024-09-01,50,19,29,41,60,2659
9720,2024-09-01,25,16,9,10,12,1737
9768,2024-09-01,24,16,28,12,45,1806
9836,2024-09-01,19,15,38,24,45,5567
9866,2024-09-01,18,12,10,6,12,864
9913,2024-09-01,36,20,2,27,28,268
10006,2024-09-01,30,20,58,8,45,4845
10214,2024-09-01,27,20,2,9,12,735
10289,2024-09-01,3,4,9,8,45,1398
10299,2024-09-01,43,19,86,43,60,31194
10316,2024-09-01,24,18,42,15,45,3863
10376,2024-09-01,15,12,2,17,28,442
10429,2024-09-01,32,17,52,21,45,916
10457,2024-09-01,6,8,2,4,12,501
10490,2024-09-01,53,20,4,11,12,219
10771,2024-09-01,17,12,24,10,45,5213
10776,2024-09-01,13,13,1,8,12,165
10883,2024-09-01,37,19,120,49,60,38809
10941,2024-09-01,21,18,15,39,45,3542
10974,2024-09-01,15,10,18,25,45,1306
11117,2024-09-01,31,17,203,34,45,59250
11277,2024-09-01,27,18,81,33,60,11340
11496,2024-09-01,39,20,1,17,28,161
11527,2024-09-01,19,13,3,18,28,73
11650,2024-09-01,24,16,17,22,60,1861
11877,2024-09-01,16,13,6,5,12,894
11883,2024-09-01,33,19,54,34,45,8034
12095,2024-09-01,19,15,26,28,45,7587
12103,2024-09-01,18,16,40,14,45,4416
12176,2024-09-01,22,14,39,25,45,4324
12218,2024-09-01,17,16,8,5,12,722
12276,2024-09-01,67,22,5,9,12,727
12321,2024-09-01,31,19,34,33,45,2439
12357,2024-09-01,44,18,44,43,45,14680
12358,2024-09-01,20,16,4,6,28,388
12375,2024-09-01,40,18,57,47,60,7570
12436,2024-09-01,20,13,5,25,28,1496
12587,2024-09-01,43,21,46,14,45,3224
12588,2024-09-01,7,10,7,4,12,473
12590,2024-09-01,19,15,99,45,60,11329
12617,2024-09-01,22,15,54,30,60,6958
12832,2024-09-01,8,10,7,2,12,387
12867,2024-09-01,16,12,8,16,28,510
12923,2024-09-01,12,11,19,9,45,4981
12931,2024-09-01,7,9,7,5,28,234
12951,2024-09-01,26,16,102,53,60,19321
12962,2024-09-01,29,16,36,15,28,6494
12990,2024-09-01,26,15,2,5,12,482
13010,2024-09-01,41,18,69,42,45,6085
13155,2024-09-01,36,21,1,11,12,278
13215,2024-09-01,39,19,9,22,28,1221
13254,2024-09-01,45,21,8,25,28,1735
13308,2024-09-01,11,14,2,8,12,156
13422,2024-09-01,13,12,82,21,60,11971
13468,2024-09-01,32,18,4,21,28,224
13552,2024-09-01,15,12,5,9,28,407
13575,2024-09-01,5,6,8,8,60,319
13618,2024-09-01,63,21,1,20,28,86
13637,2024-09-01,30,17,9,20,28,2422
13704,2024-09-01,8,9,2,2,12,196
14020,2024-09-01,26,17,3,11,28,319
14271,2024-09-01,31,20,7,10,12,548
14289,2024-09-01,46,20,37,45,60,2054
14362,2024-09-01,13,14,3,6,12,358
14388,2024-09-01,13,12,3,5,12,178
14642,2024-09-01,10,12,1,9,45,25
14690,2024-09-01,2,2,58,7,60,1877
14732,2024-09-01,42,20,7,20,28,1628
14778,2024-09-01,7,8,5,19,45,1456
14803,2024-09-01,14,9,9,5,12,787
14970,2024-09-01,23,15,2,16,28,220
15049,2024-09-01,28,18,9,7,12,967
15189,2024-09-01,36,18,7,9,12,1764
15256,2024-09-01,60,22,11,7,12,2629
15412,2024-09-01,14,11,15,21,28,2199
15472,2024-09-01,14,16,3,4,28,166
15508,2024-09-01,2,3,1,4,45,61
15612,2024-09-01,29,18,7,3,12,2886
15628,2024-09-01,25,18,29,17,45,3093
15642,2024-09-01,18,12,3,24,28,166
15791,2024-09-01,37,20,1,8,12,21
16009,2024-09-01,33,17,35,36,45,8192
16073,2024-09-01,22,16,38,35,45,4866
16280,2024-09-01,41,17,9,24,28,1777
16353,2024-09-01,54,22,5,10,12,1495
16381,2024-09-01,29,17,5,11,12,267
16405,2024-09-01,21,15,82,22,60,16864
16705,2024-09-01,23,18,3,9,12,19
16712,2024-09-01,6,8,50,30,60,7429
16769,2024-09-01,21,14,29,8,45,4789
16832,2024-09-01,29,17,2,26,28,766
17095,2024-09-01,27,18,27,29,60,5824
17368,2024-09-01,32,17,7,19,28,1767
17430,2024-09-01,73,22,179,49,60,63934
17555,2024-09-01,14,13,29,19,28,8361
17648,2024-09-01,16,15,6,10,12,201
17724,2024-09-01,45,19,2,21,28,304
17794,2024-09-01,14,12,12,15,28,739
17800,2024-09-01,36,21,24,43,45,2404
17818,2024-09-01,49,19,9,10,28,790
17920,2024-09-01,2,4,6,6,60,661
17974,2024-09-01,15,12,10,10,12,905
17993,2024-09-01,35,17,35,32,60,17526
17998,2024-09-01,43,21,8,11,12,245
18013,2024-09-01,35,20,5,7,12,1116
18057,2024-09-01,45,21,6,24,28,1090
18088,2024-09-01,31,21,8,19,28,279
18104,2024-09-01,10,10,12,7,45,767
18130,2024-09-01,46,18,65,9,45,11519
18211,2024-09-01,20,12,4,19,28,996
18219,2024-09-01,70,22,27,43,45,8576
18303,2024-09-01,14,13,7,30,45,919
18662,2024-09-01,15,12,5,4,12,45
18710,2024-09-01,41,19,6,22,28,637
18732,2024-09-01,31,19,2,8,12,164
18808,2024-09-01,22,16,5,10,12,694
18811,2024-09-01,29,15,1,23,45,141
18901,2024-09-01,24,17,21,21,28,2662
18914,2024-09-01,41,20,7,4,12,435
18943,2024-09-01,11,13,4,5,12,442
19002,2024-09-01,39,19,64,36,45,22135
19036,2024-09-01,14,12,32,47,60,9080
19079,2024-09-01,34,18,37,24,28,3221
19095,2024-09-01,24,13,7,17,28,747
19198,2024-09-01,7,10,9,14,28,430
19468,2024-09-01,3,4,3,3,12,348
19729,2024-09-01,30,19,14,24,28,390
19777,2024-09-01,27,17,5,8,12,285
19926,2024-09-01,46,20,4,35,45,481
20071,2024-09-01,28,19,7,9,12,134
20131,2024-09-01,17,15,1,7,28,259
20162,2024-09-01,7,8,27,33,45,3390
20296,2024-09-01,26,15,10,4,12,604
20357,2024-09-01,62,21,67,42,60,22915
20457,2024-09-01,42,20,3,25,28,91
20493,2024-09-01,45,20,6,25,28,2645
20516,2024-09-01,37,20,7,23,28,1171
20595,2024-09-01,5,6,1,3,12,110
20686,2024-09-01,24,15,68,46,60,5635
20711,2024-09-01,15,13,20,45,60,1071
20940,2024-09-01,37,18,5,6,12,1420
20987,2024-09-01,47,19,6,10,12,1475
20992,2024-09-01,22,16,4,11,12,1345
21026,2024-09-01,51,19,5,8,12,2203
21126,2024-09-01,27,16,4,6,28,318
21189,2024-09-01,46,17,4,11,12,2090
21504,2024-09-01,41,18,5,25,28,410
21512,2024-09-01,31,17,2,10,12,572
21542,2024-09-01,22,17,6,6,12,485
21682,2024-09-01,9,11,21,23,45,2087
21751,2024-09-01,8,10,8,35,45,1755
22139,2024-09-01,20,14,3,6,12,436
22154,2024-09-01,41,20,8,10,12,990
22217,2024-09-01,52,20,11,23,28,2730
22372,2024-09-01,27,15,8,7,12,3783
22475,2024-09-01,7,9,6,10,28,291
22485,2024-09-01,32,20,19,23,28,2801
22487,2024-09-01,32,19,1,17,28,78
22603,2024-09-01,41,19,134,55,60,35894
22676,2024-09-01,35,19,4,13,28,873
22710,2024-09-01,38,21,3,6,12,979
22756,2024-09-01,25,17,2,8,12,520
22825,2024-09-01,12,13,8,39,60,622
22836,2024-09-01,42,19,6,24,28,1022
22915,2024-09-01,31,16,5,10,12,1220
22949,2024-09-01,13,14,31,42,60,2443
22999,2024-09-01,37,17,36,40,45,4709
23108,2024-09-01,2,3,0,5,28,0
23169,2024-09-01,24,13,5,5,12,618
23467,2024-09-01,21,17,24,23,45,4893
23490,2024-09-01,15,13,8,4,12,915
23508,2024-09-01,12,11,2,23,45,196
23512,2024-09-01,16,14,6,8,28,1687
23931,2024-09-01,28,19,45,25,28,10901
23959,2024-09-01,26,18,4,11,12,682
24199,2024-09-01,39,21,16,39,45,769
24244,2024-09-01,32,19,13,40,45,4619
24530,2024-09-01,48,21,10,9,12,891
24595,2024-09-01,31,17,10,7,12,471
24630,2024-09-01,17,14,7,21,28,878
24703,2024-09-01,25,14,3,11,28,359
24712,2024-09-01,31,18,18,38,45,5972
24733,2024-09-01,13,14,10,17,28,105
24772,2024-09-01,28,20,3,11,12,208
24838,2024-09-01,4,5,3,4,12,268
24948,2024-09-01,40,21,13,11,12,256
25035,2024-09-01,45,19,7,10,12,889
25145,2024-09-01,23,17,5,10,12,307
25235,2024-09-01,17,16,2,16,28,289
25256,2024-09-01,18,14,37,31,45,6312
25319,2024-09-01,56,21,3,9,12,571
25336,2024-09-01,11,12,4,4,12,1791
25560,2024-09-01,8,13,2,17,28,202
25577,2024-09-01,14,13,46,52,60,4650
25666,2024-09-01,5,9,11,18,60,481
25679,2024-09-01,28,17,48,20,45,16199
25687,2024-09-01,40,18,4,17,28,491
25694,2024-09-01,24,18,18,22,28,447
25919,2024-09-01,46,20,32,23,28,2399
25988,2024-09-01,20,13,3,10,12,294
26445,2024-09-01,34,19,7,15,28,2046
26507,2024-09-01,14,14,3,7,12,612
26568,2024-09-01,5,9,90,25,45,4683
26592,2024-09-01,6,10,1,9,28,191
26817,2024-09-01,25,16,58,13,28,8656
26911,2024-09-01,31,17,3,9,12,658
27133,2024-09-01,40,22,11,20,28,1460
27337,2024-09-01,66,21,25,55,60,5665
27387,2024-09-01,18,16,30,42,60,2975
27489,2024-09-01,14,15,9,36,45,1648
27545,2024-09-01,59,22,3,10,12,476
27588,2024-09-01,21,16,2,10,45,401
27708,2024-09-01,73,22,106,57,60,24242
27791,2024-09-01,10,10,21,19,45,1071
28082,2024-09-01,31,17,5,10,28,905
28203,2024-09-01,47,19,10,20,28,2770
28239,2024-09-01,34,18,5,16,28,1017
28276,2024-09-01,39,19,6,24,28,1155
28278,2024-09-01,33,17,29,39,45,4009
28397,2024-09-01,47,20,68,13,45,11348
28412,2024-09-01,13,13,6,5,12,156
28440,2024-09-01,27,17,2,6,12,196
28826,2024-09-01,7,10,12,7,28,1466
28899,2024-09-01,39,19,4,16,45,672
28909,2024-09-01,4,7,2,4,12,34
28987,2024-09-01,10,9,35,12,28,1831
29124,2024-09-01,36,19,137,40,60,16265
29155,2024-09-01,18,12,17,25,28,3701
29218,2024-09-01,42,18,7,27,28,392
29302,2024-09-01,6,10,73,13,45,5077
29303,2024-09-01,34,17,69,10,28,21475
29327,2024-09-01,30,16,2,7,12,161
29331,2024-09-01,5,6,2,6,12,79
29367,2024-09-01,33,20,18,20,28,2205
29499,2024-09-01,46,19,28,30,45,9635
29667,2024-09-01,24,19,50,34,45,13589
29679,2024-09-01,17,15,6,14,28,660
29688,2024-09-01,32,17,6,7,12,1984
29721,2024-09-01,29,17,6,7,12,1970
29769,2024-09-01,16,15,2,2,28,228
29805,2024-09-01,28,19,3,19,28,461
29832,2024-09-01,15,14,2,24,28,78
29897,2024-09-01,20,14,1,18,28,106
29918,2024-09-01,13,13,6,7,12,1153
29922,2024-09-01,31,16,36,38,60,3175
29926,2024-09-01,20,14,6,16,45,1414
29939,2024-09-01,15,15,5,6,12,243
30229,2024-09-01,9,11,90,14,60,17234
30372,2024-09-01,5,7,40,35,60,791
30382,2024-09-01,28,17,5,22,45,303
30593,2024-09-01,9,11,5,4,12,409
30738,2024-09-01,16,12,10,20,28,1194
30819,2024-09-01,65,20,94,51,60,11576
30905,2024-09-01,45,21,26,27,28,4580
31005,2024-09-01,8,11,1,4,28,58
31113,2024-09-01,20,14,7,8,28,437
31125,2024-09-01,15,14,1,21,45,336
31160,2024-09-01,33,17,6,7,12,603
31179,2024-09-01,29,19,7,10,28,1146
31286,2024-09-01,20,14,86,28,60,20419
31324,2024-09-01,34,18,5,20,28,1246
31331,2024-09-01,40,21,6,11,12,1356
31348,2024-09-01,36,18,2,3,12,268
31392,2024-09-01,20,17,8,3,12,2036
31468,2024-09-01,27,17,5,25,28,1334
31563,2024-09-01,29,19,2,13,28,454
31595,2024-09-01,35,16,2,10,12,368
31691,2024-09-01,34,16,6,3,12,853
31726,2024-09-01,34,17,3,8,28,115
31786,2024-09-01,0,0,9,14,60,1609
31811,2024-09-01,45,19,8,10,12,5130
31852,2024-09-01,43,18,39,16,28,7216
32211,2024-09-01,8,8,8,16,28,1807
32302,2024-09-01,32,20,48,21,60,12113
32430,2024-09-01,33,18,40,26,28,11523
32453,2024-09-01,30,16,2,8,12,116
32521,2024-09-01,49,19,3,7,12,70
32529,2024-09-01,12,11,3,9,12,167
32531,2024-09-01,19,13,66,25,45,8783
32601,2024-09-01,24,14,8,19,28,620
32628,2024-09-01,25,14,1,22,28,266
32670,2024-09-01,28,18,12,21,28,2825
32673,2024-09-01,15,16,4,7,12,583
32811,2024-09-01,6,9,12,12,45,878
32896,2024-09-01,38,17,122,26,60,5231
32920,2024-09-01,8,12,2,4,12,128
32935,2024-09-01,48,19,59,18,28,13124
32995,2024-09-01,61,21,13,51,60,4578
33018,2024-09-01,26,17,1,10,12,220
33021,2024-09-01,26,15,4,18,28,860
33208,2024-09-01,35,20,23,46,60,6632
33350,2024-09-01,20,16,3,15,28,160
33372,2024-09-01,10,11,13,8,45,634
33383,2024-09-01,21,15,30,16,28,1953
33472,2024-09-01,36,19,64,19,45,14446
33774,2024-09-01,8,11,2,4,12,403
33778,2024-09-01,59,21,7,11,12,1036
33796,2024-09-01,30,17,14,33,45,1933
33856,2024-09-01,7,9,1,14,28,45
33871,2024-09-01,3,4,36,21,60,2440
33925,2024-09-01,10,12,2,1,12,140
33931,2024-09-01,6,9,1,6,45,173
33971,2024-09-01,40,19,13,39,45,4272
33975,2024-09-01,45,21,7,24,28,1476
33986,2024-09-01,17,13,94,29,60,4838
34013,2024-09-01,7,13,66,10,60,5744
34048,2024-09-01,31,16,7,7,12,614
34261,2024-09-01,19,16,4,17,28,729
34268,2024-09-01,28,16,1,20,28,48
34482,2024-09-01,6,9,3,33,45,70
34721,2024-09-01,25,18,34,23,28,9632
34735,2024-09-01,54,20,42,39,45,5509
34795,2024-09-01,23,16,13,7,12,3261
34863,2024-09-01,20,13,5,31,45,221
34879,2024-09-01,25,20,1,29,45,196
34988,2024-09-01,7,9,6,5,12,1069
35046,2024-09-01,28,17,5,7,12,2288
35118,2024-09-01,3,4,2,3,12,50
35136,2024-09-01,21,17,2,8,12,294
35343,2024-09-01,13,12,5,8,28,620
35528,2024-09-01,34,18,2,8,12,134
35710,2024-09-01,36,19,4,24,28,894
35860,2024-09-01,44,19,2,24,28,190
35933,2024-09-01,5,7,43,6,60,5221
36021,2024-09-01,36,21,2,7,12,131
36196,2024-09-01,58,19,50,39,60,14959
36197,2024-09-01,14,13,8,13,28,255
36206,2024-09-01,25,15,6,9,12,1937
36413,2024-09-01,6,6,50,22,60,3409
36791,2024-09-01,27,17,3,20,28,863
36833,2024-09-01,24,17,31,29,45,9525
36920,2024-09-01,38,19,6,22,28,665
36980,2024-09-01,5,9,27,4,28,1573
37109,2024-09-01,39,19,46,37,45,7851
37134,2024-09-01,59,21,10,11,12,931
37179,2024-09-01,25,16,7,9,12,445
37398,2024-09-01,27,18,8,22,28,608
37460,2024-09-01,17,13,102,45,60,41207
37476,2024-09-01,32,19,4,23,28,1356
37500,2024-09-01,12,12,4,21,28,274
37563,2024-09-01,28,17,59,41,45,6219
37605,2024-09-01,13,12,52,20,28,2259
37672,2024-09-01,21,16,57,23,28,21005
37940,2024-09-01,55,22,10,27,28,2547
37982,2024-09-01,38,18,11,40,60,2014
38111,2024-09-01,15,14,4,8,12,1003
38198,2024-09-01,20,13,3,4,12,579
38227,2024-09-01,22,14,3,17,28,446
38252,2024-09-01,11,13,9,10,45,1651
38270,2024-09-01,9,10,7,19,45,2623
38664,2024-09-01,41,20,11,19,28,2056
38728,2024-09-01,5,9,2,3,12,452
38766,2024-09-01,29,16,73,36,45,14412
38770,2024-09-01,41,22,158,55,60,11850
38812,2024-09-01,8,10,4,1,12,274
38848,2024-09-01,13,11,72,8,60,29742
38906,2024-09-01,22,14,33,38,60,9184
39037,2024-09-01,29,17,2,11,28,346
39062,2024-09-01,10,10,6,15,28,1148
39190,2024-09-01,9,11,6,27,45,1123
39196,2024-09-01,20,17,3,10,12,408
39248,2024-09-01,24,15,55,26,28,10035
39416,2024-09-01,25,16,48,42,60,8178
39666,2024-09-01,5,7,1,11,28,159
39715,2024-09-01,35,18,77,41,60,16125
39869,2024-09-01,20,15,6,4,12,322
40017,2024-09-01,2,3,13,10,45,1033
40166,2024-09-01,6,8,1,31,45,36
40485,2024-09-01,29,18,8,10,12,361
40757,2024-09-01,39,22,9,43,45,1868
40892,2024-09-01,20,16,20,13,45,393
40936,2024-09-01,42,19,3,24,28,1262
41124,2024-09-01,35,19,3,41,45,244
41180,2024-09-01,61,21,8,9,12,267
41324,2024-09-01,13,11,3,10,28,184
41404,2024-09-01,34,16,2,6,12,168
41475,2024-09-01,18,13,25,14,28,8238
41531,2024-09-01,15,15,35,45,60,2236
41542,2024-09-01,25,17,24,15,45,1027
41554,2024-09-01,59,21,11,25,28,2686
41601,2024-09-01,27,17,2,4,12,194
41660,2024-09-01,41,20,6,23,28,859
41704,2024-09-01,40,19,1,21,28,169
41709,2024-09-01,7,9,38,11,45,2608
41717,2024-09-01,21,16,3,7,12,338
41740,2024-09-01,10,11,5,11,12,876
41776,2024-09-01,56,22,2,20,28,263
41834,2024-09-01,6,7,5,4,12,201
41888,2024-09-01,32,19,58,20,28,25947
41956,2024-09-01,40,20,9,10,12,348
41970,2024-09-01,37,17,10,28,45,1729
42058,2024-09-01,29,18,8,13,28,1071
42105,2024-09-01,32,18,10,10,12,1810
42170,2024-09-01,56,22,8,11,12,3228
42176,2024-09-01,26,16,8,7,12,795
42264,2024-09-01,9,10,6,23,45,768
42398,2024-09-01,6,7,83,7,60,17204
42428,2024-09-01,22,15,4,11,28,411
42446,2024-09-01,20,15,2,6,12,364
42536,2024-09-01,16,12,5,5,12,976
42620,2024-09-01,30,20,9,7,12,1301
42704,2024-09-01,24,16,16,15,28,486
42868,2024-09-01,27,18,1,11,28,114
43041,2024-09-01,36,21,101,41,60,21191
43165,2024-09-01,13,11,33,14,28,7319
43194,2024-09-01,19,18,2,11,28,353
43202,2024-09-01,46,18,15,35,45,1824
43280,2024-09-01,20,13,35,11,28,1799
43444,2024-09-01,32,16,8,21,28,1026
43540,2024-09-01,42,22,3,7,12,1084
43665,2024-09-01,18,14,2,19,28,188
43777,2024-09-01,12,12,28,5,45,879
43882,2024-09-01,40,17,4,3,12,876
44058,2024-09-01,9,11,6,5,12,903
44458,2024-09-01,15,10,18,31,60,2034
44476,2024-09-01,38,20,8,19,28,375
44484,2024-09-01,24,14,1,14,28,106
44491,2024-09-01,15,15,13,13,60,1549
44570,2024-09-01,6,10,28,2,60,1806
44577,2024-09-01,15,16,1,11,12,89
44722,2024-09-01,37,19,11,31,45,2051
44851,2024-09-01,35,20,1,11,12,305
44979,2024-09-01,25,14,6,10,12,184
45231,2024-09-01,11,11,26,12,45,4577
45236,2024-09-01,28,19,4,9,12,935
45290,2024-09-01,43,20,8,26,28,1484
45344,2024-09-01,17,15,44,19,28,4284
45395,2024-09-01,29,14,10,9,12,1381
45507,2024-09-01,22,15,3,12,28,653
45541,2024-09-01,13,13,33,4,45,5470
45556,2024-09-01,22,16,4,31,45,85
45606,2024-09-01,26,18,24,24,45,2639
45608,2024-09-01,22,16,1,5,12,242
45702,2024-09-01,3,6,1,3,12,85
45757,2024-09-01,23,15,4,30,45,122
45909,2024-09-01,17,14,25,11,28,4026
45983,2024-09-01,8,8,38,38,60,14316
46074,2024-09-01,26,16,36,50,60,7987
46114,2024-09-01,10,10,3,9,28,284
46227,2024-09-01,8,10,4,5,12,405
46302,2024-09-01,65,22,27,42,45,4757
46452,2024-09-01,10,12,8,8,28,1038
46487,2024-09-01,4,6,3,6,12,1007
46503,2024-09-01,25,19,70,45,60,9360
46659,2024-09-01,14,14,3,7,12,77
46708,2024-09-01,19,14,5,10,28,937
46731,2024-09-01,5,7,3,8,28,84
46829,2024-09-01,16,14,124,27,45,8436
46887,2024-09-01,21,15,2,21,28,319
46903,2024-09-01,31,16,9,19,45,378
46968,2024-09-01,36,17,6,24,28,1343
47036,2024-09-01,10,10,7,2,12,378
47046,2024-09-01,21,18,40,15,28,4432
47280,2024-09-01,21,15,3,9,28,552
47527,2024-09-01,47,21,7,10,28,1152
47666,2024-09-01,25,16,5,7,12,1030
47832,2024-09-01,20,15,45,7,28,4483
47858,2024-09-01,31,15,138,22,60,9401
47874,2024-09-01,35,18,119,36,45,7617
47889,2024-09-01,31,16,101,49,60,67553
47913,2024-09-01,12,15,7,2,12,547
47989,2024-09-01,5,8,4,14,28,590
48299,2024-09-01,12,12,7,4,12,669
48337,2024-09-01,19,19,4,5,12,283
48428,2024-09-01,19,12,1,25,28,148
48538,2024-09-01,20,17,1,8,12,182
48567,2024-09-01,46,20,4,9,12,1522
48639,2024-09-01,50,19,6,18,28,106
48808,2024-09-01,28,18,47,30,45,3023
48925,2024-09-01,4,5,12,7,28,427
49130,2024-09-01,59,20,6,22,28,1531
49214,2024-09-01,26,18,6,9,12,1114
49249,2024-09-01,42,19,68,29,45,26451
49323,2024-09-01,16,15,47,22,28,2582
49606,2024-09-01,28,16,2,3,12,90
49617,2024-09-01,19,15,11,10,28,910
49791,2024-09-01,29,16,77,28,60,8892
49872,2024-09-01,14,14,5,16,28,12
49884,2024-09-01,49,21,67,37,45,8553
49913,2024-09-01,28,18,5,10,28,444
49980,2024-09-01,21,17,22,40,60,2336
19,2024-10-01,40,20,7,16,28,2408
23,2024-10-01,41,18,8,24,28,2087
48,2024-10-01,37,19,5,10,12,349
58,2024-10-01,21,16,5,17,28,335
119,2024-10-01,5,7,36,14,45,1810
222,2024-10-01,33,20,3,10,12,307
334,2024-10-01,73,22,66,27,28,23753
341,2024-10-01,15,14,28,27,45,6626
356,2024-10-01,29,16,6,5,12,411
379,2024-10-01,54,20,11,25,45,2606
508,2024-10-01,2,3,30,8,60,3174
685,2024-10-01,5,10,2,3,12,295
689,2024-10-01,15,14,2,23,28,290
738,2024-10-01,29,17,95,13,45,9286
855,2024-10-01,46,21,6,25,28,938
1001,2024-10-01,29,18,6,26,45,2315
1048,2024-10-01,59,22,37,27,28,3562
1054,2024-10-01,28,17,4,4,12,411
1061,2024-10-01,53,20,6,11,12,1661
1074,2024-10-01,24,16,6,4,12,289
1092,2024-10-01,26,19,3,5,12,158
1240,2024-10-01,21,15,6,23,45,448
1314,2024-10-01,15,13,5,10,28,153
1362,2024-10-01,12,10,2,11,45,220
1385,2024-10-01,73,21,2,27,28,783
1387,2024-10-01,8,10,3,8,28,85
1917,2024-10-01,35,18,36,22,60,531
1974,2024-10-01,31,17,4,20,28,112
1983,2024-10-01,57,21,57,31,45,26935
2044,2024-10-01,23,15,1,9,12,53
2082,2024-10-01,29,17,32,32,45,2762
2244,2024-10-01,6,9,3,7,12,99
2383,2024-10-01,13,14,6,5,12,1059
2529,2024-10-01,4,8,2,4,12,244
2554,2024-10-01,25,15,74,51,60,7412
2575,2024-10-01,63,22,3,10,12,51
2608,2024-10-01,20,14,11,28,45,3503
2620,2024-10-01,16,13,5,26,60,1361
2705,2024-10-01,16,12,15,42,60,1130
2754,2024-10-01,60,20,2,21,28,362
2761,2024-10-01,24,13,6,7,12,1009
2768,2024-10-01,11,12,1,29,45,55
3054,2024-10-01,47,20,3,10,12,625
3171,2024-10-01,38,20,59,46,60,20623
3262,2024-10-01,48,20,42,17,28,819
3285,2024-10-01,64,20,54,55,60,9684
3295,2024-10-01,47,21,54,22,28,5120
3421,2024-10-01,49,21,18,56,60,8564
3422,2024-10-01,26,17,15,22,28,780
3583,2024-10-01,64,21,2,10,12,1025
3669,2024-10-01,21,14,6,15,28,338
4281,2024-10-01,41,19,12,15,28,1218
4306,2024-10-01,35,21,5,23,28,459
4613,2024-10-01,8,10,4,8,28,966
4626,2024-10-01,7,12,23,17,45,1869
4788,2024-10-01,38,20,21,26,45,6339
4810,2024-10-01,25,14,29,35,45,2033
4819,2024-10-01,6,11,130,8,60,8102
4922,2024-10-01,5,8,4,18,28,52
4988,2024-10-01,29,20,31,28,45,2248
5023,2024-10-01,44,18,11,11,12,2905
5046,2024-10-01,18,18,25,34,45,4541
5199,2024-10-01,49,20,8,24,28,4354
5215,2024-10-01,6,9,11,26,60,955
5217,2024-10-01,18,13,11,4,12,667
5329,2024-10-01,20,15,87,33,60,16527
5370,2024-10-01,10,12,37,22,60,9656
5411,2024-10-01,37,17,69,42,45,9710
5513,2024-10-01,20,15,30,41,60,3317
5535,2024-10-01,11,14,29,24,60,402
5566,2024-10-01,8,11,2,4,28,106
5657,2024-10-01,43,19,1,11,12,26
5678,2024-10-01,3,5,1,14,45,49
5717,2024-10-01,29,20,19,40,45,105
5749,2024-10-01,33,22,3,19,28,683
5754,2024-10-01,7,9,2,10,12,174
5786,2024-10-01,60,21,4,22,28,1508
5985,2024-10-01,40,19,4,10,12,278
6051,2024-10-01,10,13,6,5,12,265
6058,2024-10-01,26,16,6,18,28,1111
6092,2024-10-01,35,19,53,32,45,10792
6096,2024-10-01,26,16,8,10,45,328
6100,2024-10-01,45,21,25,41,45,6626
6117,2024-10-01,23,18,75,30,45,5046
6134,2024-10-01,12,13,2,6,12,255
6149,2024-10-01,36,20,64,23,45,18542
6250,2024-10-01,15,12,5,4,12,758
6293,2024-10-01,18,13,44,25,45,3613
6298,2024-10-01,18,16,8,9,28,783
6359,2024-10-01,13,12,1,8,12,195
6362,2024-10-01,59,20,4,11,12,991
6487,2024-10-01,51,21,5,9,12,414
6514,2024-10-01,6,11,5,2,28,169
6515,2024-10-01,20,17,3,14,28,211
6545,2024-10-01,17,13,16,29,45,2409
6557,2024-10-01,20,13,70,46,60,6759
6653,2024-10-01,5,7,7,27,45,483
6669,2024-10-01,14,11,5,10,12,1111
6670,2024-10-01,16,15,28,39,60,2739
6693,2024-10-01,54,21,46,56,60,30941
6744,2024-10-01,51,20,28,37,45,5749
6786,2024-10-01,5,8,14,12,45,1551
6814,2024-10-01,52,21,7,7,12,70
7058,2024-10-01,21,15,29,21,28,4752
7225,2024-10-01,38,19,24,36,45,4694
7227,2024-10-01,30,18,16,18,28,872
7342,2024-10-01,43,19,15,35,45,5260
7357,2024-10-01,56,22,11,18,28,1688
7429,2024-10-01,16,15,162,9,60,14348
7430,2024-10-01,16,12,4,6,12,900
7486,2024-10-01,9,14,4,8,12,62
7497,2024-10-01,25,15,50,25,28,5889
7526,2024-10-01,29,15,148,41,45,25223
7979,2024-10-01,18,13,98,39,60,57913
8004,2024-10-01,17,14,31,35,60,3343
8013,2024-10-01,40,22,5,42,45,777
8039,2024-10-01,4,6,2,11,28,164
8085,2024-10-01,30,16,9,25,28,207
8107,2024-10-01,15,14,16,15,28,1617
8179,2024-10-01,28,19,36,22,28,5236
8186,2024-10-01,21,16,29,14,45,2221
8339,2024-10-01,37,19,33,41,45,3091
8359,2024-10-01,27,16,63,45,60,11857
8377,2024-10-01,36,19,4,10,12,548
8392,2024-10-01,52,22,8,10,12,3442
8642,2024-10-01,22,18,6,22,28,516
8646,2024-10-01,1,2,1,1,12,46
8712,2024-10-01,23,17,4,18,28,104
8727,2024-10-01,17,12,9,8,28,2304
8775,2024-10-01,45,19,1,6,12,157
8799,2024-10-01,16,11,9,16,28,1430
8844,2024-10-01,35,17,11,24,28,1151
8874,2024-10-01,18,19,40,13,28,3136
8895,2024-10-01,39,17,122,33,60,29421
8982,2024-10-01,9,8,35,29,60,4443
9083,2024-10-01,47,22,5,11,12,1638
9104,2024-10-01,18,16,3,18,28,114
9112,2024-10-01,32,18,62,23,28,6257
9141,2024-10-01,30,17,3,23,28,965
9157,2024-10-01,12,11,8,18,28,846
9272,2024-10-01,21,15,2,10,12,505
9399,2024-10-01,36,21,3,10,12,622
9477,2024-10-01,8,11,21,24,60,1805
9505,2024-10-01,9,10,43,30,45,3243
9557,2024-10-01,14,13,57,41,45,3788
9565,2024-10-01,6,8,31,11,28,1653
9636,2024-10-01,36,19,21,18,28,1848
9703,2024-10-01,51,19,25,43,60,1659
9720,2024-10-01,34,18,11,11,12,924
9768,2024-10-01,23,17,27,11,45,9237
9836,2024-10-01,15,14,43,27,45,13644
9866,2024-10-01,14,14,9,7,12,1031
9913,2024-10-01,56,21,2,25,28,119
10006,2024-10-01,36,18,49,7,45,3618
10214,2024-10-01,21,15,2,9,12,174
10289,2024-10-01,2,3,9,7,45,1253
10299,2024-10-01,38,21,98,51,60,29228
10316,2024-10-01,18,15,36,10,45,10314
10330,2024-10-01,60,21,172,41,45,49854
10376,2024-10-01,10,13,2,15,28,115
10429,2024-10-01,27,16,57,20,45,4744
10457,2024-10-01,9,12,3,5,12,519
10490,2024-10-01,50,19,4,11,12,863
10578,2024-10-01,32,17,49,40,45,3285
10771,2024-10-01,19,16,25,11,45,1789
10776,2024-10-01,9,12,1,8,12,252
10883,2024-10-01,27,18,98,46,60,13584
10941,2024-10-01,15,16,13,40,45,656
10974,2024-10-01,19,15,16,21,45,280
11117,2024-10-01,45,19,178,37,45,25841
11277,2024-10-01,30,16,89,39,60,7560
11348,2024-10-01,49,20,3,10,12,72
11425,2024-10-01,25,18,14,35,45,2655
11496,2024-10-01,54,20,1,14,28,306
11527,2024-10-01,30,16,3,22,28,624
11650,2024-10-01,30,17,17,25,60,2663
11877,2024-10-01,12,10,6,7,12,535
11883,2024-10-01,52,19,56,34,45,12850
12008,2024-10-01,52,21,3,9,12,273
12095,2024-10-01,14,12,30,22,45,4047
12103,2024-10-01,18,14,36,17,45,4329
12136,2024-10-01,22,16,9,11,12,701
12176,2024-10-01,28,16,37,24,45,1927
12218,2024-10-01,26,18,8,4,12,331
12276,2024-10-01,56,19,4,10,12,1210
12321,2024-10-01,22,15,35,35,45,2125
12357,2024-10-01,62,22,47,43,45,2821
12358,2024-10-01,19,18,5,8,28,748
12375,2024-10-01,32,18,49,44,60,6129
12436,2024-10-01,25,19,5,26,28,298
12473,2024-10-01,10,13,1,11,28,57
12587,2024-10-01,40,18,41,14,45,5258
12588,2024-10-01,7,10,5,4,12,371
12590,2024-10-01,41,21,110,50,60,18688
12617,2024-10-01,37,19,54,34,60,885
12832,2024-10-01,9,12,7,2,12,863
12867,2024-10-01,26,16,8,15,28,2409
12923,2024-10-01,18,17,21,10,45,2457
12931,2024-10-01,9,9,7,7,28,654
12951,2024-10-01,38,21,108,55,60,28847
12962,2024-10-01,32,20,37,14,28,8957
12990,2024-10-01,23,14,2,7,12,277
13010,2024-10-01,50,19,82,42,45,14149
13155,2024-10-01,39,18,1,11,12,232
13215,2024-10-01,33,16,9,23,28,2433
13230,2024-10-01,8,10,1,16,28,51
13254,2024-10-01,47,19,8,26,28,2077
13308,2024-10-01,18,17,3,9,12,103
13422,2024-10-01,12,14,92,14,60,5793
13468,2024-10-01,54,20,3,22,28,273
13552,2024-10-01,17,13,4,10,28,359
13575,2024-10-01,7,9,7,5,60,748
13618,2024-10-01,46,21,1,23,28,125
13637,2024-10-01,28,14,9,19,28,489
13704,2024-10-01,6,9,2,2,12,203
14020,2024-10-01,37,18,2,11,28,520
14271,2024-10-01,30,17,7,11,12,1288
14289,2024-10-01,52,22,41,45,60,6043
14362,2024-10-01,6,7,3,7,12,277
14388,2024-10-01,11,11,3,5,12,281
14642,2024-10-01,8,10,1,6,45,12
14690,2024-10-01,0,0,54,5,60,5214
14732,2024-10-01,55,21,7,24,28,268
14778,2024-10-01,5,7,5,16,45,487
14803,2024-10-01,25,18,10,4,12,3495
14837,2024-10-01,43,20,21,20,45,5257
14970,2024-10-01,25,18,2,17,28,136
15049,2024-10-01,22,16,8,5,12,796
15189,2024-10-01,31,20,8,9,12,1177
15256,2024-10-01,51,22,10,7,12,1266
15389,2024-10-01,16,12,3,7,12,204
15412,2024-10-01,22,15,16,17,28,768
15472,2024-10-01,5,7,3,3,28,349
15508,2024-10-01,2,2,2,7,45,196
15612,2024-10-01,34,18,8,2,12,430
15628,2024-10-01,36,21,30,19,45,3129
15642,2024-10-01,16,15,3,22,28,511
15791,2024-10-01,28,17,2,9,12,642
16009,2024-10-01,27,17,36,37,45,10383
16073,2024-10-01,26,18,46,40,45,5482
16280,2024-10-01,45,20,10,26,28,2820
16353,2024-10-01,66,22,6,9,12,794
16381,2024-10-01,26,17,5,10,12,517
16405,2024-10-01,11,12,75,27,60,9498
16664,2024-10-01,23,16,3,7,28,265
16705,2024-10-01,20,13,4,10,12,236
16712,2024-10-01,8,12,50,27,60,2804
16769,2024-10-01,20,14,27,7,45,4915
16832,2024-10-01,22,14,2,26,28,241
17095,2024-10-01,28,18,27,31,60,8144
17368,2024-10-01,30,17,7,16,28,801
17430,2024-10-01,48,19,172,49,60,1022
17555,2024-10-01,20,14,29,20,28,1416
17648,2024-10-01,19,17,5,10,12,413
17724,2024-10-01,38,18,1,20,28,560
17794,2024-10-01,14,14,14,12,28,3341
17800,2024-10-01,46,20,22,43,45,3154
17818,2024-10-01,43,20,10,16,28,1135
17920,2024-10-01,4,6,5,5,60,159
17974,2024-10-01,21,16,8,10,12,494
17993,2024-10-01,49,20,34,27,60,3797
17998,2024-10-01,37,20,7,11,12,563
18013,2024-10-01,37,19,5,8,12,461
18057,2024-10-01,44,19,7,24,28,1639
18088,2024-10-01,37,18,8,17,28,2096
18104,2024-10-01,10,13,12,4,45,1634
18130,2024-10-01,39,21,63,16,45,10293
18211,2024-10-01,12,11,4,19,28,758
18219,2024-10-01,52,21,23,43,45,2437
18303,2024-10-01,19,13,8,32,45,1399
18662,2024-10-01,20,15,6,4,12,766
18710,2024-10-01,43,19,6,21,28,699
18720,2024-10-01,34,19,7,28,45,1423
18732,2024-10-01,27,17,2,9,12,430
18808,2024-10-01,26,17,5,10,12,316
18811,2024-10-01,33,19,1,24,45,198
18901,2024-10-01,31,17,21,22,28,2809
18914,2024-10-01,41,19,8,4,12,160
18943,2024-10-01,9,12,5,4,12,809
19002,2024-10-01,43,20,63,36,45,1460
19036,2024-10-01,21,16,36,47,60,13861
19079,2024-10-01,61,20,37,24,28,11954
19095,2024-10-01,25,16,8,19,28,498
19198,2024-10-01,4,7,9,13,28,1367
19468,2024-10-01,2,4,4,4,12,227
19560,2024-10-01,24,19,10,6,12,3134
19729,2024-10-01,28,19,14,22,28,706
19777,2024-10-01,30,19,5,8,12,170
19926,2024-10-01,29,17,4,35,45,111
20071,2024-10-01,36,20,7,10,12,580
20131,2024-10-01,23,15,1,8,28,309
20162,2024-10-01,23,16,25,33,45,1975
20296,2024-10-01,24,13,10,3,12,2916
20357,2024-10-01,49,20,65,46,60,29396
20457,2024-10-01,53,18,3,25,28,491
20493,2024-10-01,48,20,7,25,28,1153
20516,2024-10-01,33,18,8,23,28,902
20595,2024-10-01,9,9,2,3,12,215
20686,2024-10-01,16,14,59,40,60,5843
20711,2024-10-01,22,15,26,44,60,4035
20940,2024-10-01,38,17,5,6,12,827
20987,2024-10-01,47,20,5,11,12,285
20992,2024-10-01,19,13,5,10,12,795
21026,2024-10-01,49,21,6,9,12,398
21126,2024-10-01,28,15,5,7,28,748
21189,2024-10-01,47,19,3,11,12,1018
21504,2024-10-01,31,19,5,24,28,1666
21512,2024-10-01,35,18,1,9,12,219
21542,2024-10-01,18,14,5,6,12,550
21682,2024-10-01,7,12,25,22,45,6261
21751,2024-10-01,7,8,9,32,45,1023
22110,2024-10-01,30,16,4,3,12,281
22139,2024-10-01,32,15,3,6,12,223
22154,2024-10-01,30,18,7,10,12,2144
22215,2024-10-01,5,8,3,3,12,61
22217,2024-10-01,39,19,12,23,28,806
22372,2024-10-01,39,19,7,7,12,1174
22475,2024-10-01,6,7,6,13,28,675
22485,2024-10-01,38,19,21,23,28,1685
22487,2024-10-01,30,18,1,15,28,277
22603,2024-10-01,46,19,143,55,60,29403
22676,2024-10-01,30,18,4,13,28,1752
22710,2024-10-01,31,16,3,6,12,853
22756,2024-10-01,33,21,2,9,12,373
22825,2024-10-01,10,12,7,33,60,1080
22836,2024-10-01,52,21,7,23,28,2731
22915,2024-10-01,41,21,5,10,12,687
22949,2024-10-01,11,11,29,38,60,1914
22999,2024-10-01,32,18,38,40,45,4421
23108,2024-10-01,6,7,0,7,28,0
23169,2024-10-01,28,16,5,6,12,1742
23467,2024-10-01,27,18,24,32,45,2530
23490,2024-10-01,15,15,8,3,12,1106
23508,2024-10-01,16,12,2,21,45,590
23512,2024-10-01,18,15,5,7,28,696
23931,2024-10-01,36,18,48,25,28,8302
23959,2024-10-01,16,15,4,11,12,262
24011,2024-10-01,18,14,3,5,28,566
24199,2024-10-01,52,21,16,41,45,4190
24244,2024-10-01,39,20,15,39,45,419
24530,2024-10-01,39,20,11,9,12,2173
24563,2024-10-01,30,17,6,8,12,580
24595,2024-10-01,29,13,11,5,12,670
24630,2024-10-01,20,14,7,23,28,1107
24703,2024-10-01,19,16,3,11,28,354
24712,2024-10-01,36,18,22,39,45,5036
24733,2024-10-01,22,19,9,20,28,1039
24772,2024-10-01,24,17,3,10,12,150
24829,2024-10-01,14,14,6,15,28,232
24838,2024-10-01,16,19,3,4,12,37
24948,2024-10-01,51,18,12,11,12,4011
25035,2024-10-01,38,19,7,10,12,604
25145,2024-10-01,23,15,6,10,12,823
25235,2024-10-01,24,17,2,19,28,194
25256,2024-10-01,22,15,36,35,45,3415
25308,2024-10-01,5,8,55,12,45,1062
25319,2024-10-01,54,20,3,8,12,212
25336,2024-10-01,12,12,3,3,12,417
25560,2024-10-01,8,10,2,20,28,182
25577,2024-10-01,14,14,45,54,60,8350
25666,2024-10-01,7,9,14,18,60,494
25679,2024-10-01,31,18,53,21,45,7953
25687,2024-10-01,43,19,5,22,28,225
25694,2024-10-01,20,17,15,22,28,2353
25919,2024-10-01,40,20,29,24,28,13173
25988,2024-10-01,36,19,4,9,12,151
26042,2024-10-01,48,20,10,11,12,1607
26445,2024-10-01,32,21,7,14,28,355
26507,2024-10-01,23,15,3,7,12,695
26521,2024-10-01,54,20,4,8,12,769
26568,2024-10-01,7,12,98,27,45,3101
26592,2024-10-01,9,12,1,10,28,28
26817,2024-10-01,32,20,55,13,28,29706
26878,2024-10-01,19,16,5,2,12,1071
26911,2024-10-01,33,18,2,8,12,635
27133,2024-10-01,41,17,10,20,28,2143
27337,2024-10-01,61,22,25,52,60,3775
27387,2024-10-01,23,14,28,49,60,2873
27489,2024-10-01,23,16,10,37,45,628
27545,2024-10-01,48,21,4,11,12,402
27588,2024-10-01,22,14,2,12,45,189
27708,2024-10-01,82,22,95,57,60,36670
27791,2024-10-01,9,10,21,18,45,2044
28082,2024-10-01,29,16,5,6,28,1823
28203,2024-10-01,44,20,10,21,28,1123
28239,2024-10-01,40,20,5,19,28,260
28276,2024-10-01,33,19,6,24,28,918
28278,2024-10-01,31,17,25,39,45,2505
28397,2024-10-01,53,19,60,13,45,9712
28412,2024-10-01,19,15,7,5,12,1142
28440,2024-10-01,26,19,3,5,12,97
28826,2024-10-01,5,7,14,6,28,2043
28899,2024-10-01,31,19,4,14,45,942
28909,2024-10-01,6,9,1,3,12,85
28987,2024-10-01,15,13,37,9,28,12326
29124,2024-10-01,32,16,149,40,60,5270
29155,2024-10-01,9,11,11,21,28,1717
29218,2024-10-01,51,19,7,27,28,1061
29302,2024-10-01,6,7,60,13,45,7869
29303,2024-10-01,42,18,69,7,28,9278
29327,2024-10-01,38,18,2,6,12,365
29331,2024-10-01,10,10,2,7,12,33
29367,2024-10-01,35,19,19,22,28,511
29499,2024-10-01,38,22,32,31,45,4131
29526,2024-10-01,3,4,3,3,12,250
29667,2024-10-01,17,13,48,33,45,8756
29679,2024-10-01,24,16,6,18,28,1103
29688,2024-10-01,25,14,6,9,12,922
29721,2024-10-01,29,17,7,7,12,1386
29769,2024-10-01,17,14,2,1,28,225
29805,2024-10-01,39,20,3,20,28,351
29832,2024-10-01,18,16,2,24,28,169
29897,2024-10-01,21,13,1,12,28,217
29918,2024-10-01,14,12,5,6,12,210
29922,2024-10-01,22,17,39,39,60,3596
29926,2024-10-01,18,13,7,21,45,586
29939,2024-10-01,15,14,6,6,12,239
30229,2024-10-01,17,13,109,19,60,11079
30372,2024-10-01,3,4,33,30,60,2431
30382,2024-10-01,23,19,5,27,45,222
30593,2024-10-01,18,17,5,3,12,285
30607,2024-10-01,28,16,1,9,12,196
30738,2024-10-01,30,15,11,21,28,1496
30819,2024-10-01,70,20,103,50,60,16597
30905,2024-10-01,55,19,24,27,28,4416
31005,2024-10-01,6,8,1,4,28,179
31113,2024-10-01,23,14,7,8,28,422
31125,2024-10-01,13,14,1,23,45,144
31160,2024-10-01,37,20,7,6,12,1259
31179,2024-10-01,46,20,7,13,28,1136
31286,2024-10-01,19,14,88,28,60,12326
31324,2024-10-01,47,19,6,19,28,511
31331,2024-10-01,38,19,7,11,12,654
31348,2024-10-01,28,18,2,4,12,198
31392,2024-10-01,22,18,8,5,12,238
31468,2024-10-01,25,17,4,23,28,897
31563,2024-10-01,37,17,2,13,28,265
31595,2024-10-01,38,19,2,9,12,73
31691,2024-10-01,35,19,6,5,12,95
31726,2024-10-01,21,12,3,9,28,555
31786,2024-10-01,2,3,8,13,60,1038
31811,2024-10-01,44,20,8,11,12,1186
31852,2024-10-01,59,22,43,14,28,12234
32211,2024-10-01,15,15,8,15,28,789
32302,2024-10-01,28,16,52,17,60,11332
32430,2024-10-01,37,20,43,26,28,12365
32453,2024-10-01,27,17,2,7,12,415
32521,2024-10-01,43,21,3,7,12,1145
32529,2024-10-01,9,11,3,8,12,182
32531,2024-10-01,24,17,72,29,45,6806
32536,2024-10-01,5,6,3,14,45,46
32601,2024-10-01,27,17,8,20,28,1116
32628,2024-10-01,42,20,1,22,28,68
32670,2024-10-01,27,16,12,17,28,1158
32673,2024-10-01,18,16,5,7,12,493
32811,2024-10-01,8,11,14,16,45,2043
32896,2024-10-01,41,15,144,30,60,32390
32920,2024-10-01,2,4,1,4,12,25
32935,2024-10-01,45,20,62,21,28,12514
32995,2024-10-01,60,19,13,47,60,703
33018,2024-10-01,36,18,1,10,12,348
33021,2024-10-01,36,18,4,24,28,641
33208,2024-10-01,20,15,20,42,60,5358
33350,2024-10-01,29,18,3,15,28,384
33372,2024-10-01,8,9,11,8,45,1339
33383,2024-10-01,19,14,34,20,28,12598
33472,2024-10-01,52,19,67,24,45,14379
33774,2024-10-01,11,12,2,5,12,100
33778,2024-10-01,50,21,7,11,12,2098
33794,2024-10-01,49,19,67,35,45,21341
33796,2024-10-01,41,19,13,30,45,8381
33856,2024-10-01,7,9,1,13,28,38
33870,2024-10-01,46,20,56,55,60,15807
33871,2024-10-01,6,9,41,17,60,2485
33925,2024-10-01,8,11,2,2,12,93
33931,2024-10-01,6,9,1,8,45,140
33971,2024-10-01,35,20,13,41,45,3032
33975,2024-10-01,42,21,6,25,28,956
33986,2024-10-01,15,14,101,28,60,6737
34013,2024-10-01,7,9,78,8,60,7975
34048,2024-10-01,23,14,7,8,12,2743
34261,2024-10-01,29,20,4,19,28,265
34268,2024-10-01,37,18,2,21,28,517
34482,2024-10-01,8,11,4,26,45,177
34721,2024-10-01,24,16,32,20,28,975
34735,2024-10-01,62,20,50,39,45,13593
34795,2024-10-01,25,17,12,6,12,1043
34863,2024-10-01,28,18,5,35,45,1396
34879,2024-10-01,25,16,1,25,45,300
34988,2024-10-01,9,13,6,5,12,735
35046,2024-10-01,20,17,4,7,12,489
35057,2024-10-01,51,22,12,23,28,1827
35118,2024-10-01,7,8,1,3,12,126
35136,2024-10-01,27,18,2,8,12,442
35343,2024-10-01,13,12,4,6,28,211
35412,2024-10-01,52,20,47,37,60,15013
35528,2024-10-01,41,16,2,10,12,322
35710,2024-10-01,36,19,3,24,28,394
35860,2024-10-01,36,19,2,23,28,181
35933,2024-10-01,7,7,61,9,60,2033
36021,2024-10-01,44,21,2,5,12,654
36077,2024-10-01,16,14,6,25,28,225
36158,2024-10-01,24,19,1,7,12,29
36196,2024-10-01,66,21,46,41,60,6938
36197,2024-10-01,11,11,7,12,28,1592
36206,2024-10-01,26,17,6,8,12,1784
36413,2024-10-01,10,12,50,19,60,8407
36791,2024-10-01,35,15,4,23,28,1027
36833,2024-10-01,34,19,33,30,45,4833
36920,2024-10-01,42,18,5,23,28,1150
36980,2024-10-01,5,9,25,5,28,1326
37109,2024-10-01,32,15,52,38,45,2616
37134,2024-10-01,56,20,11,11,12,1921
37179,2024-10-01,39,18,9,10,12,1660
37398,2024-10-01,24,17,8,24,28,591
37424,2024-10-01,25,18,62,32,60,4666
37460,2024-10-01,15,12,116,48,60,9221
37476,2024-10-01,45,20,4,24,28,630
37500,2024-10-01,12,9,5,20,28,571
37563,2024-10-01,42,22,61,39,45,9299
37605,2024-10-01,19,15,51,17,28,5127
37672,2024-10-01,23,15,52,23,28,7588
37940,2024-10-01,62,21,10,27,28,2587
37982,2024-10-01,25,18,10,39,60,2003
38111,2024-10-01,26,16,4,8,12,383
38198,2024-10-01,33,21,2,6,12,116
38211,2024-10-01,21,15,10,8,12,1084
38227,2024-10-01,14,13,3,19,28,250
38252,2024-10-01,11,12,11,13,45,1946
38270,2024-10-01,17,13,10,20,45,1767
38664,2024-10-01,41,21,11,21,28,991
38728,2024-10-01,3,4,2,2,12,283
38766,2024-10-01,35,18,69,33,45,17594
38770,2024-10-01,42,21,163,54,60,12579
38812,2024-10-01,8,13,4,1,12,417
38848,2024-10-01,30,18,78,11,60,9828
38906,2024-10-01,14,11,31,35,60,3239
39037,2024-10-01,24,15,2,9,28,286
39062,2024-10-01,22,17,7,16,28,303
39190,2024-10-01,11,10,6,21,45,903
39196,2024-10-01,17,15,3,10,12,674
39248,2024-10-01,30,20,51,26,28,5233
39416,2024-10-01,28,15,47,47,60,2968
39666,2024-10-01,6,7,1,15,28,19
39715,2024-10-01,41,20,80,42,60,9904
39869,2024-10-01,12,10,5,3,12,461
40017,2024-10-01,5,6,18,14,45,166
40166,2024-10-01,8,10,1,33,45,64
40485,2024-10-01,46,19,8,11,12,366
40757,2024-10-01,53,21,8,43,45,2331
40892,2024-10-01,10,12,19,15,45,2659
40936,2024-10-01,30,18,4,24,28,266
41124,2024-10-01,56,21,4,40,45,1171
41180,2024-10-01,53,20,9,9,12,3359
41324,2024-10-01,14,12,5,13,28,134
41404,2024-10-01,27,18,1,5,12,96
41475,2024-10-01,21,14,26,11,28,946
41531,2024-10-01,15,12,37,39,60,2412
41542,2024-10-01,13,8,23,13,45,1664
41554,2024-10-01,59,21,10,22,28,553
41601,2024-10-01,21,17,2,5,12,399
41660,2024-10-01,37,20,5,22,28,104
41704,2024-10-01,31,18,1,22,28,163
41709,2024-10-01,12,13,48,13,45,5194
41717,2024-10-01,29,17,2,8,12,98
41740,2024-10-01,13,10,6,11,12,367
41776,2024-10-01,61,22,3,20,28,277
41834,2024-10-01,8,10,6,4,12,948
41888,2024-10-01,26,17,53,17,28,4011
41956,2024-10-01,50,19,10,9,12,3119
41970,2024-10-01,36,20,11,26,45,2536
42058,2024-10-01,42,20,8,16,28,1325
42105,2024-10-01,32,17,10,11,12,208
42170,2024-10-01,64,21,9,11,12,2419
42176,2024-10-01,30,18,8,6,12,254
42264,2024-10-01,22,17,6,23,45,622
42398,2024-10-01,7,10,66,6,60,6879
42428,2024-10-01,28,15,4,11,28,666
42446,2024-10-01,15,13,2,7,12,517
42536,2024-10-01,10,11,5,5,12,852
42620,2024-10-01,29,16,8,7,12,884
42704,2024-10-01,25,14,15,17,28,4016
42868,2024-10-01,21,16,1,11,28,375
43041,2024-10-01,21,17,105,35,60,5910
43165,2024-10-01,15,13,37,9,28,1218
43194,2024-10-01,31,19,2,17,28,78
43202,2024-10-01,52,20,15,36,45,2634
43280,2024-10-01,19,14,36,8,28,14026
43358,2024-10-01,11,14,25,21,45,2143
43444,2024-10-01,35,15,9,21,28,308
43540,2024-10-01,53,20,3,8,12,125
43665,2024-10-01,11,10,2,14,28,309
43702,2024-10-01,16,15,4,9,12,321
43777,2024-10-01,8,11,29,8,45,1375
43882,2024-10-01,33,19,4,2,12,623
44058,2024-10-01,5,7,6,5,12,765
44430,2024-10-01,19,13,39,17,28,16232
44458,2024-10-01,19,14,16,35,60,1636
44476,2024-10-01,35,20,8,20,28,529
44484,2024-10-01,30,18,1,11,28,65
44491,2024-10-01,6,8,10,8,60,535
44570,2024-10-01,10,11,30,3,60,1349
44577,2024-10-01,15,16,1,10,12,206
44722,2024-10-01,49,19,13,37,45,3246
44851,2024-10-01,28,17,2,11,12,33
44979,2024-10-01,26,17,6,9,12,265
45231,2024-10-01,22,14,28,16,45,8276
45236,2024-10-01,32,17,4,9,12,590
45290,2024-10-01,43,22,7,25,28,2187
45344,2024-10-01,31,19,48,21,28,5843
45395,2024-10-01,21,15,9,7,12,1161
45507,2024-10-01,21,17,3,16,28,65
45541,2024-10-01,24,16,33,7,45,5145
45556,2024-10-01,24,17,4,28,45,240
45606,2024-10-01,16,14,23,21,45,2480
45608,2024-10-01,12,15,1,4,12,106
45702,2024-10-01,6,9,2,2,12,183
45757,2024-10-01,22,15,5,30,45,834
45831,2024-10-01,57,21,4,7,12,542
45909,2024-10-01,17,13,24,14,28,4603
45983,2024-10-01,12,15,43,38,60,3381
46074,2024-10-01,21,17,36,50,60,4436
46114,2024-10-01,20,17,3,10,28,526
46227,2024-10-01,7,12,4,3,12,22
46302,2024-10-01,50,22,30,43,45,4421
46452,2024-10-01,2,3,7,8,28,1388
46487,2024-10-01,4,5,3,6,12,297
46503,2024-10-01,23,15,80,54,60,4413
46607,2024-10-01,43,20,11,10,12,2200
46659,2024-10-01,18,16,3,7,12,447
46708,2024-10-01,25,19,6,13,28,721
46731,2024-10-01,10,13,4,8,28,315
46829,2024-10-01,20,17,118,28,45,19492
46887,2024-10-01,15,16,2,17,28,39
46903,2024-10-01,30,16,9,21,45,1203
46968,2024-10-01,39,18,6,26,28,1784
47036,2024-10-01,23,16,9,3,12,3186
47046,2024-10-01,27,15,45,15,28,8826
47280,2024-10-01,17,15,3,5,28,344
47297,2024-10-01,10,15,41,9,60,2998
47527,2024-10-01,66,22,7,13,28,497
47666,2024-10-01,26,16,6,7,12,771
47832,2024-10-01,18,13,45,7,28,3820
47858,2024-10-01,28,20,125,26,60,16834
47863,2024-10-01,4,6,2,3,12,135
47874,2024-10-01,34,18,108,32,45,4991
47879,2024-10-01,4,6,23,13,45,1948
47889,2024-10-01,51,20,108,48,60,50900
47913,2024-10-01,14,15,7,2,12,958
47989,2024-10-01,9,11,3,12,28,584
48299,2024-10-01,8,10,5,3,12,1166
48337,2024-10-01,22,14,5,6,12,728
48428,2024-10-01,17,12,1,24,28,84
48538,2024-10-01,13,12,1,9,12,154
48567,2024-10-01,54,21,5,9,12,293
48593,2024-10-01,4,7,57,9,60,4376
48639,2024-10-01,34,19,4,16,28,566
48808,2024-10-01,35,18,47,30,45,2739
48925,2024-10-01,3,4,14,4,28,1969
49130,2024-10-01,49,21,5,23,28,301
49214,2024-10-01,27,17,6,8,12,1337
49249,2024-10-01,42,22,65,23,45,7595
49323,2024-10-01,18,14,48,19,28,4008
49606,2024-10-01,31,15,2,4,12,224
49617,2024-10-01,12,11,11,10,28,2398
49791,2024-10-01,24,17,81,23,60,4522
49872,2024-10-01,18,14,5,21,28,332
49884,2024-10-01,38,18,67,39,45,9313
49913,2024-10-01,24,19,4,9,28,337
49980,2024-10-01,17,14,19,27,60,885
19,2024-11-01,39,21,8,16,28,1756
23,2024-11-01,33,18,9,23,28,369
48,2024-11-01,45,19,6,11,12,738
58,2024-11-01,14,12,5,19,28,395
119,2024-11-01,14,11,43,24,45,5656
222,2024-11-01,51,21,2,10,12,796
334,2024-11-01,76,22,64,27,28,22698
341,2024-11-01,8,8,24,24,45,3255
356,2024-11-01,23,14,6,4,12,1294
379,2024-11-01,50,18,12,31,45,1630
508,2024-11-01,2,3,27,8,60,2616
531,2024-11-01,23,14,9,7,12,1325
685,2024-11-01,6,10,2,3,12,361
689,2024-11-01,20,13,3,23,28,105
738,2024-11-01,30,18,110,12,45,10675
855,2024-11-01,38,22,6,23,28,785
1001,2024-11-01,43,21,7,27,45,2186
1048,2024-11-01,70,22,43,27,28,3099
1054,2024-11-01,36,22,5,5,12,284
1061,2024-11-01,61,20,5,11,12,742
1074,2024-11-01,12,11,7,5,12,378
1092,2024-11-01,39,20,3,4,12,271
1240,2024-11-01,33,17,6,22,45,2637
1314,2024-11-01,18,15,4,11,28,181
1362,2024-11-01,12,11,2,10,45,233
1385,2024-11-01,58,21,2,27,28,342
1387,2024-11-01,6,10,2,7,28,240
1806,2024-11-01,32,18,46,19,45,4052
1807,2024-11-01,33,17,24,26,60,3487
1917,2024-11-01,26,17,31,18,60,4646
1974,2024-11-01,28,17,4,20,28,1052
1983,2024-11-01,39,20,51,30,45,17155
2044,2024-11-01,18,15,1,9,12,76
2082,2024-11-01,27,17,35,34,45,9277
2244,2024-11-01,8,9,3,6,12,318
2383,2024-11-01,23,16,7,4,12,1442
2529,2024-11-01,3,6,2,4,12,206
2554,2024-11-01,33,20,81,51,60,14622
2575,2024-11-01,47,22,3,10,12,83
2608,2024-11-01,18,14,8,29,45,2513
2620,2024-11-01,14,14,5,24,60,983
2705,2024-11-01,21,18,15,46,60,2177
2754,2024-11-01,54,22,2,20,28,140
2761,2024-11-01,40,19,6,6,12,1456
2768,2024-11-01,11,12,1,27,45,52
3054,2024-11-01,52,21,4,9,12,494
3171,2024-11-01,27,14,52,53,60,27600
3262,2024-11-01,36,16,36,17,28,7969
3285,2024-11-01,62,21,57,52,60,11851
3295,2024-11-01,55,21,62,22,28,17447
3421,2024-11-01,54,22,19,55,60,3599
3422,2024-11-01,31,20,14,23,28,1709
3470,2024-11-01,23,16,8,2,12,1444
3583,2024-11-01,61,20,2,10,12,408
3656,2024-11-01,33,19,8,8,12,4559
3669,2024-11-01,18,17,8,18,28,749
4281,2024-11-01,36,19,12,13,28,2861
4306,2024-11-01,36,19,6,23,28,581
4534,2024-11-01,15,13,1,20,45,166
4613,2024-11-01,4,7,4,7,28,100
4626,2024-11-01,6,9,19,16,45,3668
4788,2024-11-01,41,17,19,24,45,5986
4810,2024-11-01,20,14,28,28,45,15046
4819,2024-11-01,8,9,128,9,60,2801
4922,2024-11-01,5,7,5,14,28,140
4988,2024-11-01,26,15,27,18,45,1542
5023,2024-11-01,44,19,10,11,12,3643
5046,2024-11-01,22,13,29,38,45,3000
5199,2024-11-01,48,19,9,23,28,1303
5215,2024-11-01,8,13,12,27,60,1989
5217,2024-11-01,13,13,10,5,12,619
5329,2024-11-01,21,19,72,25,60,18467
5370,2024-11-01,16,13,40,27,60,5031
5411,2024-11-01,59,21,68,43,45,10664
5513,2024-11-01,36,18,30,46,60,4723
5535,2024-11-01,5,9,24,24,60,739
5566,2024-11-01,5,10,3,7,28,792
5657,2024-11-01,35,19,1,11,12,95
5678,2024-11-01,5,7,1,9,45,145
5717,2024-11-01,24,16,20,31,45,574
5749,2024-11-01,35,20,4,19,28,1273
5754,2024-11-01,13,12,2,9,12,209
5786,2024-11-01,61,22,4,23,28,1268
5985,2024-11-01,59,21,5,10,12,656
6051,2024-11-01,19,17,7,8,12,471
6058,2024-11-01,35,19,6,17,28,408
6092,2024-11-01,33,18,50,29,45,491
6096,2024-11-01,22,14,8,14,45,1631
6100,2024-11-01,57,22,26,41,45,3100
6117,2024-11-01,21,17,82,22,45,18266
6134,2024-11-01,16,12,2,5,12,266
6149,2024-11-01,34,18,64,19,45,15026
6250,2024-11-01,10,11,5,4,12,199
6293,2024-11-01,13,12,47,20,45,4502
6298,2024-11-01,18,17,8,8,28,720
6359,2024-11-01,21,17,1,8,12,128
6362,2024-11-01,50,21,5,11,12,471
6487,2024-11-01,38,17,4,8,12,1684
6514,2024-11-01,5,7,5,1,28,410
6515,2024-11-01,22,14,2,12,28,234
6545,2024-11-01,33,19,19,30,45,5430
6557,2024-11-01,24,17,67,47,60,11126
6653,2024-11-01,8,11,6,26,45,811
6669,2024-11-01,21,15,5,10,12,1286
6670,2024-11-01,15,13,25,35,60,3838
6693,2024-11-01,51,21,50,54,60,8758
6744,2024-11-01,49,21,27,37,45,4179
6786,2024-11-01,6,7,15,16,45,2584
6814,2024-11-01,55,22,8,8,12,1307
6909,2024-11-01,16,16,4,7,28,713
7058,2024-11-01,35,19,31,20,28,2098
7225,2024-11-01,37,19,25,34,45,6133
7227,2024-11-01,22,19,14,20,28,1289
7342,2024-11-01,39,20,13,37,45,1435
7357,2024-11-01,49,22,10,17,28,962
7429,2024-11-01,13,13,169,9,60,8768
7430,2024-11-01,16,12,4,6,12,1050
7486,2024-11-01,3,6,4,9,12,386
7497,2024-11-01,28,17,54,22,28,2217
7526,2024-11-01,36,19,147,39,45,6204
7979,2024-11-01,16,11,82,32,60,10233
8004,2024-11-01,18,13,30,34,60,8918
8013,2024-11-01,49,19,6,43,45,2224
8039,2024-11-01,6,11,2,12,28,114
8085,2024-11-01,37,19,10,24,28,2042
8107,2024-11-01,17,14,15,16,28,1412
8179,2024-11-01,32,15,37,23,28,3747
8186,2024-11-01,28,16,27,13,45,7877
8339,2024-11-01,55,21,33,39,45,6687
8359,2024-11-01,22,16,40,39,60,8011
8377,2024-11-01,39,19,5,11,12,520
8392,2024-11-01,57,21,7,9,12,1017
8642,2024-11-01,25,17,5,15,28,386
8646,2024-11-01,3,5,1,1,12,79
8712,2024-11-01,35,16,5,16,28,409
8727,2024-11-01,19,15,9,6,28,1003
8775,2024-11-01,26,16,1,8,12,279
8799,2024-11-01,17,13,9,15,28,2582
8844,2024-11-01,54,21,12,24,28,4873
8874,2024-11-01,23,15,42,14,28,1299
8895,2024-11-01,28,18,139,30,60,14011
8982,2024-11-01,12,14,34,24,60,2982
9083,2024-11-01,46,20,5,11,12,612
9104,2024-11-01,9,10,2,17,28,285
9112,2024-11-01,48,21,63,24,28,26184
9141,2024-11-01,23,16,3,24,28,923
9157,2024-11-01,10,10,8,14,28,990
9272,2024-11-01,25,18,1,9,12,61
9399,2024-11-01,47,22,3,11,12,228
9477,2024-11-01,8,12,18,24,60,3621
9505,2024-11-01,21,16,47,28,45,4290
9557,2024-11-01,12,14,60,39,45,9351
9565,2024-11-01,5,8,28,7,28,3492
9636,2024-11-01,38,18,21,17,28,6244
9703,2024-11-01,41,16,27,42,60,6938
9720,2024-11-01,27,16,10,10,12,654
9768,2024-11-01,25,15,24,15,45,2558
9836,2024-11-01,24,14,42,27,45,7402
9866,2024-11-01,21,17,9,5,12,715
9913,2024-11-01,55,20,2,25,28,137
10006,2024-11-01,30,20,54,11,45,1521
10214,2024-11-01,19,15,2,9,12,486
10246,2024-11-01,11,10,2,7,12,367
10289,2024-11-01,2,4,8,14,45,286
10299,2024-11-01,32,18,82,50,60,10024
10316,2024-11-01,15,12,37,11,45,3426
10330,2024-11-01,40,21,150,42,45,7868
10376,2024-11-01,16,15,2,17,28,340
10429,2024-11-01,20,16,51,22,45,1964
10457,2024-11-01,10,12,2,5,12,73
10490,2024-11-01,63,22,4,11,12,298
10529,2024-11-01,21,14,8,22,28,359
10578,2024-11-01,34,20,49,41,45,5768
10745,2024-11-01,33,19,5,8,12,4734
10771,2024-11-01,12,11,26,14,45,6593
10776,2024-11-01,6,8,1,8,12,146
10883,2024-11-01,36,19,107,45,60,1443
10941,2024-11-01,16,16,14,40,45,3045
10974,2024-11-01,13,11,16,17,45,1868
11117,2024-11-01,60,21,205,37,45,44312
11277,2024-11-01,27,17,90,34,60,57147
11348,2024-11-01,52,20,2,10,12,273
11425,2024-11-01,16,13,12,31,45,2742
11457,2024-11-01,46,20,7,27,28,5926
11496,2024-11-01,38,19,1,19,28,54
11527,2024-11-01,19,16,3,20,28,190
11650,2024-11-01,31,16,17,29,60,1373
11877,2024-11-01,9,8,6,5,12,568
11883,2024-11-01,37,19,53,35,45,15872
12008,2024-11-01,36,19,3,10,12,1399
12095,2024-11-01,18,14,27,30,45,2575
12103,2024-11-01,19,14,36,15,45,7023
12136,2024-11-01,15,12,7,11,12,596
12176,2024-11-01,24,14,40,29,45,6004
12218,2024-11-01,17,15,9,5,12,670
12276,2024-11-01,49,22,5,10,12,797
12321,2024-11-01,23,15,32,30,45,8204
12357,2024-11-01,66,21,50,43,45,5480
12358,2024-11-01,19,17,5,6,28,953
12375,2024-11-01,28,19,50,43,60,3846
12436,2024-11-01,32,18,5,25,28,1239
12473,2024-11-01,14,12,1,14,28,163
12587,2024-11-01,25,14,47,13,45,3484
12588,2024-11-01,5,7,6,3,12,513
12590,2024-11-01,40,19,104,49,60,3358
12602,2024-11-01,20,15,1,2,12,73
12617,2024-11-01,33,17,56,31,60,11996
12832,2024-11-01,10,13,7,2,12,396
12867,2024-11-01,25,14,8,15,28,636
12923,2024-11-01,22,14,23,15,45,756
12931,2024-11-01,11,12,7,4,28,832
12951,2024-11-01,23,18,101,52,60,21511
12962,2024-11-01,14,12,31,10,28,3178
12990,2024-11-01,46,20,2,6,12,796
13010,2024-11-01,58,19,69,43,45,4321
13155,2024-11-01,40,19,1,11,12,410
13215,2024-11-01,32,20,7,19,28,651
13230,2024-11-01,12,14,1,17,28,87
13254,2024-11-01,62,22,9,26,28,818
13308,2024-11-01,11,11,2,8,12,659
13422,2024-11-01,11,10,79,11,60,34258
13468,2024-11-01,40,18,3,21,28,1530
13481,2024-11-01,11,11,6,5,28,660
13552,2024-11-01,17,14,5,11,28,404
13575,2024-11-01,15,14,11,8,60,320
13618,2024-11-01,55,21,2,24,28,314
13637,2024-11-01,36,19,10,17,28,1278
13704,2024-11-01,4,7,1,1,12,146
14020,2024-11-01,37,20,3,11,28,754
14270,2024-11-01,12,13,41,10,60,1681
14271,2024-11-01,32,21,7,11,12,539
14289,2024-11-01,61,20,39,32,60,15024
14362,2024-11-01,8,9,3,6,12,65
14388,2024-11-01,18,16,3,5,12,486
14642,2024-11-01,10,11,1,5,45,42
14690,2024-11-01,2,3,43,7,60,2494
14732,2024-11-01,50,19,6,25,28,1730
14778,2024-11-01,10,13,5,20,45,199
14803,2024-11-01,28,19,9,5,12,817
14837,2024-11-01,44,20,21,30,45,8665
14970,2024-11-01,20,14,2,15,28,111
15049,2024-11-01,24,14,8,6,12,2017
15189,2024-11-01,42,22,7,9,12,1786
15256,2024-11-01,45,17,11,7,12,2843
15389,2024-11-01,22,19,3,7,12,522
15412,2024-11-01,21,15,16,15,28,1723
15472,2024-11-01,5,9,2,4,28,494
15508,2024-11-01,4,5,2,7,45,106
15612,2024-11-01,39,20,9,3,12,4423
15628,2024-11-01,22,18,27,17,45,2171
15642,2024-11-01,28,19,3,23,28,503
15791,2024-11-01,26,18,2,8,12,196
16009,2024-11-01,48,20,40,36,45,7820
16036,2024-11-01,34,19,14,32,45,1056
16073,2024-11-01,25,17,54,40,45,7663
16280,2024-11-01,41,21,10,25,28,1198
16353,2024-11-01,56,22,6,10,12,1033
16381,2024-11-01,25,18,5,11,12,439
16405,2024-11-01,11,13,62,30,60,7128
16664,2024-11-01,32,18,3,10,28,367
16705,2024-11-01,15,10,4,10,12,120
16712,2024-11-01,7,9,50,32,60,11836
16769,2024-11-01,37,18,32,13,45,5378
16799,2024-11-01,23,19,3,9,12,227
16832,2024-11-01,44,18,2,27,28,101
17072,2024-11-01,37,19,37,20,45,3438
17095,2024-11-01,33,15,32,33,60,5672
17368,2024-11-01,30,18,7,20,28,944
17430,2024-11-01,72,20,191,51,60,18741
17555,2024-11-01,20,16,26,16,28,7027
17648,2024-11-01,7,7,5,10,12,163
17724,2024-11-01,36,17,1,17,28,72
17794,2024-11-01,17,11,14,13,28,2915
17800,2024-11-01,57,22,23,43,45,4881
17818,2024-11-01,50,21,9,18,28,447
17920,2024-11-01,3,4,4,5,60,570
17974,2024-11-01,15,13,8,10,12,2080
17993,2024-11-01,41,20,38,36,60,2436
17998,2024-11-01,40,20,9,11,12,3667
18013,2024-11-01,40,19,4,8,12,889
18057,2024-11-01,44,21,7,24,28,442
18088,2024-11-01,32,19,8,18,28,1053
18104,2024-11-01,10,11,13,8,45,1202
18130,2024-11-01,45,21,62,19,45,6298
18211,2024-11-01,15,13,4,20,28,607
18219,2024-11-01,54,20,23,43,45,7067
18303,2024-11-01,30,16,8,32,45,1393
18662,2024-11-01,14,11,7,4,12,1309
18710,2024-11-01,35,20,7,21,28,676
18720,2024-11-01,41,20,7,32,45,345
18732,2024-11-01,26,18,2,7,12,120
18808,2024-11-01,28,15,5,11,12,242
18811,2024-11-01,33,16,1,24,45,323
18901,2024-11-01,16,15,18,24,28,1797
18914,2024-11-01,51,21,9,5,12,429
18943,2024-11-01,11,11,4,4,12,109
19002,2024-11-01,57,21,57,40,45,7683
19036,2024-11-01,20,16,35,46,60,2411
19079,2024-11-01,66,22,37,25,28,3894
19095,2024-11-01,28,15,9,18,28,1557
19198,2024-11-01,5,7,7,10,28,265
19468,2024-11-01,6,8,4,4,12,606
19560,2024-11-01,24,16,9,6,12,487
19729,2024-11-01,29,19,13,19,28,1500
19777,2024-11-01,22,16,5,7,12,891
19926,2024-11-01,36,17,3,33,45,63
20071,2024-11-01,29,17,9,9,12,1225
20131,2024-11-01,19,14,1,6,28,271
20162,2024-11-01,16,15,28,34,45,970
20296,2024-11-01,29,18,12,5,12,1556
20357,2024-11-01,63,19,73,50,60,32340
20457,2024-11-01,44,21,3,26,28,199
20480,2024-11-01,5,9,2,16,28,115
20493,2024-11-01,64,22,7,25,28,2617
20516,2024-11-01,38,18,7,24,28,2471
20595,2024-11-01,10,11,2,3,12,495
20686,2024-11-01,21,11,70,45,60,13091
20711,2024-11-01,20,17,26,42,60,7381
20940,2024-11-01,34,18,5,8,12,469
20987,2024-11-01,45,21,6,11,12,590
20992,2024-11-01,32,18,4,10,12,479
21026,2024-11-01,50,19,5,8,12,20
21126,2024-11-01,35,16,4,8,28,471
21146,2024-11-01,45,21,2,11,12,709
21189,2024-11-01,52,19,3,11,12,292
21504,2024-11-01,38,18,6,24,28,1475
21512,2024-11-01,41,19,2,8,12,45
21542,2024-11-01,16,16,6,7,12,498
21682,2024-11-01,10,10,30,26,45,2601
21751,2024-11-01,13,14,9,35,45,565
22110,2024-11-01,34,21,4,4,12,175
22139,2024-11-01,39,21,3,7,12,989
22154,2024-11-01,32,17,7,10,12,196
22215,2024-11-01,4,7,3,3,12,249
22217,2024-11-01,57,20,11,24,28,1240
22372,2024-11-01,34,18,8,8,12,3753
22416,2024-11-01,36,21,10,22,28,1807
22475,2024-11-01,7,10,6,8,28,222
22485,2024-11-01,38,17,18,24,28,3984
22487,2024-11-01,25,19,1,17,28,96
22573,2024-11-01,38,19,8,24,28,500
22603,2024-11-01,41,19,149,56,60,28632
22676,2024-11-01,42,18,4,15,28,679
22710,2024-11-01,41,18,3,7,12,1186
22756,2024-11-01,34,19,2,7,12,198
22825,2024-11-01,8,9,7,29,60,364
22836,2024-11-01,54,20,7,25,28,1332
22915,2024-11-01,29,18,5,10,12,927
22949,2024-11-01,13,12,26,39,60,5382
22999,2024-11-01,37,18,44,39,45,4583
23108,2024-11-01,6,9,0,8,28,0
23169,2024-11-01,27,15,5,5,12,721
23467,2024-11-01,44,19,28,34,45,11931
23490,2024-11-01,16,11,8,4,12,1711
23508,2024-11-01,22,19,2,29,45,108
23512,2024-11-01,22,15,5,9,28,213
23757,2024-11-01,34,17,2,8,12,328
23931,2024-11-01,46,21,54,25,28,8038
23959,2024-11-01,23,18,4,11,12,790
24011,2024-11-01,13,12,3,4,28,260
24199,2024-11-01,37,18,15,37,45,650
24244,2024-11-01,51,21,15,40,45,5650
24530,2024-11-01,43,18,10,9,12,454
24563,2024-11-01,36,19,6,9,12,1539
24595,2024-11-01,43,19,10,5,12,2798
24630,2024-11-01,22,15,7,23,28,1401
24703,2024-11-01,28,18,3,13,28,407
24712,2024-11-01,29,18,21,40,45,1451
24733,2024-11-01,12,14,9,22,28,496
24772,2024-11-01,24,18,4,11,12,467
24829,2024-11-01,4,6,5,12,28,754
24838,2024-11-01,22,18,3,3,12,129
24948,2024-11-01,36,19,11,11,12,860
25035,2024-11-01,41,18,7,11,12,600
25145,2024-11-01,30,18,5,9,12,49
25235,2024-11-01,21,16,2,18,28,59
25256,2024-11-01,33,17,37,33,45,3713
25308,2024-11-01,5,7,63,14,45,8118
25319,2024-11-01,35,20,3,8,12,359
25336,2024-11-01,14,15,4,4,12,138
25560,2024-11-01,9,8,2,24,28,34
25577,2024-11-01,15,13,44,53,60,4131
25666,2024-11-01,13,13,15,22,60,2588
25679,2024-11-01,21,16,53,24,45,15249
25687,2024-11-01,38,19,4,22,28,794
25694,2024-11-01,14,11,17,22,28,2912
25919,2024-11-01,39,19,31,22,28,6686
25988,2024-11-01,47,20,4,10,12,400
26042,2024-11-01,46,19,12,11,12,3014
26445,2024-11-01,34,20,8,14,28,739
26507,2024-11-01,18,14,3,8,12,279
26521,2024-11-01,61,21,3,8,12,304
26568,2024-11-01,4,6,93,25,45,15362
26592,2024-11-01,5,9,1,8,28,59
26664,2024-11-01,24,18,84,35,45,6637
26817,2024-11-01,38,20,50,12,28,1421
26878,2024-11-01,17,14,5,3,12,359
26911,2024-11-01,31,18,3,7,12,712
27133,2024-11-01,46,20,10,19,28,1860
27337,2024-11-01,58,21,23,55,60,5492
27387,2024-11-01,19,16,33,47,60,1809
27489,2024-11-01,22,15,10,37,45,1429
27545,2024-11-01,41,20,4,10,12,478
27588,2024-11-01,18,17,2,9,45,760
27689,2024-11-01,45,19,10,23,28,928
27708,2024-11-01,51,21,109,57,60,20742
27791,2024-11-01,8,13,19,18,45,5034
28082,2024-11-01,33,18,5,6,28,217
28136,2024-11-01,44,20,7,9,12,1578
28203,2024-11-01,49,20,12,21,28,957
28239,2024-11-01,36,18,5,17,28,1952
28276,2024-11-01,34,19,6,25,28,517
28278,2024-11-01,32,16,27,35,45,4540
28370,2024-11-01,7,10,10,23,45,1873
28397,2024-11-01,40,17,68,14,45,14027
28412,2024-11-01,24,17,7,6,12,1478
28440,2024-11-01,28,17,2,4,12,153
28826,2024-11-01,8,11,16,6,28,5582
28899,2024-11-01,39,19,4,18,45,357
28909,2024-11-01,5,7,2,3,12,181
28987,2024-11-01,12,10,34,11,28,1604
29124,2024-11-01,26,19,138,41,60,5747
29155,2024-11-01,13,12,10,25,28,899
29218,2024-11-01,60,22,7,27,28,2375
29302,2024-11-01,7,12,71,21,45,9720
29303,2024-11-01,36,16,63,11,28,15107
29327,2024-11-01,39,18,2,7,12,251
29331,2024-11-01,13,14,2,6,12,181
29367,2024-11-01,50,19,20,22,28,4494
29499,2024-11-01,53,19,28,35,45,2142
29526,2024-11-01,6,8,4,3,12,908
29667,2024-11-01,18,13,56,33,45,4707
29679,2024-11-01,24,17,6,16,28,1324
29688,2024-11-01,43,21,6,9,12,1542
29721,2024-11-01,38,17,7,9,12,1777
29769,2024-11-01,16,14,2,3,28,284
29805,2024-11-01,43,19,3,20,28,619
29832,2024-11-01,25,19,2,23,28,327
29897,2024-11-01,18,14,1,10,28,444
29918,2024-11-01,13,13,5,7,12,263
29922,2024-11-01,27,19,32,37,60,9832
29926,2024-11-01,16,14,7,24,45,1133
29939,2024-11-01,29,15,6,8,12,1583
30229,2024-11-01,25,17,125,21,60,17094
30372,2024-11-01,7,9,48,40,60,3742
30382,2024-11-01,19,14,5,19,45,781
30593,2024-11-01,9,10,5,3,12,109
30607,2024-11-01,18,14,1,8,12,150
30738,2024-11-01,37,21,11,22,28,1975
30819,2024-11-01,50,22,92,53,60,11310
30905,2024-11-01,48,21,27,27,28,4710
31005,2024-11-01,6,7,1,4,28,136
31113,2024-11-01,28,16,8,6,28,1756
31125,2024-11-01,16,15,1,19,45,192
31160,2024-11-01,26,17,6,6,12,1551
31179,2024-11-01,56,20,7,18,28,528
31286,2024-11-01,10,11,86,31,60,13914
31324,2024-11-01,36,18,6,20,28,1079
31331,2024-11-01,42,21,7,10,12,1292
31348,2024-11-01,34,17,2,4,12,530
31392,2024-11-01,22,14,7,4,12,1329
31468,2024-11-01,36,20,5,25,28,479
31563,2024-11-01,24,16,3,13,28,309
31595,2024-11-01,39,19,2,9,12,686
31691,2024-11-01,48,21,7,5,12,634
31726,2024-11-01,23,16,3,11,28,76
31786,2024-11-01,3,4,7,10,60,652
31811,2024-11-01,66,21,9,11,12,687
31852,2024-11-01,44,20,43,17,28,4766
32211,2024-11-01,11,11,8,15,28,513
32302,2024-11-01,19,14,50,23,60,22944
32430,2024-11-01,36,19,44,26,28,5481
32453,2024-11-01,29,15,2,7,12,198
32521,2024-11-01,49,21,2,6,12,323
32529,2024-11-01,19,16,3,8,12,474
32531,2024-11-01,27,15,70,28,45,14716
32536,2024-11-01,11,16,3,16,45,428
32601,2024-11-01,32,16,9,17,28,756
32628,2024-11-01,33,19,1,25,28,400
32670,2024-11-01,48,21,11,20,28,4093
32673,2024-11-01,15,15,6,8,12,813
32811,2024-11-01,7,9,15,19,45,2065
32896,2024-11-01,36,19,130,18,60,16268
32920,2024-11-01,8,11,2,4,12,142
32935,2024-11-01,52,22,62,21,28,12142
32995,2024-11-01,49,21,14,53,60,2550
33018,2024-11-01,36,18,1,10,12,70
33021,2024-11-01,32,16,5,23,28,543
33208,2024-11-01,23,17,22,38,60,7397
33350,2024-11-01,49,19,3,19,28,951
33372,2024-11-01,9,10,10,10,45,1283
33383,2024-11-01,22,19,37,18,28,183
33472,2024-11-01,55,21,68,26,45,15427
33774,2024-11-01,12,10,2,7,12,269
33776,2024-11-01,29,17,7,7,12,274
33778,2024-11-01,46,20,6,11,12,1438
33794,2024-11-01,45,20,60,39,45,4123
33796,2024-11-01,41,16,12,32,45,777
33856,2024-11-01,5,9,1,15,28,130
33870,2024-11-01,39,21,54,52,60,5310
33871,2024-11-01,5,6,37,16,60,336
33925,2024-11-01,13,11,2,3,12,24
33931,2024-11-01,10,12,1,7,45,128
33945,2024-11-01,47,21,29,20,28,8525
33971,2024-11-01,48,19,12,40,45,1533
33975,2024-11-01,37,19,7,26,28,829
33986,2024-11-01,15,11,109,30,60,712
34013,2024-11-01,5,6,62,6,60,10427
34048,2024-11-01,35,20,8,7,12,435
34201,2024-11-01,20,18,3,17,28,364
34261,2024-11-01,33,20,4,19,28,1087
34268,2024-11-01,27,18,1,21,28,296
34482,2024-11-01,3,5,4,25,45,184
34721,2024-11-01,32,20,36,21,28,16774
34735,2024-11-01,65,21,47,40,45,3871
34795,2024-11-01,20,15,12,6,12,2599
34863,2024-11-01,40,18,5,37,45,1303
34879,2024-11-01,18,14,1,35,45,109
34889,2024-11-01,16,15,5,5,12,99
34988,2024-11-01,15,15,6,6,12,1033
35046,2024-11-01,31,19,4,6,12,185
35057,2024-11-01,59,20,12,25,28,1740
35118,2024-11-01,2,3,1,3,12,23
35136,2024-11-01,21,12,2,9,12,416
35343,2024-11-01,16,16,6,7,28,1612
35412,2024-11-01,32,19,52,39,60,9539
35528,2024-11-01,29,15,2,10,12,201
35550,2024-11-01,32,19,3,10,12,107
35710,2024-11-01,40,17,4,24,28,899
35860,2024-11-01,54,22,2,24,28,351
35933,2024-11-01,18,16,68,9,60,8922
36021,2024-11-01,41,19,2,7,12,353
36077,2024-11-01,16,14,6,25,28,1139
36158,2024-11-01,36,19,1,8,12,327
36173,2024-11-01,42,21,2,10,12,951
36196,2024-11-01,70,21,49,46,60,8300
36197,2024-11-01,20,14,9,15,28,1707
36206,2024-11-01,19,14,5,8,12,706
36413,2024-11-01,8,10,46,23,60,10299
36791,2024-11-01,48,21,4,23,28,495
36833,2024-11-01,27,17,34,28,45,14625
36920,2024-11-01,28,17,6,21,28,527
36980,2024-11-01,5,7,24,6,28,1041
37109,2024-11-01,38,18,48,38,45,5207
37134,2024-11-01,48,22,12,11,12,3355
37179,2024-11-01,40,16,8,10,12,669
37285,2024-11-01,15,14,29,18,45,1898
37398,2024-11-01,18,15,8,24,28,3135
37424,2024-11-01,36,18,59,34,60,16303
37460,2024-11-01,23,14,132,45,60,8589
37476,2024-11-01,26,14,3,23,28,149
37500,2024-11-01,18,12,6,17,28,714
37563,2024-11-01,43,20,61,41,45,3533
37605,2024-11-01,24,15,53,22,28,6999
37672,2024-11-01,16,13,59,21,28,2232
37940,2024-11-01,39,19,9,27,28,2695
37982,2024-11-01,41,18,11,31,60,4286
38111,2024-11-01,28,17,4,6,12,48
38198,2024-11-01,41,18,3,7,12,919
38211,2024-11-01,15,13,11,8,12,3588
38227,2024-11-01,20,15,3,21,28,341
38252,2024-11-01,15,12,10,14,45,1721
38270,2024-11-01,20,13,11,19,45,1519
38664,2024-11-01,40,20,11,19,28,1824
38728,2024-11-01,8,10,2,3,12,111
38766,2024-11-01,34,20,78,41,45,28697
38770,2024-11-01,42,20,184,55,60,38908
38812,2024-11-01,8,9,3,2,12,164
38848,2024-11-01,21,18,80,12,60,11799
38906,2024-11-01,19,16,31,32,60,1361
39037,2024-11-01,33,16,3,8,28,253
39062,2024-11-01,26,15,8,16,28,1219
39190,2024-11-01,13,11,6,24,45,565
39196,2024-11-01,24,17,3,11,12,332
39248,2024-11-01,26,17,62,25,28,9255
39416,2024-11-01,27,16,47,46,60,8328
39515,2024-11-01,31,19,2,9,12,389
39666,2024-11-01,7,9,1,16,28,76
39715,2024-11-01,24,16,75,34,60,18785
39869,2024-11-01,16,13,6,3,12,912
40017,2024-11-01,6,9,19,8,45,2943
40166,2024-11-01,11,11,1,32,45,345
40485,2024-11-01,31,19,9,10,12,2449
40757,2024-11-01,44,21,9,43,45,1414
40892,2024-11-01,21,14,19,12,45,1110
40936,2024-11-01,30,18,4,21,28,75
41112,2024-11-01,56,21,5,36,45,1445
41124,2024-11-01,53,18,4,42,45,383
41180,2024-11-01,54,22,10,8,12,1983
41209,2024-11-01,28,18,18,39,45,1450
41324,2024-11-01,13,12,5,12,28,265
41404,2024-11-01,26,16,1,7,12,14
41475,2024-11-01,20,16,24,12,28,5396
41531,2024-11-01,16,16,40,44,60,3266
41542,2024-11-01,23,16,22,11,45,514
41554,2024-11-01,60,22,11,25,28,2233
41601,2024-11-01,19,16,2,5,12,88
41660,2024-11-01,27,17,6,20,28,1076
41704,2024-11-01,21,15,1,23,28,20
41709,2024-11-01,15,16,41,9,45,5314
41717,2024-11-01,23,15,3,8,12,182
41740,2024-11-01,13,14,6,10,12,625
41776,2024-11-01,56,21,3,21,28,220
41834,2024-11-01,19,17,5,4,12,1207
41888,2024-11-01,21,15,55,20,28,2613
41956,2024-11-01,51,20,9,11,12,900
41970,2024-11-01,29,19,11,28,45,776
42058,2024-11-01,26,17,9,18,28,2090
42105,2024-11-01,28,16,10,10,12,1558
42170,2024-11-01,47,18,8,11,12,4283
42176,2024-11-01,26,17,8,6,12,304
42264,2024-11-01,27,16,6,25,45,1711
42398,2024-11-01,7,9,63,4,60,807
42428,2024-11-01,38,18,4,14,28,1119
42446,2024-11-01,15,14,2,6,12,69
42536,2024-11-01,14,13,4,7,12,769
42620,2024-11-01,28,19,9,6,12,2858
42704,2024-11-01,21,15,15,18,28,860
42868,2024-11-01,33,19,1,7,28,144
43041,2024-11-01,18,14,118,42,60,5665
43162,2024-11-01,14,12,2,7,12,45
43165,2024-11-01,15,15,35,14,28,4320
43194,2024-11-01,28,18,2,17,28,259
43202,2024-11-01,39,19,17,38,45,5857
43280,2024-11-01,15,13,29,7,28,758
43358,2024-11-01,11,10,21,20,45,1119
43444,2024-11-01,43,20,9,19,28,2045
43533,2024-11-01,27,17,24,14,28,8104
43540,2024-11-01,54,20,3,8,12,997
43556,2024-11-01,16,15,4,9,12,849
43665,2024-11-01,9,8,2,15,28,224
43702,2024-11-01,27,17,5,10,12,261
43777,2024-11-01,9,10,25,6,45,5466
43819,2024-11-01,26,18,3,29,45,992
43882,2024-11-01,33,16,5,3,12,763
44058,2024-11-01,8,13,6,4,12,472
44211,2024-11-01,6,8,2,19,28,111
44430,2024-11-01,27,15,42,18,28,1515
44458,2024-11-01,37,19,20,39,60,4218
44476,2024-11-01,44,19,8,20,28,1815
44484,2024-11-01,29,18,1,13,28,40
44491,2024-11-01,16,15,12,9,60,653
44570,2024-11-01,4,7,25,2,60,3265
44577,2024-11-01,15,14,1,10,12,120
44722,2024-11-01,49,20,12,37,45,2713
44851,2024-11-01,26,15,2,11,12,109
44979,2024-11-01,19,15,6,9,12,261
45231,2024-11-01,10,11,29,20,45,699
45236,2024-11-01,28,15,4,9,12,439
45290,2024-11-01,52,20,7,24,28,1048
45344,2024-11-01,18,13,44,21,28,4211
45395,2024-11-01,32,18,10,8,12,2290
45507,2024-11-01,28,19,3,13,28,439
45541,2024-11-01,20,14,37,4,45,4183
45556,2024-11-01,39,18,5,30,45,1542
45606,2024-11-01,14,13,23,27,45,5949
45608,2024-11-01,20,16,1,6,12,76
45702,2024-11-01,10,12,2,2,12,547
45757,2024-11-01,26,16,5,25,45,787
45831,2024-11-01,41,18,4,8,12,679
45909,2024-11-01,29,15,23,14,28,3775
45983,2024-11-01,8,8,34,36,60,1622
46074,2024-11-01,35,19,37,51,60,1498
46114,2024-11-01,7,7,3,8,28,161
46227,2024-11-01,4,7,3,4,12,21
46302,2024-11-01,50,21,25,43,45,2122
46452,2024-11-01,7,9,10,10,28,1242
46487,2024-11-01,4,6,3,6,12,251
46503,2024-11-01,24,17,67,51,60,23062
46607,2024-11-01,64,22,11,10,12,1702
46659,2024-11-01,21,17,3,8,12,279
46708,2024-11-01,28,18,6,16,28,326
46731,2024-11-01,6,8,3,7,28,134
46829,2024-11-01,18,17,128,25,45,37085
46847,2024-11-01,47,22,60,30,60,5897
46887,2024-11-01,12,14,2,18,28,306
46903,2024-11-01,40,19,10,14,45,151
46968,2024-11-01,34,20,7,26,28,2358
47036,2024-11-01,17,14,10,4,12,781
47046,2024-11-01,34,17,51,15,28,4692
47074,2024-11-01,8,11,141,10,45,4116
47280,2024-11-01,19,15,3,4,28,780
47297,2024-11-01,6,8,36,6,60,1891
47517,2024-11-01,34,19,31,20,28,6036
47527,2024-11-01,47,20,7,10,28,834
47666,2024-11-01,29,17,5,9,12,1026
47832,2024-11-01,24,16,50,9,28,10167
47858,2024-11-01,31,21,139,22,60,21790
47863,2024-11-01,7,9,2,2,12,143
47874,2024-11-01,34,18,127,37,45,3761
47879,2024-11-01,2,4,21,15,45,1310
47889,2024-11-01,46,20,108,46,60,21404
47913,2024-11-01,9,8,7,2,12,611
47989,2024-11-01,7,8,3,13,28,106
48299,2024-11-01,2,3,5,3,12,425
48337,2024-11-01,38,20,7,5,12,1753
48428,2024-11-01,18,11,1,23,28,23
48538,2024-11-01,28,19,1,9,12,65
48567,2024-11-01,57,21,4,10,12,301
48593,2024-11-01,4,7,67,11,60,14332
48639,2024-11-01,44,19,5,18,28,576
48808,2024-11-01,45,20,50,32,45,10479
48925,2024-11-01,3,4,12,5,28,635
49130,2024-11-01,38,20,5,22,28,333
49214,2024-11-01,16,14,5,9,12,922
49249,2024-11-01,46,22,78,25,45,9561
49323,2024-11-01,19,12,41,17,28,1956
49598,2024-11-01,13,12,102,22,60,17055
49606,2024-11-01,31,19,2,3,12,192
49617,2024-11-01,18,15,12,16,28,1690
49791,2024-11-01,33,20,77,21,60,12020
49872,2024-11-01,20,13,5,19,28,617
49884,2024-11-01,45,18,67,38,45,3723
49913,2024-11-01,30,16,5,7,28,1372
49980,2024-11-01,21,14,15,37,60,3963
19,2024-12-01,60,22,9,22,28,1402
23,2024-12-01,40,20,10,26,28,2119
48,2024-12-01,46,20,5,11,12,404
58,2024-12-01,15,12,5,22,28,1111
119,2024-12-01,13,14,42,19,45,4595
222,2024-12-01,43,19,2,11,12,167
247,2024-12-01,75,22,9,43,45,728
334,2024-12-01,62,22,63,27,28,8984
341,2024-12-01,13,13,24,23,45,5328
356,2024-12-01,36,18,7,5,12,2015
379,2024-12-01,33,17,11,26,45,2824
508,2024-12-01,3,4,36,11,60,3609
531,2024-12-01,19,16,8,7,12,1164
685,2024-12-01,3,5,1,3,12,112
689,2024-12-01,15,12,3,22,28,284
738,2024-12-01,35,18,95,16,45,23233
855,2024-12-01,38,20,6,23,28,318
1001,2024-12-01,25,17,6,30,45,1048
1004,2024-12-01,22,16,34,16,28,2705
1048,2024-12-01,51,21,39,27,28,5180
1054,2024-12-01,26,16,4,5,12,783
1061,2024-12-01,51,22,5,11,12,510
1074,2024-12-01,14,14,6,5,12,420
1092,2024-12-01,29,18,3,5,12,1186
1240,2024-12-01,37,20,6,16,45,108
1314,2024-12-01,19,18,5,14,28,411
1362,2024-12-01,14,13,2,11,45,621
1385,2024-12-01,51,21,2,26,28,251
1387,2024-12-01,4,7,2,7,28,236
1806,2024-12-01,21,14,36,14,45,3551
1807,2024-12-01,33,17,23,22,60,2049
1917,2024-12-01,33,16,35,27,60,2141
1974,2024-12-01,38,20,4,18,28,1241
1983,2024-12-01,36,20,55,26,45,13039
2044,2024-12-01,17,14,1,8,12,156
2082,2024-12-01,32,19,35,34,45,1876
2244,2024-12-01,10,13,3,6,12,285
2383,2024-12-01,23,18,6,5,12,499
2529,2024-12-01,4,5,2,5,12,72
2554,2024-12-01,26,17,75,45,60,9800
2575,2024-12-01,54,22,2,11,12,366
2608,2024-12-01,21,16,8,27,45,634
2620,2024-12-01,14,15,5,28,60,247
2705,2024-12-01,25,16,16,40,60,906
2754,2024-12-01,47,20,3,25,28,561
2761,2024-12-01,30,17,6,6,12,277
2768,2024-12-01,13,13,1,28,45,72
2939,2024-12-01,5,7,29,37,60,3299
3054,2024-12-01,54,20,3,9,12,523
3171,2024-12-01,39,17,56,50,60,12837
3262,2024-12-01,39,18,40,18,28,1674
3285,2024-12-01,70,21,58,54,60,7186
3295,2024-12-01,49,21,61,24,28,9002
3421,2024-12-01,70,21,19,56,60,1880
3422,2024-12-01,36,20,14,23,28,1817
3470,2024-12-01,15,12,8,2,12,461
3583,2024-12-01,52,22,2,10,12,135
3656,2024-12-01,32,16,8,7,12,365
3669,2024-12-01,25,18,7,18,28,812
4019,2024-12-01,14,13,71,8,45,6839
4281,2024-12-01,40,19,13,11,28,1477
4306,2024-12-01,30,17,6,23,28,311
4534,2024-12-01,18,15,2,27,45,138
4613,2024-12-01,5,6,5,10,28,184
4626,2024-12-01,2,4,17,10,45,1487
4788,2024-12-01,44,17,22,32,45,2289
4810,2024-12-01,31,15,29,34,45,1757
4819,2024-12-01,13,12,130,9,60,5350
4922,2024-12-01,8,10,5,17,28,841
4988,2024-12-01,20,14,20,18,45,4494
5023,2024-12-01,35,17,10,11,12,2138
5046,2024-12-01,25,17,25,40,45,1171
5199,2024-12-01,35,20,7,22,28,4946
5215,2024-12-01,7,9,13,28,60,2270
5217,2024-12-01,36,20,10,5,12,3238
5329,2024-12-01,31,20,72,33,60,1617
5370,2024-12-01,10,11,41,26,60,1119
5411,2024-12-01,41,21,70,43,45,7774
5513,2024-12-01,30,18,30,51,60,6572
5535,2024-12-01,7,9,23,15,60,921
5566,2024-12-01,7,9,2,5,28,29
5657,2024-12-01,26,19,1,10,12,150
5678,2024-12-01,5,6,1,12,45,145
5717,2024-12-01,19,14,20,35,45,1464
5749,2024-12-01,45,22,3,19,28,1247
5754,2024-12-01,10,13,2,10,12,275
5786,2024-12-01,72,21,4,21,28,1837
5985,2024-12-01,75,22,5,10,12,2317
6051,2024-12-01,12,10,7,6,12,1333
6058,2024-12-01,35,18,6,17,28,2203
6092,2024-12-01,17,15,40,19,45,9693
6096,2024-12-01,22,16,8,14,45,1190
6100,2024-12-01,43,20,25,40,45,2979
6117,2024-12-01,17,13,70,26,45,2905
6134,2024-12-01,15,15,2,6,12,324
6149,2024-12-01,38,17,64,25,45,2676
6250,2024-12-01,21,14,5,5,12,390
6293,2024-12-01,21,14,46,26,45,6987
6298,2024-12-01,21,17,10,8,28,1626
6359,2024-12-01,22,15,1,7,12,200
6362,2024-12-01,55,22,5,11,12,1596
6487,2024-12-01,36,16,4,8,12,782
6514,2024-12-01,6,8,5,1,28,477
6515,2024-12-01,12,13,2,13,28,223
6545,2024-12-01,33,17,18,35,45,3283
6557,2024-12-01,12,11,67,43,60,1116
6653,2024-12-01,15,13,9,31,45,1025
6669,2024-12-01,25,16,5,10,12,713
6670,2024-12-01,21,15,27,39,60,2908
6693,2024-12-01,39,19,43,55,60,3248
6744,2024-12-01,40,20,26,39,45,3332
6786,2024-12-01,4,6,13,9,45,296
6814,2024-12-01,50,18,7,8,12,2083
6909,2024-12-01,23,15,4,11,28,307
6937,2024-12-01,67,22,8,11,12,2134
7058,2024-12-01,25,15,31,20,28,1792
7225,2024-12-01,23,16,25,31,45,1034
7227,2024-12-01,15,13,14,17,28,4999
7342,2024-12-01,33,18,14,34,45,2281
7357,2024-12-01,36,20,11,15,28,2917
7429,2024-12-01,18,14,168,13,60,14512
7430,2024-12-01,12,12,4,4,12,144
7486,2024-12-01,6,7,5,8,12,942
7497,2024-12-01,27,15,49,21,28,4907
7526,2024-12-01,38,21,154,41,45,69015
7979,2024-12-01,14,15,96,38,60,14595
8004,2024-12-01,18,12,36,23,60,3418
8013,2024-12-01,39,18,6,42,45,2438
8039,2024-12-01,5,9,2,13,28,123
8085,2024-12-01,43,20,9,24,28,1998
8107,2024-12-01,15,17,15,16,28,1901
8179,2024-12-01,29,17,40,19,28,5269
8186,2024-12-01,38,19,29,16,45,1665
8339,2024-12-01,48,21,33,39,45,7473
8359,2024-12-01,8,11,26,28,60,2615
8377,2024-12-01,44,20,5,11,12,290
8392,2024-12-01,54,19,7,10,12,1209
8642,2024-12-01,10,10,5,19,28,364
8646,2024-12-01,1,1,1,1,12,96
8712,2024-12-01,42,19,4,16,28,147
8727,2024-12-01,22,17,9,9,28,1244
8775,2024-12-01,32,15,1,9,12,200
8799,2024-12-01,16,13,9,16,28,182
8844,2024-12-01,49,21,11,24,28,703
8874,2024-12-01,15,11,39,13,28,4381
8895,2024-12-01,48,20,132,36,60,15472
8982,2024-12-01,13,14,40,26,60,8743
9083,2024-12-01,52,21,4,11,12,374
9104,2024-12-01,13,13,2,16,28,178
9112,2024-12-01,39,18,60,23,28,4329
9141,2024-12-01,19,15,3,23,28,70
9157,2024-12-01,12,9,8,14,28,267
9229,2024-12-01,16,12,35,31,45,5920
9272,2024-12-01,25,17,1,9,12,332
9399,2024-12-01,29,19,4,9,12,757
9477,2024-12-01,7,8,16,21,60,606
9505,2024-12-01,15,14,51,30,45,1974
9557,2024-12-01,13,17,47,36,45,2214
9565,2024-12-01,6,9,31,9,28,3264
9636,2024-12-01,43,18,21,18,28,531
9703,2024-12-01,25,16,25,29,60,7826
9720,2024-12-01,21,14,9,10,12,852
9768,2024-12-01,20,16,26,13,45,777
9836,2024-12-01,20,13,47,32,45,7139
9866,2024-12-01,13,12,9,8,12,643
9913,2024-12-01,56,21,2,26,28,505
10006,2024-12-01,33,17,57,10,45,13290
10214,2024-12-01,30,20,2,9,12,180
10246,2024-12-01,20,14,3,6,12,923
10289,2024-12-01,3,6,12,17,45,407
10299,2024-12-01,36,16,86,47,60,29737
10316,2024-12-01,27,17,36,10,45,3131
10330,2024-12-01,50,21,167,42,45,64101
10376,2024-12-01,7,7,2,14,28,92
10429,2024-12-01,36,17,57,23,45,7391
10457,2024-12-01,10,13,2,4,12,123
10490,2024-12-01,46,19,4,11,12,720
10529,2024-12-01,33,19,10,23,28,4390
10578,2024-12-01,23,15,44,40,45,1899
10745,2024-12-01,23,16,5,9,12,271
10771,2024-12-01,17,14,23,13,45,2104
10776,2024-12-01,8,9,1,9,12,127
10883,2024-12-01,29,15,89,37,60,15829
10941,2024-12-01,15,14,15,40,45,532
10974,2024-12-01,7,9,17,20,45,1194
11117,2024-12-01,42,19,181,37,45,1994
11277,2024-12-01,31,18,77,40,60,6985
11348,2024-12-01,53,18,3,10,12,460
11425,2024-12-01,12,10,12,31,45,80
11457,2024-12-01,49,21,8,25,28,2302
11496,2024-12-01,39,20,1,15,28,73
11527,2024-12-01,22,18,3,22,28,466
11650,2024-12-01,33,16,19,29,60,3160
11877,2024-12-01,18,14,7,6,12,293
11883,2024-12-01,40,20,58,34,45,17539
12008,2024-12-01,41,19,3,10,12,378
12095,2024-12-01,18,15,27,29,45,1985
12103,2024-12-01,13,11,36,16,45,6201
12136,2024-12-01,17,14,8,10,12,1414
12176,2024-12-01,27,15,39,30,45,7230
12218,2024-12-01,15,12,8,3,12,1335
12276,2024-12-01,75,22,5,10,12,1097
12321,2024-12-01,12,12,35,30,45,3959
12357,2024-12-01,51,21,44,43,45,11806
12358,2024-12-01,19,14,5,8,28,1269
12375,2024-12-01,33,19,45,48,60,1877
12436,2024-12-01,20,18,5,25,28,923
12473,2024-12-01,18,17,1,13,28,75
12587,2024-12-01,30,17,46,18,45,1742
12588,2024-12-01,10,12,7,3,12,781
12590,2024-12-01,38,20,105,45,60,26044
12602,2024-12-01,14,15,1,5,12,200
12617,2024-12-01,17,13,55,34,60,5264
12832,2024-12-01,7,8,8,3,12,252
12867,2024-12-01,20,13,8,17,28,1478
12923,2024-12-01,23,20,22,8,45,1852
12931,2024-12-01,15,13,7,7,28,1819
12951,2024-12-01,20,16,96,52,60,33038
12962,2024-12-01,19,17,30,13,28,9867
12990,2024-12-01,36,21,2,6,12,266
13010,2024-12-01,58,19,77,43,45,7949
13155,2024-12-01,30,17,1,11,12,195
13215,2024-12-01,26,16,8,21,28,905
13230,2024-12-01,8,9,1,16,28,377
13254,2024-12-01,60,21,9,26,28,3659
13308,2024-12-01,14,16,2,8,12,456
13412,2024-12-01,21,16,1,8,12,57
13422,2024-12-01,10,9,78,14,60,3056
13468,2024-12-01,42,21,3,19,28,1291
13481,2024-12-01,21,15,7,4,28,744
13552,2024-12-01,15,13,4,11,28,558
13575,2024-12-01,16,14,11,8,60,613
13618,2024-12-01,45,21,1,25,28,229
13637,2024-12-01,20,13,9,16,28,928
13704,2024-12-01,5,9,1,1,12,223
14020,2024-12-01,26,16,2,12,28,88
14249,2024-12-01,43,18,2,19,28,333
14270,2024-12-01,9,9,39,11,60,3880
14271,2024-12-01,27,15,6,10,12,1004
14289,2024-12-01,67,22,40,33,60,22723
14362,2024-12-01,17,15,3,6,12,240
14388,2024-12-01,20,15,4,8,12,492
14532,2024-12-01,37,17,41,38,60,3244
14642,2024-12-01,6,8,1,6,45,36
14690,2024-12-01,4,7,55,10,60,3336
14706,2024-12-01,39,19,26,24,28,1361
14732,2024-12-01,61,20,6,25,28,409
14778,2024-12-01,12,13,5,21,45,357
14803,2024-12-01,21,15,9,5,12,987
14837,2024-12-01,68,21,22,26,45,338
14970,2024-12-01,27,17,2,15,28,211
15049,2024-12-01,37,16,8,6,12,1753
15189,2024-12-01,48,20,8,10,12,437
15256,2024-12-01,45,20,12,6,12,3826
15389,2024-12-01,18,14,3,8,12,835
15412,2024-12-01,13,11,18,13,28,2694
15472,2024-12-01,10,10,3,3,28,342
15508,2024-12-01,2,4,3,6,45,312
15612,2024-12-01,46,22,9,3,12,973
15628,2024-12-01,14,14,25,15,45,6970
15642,2024-12-01,22,15,3,23,28,534
15791,2024-12-01,24,15,1,9,12,113
16009,2024-12-01,29,15,42,38,45,3656
16036,2024-12-01,23,16,16,27,45,996
16073,2024-12-01,45,20,53,41,45,8669
16280,2024-12-01,52,19,10,26,28,640
16353,2024-12-01,60,22,5,9,12,1106
16381,2024-12-01,24,16,5,11,12,139
16405,2024-12-01,12,14,64,30,60,5352
16664,2024-12-01,20,17,3,10,28,244
16705,2024-12-01,21,14,4,10,12,81
16712,2024-12-01,4,7,42,17,60,7074
16769,2024-12-01,22,15,31,11,45,4544
16799,2024-12-01,22,15,3,10,12,681
16832,2024-12-01,49,20,3,27,28,1512
17072,2024-12-01,33,16,34,23,45,3667
17095,2024-12-01,41,18,33,44,60,7228
17368,2024-12-01,38,16,7,18,28,3731
17430,2024-12-01,71,22,168,50,60,17807
17555,2024-12-01,22,14,29,18,28,986
17648,2024-12-01,10,8,5,10,12,672
17724,2024-12-01,29,18,1,21,28,38
17794,2024-12-01,13,10,12,10,28,471
17800,2024-12-01,56,19,26,43,45,3556
17818,2024-12-01,64,22,10,15,28,1267
17920,2024-12-01,3,5,4,6,60,189
17974,2024-12-01,22,13,9,10,12,839
17993,2024-12-01,37,21,32,38,60,8479
17998,2024-12-01,63,22,9,11,12,1913
18013,2024-12-01,36,17,5,8,12,758
18057,2024-12-01,22,15,6,22,28,1781
18088,2024-12-01,36,19,8,16,28,2710
18104,2024-12-01,4,7,10,4,45,76
18130,2024-12-01,50,22,68,18,45,13491
18211,2024-12-01,30,17,5,20,28,1004
18219,2024-12-01,60,22,27,43,45,6261
18303,2024-12-01,32,18,9,33,45,1467
18662,2024-12-01,21,17,7,6,12,543
18710,2024-12-01,35,18,6,21,28,1116
18720,2024-12-01,54,20,7,35,45,3036
18732,2024-12-01,44,21,2,9,12,189
18808,2024-12-01,24,14,4,11,12,754
18811,2024-12-01,29,15,2,27,45,527
18901,2024-12-01,19,12,21,19,28,3868
18914,2024-12-01,32,18,8,3,12,1312
18943,2024-12-01,5,8,4,2,12,140
19002,2024-12-01,49,21,68,35,45,21926
19036,2024-12-01,31,18,35,45,60,3524
19079,2024-12-01,67,20,36,22,28,3622
19095,2024-12-01,26,20,7,18,28,2017
19198,2024-12-01,6,7,7,9,28,349
19468,2024-12-01,6,8,4,5,12,238
19560,2024-12-01,13,11,10,5,12,628
19729,2024-12-01,28,17,12,21,28,1090
19777,2024-12-01,21,16,5,7,12,1615
19926,2024-12-01,31,21,3,32,45,806
20071,2024-12-01,42,20,9,10,12,2124
20131,2024-12-01,22,16,1,6,28,135
20162,2024-12-01,27,16,32,34,45,1480
20296,2024-12-01,35,20,12,5,12,839
20357,2024-12-01,77,22,74,48,60,39320
20457,2024-12-01,62,22,4,26,28,707
20480,2024-12-01,7,9,1,14,28,125
20493,2024-12-01,47,21,7,25,28,2062
20516,2024-12-01,47,21,8,22,28,2066
20595,2024-12-01,20,15,2,4,12,193
20686,2024-12-01,28,19,66,48,60,8392
20711,2024-12-01,34,18,31,49,60,7329
20821,2024-12-01,42,18,23,41,60,1122
20940,2024-12-01,36,19,6,7,12,559
20987,2024-12-01,50,22,7,11,12,844
20992,2024-12-01,40,22,4,10,12,273
21026,2024-12-01,39,18,6,8,12,1315
21126,2024-12-01,28,16,4,6,28,305
21146,2024-12-01,57,22,3,11,12,567
21189,2024-12-01,42,18,3,11,12,544
21504,2024-12-01,41,20,5,24,28,54
21512,2024-12-01,37,18,2,9,12,127
21542,2024-12-01,17,16,6,6,12,1810
21682,2024-12-01,11,10,30,28,45,2482
21751,2024-12-01,11,11,10,31,45,1369
22031,2024-12-01,26,15,25,26,28,6998
22041,2024-12-01,31,19,2,18,28,236
22110,2024-12-01,26,17,4,4,12,778
22139,2024-12-01,21,14,4,7,12,771
22154,2024-12-01,30,15,7,9,12,889
22215,2024-12-01,12,13,4,4,12,811
22217,2024-12-01,55,19,12,23,28,950
22372,2024-12-01,32,17,6,7,12,1276
22416,2024-12-01,46,19,11,21,28,1491
22475,2024-12-01,6,7,5,13,28,172
22485,2024-12-01,46,19,22,26,28,990
22487,2024-12-01,21,15,1,11,28,117
22573,2024-12-01,25,15,9,23,28,2128
22603,2024-12-01,38,16,146,55,60,20666
22676,2024-12-01,34,21,4,18,28,1710
22710,2024-12-01,49,21,2,6,12,671
22756,2024-12-01,46,20,2,10,12,249
22825,2024-12-01,19,14,8,38,60,874
22836,2024-12-01,39,20,6,23,28,227
22914,2024-12-01,9,11,4,10,12,182
22915,2024-12-01,37,19,5,11,12,1630
22949,2024-12-01,6,8,25,40,60,2716
22999,2024-12-01,33,21,39,41,45,10051
23108,2024-12-01,5,7,0,7,28,0
23169,2024-12-01,27,16,6,5,12,1423
23338,2024-12-01,13,13,66,31,60,7664
23467,2024-12-01,41,19,30,34,45,3077
23490,2024-12-01,11,9,8,4,12,553
23508,2024-12-01,22,15,2,29,45,213
23512,2024-12-01,22,17,6,8,28,930
23757,2024-12-01,27,18,2,8,12,468
23931,2024-12-01,42,20,51,26,28,13412
23959,2024-12-01,22,15,5,11,12,848
24011,2024-12-01,14,15,3,4,28,355
24199,2024-12-01,40,19,15,38,45,847
24244,2024-12-01,30,16,12,38,45,1993
24484,2024-12-01,56,20,2,21,28,146
24530,2024-12-01,45,22,9,10,12,1425
24563,2024-12-01,35,17,6,9,12,1825
24595,2024-12-01,35,20,11,5,12,646
24630,2024-12-01,25,16,7,21,28,69
24703,2024-12-01,39,21,3,10,28,172
24712,2024-12-01,27,16,25,42,45,6896
24733,2024-12-01,17,17,11,21,28,1332
24772,2024-12-01,30,21,3,11,12,496
24829,2024-12-01,13,13,6,14,28,319
24838,2024-12-01,18,16,3,4,12,476
24948,2024-12-01,56,21,12,11,12,4055
24957,2024-12-01,19,16,40,15,28,6504
25035,2024-12-01,43,18,7,10,12,2629
25145,2024-12-01,27,18,5,10,12,1843
25235,2024-12-01,18,13,2,20,28,290
25256,2024-12-01,35,17,47,35,45,2450
25308,2024-12-01,5,6,61,9,45,5448
25319,2024-12-01,37,21,3,7,12,247
25336,2024-12-01,26,17,3,5,12,837
25560,2024-12-01,23,17,3,21,28,254
25577,2024-12-01,10,12,43,50,60,497
25666,2024-12-01,12,13,16,20,60,631
25679,2024-12-01,29,16,52,26,45,5137
25687,2024-12-01,33,16,5,20,28,171
25694,2024-12-01,10,11,16,20,28,2263
25919,2024-12-01,34,17,32,24,28,3243
25988,2024-12-01,40,16,4,10,12,565
26042,2024-12-01,47,19,11,11,12,3776
26260,2024-12-01,19,16,4,4,12,176
26445,2024-12-01,25,18,8,16,28,1125
26507,2024-12-01,15,10,3,8,12,404
26521,2024-12-01,48,17,4,6,12,645
26568,2024-12-01,8,13,110,26,45,6516
26592,2024-12-01,6,6,1,11,28,46
26664,2024-12-01,25,16,95,37,45,20513
26817,2024-12-01,29,18,52,13,28,10088
26878,2024-12-01,14,12,4,2,12,582
26911,2024-12-01,44,19,2,9,12,17
27133,2024-12-01,43,18,13,19,28,793
27337,2024-12-01,62,21,23,53,60,1236
27387,2024-12-01,19,15,33,50,60,1939
27489,2024-12-01,22,13,12,37,45,467
27545,2024-12-01,58,20,3,10,12,154
27588,2024-12-01,17,13,2,12,45,262
27689,2024-12-01,56,22,11,25,28,869
27708,2024-12-01,74,22,94,57,60,12956
27791,2024-12-01,7,6,20,24,45,2049
28082,2024-12-01,32,16,5,8,28,1259
28136,2024-12-01,41,21,7,11,12,1331
28203,2024-12-01,42,22,12,19,28,3798
28239,2024-12-01,39,19,5,18,28,2106
28276,2024-12-01,27,16,6,26,28,508
28278,2024-12-01,41,20,26,37,45,6660
28370,2024-12-01,5,9,9,24,45,880
28397,2024-12-01,53,19,62,19,45,8287
28412,2024-12-01,16,15,6,4,12,393
28440,2024-12-01,32,18,3,5,12,50
28826,2024-12-01,8,9,16,7,28,430
28899,2024-12-01,41,19,4,23,45,129
28909,2024-12-01,3,4,1,4,12,91
28987,2024-12-01,13,11,40,13,28,4678
29124,2024-12-01,21,14,129,39,60,11374
29155,2024-12-01,16,15,11,23,28,2460
29218,2024-12-01,42,21,7,27,28,1176
29302,2024-12-01,12,15,79,18,45,4553
29303,2024-12-01,32,17,60,11,28,1850
29327,2024-12-01,35,18,2,8,12,473
29331,2024-12-01,9,12,2,5,12,61
29367,2024-12-01,51,22,17,23,28,4588
29499,2024-12-01,51,21,33,36,45,6118
29526,2024-12-01,4,5,4,2,12,83
29667,2024-12-01,29,20,57,35,45,973
29679,2024-12-01,19,15,6,15,28,249
29688,2024-12-01,37,20,7,9,12,2404
29721,2024-12-01,31,16,8,9,12,1893
29769,2024-12-01,14,14,3,3,28,351
29805,2024-12-01,45,18,3,22,28,118
29832,2024-12-01,15,12,2,23,28,251
29897,2024-12-01,24,17,1,13,28,87
29918,2024-12-01,10,14,4,5,12,632
29922,2024-12-01,19,14,32,40,60,3650
29926,2024-12-01,20,16,6,20,45,266
29939,2024-12-01,35,18,6,9,12,641
29986,2024-12-01,29,18,20,11,60,3970
30229,2024-12-01,27,17,113,19,60,22716
30372,2024-12-01,4,7,49,34,60,13710
30382,2024-12-01,21,16,5,17,45,1955
30593,2024-12-01,8,8,5,2,12,1538
30607,2024-12-01,26,17,1,9,12,275
30738,2024-12-01,31,17,11,24,28,619
30819,2024-12-01,58,21,103,55,60,7904
30843,2024-12-01,34,18,3,18,28,875
30905,2024-12-01,52,22,22,27,28,3056
31005,2024-12-01,5,10,1,5,28,89
31113,2024-12-01,23,16,8,6,28,382
31125,2024-12-01,15,13,1,25,45,228
31160,2024-12-01,44,21,6,6,12,528
31179,2024-12-01,47,19,8,17,28,1736
31286,2024-12-01,16,13,84,28,60,1465
31324,2024-12-01,38,19,6,20,28,2573
31331,2024-12-01,32,19,6,11,12,747
31348,2024-12-01,26,17,2,3,12,278
31392,2024-12-01,21,14,8,4,12,540
31468,2024-12-01,39,17,5,24,28,792
31563,2024-12-01,39,19,3,14,28,1289
31595,2024-12-01,46,21,2,9,12,211
31691,2024-12-01,49,20,6,6,12,1150
31726,2024-12-01,22,15,3,8,28,276
31786,2024-12-01,3,4,9,12,60,293
31811,2024-12-01,69,21,10,11,12,812
31852,2024-12-01,41,22,44,17,28,10163
32211,2024-12-01,14,12,7,12,28,682
32302,2024-12-01,22,14,56,22,60,16939
32430,2024-12-01,51,19,46,27,28,5459
32453,2024-12-01,33,20,2,9,12,1094
32521,2024-12-01,42,18,3,9,12,861
32529,2024-12-01,12,11,3,9,12,53
32531,2024-12-01,33,17,89,31,45,9966
32536,2024-12-01,10,14,3,21,45,167
32601,2024-12-01,32,17,8,20,28,432
32628,2024-12-01,30,17,2,24,28,307
32670,2024-12-01,27,16,12,21,28,1002
32673,2024-12-01,10,11,5,7,12,238
32811,2024-12-01,12,13,14,18,45,627
32896,2024-12-01,42,17,127,26,60,37411
32903,2024-12-01,26,18,14,20,45,1493
32920,2024-12-01,4,8,2,4,12,53
32935,2024-12-01,44,21,69,16,28,15481
32995,2024-12-01,53,21,13,54,60,3584
33018,2024-12-01,32,19,1,10,12,62
33021,2024-12-01,36,20,4,23,28,496
33208,2024-12-01,26,20,19,39,60,1431
33350,2024-12-01,44,19,3,15,28,200
33372,2024-12-01,11,14,12,10,45,746
33383,2024-12-01,28,17,33,18,28,1622
33472,2024-12-01,46,18,76,28,45,18206
33774,2024-12-01,10,9,3,6,12,241
33776,2024-12-01,39,20,6,7,12,317
33778,2024-12-01,40,19,6,11,12,1780
33794,2024-12-01,42,19,63,36,45,10433
33796,2024-12-01,40,22,13,33,45,876
33856,2024-12-01,5,9,1,14,28,98
33870,2024-12-01,33,18,55,51,60,8510
33871,2024-12-01,1,1,37,16,60,4345
33925,2024-12-01,11,12,2,4,12,515
33931,2024-12-01,9,10,1,9,45,32
33945,2024-12-01,35,20,27,20,28,5206
33971,2024-12-01,57,21,12,41,45,1446
33975,2024-12-01,43,21,8,26,28,2457
33986,2024-12-01,20,14,113,30,60,15550
34013,2024-12-01,4,7,73,5,60,2295
34048,2024-12-01,35,18,8,6,12,322
34076,2024-12-01,4,7,2,2,12,176
34201,2024-12-01,18,16,3,15,28,28
34261,2024-12-01,41,21,4,19,28,909
34268,2024-12-01,30,17,2,19,28,234
34482,2024-12-01,5,7,3,25,45,153
34499,2024-12-01,23,15,13,38,45,1105
34721,2024-12-01,42,21,39,25,28,1565
34735,2024-12-01,71,21,53,40,45,7013
34795,2024-12-01,16,15,11,6,12,2295
34863,2024-12-01,40,18,4,38,45,1146
34879,2024-12-01,25,18,1,25,45,113
34889,2024-12-01,14,12,5,4,12,69
34988,2024-12-01,8,12,6,5,12,388
35046,2024-12-01,25,17,5,6,12,1424
35057,2024-12-01,36,19,13,25,28,1469
35118,2024-12-01,2,3,2,3,12,100
35136,2024-12-01,33,17,2,10,12,340
35343,2024-12-01,20,13,5,8,28,507
35412,2024-12-01,43,20,52,45,60,1661
35528,2024-12-01,30,18,2,7,12,561
35550,2024-12-01,48,20,3,9,12,414
35710,2024-12-01,38,21,4,25,28,278
35860,2024-12-01,46,21,2,26,28,299
35933,2024-12-01,16,12,84,14,60,531
36021,2024-12-01,47,21,2,8,12,530
36077,2024-12-01,22,18,7,26,28,1116
36158,2024-12-01,21,14,1,8,12,64
36173,2024-12-01,50,22,2,11,12,152
36196,2024-12-01,51,22,54,45,60,13150
36197,2024-12-01,25,17,8,15,28,353
36206,2024-12-01,30,18,6,9,12,2460
36413,2024-12-01,13,14,57,29,60,25534
36773,2024-12-01,11,13,6,20,28,596
36791,2024-12-01,45,20,5,24,28,394
36833,2024-12-01,31,17,28,26,45,849
36920,2024-12-01,60,21,6,22,28,1060
36980,2024-12-01,5,6,25,5,28,8603
36995,2024-12-01,33,20,105,42,60,8997
37109,2024-12-01,37,22,50,40,45,2888
37134,2024-12-01,51,21,13,11,12,3291
37179,2024-12-01,44,20,9,9,12,2200
37285,2024-12-01,13,12,27,15,45,1404
37335,2024-12-01,29,18,7,9,12,422
37398,2024-12-01,20,14,8,21,28,1333
37424,2024-12-01,35,19,49,32,60,2965
37460,2024-12-01,27,16,122,47,60,11066
37476,2024-12-01,43,20,4,24,28,818
37500,2024-12-01,24,16,7,20,28,914
37563,2024-12-01,56,19,67,43,45,14556
37605,2024-12-01,22,14,51,24,28,3225
37672,2024-12-01,28,17,49,24,28,5438
37940,2024-12-01,70,22,10,27,28,3666
37982,2024-12-01,35,17,9,33,60,903
38111,2024-12-01,28,19,4,9,12,440
38198,2024-12-01,35,18,3,8,12,971
38211,2024-12-01,25,14,10,8,12,172
38227,2024-12-01,22,17,3,21,28,244
38252,2024-12-01,9,11,9,13,45,1181
38270,2024-12-01,22,15,12,23,45,905
38664,2024-12-01,44,20,9,18,28,749
38728,2024-12-01,7,9,2,4,12,346
38766,2024-12-01,34,19,69,37,45,4596
38770,2024-12-01,45,18,185,56,60,14990
38812,2024-12-01,11,12,4,2,12,390
38823,2024-12-01,24,18,25,22,28,969
38848,2024-12-01,16,11,67,7,60,1419
38906,2024-12-01,20,14,30,33,60,2593
39037,2024-12-01,30,17,2,12,28,386
39062,2024-12-01,22,17,7,16,28,879
39190,2024-12-01,10,12,7,28,45,1315
39196,2024-12-01,24,14,3,11,12,363
39248,2024-12-01,28,16,53,26,28,10773
39416,2024-12-01,18,14,39,36,60,3385
39515,2024-12-01,21,15,3,8,12,504
39666,2024-12-01,7,12,1,13,28,92
39715,2024-12-01,28,18,69,37,60,14851
39869,2024-12-01,19,16,6,4,12,1392
40017,2024-12-01,9,12,24,15,45,1140
40166,2024-12-01,9,10,1,32,45,87
40219,2024-12-01,46,22,4,15,28,204
40485,2024-12-01,47,19,9,10,12,1237
40757,2024-12-01,53,20,8,43,45,623
40843,2024-12-01,13,12,2,3,12,306
40892,2024-12-01,20,13,21,13,45,2176
40936,2024-12-01,54,21,3,24,28,469
41112,2024-12-01,50,19,5,41,45,913
41124,2024-12-01,51,20,4,41,45,1430
41180,2024-12-01,51,21,9,8,12,2480
41209,2024-12-01,43,20,18,40,45,350
41324,2024-12-01,19,13,5,14,28,584
41404,2024-12-01,36,16,1,5,12,139
41475,2024-12-01,9,11,22,12,28,1931
41531,2024-12-01,10,9,32,44,60,2925
41542,2024-12-01,8,7,21,10,45,1564
41554,2024-12-01,42,18,11,24,28,1418
41601,2024-12-01,30,17,2,5,12,132
41660,2024-12-01,31,18,5,21,28,236
41704,2024-12-01,32,17,1,22,28,106
41709,2024-12-01,9,10,39,10,45,2894
41717,2024-12-01,30,17,2,9,12,198
41740,2024-12-01,16,15,6,10,12,633
41776,2024-12-01,39,21,3,16,28,1163
41834,2024-12-01,7,10,5,4,12,1606
41876,2024-12-01,28,16,56,41,60,8743
41888,2024-12-01,27,17,55,21,28,4101
41956,2024-12-01,46,18,9,10,12,3152
41970,2024-12-01,34,20,11,28,45,518
42017,2024-12-01,2,3,2,11,28,287
42058,2024-12-01,48,20,8,14,28,1632
42105,2024-12-01,31,18,9,10,12,720
42170,2024-12-01,71,22,8,11,12,584
42176,2024-12-01,36,17,7,7,12,1178
42264,2024-12-01,24,17,6,25,45,1471
42269,2024-12-01,25,19,3,33,45,337
42398,2024-12-01,5,8,70,5,60,8760
42428,2024-12-01,26,19,4,12,28,1154
42446,2024-12-01,15,14,1,6,12,121
42536,2024-12-01,10,11,5,5,12,523
42620,2024-12-01,40,17,9,9,12,1374
42704,2024-12-01,23,15,14,18,28,1151
42868,2024-12-01,33,17,1,11,28,334
42955,2024-12-01,27,18,7,15,28,141
43041,2024-12-01,23,13,118,41,60,20822
43162,2024-12-01,18,14,3,7,12,77
43165,2024-12-01,19,17,38,11,28,5783
43194,2024-12-01,17,14,2,18,28,238
43202,2024-12-01,45,20,18,36,45,7873
43280,2024-12-01,8,12,26,6,28,1901
43358,2024-12-01,7,11,17,12,45,3882
43444,2024-12-01,37,21,9,20,28,1534
43533,2024-12-01,29,18,25,14,28,6514
43540,2024-12-01,58,20,3,8,12,566
43556,2024-12-01,22,14,4,9,12,120
43665,2024-12-01,9,11,2,11,28,181
43702,2024-12-01,21,17,4,9,12,79
43777,2024-12-01,8,14,27,6,45,857
43819,2024-12-01,30,16,3,34,45,509
43882,2024-12-01,36,18,4,3,12,908
44058,2024-12-01,7,9,5,3,12,456
44211,2024-12-01,11,13,2,19,28,224
44430,2024-12-01,22,13,42,16,28,4573
44458,2024-12-01,22,16,20,35,60,2907
44476,2024-12-01,50,21,9,17,28,433
44484,2024-12-01,19,13,1,13,28,244
44491,2024-12-01,7,9,11,9,60,1405
44570,2024-12-01,7,9,29,3,60,3506
44577,2024-12-01,17,14,1,11,12,99
44722,2024-12-01,58,20,11,38,45,128
44851,2024-12-01,21,14,1,11,12,167
44979,2024-12-01,24,16,6,9,12,3274
45231,2024-12-01,18,18,27,16,45,7244
45236,2024-12-01,28,19,4,9,12,846
45290,2024-12-01,39,19,8,24,28,287
45344,2024-12-01,20,12,42,19,28,10008
45395,2024-12-01,28,19,9,8,12,1083
45507,2024-12-01,23,14,3,14,28,325
45541,2024-12-01,13,11,38,7,45,5605
45556,2024-12-01,39,21,5,34,45,536
45606,2024-12-01,23,14,25,25,45,3419
45608,2024-12-01,21,16,1,5,12,89
45702,2024-12-01,11,13,2,3,12,115
45708,2024-12-01,4,5,5,6,12,716
45757,2024-12-01,21,15,5,28,45,198
45831,2024-12-01,43,19,4,8,12,1385
45909,2024-12-01,33,17,27,15,28,8298
45983,2024-12-01,4,5,39,42,60,890
46074,2024-12-01,31,18,42,55,60,741
46088,2024-12-01,14,11,5,18,28,608
46114,2024-12-01,12,11,3,10,28,303
46158,2024-12-01,54,19,39,21,28,2036
46227,2024-12-01,4,7,3,5,12,677
46302,2024-12-01,54,21,30,43,45,1517
46452,2024-12-01,7,10,12,11,28,1134
46487,2024-12-01,3,4,2,6,12,308
46503,2024-12-01,37,18,83,51,60,9347
46607,2024-12-01,68,20,12,11,12,3683
46659,2024-12-01,16,12,3,6,12,89
46708,2024-12-01,38,20,6,13,28,1000
46731,2024-12-01,6,9,3,10,28,161
46829,2024-12-01,25,14,119,30,45,13376
46847,2024-12-01,39,20,62,31,60,16864
46887,2024-12-01,11,14,2,18,28,381
46903,2024-12-01,27,18,10,23,45,2217
46968,2024-12-01,44,20,8,27,28,1313
47036,2024-12-01,38,21,10,4,12,502
47046,2024-12-01,19,12,46,17,28,2833
47074,2024-12-01,12,11,148,7,45,5627
47280,2024-12-01,20,17,3,6,28,412
47297,2024-12-01,4,7,36,8,60,4806
47517,2024-12-01,33,18,36,20,28,16539
47527,2024-12-01,45,20,6,11,28,317
47666,2024-12-01,35,16,5,8,12,763
47832,2024-12-01,17,16,49,10,28,4357
47858,2024-12-01,23,15,127,22,60,8924
47863,2024-12-01,5,8,2,2,12,100
47874,2024-12-01,40,21,122,34,45,27932
47879,2024-12-01,3,4,18,10,45,1081
47889,2024-12-01,53,20,111,47,60,11717
47913,2024-12-01,8,8,7,2,12,224
47989,2024-12-01,5,7,4,14,28,301
48223,2024-12-01,49,20,7,40,45,797
48299,2024-12-01,6,9,4,3,12,108
48337,2024-12-01,31,16,6,5,12,166
48428,2024-12-01,23,16,2,24,28,849
48538,2024-12-01,25,17,2,9,12,151
48567,2024-12-01,31,15,4,10,12,1119
48593,2024-12-01,7,10,61,11,60,3876
48639,2024-12-01,53,20,6,19,28,1394
48808,2024-12-01,39,21,51,31,45,26598
48925,2024-12-01,5,7,14,3,28,879
49130,2024-12-01,57,21,6,20,28,425
49214,2024-12-01,10,12,5,7,12,939
49249,2024-12-01,46,22,70,28,45,22272
49323,2024-12-01,16,12,40,20,28,3228
49598,2024-12-01,14,16,77,23,60,3805
49606,2024-12-01,31,19,3,4,12,895
49617,2024-12-01,9,11,11,12,28,2332
49791,2024-12-01,21,15,67,19,60,38548
49872,2024-12-01,15,13,4,19,28,193
49884,2024-12-01,51,18,84,40,45,21554
49913,2024-12-01,36,18,4,10,28,687
49980,2024-12-01,25,15,19,48,60,2082
19,2025-01-01,46,21,10,19,28,1314
23,2025-01-01,49,20,9,24,28,2506
48,2025-01-01,41,18,5,10,12,579
58,2025-01-01,21,17,5,22,28,1016
119,2025-01-01,11,12,44,18,45,5679
222,2025-01-01,51,22,2,10,12,270
247,2025-01-01,78,22,9,43,45,2547
259,2025-01-01,42,19,146,37,60,53051
334,2025-01-01,72,21,62,27,28,3344
341,2025-01-01,14,11,26,25,45,7383
356,2025-01-01,35,21,8,4,12,1501
379,2025-01-01,45,19,13,27,45,2431
508,2025-01-01,5,6,37,10,60,1581
531,2025-01-01,26,16,8,7,12,117
668,2025-01-01,15,13,1,3,12,191
685,2025-01-01,7,9,2,4,12,408
689,2025-01-01,14,13,2,21,28,94
738,2025-01-01,25,18,88,10,45,12042
855,2025-01-01,28,17,5,21,28,886
1001,2025-01-01,28,15,5,17,45,726
1004,2025-01-01,13,12,38,12,28,11242
1048,2025-01-01,63,20,37,27,28,5185
1054,2025-01-01,18,14,4,4,12,818
1061,2025-01-01,66,20,5,11,12,565
1074,2025-01-01,18,15,6,5,12,583
1092,2025-01-01,37,20,3,6,12,327
1240,2025-01-01,37,19,6,22,45,151
1314,2025-01-01,18,15,6,12,28,504
1362,2025-01-01,12,13,2,15,45,383
1385,2025-01-01,65,20,2,27,28,453
1387,2025-01-01,6,9,3,9,28,84
1406,2025-01-01,26,15,64,19,28,8925
1806,2025-01-01,19,16,36,11,45,4280
1807,2025-01-01,26,18,26,26,60,8098
1917,2025-01-01,47,19,36,23,60,9874
1974,2025-01-01,36,18,4,20,28,242
1983,2025-01-01,36,19,58,27,45,8518
2044,2025-01-01,17,13,1,8,12,74
2082,2025-01-01,31,17,34,29,45,1579
2244,2025-01-01,10,12,3,5,12,541
2383,2025-01-01,19,14,7,5,12,1404
2529,2025-01-01,5,7,2,6,12,124
2554,2025-01-01,23,16,68,50,60,14562
2555,2025-01-01,59,21,41,31,45,8905
2575,2025-01-01,57,19,3,10,12,847
2608,2025-01-01,20,14,8,26,45,2071
2620,2025-01-01,11,10,5,26,60,552
2705,2025-01-01,32,18,19,46,60,1134
2754,2025-01-01,60,22,2,23,28,308
2761,2025-01-01,50,20,7,8,12,402
2768,2025-01-01,9,10,1,35,45,139
2939,2025-01-01,7,9,32,36,60,5587
3054,2025-01-01,41,21,3,9,12,634
3171,2025-01-01,21,15,55,49,60,2446
3262,2025-01-01,32,20,34,20,28,1587
3285,2025-01-01,42,19,63,55,60,12522
3295,2025-01-01,72,21,65,24,28,7660
3421,2025-01-01,69,22,19,54,60,10918
3422,2025-01-01,37,20,17,22,28,8319
3470,2025-01-01,23,16,8,4,12,1871
3583,2025-01-01,69,22,2,10,12,196
3656,2025-01-01,30,19,9,6,12,604
3669,2025-01-01,23,15,7,14,28,394
3835,2025-01-01,54,19,14,9,28,3873
4019,2025-01-01,9,10,73,12,45,4875
4281,2025-01-01,40,21,13,14,28,1002
4306,2025-01-01,28,19,5,23,28,1685
4534,2025-01-01,19,14,2,27,45,273
4613,2025-01-01,7,10,4,7,28,134
4626,2025-01-01,6,8,16,6,45,5621
4788,2025-01-01,55,20,21,29,45,5819
4810,2025-01-01,36,17,25,32,45,2172
4819,2025-01-01,7,8,123,8,60,25979
4922,2025-01-01,8,8,5,15,28,412
4988,2025-01-01,17,13,18,13,45,2420
5023,2025-01-01,33,19,12,11,12,2522
5046,2025-01-01,15,15,27,33,45,4325
5199,2025-01-01,31,16,7,21,28,1356
5215,2025-01-01,5,7,11,26,60,1308
5217,2025-01-01,18,17,11,6,12,2582
5329,2025-01-01,22,15,86,31,60,28008
5367,2025-01-01,35,20,52,37,60,3677
5370,2025-01-01,14,16,39,30,60,4049
5411,2025-01-01,46,22,65,42,45,3788
5513,2025-01-01,38,18,30,50,60,6487
5535,2025-01-01,5,10,23,16,60,1787
5566,2025-01-01,9,11,2,4,28,236
5610,2025-01-01,9,12,25,32,60,894
5614,2025-01-01,29,18,27,14,45,11032
5657,2025-01-01,19,14,1,10,12,279
5678,2025-01-01,5,9,1,12,45,23
5717,2025-01-01,29,19,19,33,45,2266
5749,2025-01-01,48,20,4,20,28,535
5754,2025-01-01,12,15,2,10,12,219
5786,2025-01-01,75,21,4,24,28,260
5985,2025-01-01,60,22,4,10,12,980
6051,2025-01-01,19,14,8,7,12,344
6058,2025-01-01,39,18,6,17,28,971
6092,2025-01-01,20,15,39,26,45,6372
6096,2025-01-01,28,20,9,14,45,2070
6100,2025-01-01,45,19,27,41,45,12421
6117,2025-01-01,17,13,72,19,45,12448
6134,2025-01-01,18,14,3,6,12,206
6149,2025-01-01,37,18,59,16,45,9894
6209,2025-01-01,7,9,9,5,12,1571
6250,2025-01-01,13,14,5,5,12,678
6293,2025-01-01,14,13,54,25,45,2496
6298,2025-01-01,23,17,8,11,28,826
6317,2025-01-01,8,11,2,3,12,246
6359,2025-01-01,18,12,1,6,12,107
6362,2025-01-01,52,21,5,11,12,392
6392,2025-01-01,7,9,9,17,60,662
6487,2025-01-01,31,20,4,9,12,1005
6514,2025-01-01,5,7,5,2,28,161
6515,2025-01-01,13,15,2,13,28,236
6545,2025-01-01,28,19,17,33,45,2439
6557,2025-01-01,27,18,69,31,60,5462
6653,2025-01-01,21,16,10,34,45,1167
6669,2025-01-01,19,16,5,11,12,1073
6670,2025-01-01,13,14,23,44,60,2783
6693,2025-01-01,34,20,46,56,60,584
6744,2025-01-01,51,20,27,39,45,7175
6786,2025-01-01,4,6,15,13,45,3537
6814,2025-01-01,44,21,7,7,12,1914
6909,2025-01-01,30,17,4,13,28,532
6937,2025-01-01,67,21,8,11,12,2201
7058,2025-01-01,18,12,36,22,28,8591
7225,2025-01-01,29,15,26,36,45,4708
7227,2025-01-01,18,15,16,19,28,2153
7342,2025-01-01,38,21,14,36,45,2017
7357,2025-01-01,43,19,12,22,28,1263
7429,2025-01-01,20,14,158,12,60,20672
7430,2025-01-01,9,11,3,6,12,349
7486,2025-01-01,6,9,5,8,12,360
7497,2025-01-01,26,16,52,24,28,5820
7526,2025-01-01,47,19,182,40,45,71180
7979,2025-01-01,15,12,89,34,60,8604
8004,2025-01-01,15,15,28,27,60,4918
8013,2025-01-01,56,21,6,43,45,1339
8039,2025-01-01,7,8,2,13,28,211
8085,2025-01-01,40,20,9,24,28,585
8107,2025-01-01,15,13,15,15,28,3015
8179,2025-01-01,26,18,37,22,28,9753
8186,2025-01-01,29,20,31,21,45,2790
8339,2025-01-01,34,15,29,40,45,7160
8359,2025-01-01,9,11,30,29,60,3200
8377,2025-01-01,57,20,5,11,12,1391
8392,2025-01-01,72,22,7,10,12,919
8642,2025-01-01,8,9,4,14,28,319
8646,2025-01-01,2,4,1,1,12,43
8712,2025-01-01,41,21,5,16,28,299
8727,2025-01-01,17,14,9,10,28,1145
8775,2025-01-01,40,17,1,8,12,233
8799,2025-01-01,17,14,9,17,28,883
8844,2025-01-01,46,20,11,25,28,681
8874,2025-01-01,7,9,35,9,28,4319
8895,2025-01-01,38,21,145,36,60,10579
8982,2025-01-01,17,13,40,31,60,4936
9083,2025-01-01,44,21,4,11,12,1274
9104,2025-01-01,13,14,3,16,28,558
9112,2025-01-01,32,18,63,24,28,6681
9141,2025-01-01,15,13,2,22,28,122
9157,2025-01-01,22,14,9,16,28,2364
9229,2025-01-01,14,13,40,30,45,2827
9272,2025-01-01,26,19,2,9,12,124
9399,2025-01-01,39,18,4,10,12,770
9465,2025-01-01,43,19,6,9,12,1173
9477,2025-01-01,5,9,15,24,60,253
9505,2025-01-01,16,12,44,26,45,1454
9557,2025-01-01,7,9,44,35,45,6762
9565,2025-01-01,5,7,29,7,28,4734
9636,2025-01-01,22,14,18,16,28,6444
9703,2025-01-01,49,20,27,38,60,6225
9720,2025-01-01,26,16,10,9,12,994
9724,2025-01-01,26,17,33,20,28,2262
9768,2025-01-01,19,15,25,9,45,2220
9836,2025-01-01,18,16,46,25,45,7369
9866,2025-01-01,18,17,9,7,12,362
9913,2025-01-01,43,20,1,26,28,100
10006,2025-01-01,34,20,52,10,45,7528
10214,2025-01-01,27,16,2,8,12,237
10246,2025-01-01,20,15,3,6,12,244
10289,2025-01-01,5,8,16,15,45,1796
10299,2025-01-01,43,20,86,47,60,6726
10316,2025-01-01,18,13,39,12,45,6596
10330,2025-01-01,55,20,146,39,45,2891
10376,2025-01-01,7,10,2,16,28,139
10429,2025-01-01,29,20,50,16,45,11579
10457,2025-01-01,11,12,3,5,12,94
10490,2025-01-01,42,20,3,11,12,343
10529,2025-01-01,30,17,11,22,28,1968
10578,2025-01-01,35,19,47,40,45,9720
10745,2025-01-01,28,17,4,8,12,245
10771,2025-01-01,14,11,24,10,45,664
10776,2025-01-01,15,13,2,9,12,164
10883,2025-01-01,26,15,83,32,60,11807
10941,2025-01-01,17,14,12,40,45,3025
10974,2025-01-01,16,14,20,24,45,1872
11117,2025-01-01,45,20,186,38,45,37597
11277,2025-01-01,44,18,88,48,60,7489
11348,2025-01-01,49,19,2,9,12,117
11425,2025-01-01,16,14,12,31,45,1308
11457,2025-01-01,51,22,7,26,28,1963
11496,2025-01-01,53,19,1,17,28,169
11527,2025-01-01,22,18,3,19,28,1067
11650,2025-01-01,31,20,18,29,60,4783
11877,2025-01-01,15,11,7,5,12,973
11883,2025-01-01,42,18,53,33,45,7521
12008,2025-01-01,58,22,2,10,12,254
12095,2025-01-01,14,13,32,26,45,7838
12103,2025-01-01,13,12,36,21,45,3306
12136,2025-01-01,25,18,8,10,12,189
12148,2025-01-01,34,20,3,6,12,175
12176,2025-01-01,34,18,40,32,45,1444
12218,2025-01-01,17,12,8,5,12,1710
12239,2025-01-01,23,16,11,6,12,1221
12276,2025-01-01,49,20,5,10,12,712
12321,2025-01-01,19,16,33,36,45,1719
12357,2025-01-01,52,21,46,43,45,10166
12358,2025-01-01,13,12,5,6,28,1070
12375,2025-01-01,40,20,54,49,60,7106
12436,2025-01-01,24,16,5,24,28,487
12473,2025-01-01,7,8,1,12,28,76
12587,2025-01-01,37,17,46,15,45,8092
12588,2025-01-01,4,7,6,3,12,2777
12590,2025-01-01,34,15,106,47,60,3191
12602,2025-01-01,15,12,1,3,12,134
12617,2025-01-01,27,17,63,34,60,6451
12832,2025-01-01,12,13,8,3,12,284
12867,2025-01-01,14,12,7,13,28,1436
12923,2025-01-01,24,15,23,10,45,210
12931,2025-01-01,10,12,7,7,28,135
12951,2025-01-01,23,19,96,51,60,1037
12962,2025-01-01,30,17,28,12,28,7895
12990,2025-01-01,33,19,2,7,12,250
13010,2025-01-01,67,21,70,43,45,2184
13155,2025-01-01,46,21,1,11,12,79
13215,2025-01-01,19,14,8,20,28,298
13230,2025-01-01,8,11,1,12,28,58
13254,2025-01-01,59,21,8,26,28,1933
13308,2025-01-01,28,18,4,10,12,827
13412,2025-01-01,24,17,1,7,12,250
13422,2025-01-01,11,12,74,10,60,4870
13468,2025-01-01,43,19,3,23,28,712
13481,2025-01-01,12,11,9,7,28,3023
13552,2025-01-01,12,10,5,10,28,472
13575,2025-01-01,9,11,11,9,60,2521
13618,2025-01-01,56,21,2,26,28,539
13637,2025-01-01,23,16,9,15,28,1334
13704,2025-01-01,5,9,2,2,12,35
13806,2025-01-01,17,16,7,21,60,1618
14020,2025-01-01,28,17,2,14,28,552
14225,2025-01-01,9,9,7,4,12,345
14249,2025-01-01,40,19,2,16,28,391
14270,2025-01-01,15,13,40,13,60,3956
14271,2025-01-01,26,18,6,9,12,2309
14289,2025-01-01,57,22,38,39,60,9098
14362,2025-01-01,19,14,3,7,12,502
14388,2025-01-01,21,15,4,6,12,880
14532,2025-01-01,18,13,38,27,60,3499
14642,2025-01-01,6,8,1,6,45,38
14690,2025-01-01,2,3,67,8,60,2935
14706,2025-01-01,49,19,24,24,28,13797
14732,2025-01-01,59,21,7,22,28,773
14778,2025-01-01,4,5,4,17,45,282
14803,2025-01-01,31,17,10,7,12,657
14837,2025-01-01,61,20,22,36,45,3770
14970,2025-01-01,20,16,2,17,28,429
15049,2025-01-01,37,17,8,9,12,965
15189,2025-01-01,56,19,7,11,12,941
15256,2025-01-01,53,20,12,8,12,1535
15389,2025-01-01,12,11,3,6,12,95
15412,2025-01-01,18,17,15,15,28,1357
15472,2025-01-01,10,12,3,4,28,476
15508,2025-01-01,3,6,2,8,45,244
15612,2025-01-01,42,17,8,2,12,1630
15628,2025-01-01,18,14,27,15,45,1026
15642,2025-01-01,12,12,3,24,28,625
15791,2025-01-01,23,17,1,8,12,193
16009,2025-01-01,42,20,42,38,45,4013
16036,2025-01-01,30,18,17,25,45,2728
16048,2025-01-01,18,13,4,9,12,815
16073,2025-01-01,23,16,46,39,45,10640
16280,2025-01-01,61,22,10,27,28,540
16353,2025-01-01,72,22,6,9,12,743
16381,2025-01-01,21,15,5,11,12,344
16405,2025-01-01,16,15,60,19,60,18076
16664,2025-01-01,19,16,3,8,28,132
16705,2025-01-01,14,11,3,9,12,426
16712,2025-01-01,5,7,42,21,60,11084
16769,2025-01-01,22,16,32,13,45,7160
16799,2025-01-01,18,12,2,9,12,462
16832,2025-01-01,64,22,2,27,28,282
16996,2025-01-01,20,15,4,29,45,227
17072,2025-01-01,32,15,41,19,45,5557
17095,2025-01-01,45,18,32,38,60,4924
17368,2025-01-01,34,18,6,20,28,605
17378,2025-01-01,3,6,52,12,60,822
17430,2025-01-01,80,22,195,51,60,74403
17555,2025-01-01,19,17,30,19,28,718
17606,2025-01-01,40,20,7,20,28,1577
17648,2025-01-01,15,12,5,11,12,117
17724,2025-01-01,38,21,2,23,28,740
17794,2025-01-01,10,10,12,11,28,1574
17800,2025-01-01,48,21,22,43,45,840
17818,2025-01-01,64,22,11,18,28,676
17920,2025-01-01,2,2,3,3,60,264
17974,2025-01-01,18,14,9,10,12,1570
17993,2025-01-01,58,22,38,32,60,3407
17998,2025-01-01,62,22,9,11,12,458
18013,2025-01-01,40,21,4,7,12,646
18057,2025-01-01,40,22,7,23,28,1462
18088,2025-01-01,42,21,9,16,28,1652
18104,2025-01-01,8,10,10,7,45,1800
18130,2025-01-01,58,22,62,20,45,10443
18211,2025-01-01,25,15,5,20,28,969
18219,2025-01-01,58,20,27,43,45,7903
18303,2025-01-01,26,18,10,29,45,490
18606,2025-01-01,52,20,8,11,12,244
18662,2025-01-01,26,16,7,5,12,1500
18710,2025-01-01,61,21,6,25,28,486
18720,2025-01-01,32,18,8,37,45,1467
18732,2025-01-01,30,17,2,9,12,268
18808,2025-01-01,33,16,5,11,12,1053
18811,2025-01-01,47,19,2,27,45,206
18901,2025-01-01,26,19,17,19,28,1907
18902,2025-01-01,45,19,51,26,28,12503
18914,2025-01-01,43,20,8,4,12,356
18943,2025-01-01,6,8,3,3,12,103
19002,2025-01-01,44,20,57,39,45,3703
19036,2025-01-01,16,13,34,46,60,2394
19079,2025-01-01,58,20,39,23,28,12355
19095,2025-01-01,17,17,7,18,28,602
19198,2025-01-01,6,11,6,11,28,642
19468,2025-01-01,6,9,5,4,12,682
19560,2025-01-01,15,11,10,4,12,1510
19563,2025-01-01,25,17,3,9,12,530
19729,2025-01-01,17,17,9,16,28,2748
19777,2025-01-01,32,21,6,9,12,865
19926,2025-01-01,27,16,3,30,45,550
20071,2025-01-01,48,20,8,11,12,856
20131,2025-01-01,21,20,1,9,28,289
20162,2025-01-01,28,17,29,34,45,6356
20296,2025-01-01,33,19,11,6,12,3366
20335,2025-01-01,14,10,3,12,28,578
20357,2025-01-01,63,21,64,51,60,40691
20457,2025-01-01,55,17,4,26,28,1503
20480,2025-01-01,11,13,2,14,28,143
20493,2025-01-01,65,21,7,26,28,2207
20516,2025-01-01,38,20,7,22,28,3439
20595,2025-01-01,9,8,2,3,12,168
20686,2025-01-01,30,15,69,45,60,6648
20711,2025-01-01,23,16,40,48,60,6025
20821,2025-01-01,52,20,23,41,60,1089
20940,2025-01-01,38,19,6,6,12,1790
20987,2025-01-01,76,22,6,11,12,1315
20992,2025-01-01,29,14,4,11,12,831
21026,2025-01-01,48,20,5,7,12,231
21126,2025-01-01,32,17,4,8,28,337
21146,2025-01-01,61,21,2,11,12,192
21189,2025-01-01,35,20,4,11,12,455
21504,2025-01-01,41,20,5,25,28,513
21512,2025-01-01,33,19,2,9,12,156
21542,2025-01-01,22,16,6,7,12,946
21682,2025-01-01,16,16,33,29,45,3601
21751,2025-01-01,11,14,10,33,45,908
22031,2025-01-01,35,21,27,25,28,1826
22041,2025-01-01,36,18,2,13,28,191
22110,2025-01-01,38,18,4,3,12,182
22139,2025-01-01,35,17,3,6,12,813
22154,2025-01-01,35,18,8,11,12,818
22215,2025-01-01,16,15,4,4,12,857
22217,2025-01-01,55,18,11,25,28,2176
22340,2025-01-01,30,19,9,13,28,2415
22372,2025-01-01,30,16,7,7,12,2004
22416,2025-01-01,37,19,11,23,28,1684
22475,2025-01-01,5,6,5,9,28,663
22485,2025-01-01,43,19,19,25,28,1314
22487,2025-01-01,26,16,1,16,28,74
22541,2025-01-01,20,15,4,6,12,30
22573,2025-01-01,24,16,8,23,28,813
22603,2025-01-01,36,21,143,55,60,36346
22676,2025-01-01,35,18,5,17,28,834
22710,2025-01-01,36,16,2,6,12,507
22756,2025-01-01,37,18,2,10,12,249
22825,2025-01-01,26,17,10,41,60,1515
22836,2025-01-01,69,22,7,24,28,1187
22914,2025-01-01,10,12,3,10,12,901
22915,2025-01-01,36,19,5,11,12,1232
22949,2025-01-01,11,12,26,42,60,3861
22999,2025-01-01,34,17,42,40,45,8746
23108,2025-01-01,4,6,0,5,28,0
23169,2025-01-01,35,17,5,5,12,746
23338,2025-01-01,11,12,80,29,60,1442
23467,2025-01-01,24,16,25,32,45,2648
23490,2025-01-01,23,17,9,5,12,604
23508,2025-01-01,23,15,2,24,45,260
23512,2025-01-01,12,12,6,6,28,516
23757,2025-01-01,42,20,2,8,12,306
23931,2025-01-01,47,22,48,26,28,21394
23959,2025-01-01,29,17,5,11,12,839
24011,2025-01-01,20,17,3,4,28,397
24199,2025-01-01,51,19,14,40,45,936
24244,2025-01-01,31,16,13,41,45,1586
24484,2025-01-01,50,19,2,19,28,424
24530,2025-01-01,42,17,11,8,12,584
24563,2025-01-01,36,19,5,8,12,1229
24595,2025-01-01,41,20,11,6,12,1171
24630,2025-01-01,26,18,8,24,28,2664
24703,2025-01-01,46,21,3,15,28,633
24712,2025-01-01,30,16,20,38,45,1158
24733,2025-01-01,19,15,9,20,28,534
24772,2025-01-01,34,18,3,11,12,279
24829,2025-01-01,11,12,5,15,28,425
24838,2025-01-01,10,12,3,5,12,341
24948,2025-01-01,38,20,13,11,12,4459
24957,2025-01-01,23,16,44,12,28,4988
25035,2025-01-01,37,20,7,11,12,1383
25145,2025-01-01,23,16,5,10,12,1334
25235,2025-01-01,19,14,2,14,28,325
25256,2025-01-01,30,17,41,36,45,6021
25274,2025-01-01,30,17,48,53,60,4813
25308,2025-01-01,4,5,69,13,45,1488
25319,2025-01-01,32,19,2,8,12,221
25336,2025-01-01,12,11,3,6,12,258
25560,2025-01-01,20,15,3,23,28,162
25577,2025-01-01,16,14,39,50,60,2709
25666,2025-01-01,16,13,17,28,60,1051
25679,2025-01-01,27,18,58,21,45,10868
25686,2025-01-01,9,13,4,5,12,567
25687,2025-01-01,45,19,5,21,28,2882
25694,2025-01-01,16,11,18,24,28,2204
25759,2025-01-01,12,14,3,8,12,525
25919,2025-01-01,42,20,33,24,28,2422
25988,2025-01-01,44,20,4,10,12,664
26042,2025-01-01,38,17,11,10,12,1332
26260,2025-01-01,13,13,4,2,12,136
26445,2025-01-01,27,19,7,15,28,638
26507,2025-01-01,24,18,3,9,12,398
26521,2025-01-01,54,19,3,6,12,84
26568,2025-01-01,12,16,102,28,45,6365
26592,2025-01-01,10,15,1,14,28,73
26664,2025-01-01,28,19,103,38,45,19166
26685,2025-01-01,30,19,2,2,12,486
26714,2025-01-01,15,12,24,15,28,1135
26817,2025-01-01,32,17,52,14,28,6918
26865,2025-01-01,21,16,44,55,60,4244
26878,2025-01-01,12,14,4,3,12,137
26911,2025-01-01,44,17,2,9,12,89
27133,2025-01-01,52,20,13,19,28,4010
27337,2025-01-01,63,22,25,55,60,7586
27387,2025-01-01,18,11,28,46,60,9943
27392,2025-01-01,3,4,2,6,12,222
27489,2025-01-01,13,12,12,40,45,2805
27545,2025-01-01,67,21,3,11,12,269
27588,2025-01-01,26,15,2,13,45,675
27689,2025-01-01,64,22,9,23,28,1797
27708,2025-01-01,79,22,108,57,60,2324
27791,2025-01-01,9,11,22,25,45,1292
28082,2025-01-01,27,18,6,10,28,1246
28136,2025-01-01,48,21,7,9,12,1339
28203,2025-01-01,45,20,12,22,28,3122
28239,2025-01-01,66,21,6,20,28,1291
28276,2025-01-01,32,17,6,24,28,1255
28278,2025-01-01,32,15,21,36,45,2555
28370,2025-01-01,5,7,10,21,45,1198
28397,2025-01-01,56,20,73,19,45,5974
28412,2025-01-01,12,12,6,4,12,114
28440,2025-01-01,40,18,3,7,12,131
28826,2025-01-01,9,11,18,8,28,1223
28899,2025-01-01,37,19,4,19,45,879
28909,2025-01-01,4,7,1,3,12,38
28987,2025-01-01,11,11,41,12,28,3472
29124,2025-01-01,29,19,120,43,60,14973
29155,2025-01-01,5,7,8,22,28,976
29218,2025-01-01,30,17,6,27,28,830
29302,2025-01-01,7,11,72,18,45,5802
29303,2025-01-01,32,20,69,11,28,10234
29327,2025-01-01,29,18,2,6,12,274
29331,2025-01-01,10,15,2,5,12,216
29367,2025-01-01,58,21,17,20,28,615
29499,2025-01-01,57,22,30,39,45,3751
29526,2025-01-01,6,7,4,2,12,143
29667,2025-01-01,26,15,62,36,45,4048
29679,2025-01-01,19,16,5,15,28,795
29688,2025-01-01,32,16,7,9,12,564
29721,2025-01-01,40,17,7,9,12,1419
29769,2025-01-01,13,13,3,3,28,85
29805,2025-01-01,44,19,3,20,28,1434
29832,2025-01-01,14,12,1,23,28,43
29897,2025-01-01,16,12,1,13,28,43
29918,2025-01-01,13,15,5,4,12,599
29922,2025-01-01,31,18,34,42,60,11087
29926,2025-01-01,25,15,7,25,45,1221
29939,2025-01-01,26,15,6,7,12,1476
29986,2025-01-01,22,18,18,13,60,642
30229,2025-01-01,26,15,121,23,60,12889
30372,2025-01-01,5,10,62,37,60,8068
30382,2025-01-01,16,16,4,20,45,354
30593,2025-01-01,9,12,5,3,12,158
30607,2025-01-01,19,17,1,9,12,90
30738,2025-01-01,36,20,10,23,28,3535
30819,2025-01-01,55,22,105,55,60,27783
30843,2025-01-01,26,16,2,21,28,104
30905,2025-01-01,47,20,26,27,28,9438
31005,2025-01-01,8,10,1,3,28,66
31113,2025-01-01,26,18,8,7,28,870
31125,2025-01-01,24,16,1,28,45,244
31126,2025-01-01,19,15,7,7,28,89
31160,2025-01-01,29,20,6,6,12,799
31179,2025-01-01,45,21,8,15,28,4468
31286,2025-01-01,6,6,65,23,60,19874
31324,2025-01-01,45,21,6,18,28,1467
31331,2025-01-01,40,17,7,11,12,1809
31348,2025-01-01,31,19,2,3,12,188
31392,2025-01-01,22,17,8,3,12,1128
31468,2025-01-01,41,21,5,24,28,1024
31563,2025-01-01,36,16,3,14,28,402
31595,2025-01-01,52,20,3,10,12,941
31691,2025-01-01,69,22,6,6,12,887
31726,2025-01-01,18,16,3,7,28,355
31786,2025-01-01,4,5,9,13,60,605
31811,2025-01-01,45,22,8,10,12,532
31852,2025-01-01,44,20,38,17,28,4775
32171,2025-01-01,24,18,9,17,28,1647
32211,2025-01-01,12,14,7,16,28,219
32302,2025-01-01,26,15,49,28,60,3237
32430,2025-01-01,52,21,47,27,28,9817
32453,2025-01-01,32,20,3,6,12,246
32521,2025-01-01,45,18,3,8,12,1478
32529,2025-01-01,11,13,3,9,12,482
32531,2025-01-01,30,15,81,32,45,16468
32536,2025-01-01,10,13,3,19,45,586
32601,2025-01-01,24,16,7,20,28,2831
32628,2025-01-01,22,16,1,23,28,216
32670,2025-01-01,43,19,12,21,28,717
32673,2025-01-01,8,9,5,8,12,1246
32811,2025-01-01,11,14,18,20,45,3548
32896,2025-01-01,50,21,150,28,60,36324
32903,2025-01-01,28,19,15,18,45,1543
32920,2025-01-01,4,6,1,5,12,123
32926,2025-01-01,12,12,2,37,45,322
32935,2025-01-01,62,21,74,22,28,8743
32995,2025-01-01,60,21,14,55,60,3106
33018,2025-01-01,23,18,1,9,12,144
33021,2025-01-01,42,19,5,24,28,408
33208,2025-01-01,26,17,19,38,60,4256
33350,2025-01-01,35,17,2,17,28,237
33372,2025-01-01,6,10,10,11,45,1538
33383,2025-01-01,24,17,34,18,28,6569
33472,2025-01-01,56,21,65,30,45,12056
33774,2025-01-01,22,17,3,4,12,496
33776,2025-01-01,36,21,6,5,12,1391
33778,2025-01-01,55,21,6,11,12,1467
33794,2025-01-01,52,22,64,37,45,13333
33796,2025-01-01,50,18,15,35,45,1713
33856,2025-01-01,6,8,1,13,28,77
33870,2025-01-01,20,15,63,51,60,2415
33871,2025-01-01,1,2,35,14,60,5502
33925,2025-01-01,18,16,2,2,12,147
33931,2025-01-01,11,16,1,6,45,127
33945,2025-01-01,49,19,26,22,28,5067
33971,2025-01-01,55,19,15,43,45,3582
33975,2025-01-01,77,22,8,26,28,297
33986,2025-01-01,26,18,119,32,60,13253
34001,2025-01-01,19,15,11,6,12,458
34013,2025-01-01,4,8,85,11,60,3757
34048,2025-01-01,38,19,7,7,12,1909
34076,2025-01-01,4,5,2,3,12,65
34201,2025-01-01,16,12,4,14,28,1178
34261,2025-01-01,30,18,4,19,28,127
34268,2025-01-01,36,20,1,20,28,218
34482,2025-01-01,6,8,3,25,45,390
34499,2025-01-01,31,19,13,40,45,2981
34721,2025-01-01,30,17,35,24,28,5801
34735,2025-01-01,52,20,53,38,45,6187
34744,2025-01-01,16,13,2,18,28,613
34795,2025-01-01,14,12,13,7,12,1710
34863,2025-01-01,35,19,5,33,45,492
34879,2025-01-01,24,16,1,26,45,56
34889,2025-01-01,19,14,6,6,12,547
34988,2025-01-01,15,12,7,5,12,661
35046,2025-01-01,29,20,4,6,12,414
35057,2025-01-01,48,21,12,24,28,4710
35118,2025-01-01,1,2,1,2,12,69
35136,2025-01-01,52,22,2,10,12,370
35343,2025-01-01,23,18,5,6,28,397
35411,2025-01-01,50,21,2,10,12,402
35412,2025-01-01,39,22,49,47,60,1208
35528,2025-01-01,57,22,2,9,12,84
35550,2025-01-01,56,20,3,11,12,1205
35710,2025-01-01,61,22,4,27,28,310
35860,2025-01-01,33,20,2,24,28,794
35933,2025-01-01,26,17,85,9,60,9257
36017,2025-01-01,8,8,41,13,28,4295
36021,2025-01-01,42,18,2,7,12,574
36077,2025-01-01,22,19,7,26,28,951
36158,2025-01-01,41,17,1,10,12,64
36173,2025-01-01,57,21,3,10,12,514
36196,2025-01-01,51,21,52,47,60,8827
36197,2025-01-01,29,17,10,16,28,1593
36206,2025-01-01,27,18,6,9,12,1450
36413,2025-01-01,14,16,47,17,60,11306
36773,2025-01-01,13,13,5,18,28,985
36791,2025-01-01,52,20,5,25,28,359
36833,2025-01-01,23,15,31,30,45,872
36906,2025-01-01,50,20,4,7,12,1266
36920,2025-01-01,39,18,6,24,28,1330
36980,2025-01-01,6,6,27,5,28,2204
36995,2025-01-01,49,21,133,37,60,36093
37109,2025-01-01,33,21,50,38,45,12789
37134,2025-01-01,48,21,12,11,12,1034
37179,2025-01-01,48,21,8,9,12,2320
37285,2025-01-01,21,18,27,18,45,2684
37335,2025-01-01,18,14,6,8,12,300
37398,2025-01-01,19,16,9,24,28,242
37424,2025-01-01,28,16,48,34,60,2783
37460,2025-01-01,20,15,117,45,60,5556
37476,2025-01-01,35,19,3,22,28,183
37500,2025-01-01,16,13,6,23,28,2574
37563,2025-01-01,53,21,70,42,45,18862
37605,2025-01-01,27,18,60,22,28,12867
37672,2025-01-01,26,18,54,22,28,10652
37940,2025-01-01,54,20,9,27,28,3287
37982,2025-01-01,23,17,8,31,60,792
38111,2025-01-01,33,18,5,9,12,469
38198,2025-01-01,54,18,3,7,12,2133
38211,2025-01-01,35,19,10,8,12,131
38227,2025-01-01,42,20,3,22,28,628
38252,2025-01-01,10,11,9,19,45,2059
38270,2025-01-01,23,16,13,24,45,338
38664,2025-01-01,35,18,9,16,28,1162
38728,2025-01-01,6,7,2,3,12,228
38766,2025-01-01,33,18,70,33,45,17658
38770,2025-01-01,44,21,166,57,60,12509
38812,2025-01-01,5,6,3,2,12,1019
38823,2025-01-01,29,17,27,22,28,6574
38848,2025-01-01,25,17,76,17,60,44428
38906,2025-01-01,12,12,30,32,60,4089
39037,2025-01-01,34,17,2,10,28,284
39062,2025-01-01,17,16,6,13,28,528
39190,2025-01-01,17,14,6,27,45,755
39196,2025-01-01,20,14,3,10,12,398
39248,2025-01-01,21,15,63,26,28,6569
39416,2025-01-01,18,15,45,39,60,819
39515,2025-01-01,24,18,3,8,12,530
39666,2025-01-01,18,15,1,17,28,74
39715,2025-01-01,24,15,78,31,60,7408
39869,2025-01-01,13,11,7,3,12,718
40017,2025-01-01,11,14,22,13,45,3177
40166,2025-01-01,14,14,1,34,45,38
40219,2025-01-01,64,20,4,16,28,673
40485,2025-01-01,39,19,8,11,12,1529
40757,2025-01-01,37,19,8,43,45,2216
40843,2025-01-01,8,9,2,4,12,94
40892,2025-01-01,21,16,24,15,45,4130
40936,2025-01-01,52,21,4,24,28,79
41112,2025-01-01,55,20,5,37,45,491
41124,2025-01-01,53,22,4,42,45,147
41180,2025-01-01,52,20,8,7,12,1541
41209,2025-01-01,32,17,18,42,45,8827
41324,2025-01-01,11,10,5,12,28,267
41404,2025-01-01,36,16,1,6,12,145
41475,2025-01-01,11,11,23,16,28,1171
41508,2025-01-01,21,16,4,8,12,928
41531,2025-01-01,11,12,39,47,60,3660
41542,2025-01-01,11,10,19,8,45,1864
41554,2025-01-01,49,17,9,25,28,2850
41601,2025-01-01,27,17,2,4,12,218
41660,2025-01-01,23,17,5,19,28,944
41704,2025-01-01,37,19,1,23,28,262
41709,2025-01-01,11,11,44,15,45,3625
41717,2025-01-01,31,15,2,8,12,191
41740,2025-01-01,15,14,7,11,12,1370
41776,2025-01-01,39,19,2,12,28,748
41834,2025-01-01,7,10,5,4,12,211
41876,2025-01-01,26,17,65,46,60,5379
41888,2025-01-01,28,18,53,16,28,850
41956,2025-01-01,49,18,11,11,12,2712
41970,2025-01-01,45,22,10,26,45,2403
42017,2025-01-01,4,6,2,8,28,73
42058,2025-01-01,41,19,9,14,28,1376
42105,2025-01-01,23,16,10,10,12,867
42170,2025-01-01,51,22,8,11,12,655
42176,2025-01-01,39,21,9,6,12,200
42264,2025-01-01,33,17,6,30,45,731
42269,2025-01-01,16,14,3,34,45,403
42398,2025-01-01,7,12,77,8,60,12104
42428,2025-01-01,38,17,4,15,28,1107
42446,2025-01-01,10,10,1,5,12,170
42536,2025-01-01,23,18,5,7,12,550
42620,2025-01-01,49,21,9,8,12,572
42704,2025-01-01,33,17,16,21,28,1465
42868,2025-01-01,31,17,1,11,28,396
42914,2025-01-01,40,19,12,23,28,415
42955,2025-01-01,41,17,7,19,28,1112
43041,2025-01-01,21,18,107,37,60,53578
43162,2025-01-01,23,16,3,7,12,420
43165,2025-01-01,14,15,37,9,28,1232
43194,2025-01-01,30,17,2,17,28,38
43202,2025-01-01,50,21,16,37,45,4312
43280,2025-01-01,6,8,22,5,28,2182
43358,2025-01-01,8,10,14,16,45,143
43444,2025-01-01,28,17,9,23,28,1200
43533,2025-01-01,25,15,25,11,28,3026
43540,2025-01-01,40,20,3,7,12,276
43556,2025-01-01,15,9,4,10,12,234
43665,2025-01-01,14,14,2,13,28,137
43702,2025-01-01,25,18,5,9,12,1018
43777,2025-01-01,11,10,31,7,45,729
43819,2025-01-01,33,19,3,35,45,781
43882,2025-01-01,46,22,4,3,12,266
44058,2025-01-01,4,8,5,5,12,165
44211,2025-01-01,10,13,2,20,28,30
44430,2025-01-01,35,19,39,17,28,13267
44458,2025-01-01,21,17,22,35,60,1946
44476,2025-01-01,57,22,8,17,28,1609
44484,2025-01-01,28,17,1,15,28,75
44491,2025-01-01,8,10,11,9,60,2421
44570,2025-01-01,3,5,27,3,60,4030
44577,2025-01-01,14,13,1,11,12,253
44722,2025-01-01,61,19,12,39,45,1627
44851,2025-01-01,42,18,1,11,12,217
44979,2025-01-01,30,19,5,8,12,435
45231,2025-01-01,23,16,29,13,45,3462
45236,2025-01-01,28,18,4,9,12,467
45290,2025-01-01,34,19,6,23,28,63
45344,2025-01-01,33,18,49,25,28,6518
45395,2025-01-01,28,16,9,8,12,1363
45507,2025-01-01,33,20,3,17,28,477
45541,2025-01-01,26,15,43,8,45,22569
45556,2025-01-01,41,21,5,34,45,310
45606,2025-01-01,19,15,20,24,45,2591
45608,2025-01-01,12,11,1,5,12,94
45702,2025-01-01,6,6,2,3,12,167
45708,2025-01-01,7,13,5,5,12,388
45757,2025-01-01,15,12,5,32,45,694
45831,2025-01-01,35,19,4,9,12,417
45909,2025-01-01,36,19,26,15,28,4620
45983,2025-01-01,12,12,42,40,60,5958
46074,2025-01-01,38,17,44,57,60,5039
46088,2025-01-01,11,13,5,17,28,816
46114,2025-01-01,9,9,3,8,28,158
46158,2025-01-01,39,20,40,23,28,3513
46227,2025-01-01,3,4,3,3,12,244
46302,2025-01-01,77,22,26,43,45,411
46382,2025-01-01,29,18,6,20,28,1996
46452,2025-01-01,14,13,14,11,28,1590
46487,2025-01-01,6,9,3,6,12,329
46503,2025-01-01,24,17,76,51,60,18979
46607,2025-01-01,64,22,10,11,12,2115
46659,2025-01-01,18,17,3,7,12,1140
46708,2025-01-01,38,20,6,15,28,1534
46731,2025-01-01,6,11,3,6,28,253
46829,2025-01-01,37,18,149,32,45,70691
46847,2025-01-01,44,22,60,27,60,7749
46887,2025-01-01,12,11,2,18,28,81
46903,2025-01-01,40,20,11,25,45,863
46968,2025-01-01,44,20,10,27,28,1156
47036,2025-01-01,36,18,10,4,12,1807
47046,2025-01-01,30,16,55,20,28,2139
47074,2025-01-01,16,14,150,6,45,3770
47280,2025-01-01,12,11,3,5,28,145
47297,2025-01-01,5,8,35,8,60,4390
47517,2025-01-01,29,19,36,20,28,1749
47527,2025-01-01,46,20,6,7,28,886
47666,2025-01-01,31,20,5,8,12,312
47832,2025-01-01,24,17,45,10,28,8441
47858,2025-01-01,26,15,137,22,60,27269
47863,2025-01-01,5,7,2,3,12,74
47874,2025-01-01,29,19,119,33,45,29206
47879,2025-01-01,2,3,14,9,45,540
47889,2025-01-01,50,19,121,53,60,7110
47913,2025-01-01,22,18,8,3,12,1420
47989,2025-01-01,12,14,4,15,28,1186
48223,2025-01-01,52,21,6,39,45,831
48299,2025-01-01,5,8,4,3,12,323
48337,2025-01-01,21,13,6,6,12,699
48355,2025-01-01,32,18,6,24,28,424
48428,2025-01-01,10,11,1,24,28,167
48538,2025-01-01,37,19,2,11,12,50
48567,2025-01-01,53,21,5,10,12,326
48593,2025-01-01,4,7,66,11,60,10255
48639,2025-01-01,42,20,6,21,28,895
48808,2025-01-01,50,21,46,34,45,6819
48925,2025-01-01,5,7,14,5,28,756
49130,2025-01-01,50,21,6,24,28,2207
49214,2025-01-01,17,16,5,8,12,1288
49249,2025-01-01,48,21,73,33,45,25815
49323,2025-01-01,13,11,36,15,28,1721
49489,2025-01-01,53,21,9,6,12,1783
49598,2025-01-01,14,13,85,16,60,14374
49606,2025-01-01,35,19,3,5,12,202
49617,2025-01-01,8,8,9,10,28,159
49791,2025-01-01,17,16,68,18,60,3294
49872,2025-01-01,6,10,4,18,28,60
49884,2025-01-01,58,21,86,36,45,6103
49913,2025-01-01,30,19,4,11,28,322
49980,2025-01-01,29,16,20,39,60,6230
19,2025-02-01,51,21,9,20,28,306
23,2025-02-01,44,19,9,24,28,1638
48,2025-02-01,41,22,5,10,12,1123
50,2025-02-01,9,9,5,4,12,129
58,2025-02-01,20,18,5,22,28,96
119,2025-02-01,13,14,35,21,45,6788
222,2025-02-01,36,18,3,11,12,249
247,2025-02-01,51,22,11,43,45,1578
259,2025-02-01,28,16,146,38,60,16529
334,2025-02-01,63,22,68,27,28,11629
341,2025-02-01,22,17,23,32,45,3205
356,2025-02-01,40,20,7,5,12,448
379,2025-02-01,35,18,11,27,45,2918
508,2025-02-01,3,5,39,9,60,5161
531,2025-02-01,24,15,10,5,12,355
668,2025-02-01,16,12,1,4,12,9
685,2025-02-01,4,5,2,4,12,331
689,2025-02-01,18,13,2,22,28,374
738,2025-02-01,24,15,92,10,45,11168
855,2025-02-01,29,20,5,20,28,727
1001,2025-02-01,29,18,5,19,45,165
1004,2025-02-01,6,5,30,10,28,2737
1048,2025-02-01,64,21,39,27,28,1788
1054,2025-02-01,30,18,5,4,12,361
1061,2025-02-01,53,22,5,11,12,328
1074,2025-02-01,15,13,6,6,12,541
1092,2025-02-01,30,16,3,5,12,376
1240,2025-02-01,32,18,7,24,45,970
1314,2025-02-01,18,18,6,11,28,458
1362,2025-02-01,21,14,2,13,45,261
1385,2025-02-01,60,22,2,27,28,844
1387,2025-02-01,7,8,2,8,28,86
1406,2025-02-01,36,20,59,17,28,18402
1806,2025-02-01,24,16,32,12,45,17092
1807,2025-02-01,33,19,25,17,60,3956
1917,2025-02-01,39,19,43,28,60,4659
1974,2025-02-01,36,17,4,21,28,128
1983,2025-02-01,43,18,60,25,45,11015
2044,2025-02-01,16,14,1,7,12,40
2082,2025-02-01,25,14,30,34,45,1070
2244,2025-02-01,18,15,3,8,12,133
2383,2025-02-01,20,15,6,5,12,152
2529,2025-02-01,5,8,2,5,12,246
2554,2025-02-01,35,18,82,46,60,46809
2555,2025-02-01,53,18,42,33,45,11528
2575,2025-02-01,51,17,2,10,12,187
2608,2025-02-01,21,13,8,31,45,1111
2620,2025-02-01,13,11,5,33,60,666
2705,2025-02-01,44,21,24,47,60,1702
2754,2025-02-01,67,19,3,24,28,790
2761,2025-02-01,63,22,6,8,12,2468
2768,2025-02-01,20,14,2,34,45,133
2939,2025-02-01,3,6,31,33,60,755
3054,2025-02-01,47,22,4,11,12,478
3171,2025-02-01,36,18,48,41,60,5070
3262,2025-02-01,32,20,39,15,28,4124
3285,2025-02-01,50,21,60,53,60,3016
3295,2025-02-01,62,20,60,22,28,4958
3421,2025-02-01,78,21,17,53,60,1433
3422,2025-02-01,38,19,16,19,28,3706
3470,2025-02-01,16,14,7,1,12,501
3583,2025-02-01,59,22,2,10,12,413
3656,2025-02-01,27,16,8,6,12,2016
3669,2025-02-01,14,14,7,17,28,379
3835,2025-02-01,45,19,13,12,28,1159
4019,2025-02-01,8,10,77,9,45,8192
4049,2025-02-01,20,13,3,21,45,544
4281,2025-02-01,18,14,11,11,28,934
4306,2025-02-01,33,18,5,21,28,457
4534,2025-02-01,19,13,2,26,45,305
4613,2025-02-01,9,13,5,8,28,708
4626,2025-02-01,2,4,13,7,45,772
4788,2025-02-01,39,20,21,36,45,2774
4810,2025-02-01,36,21,26,28,45,1399
4819,2025-02-01,10,9,125,13,60,10107
4922,2025-02-01,8,10,5,15,28,702
4988,2025-02-01,10,11,15,14,45,585
5023,2025-02-01,47,20,12,11,12,3946
5046,2025-02-01,16,13,28,35,45,978
5161,2025-02-01,16,17,6,4,12,381
5199,2025-02-01,29,17,7,20,28,400
5215,2025-02-01,6,9,13,19,60,2113
5217,2025-02-01,14,11,11,4,12,854
5329,2025-02-01,28,17,79,18,60,3140
5367,2025-02-01,38,17,59,35,60,10552
5370,2025-02-01,15,13,36,19,60,4752
5411,2025-02-01,62,22,73,43,45,21097
5468,2025-02-01,68,22,7,22,28,400
5513,2025-02-01,42,19,31,52,60,1554
5535,2025-02-01,5,7,20,19,60,653
5566,2025-02-01,7,9,3,6,28,212
5610,2025-02-01,10,13,24,34,60,1182
5614,2025-02-01,23,17,27,12,45,819
5657,2025-02-01,30,20,1,10,12,117
5678,2025-02-01,5,7,1,10,45,95
5717,2025-02-01,39,17,21,36,45,5844
5749,2025-02-01,42,21,3,23,28,492
5754,2025-02-01,8,8,2,10,12,137
5786,2025-02-01,58,22,4,25,28,610
5985,2025-02-01,49,22,5,11,12,1381
6051,2025-02-01,16,13,7,7,12,1415
6058,2025-02-01,30,18,7,21,28,1173
6092,2025-02-01,25,19,38,22,45,4285
6096,2025-02-01,33,17,9,21,45,1012
6100,2025-02-01,35,17,26,40,45,9217
6117,2025-02-01,16,17,64,24,45,2284
6134,2025-02-01,22,14,3,8,12,449
6149,2025-02-01,26,18,58,14,45,6359
6209,2025-02-01,6,10,9,5,12,387
6250,2025-02-01,14,15,4,5,12,2004
6293,2025-02-01,15,14,47,20,45,3874
6298,2025-02-01,31,20,10,11,28,212
6317,2025-02-01,8,8,1,3,12,155
6359,2025-02-01,29,18,1,6,12,232
6362,2025-02-01,54,21,5,11,12,306
6392,2025-02-01,1,1,7,18,60,138
6483,2025-02-01,45,21,10,5,12,675
6487,2025-02-01,28,18,4,9,12,198
6514,2025-02-01,4,6,5,1,28,688
6515,2025-02-01,11,12,2,10,28,165
6545,2025-02-01,31,20,19,33,45,786
6557,2025-02-01,14,11,72,35,60,2147
6653,2025-02-01,16,11,10,32,45,438
6669,2025-02-01,30,18,7,11,12,1080
6670,2025-02-01,10,11,24,36,60,1452
6687,2025-02-01,40,18,2,5,12,138
6693,2025-02-01,34,20,49,51,60,12838
6744,2025-02-01,41,19,27,34,45,2616
6786,2025-02-01,2,3,13,10,45,1357
6814,2025-02-01,36,19,7,8,12,94
6909,2025-02-01,22,16,4,10,28,158
6937,2025-02-01,76,22,8,11,12,731
7058,2025-02-01,27,17,38,21,28,7383
7225,2025-02-01,39,18,27,37,45,4216
7227,2025-02-01,16,13,16,18,28,2271
7342,2025-02-01,44,20,15,36,45,2673
7357,2025-02-01,43,19,10,18,28,1149
7429,2025-02-01,12,10,170,12,60,5401
7430,2025-02-01,14,13,3,6,12,270
7486,2025-02-01,5,7,4,9,12,132
7497,2025-02-01,34,21,56,25,28,4088
7526,2025-02-01,33,16,184,41,45,12382
7979,2025-02-01,11,11,84,38,60,32610
8004,2025-02-01,14,16,31,29,60,2022
8013,2025-02-01,45,20,6,43,45,630
8039,2025-02-01,3,5,2,10,28,100
8085,2025-02-01,40,21,9,25,28,2681
8107,2025-02-01,19,17,19,20,28,2762
8179,2025-02-01,23,16,38,19,28,1493
8186,2025-02-01,47,21,39,16,45,2815
8339,2025-02-01,24,15,28,41,45,8281
8340,2025-02-01,22,16,9,6,12,1593
8359,2025-02-01,5,9,26,27,60,2095
8377,2025-02-01,66,21,5,11,12,393
8392,2025-02-01,46,20,7,10,12,1181
8642,2025-02-01,9,8,4,13,28,399
8646,2025-02-01,6,8,1,1,12,102
8712,2025-02-01,34,17,4,18,28,742
8727,2025-02-01,16,13,9,11,28,867
8775,2025-02-01,29,19,1,8,12,377
8799,2025-02-01,17,14,10,13,28,1483
8844,2025-02-01,39,22,10,24,28,2146
8874,2025-02-01,11,14,32,8,28,4597
8895,2025-02-01,47,19,138,31,60,13315
8982,2025-02-01,20,15,45,32,60,4150
9083,2025-02-01,35,20,4,10,12,1088
9104,2025-02-01,24,15,3,18,28,336
9112,2025-02-01,35,20,61,24,28,9451
9141,2025-02-01,17,15,3,21,28,361
9157,2025-02-01,25,15,10,15,28,641
9229,2025-02-01,12,9,31,24,45,3099
9272,2025-02-01,24,18,2,9,12,238
9399,2025-02-01,40,19,4,10,12,416
9465,2025-02-01,43,19,6,9,12,694
9477,2025-02-01,3,4,13,20,60,1196
9505,2025-02-01,11,12,44,24,45,3779
9557,2025-02-01,10,12,49,38,45,4120
9565,2025-02-01,19,18,39,9,28,2264
9636,2025-02-01,35,21,20,16,28,2627
9703,2025-02-01,50,22,25,41,60,3673
9720,2025-02-01,27,17,10,10,12,2206
9724,2025-02-01,29,17,33,24,28,4762
9768,2025-02-01,24,17,24,16,45,1976
9836,2025-02-01,20,13,41,23,45,3670
9866,2025-02-01,15,13,10,6,12,1497
9913,2025-02-01,49,19,1,25,28,66
10006,2025-02-01,31,15,54,4,45,5085
10214,2025-02-01,22,14,2,8,12,181
10246,2025-02-01,17,13,3,8,12,1114
10289,2025-02-01,6,8,13,16,45,772
10299,2025-02-01,36,20,81,48,60,4019
10316,2025-02-01,44,21,52,18,45,6099
10330,2025-02-01,59,20,150,37,45,4989
10376,2025-02-01,21,15,3,17,28,69
10429,2025-02-01,18,12,49,18,45,12811
10457,2025-02-01,11,12,3,5,12,763
10490,2025-02-01,25,16,3,11,12,909
10516,2025-02-01,21,17,7,15,28,86
10529,2025-02-01,56,21,11,25,28,1354
10578,2025-02-01,41,20,53,43,45,11895
10745,2025-02-01,27,15,4,7,12,1369
10771,2025-02-01,24,16,25,11,45,2285
10776,2025-02-01,17,17,1,7,12,218
10883,2025-02-01,28,17,93,43,60,19046
10941,2025-02-01,15,13,13,39,45,1364
10974,2025-02-01,12,11,19,19,45,3268
11117,2025-02-01,45,22,172,36,45,26964
11277,2025-02-01,30,15,93,44,60,47967
11348,2025-02-01,53,21,2,10,12,461
11425,2025-02-01,13,13,10,25,45,534
11457,2025-02-01,64,21,7,26,28,1248
11496,2025-02-01,36,20,2,15,28,182
11527,2025-02-01,21,13,3,19,28,666
11650,2025-02-01,27,14,19,24,60,4383
11861,2025-02-01,51,21,6,11,12,1544
11877,2025-02-01,23,16,8,8,12,499
11883,2025-02-01,24,16,52,34,45,6155
12008,2025-02-01,38,20,2,9,12,437
12095,2025-02-01,28,18,27,27,45,3010
12103,2025-02-01,27,17,41,16,45,3162
12136,2025-02-01,22,17,8,10,12,486
12148,2025-02-01,17,12,2,5,12,157
12176,2025-02-01,39,18,39,32,45,6436
12218,2025-02-01,19,14,7,5,12,654
12239,2025-02-01,22,13,10,6,12,2230
12276,2025-02-01,50,21,5,10,12,389
12321,2025-02-01,18,16,30,29,45,3259
12357,2025-02-01,72,22,52,43,45,21924
12358,2025-02-01,21,17,6,10,28,275
12375,2025-02-01,29,18,49,51,60,8588
12436,2025-02-01,19,17,4,23,28,1163
12473,2025-02-01,3,5,1,11,28,40
12587,2025-02-01,32,18,44,21,45,9154
12588,2025-02-01,9,8,7,5,12,368
12590,2025-02-01,39,17,97,51,60,32637
12602,2025-02-01,15,15,1,3,12,65
12617,2025-02-01,39,21,61,36,60,255
12832,2025-02-01,10,14,8,4,12,3416
12867,2025-02-01,14,11,7,15,28,667
12923,2025-02-01,27,18,21,17,45,3378
12931,2025-02-01,6,10,6,6,28,526
12951,2025-02-01,29,16,121,54,60,3329
12962,2025-02-01,24,18,29,10,28,919
12990,2025-02-01,41,19,2,5,12,207
13010,2025-02-01,57,22,84,43,45,8985
13155,2025-02-01,46,19,1,11,12,200
13215,2025-02-01,19,15,8,19,28,1410
13230,2025-02-01,6,8,1,17,28,76
13254,2025-02-01,59,21,10,27,28,1126
13308,2025-02-01,23,14,5,10,12,580
13412,2025-02-01,12,11,1,7,12,17
13422,2025-02-01,11,12,82,12,60,16498
13468,2025-02-01,49,20,3,20,28,696
13481,2025-02-01,24,16,7,6,28,138
13552,2025-02-01,13,12,4,10,28,248
13575,2025-02-01,15,13,11,13,60,1205
13618,2025-02-01,53,21,1,23,28,308
13637,2025-02-01,20,15,8,14,28,1254
13704,2025-02-01,5,9,1,3,12,73
13806,2025-02-01,17,14,8,23,60,522
14020,2025-02-01,40,19,2,13,28,154
14225,2025-02-01,9,12,7,4,12,381
14249,2025-02-01,39,20,2,19,28,427
14270,2025-02-01,19,18,37,16,60,848
14271,2025-02-01,30,16,6,10,12,869
14289,2025-02-01,67,22,42,44,60,10610
14362,2025-02-01,22,15,4,7,12,199
14388,2025-02-01,22,16,4,5,12,125
14532,2025-02-01,28,15,32,29,60,5601
14642,2025-02-01,7,9,1,5,45,231
14690,2025-02-01,2,2,55,5,60,924
14706,2025-02-01,68,22,27,26,28,8597
14732,2025-02-01,60,22,6,24,28,1269
14778,2025-02-01,3,4,4,14,45,277
14803,2025-02-01,27,19,11,7,12,1578
14837,2025-02-01,57,22,21,36,45,1373
14970,2025-02-01,26,18,2,18,28,310
15049,2025-02-01,41,20,10,6,12,1445
15189,2025-02-01,51,22,8,11,12,2524
15256,2025-02-01,39,22,12,5,12,4614
15389,2025-02-01,12,10,3,7,12,121
15412,2025-02-01,14,15,16,16,28,491
15472,2025-02-01,10,11,3,5,28,263
15508,2025-02-01,0,0,2,8,45,65
15612,2025-02-01,34,19,7,3,12,648
15628,2025-02-01,9,9,23,16,45,2911
15642,2025-02-01,23,16,3,22,28,214
15791,2025-02-01,22,15,1,9,12,132
15909,2025-02-01,24,15,73,41,45,7161
16009,2025-02-01,46,21,39,39,45,4715
16036,2025-02-01,42,20,19,30,45,4231
16048,2025-02-01,17,16,4,8,12,996
16073,2025-02-01,43,20,47,40,45,7585
16280,2025-02-01,52,21,10,26,28,1720
16353,2025-02-01,73,20,6,8,12,445
16381,2025-02-01,20,17,5,11,12,557
16405,2025-02-01,11,12,64,31,60,7689
16664,2025-02-01,23,15,3,14,28,199
16705,2025-02-01,15,15,3,9,12,134
16712,2025-02-01,5,9,44,26,60,3271
16769,2025-02-01,22,18,29,8,45,4390
16799,2025-02-01,26,16,3,9,12,164
16832,2025-02-01,70,22,2,27,28,187
16996,2025-02-01,21,15,3,25,45,664
17072,2025-02-01,25,17,38,22,45,2547
17095,2025-02-01,38,18,34,30,60,1251
17368,2025-02-01,35,19,7,17,28,1937
17378,2025-02-01,4,6,51,15,60,2650
17430,2025-02-01,65,22,165,55,60,24089
17555,2025-02-01,27,15,29,18,28,3418
17606,2025-02-01,37,20,7,20,28,584
17648,2025-02-01,12,13,5,10,12,1033
17724,2025-02-01,33,21,1,17,28,398
17794,2025-02-01,14,13,11,7,28,389
17800,2025-02-01,49,19,23,43,45,1805
17818,2025-02-01,71,21,10,19,28,1058
17920,2025-02-01,2,3,3,4,60,316
17974,2025-02-01,14,12,9,8,12,1259
17993,2025-02-01,50,20,39,43,60,4580
17998,2025-02-01,53,21,9,11,12,1496
18013,2025-02-01,41,20,4,5,12,593
18057,2025-02-01,46,20,7,25,28,478
18088,2025-02-01,29,18,7,15,28,379
18104,2025-02-01,2,3,9,3,45,632
18130,2025-02-01,67,21,60,17,45,10681
18211,2025-02-01,26,16,5,18,28,585
18219,2025-02-01,79,22,25,43,45,724
18303,2025-02-01,28,16,9,34,45,1116
18307,2025-02-01,44,19,48,27,45,4735
18606,2025-02-01,48,22,7,11,12,903
18662,2025-02-01,42,19,8,7,12,1441
18710,2025-02-01,62,21,6,25,28,471
18720,2025-02-01,34,15,8,37,45,1204
18732,2025-02-01,44,22,2,10,12,824
18808,2025-02-01,29,19,5,11,12,155
18811,2025-02-01,44,21,1,28,45,219
18901,2025-02-01,20,16,17,21,28,1794
18902,2025-02-01,47,20,53,26,28,1122
18914,2025-02-01,39,19,7,4,12,963
18943,2025-02-01,6,9,4,4,12,186
19002,2025-02-01,45,19,55,37,45,7368
19036,2025-02-01,13,13,31,43,60,1996
19079,2025-02-01,63,22,39,23,28,20569
19095,2025-02-01,17,14,6,17,28,962
19198,2025-02-01,5,8,6,11,28,427
19468,2025-02-01,15,14,6,5,12,724
19560,2025-02-01,25,15,10,4,12,1004
19563,2025-02-01,25,19,3,10,12,748
19729,2025-02-01,16,14,11,17,28,1736
19777,2025-02-01,26,14,5,8,12,241
19811,2025-02-01,44,19,4,24,28,934
19926,2025-02-01,24,20,3,26,45,111
19943,2025-02-01,37,20,112,38,45,16434
20071,2025-02-01,48,20,11,11,12,1456
20131,2025-02-01,19,16,1,7,28,145
20162,2025-02-01,32,18,29,34,45,2596
20296,2025-02-01,34,18,12,5,12,1014
20335,2025-02-01,21,16,3,14,28,411
20357,2025-02-01,52,21,75,48,60,5336
20457,2025-02-01,53,21,3,27,28,521
20480,2025-02-01,18,15,2,15,28,222
20493,2025-02-01,74,22,6,25,28,880
20516,2025-02-01,36,19,7,24,28,2507
20595,2025-02-01,29,17,3,4,12,313
20597,2025-02-01,5,7,3,3,12,283
20686,2025-02-01,27,20,73,50,60,15040
20711,2025-02-01,36,19,43,47,60,3996
20821,2025-02-01,43,21,27,45,60,3552
20940,2025-02-01,36,20,6,8,12,220
20987,2025-02-01,66,22,7,11,12,2548
20992,2025-02-01,45,21,5,11,12,587
21026,2025-02-01,46,19,5,7,12,913
21126,2025-02-01,31,18,4,8,28,255
21146,2025-02-01,44,20,3,11,12,227
21189,2025-02-01,46,20,3,11,12,337
21504,2025-02-01,51,21,6,25,28,1048
21512,2025-02-01,37,20,1,8,12,262
21542,2025-02-01,15,13,6,7,12,236
21682,2025-02-01,10,12,29,28,45,998
21751,2025-02-01,5,6,10,37,45,415
22031,2025-02-01,22,16,26,24,28,1651
22041,2025-02-01,22,17,2,18,28,727
22110,2025-02-01,37,21,4,6,12,104
22139,2025-02-01,36,18,4,6,12,579
22154,2025-02-01,24,17,8,10,12,705
22215,2025-02-01,14,13,5,4,12,275
22217,2025-02-01,55,21,10,25,28,2451
22340,2025-02-01,25,15,10,12,28,3209
22372,2025-02-01,25,15,7,7,12,2042
22416,2025-02-01,68,22,11,23,28,963
22475,2025-02-01,4,5,4,12,28,492
22485,2025-02-01,37,20,21,24,28,3758
22487,2025-02-01,18,15,1,16,28,70
22541,2025-02-01,12,12,3,4,12,95
22573,2025-02-01,39,20,10,23,28,699
22603,2025-02-01,42,18,145,55,60,12054
22676,2025-02-01,39,21,4,15,28,405
22710,2025-02-01,32,16,2,7,12,296
22756,2025-02-01,48,22,2,10,12,267
22825,2025-02-01,17,11,10,47,60,911
22836,2025-02-01,52,21,7,24,28,1361
22914,2025-02-01,8,10,3,9,12,270
22915,2025-02-01,49,19,6,11,12,2040
22949,2025-02-01,7,9,23,40,60,1419
22999,2025-02-01,49,19,41,40,45,5065
23108,2025-02-01,5,8,0,10,28,0
23169,2025-02-01,43,21,6,6,12,824
23338,2025-02-01,11,12,90,28,60,7283
23467,2025-02-01,19,13,25,30,45,9225
23490,2025-02-01,30,17,9,4,12,547
23508,2025-02-01,19,15,2,25,45,117
23512,2025-02-01,11,12,5,7,28,260
23757,2025-02-01,53,21,2,9,12,226
23931,2025-02-01,51,19,56,25,28,8047
23959,2025-02-01,35,19,4,11,12,418
24011,2025-02-01,26,17,4,7,28,801
24199,2025-02-01,47,19,12,38,45,2257
24244,2025-02-01,36,18,12,38,45,4757
24484,2025-02-01,45,20,2,21,28,447
24530,2025-02-01,49,20,10,10,12,1513
24563,2025-02-01,39,20,5,9,12,1120
24595,2025-02-01,40,20,12,5,12,1583
24630,2025-02-01,28,18,8,25,28,203
24703,2025-02-01,27,14,3,13,28,300
24712,2025-02-01,34,18,28,41,45,6093
24733,2025-02-01,10,11,8,15,28,1689
24772,2025-02-01,32,19,3,11,12,276
24829,2025-02-01,11,11,5,16,28,987
24838,2025-02-01,15,13,4,5,12,672
24948,2025-02-01,43,20,12,11,12,2767
24957,2025-02-01,30,15,46,15,28,5457
25035,2025-02-01,39,22,8,11,12,2340
25138,2025-02-01,7,9,24,8,28,424
25145,2025-02-01,21,14,5,10,12,1128
25235,2025-02-01,20,15,3,20,28,246
25256,2025-02-01,46,21,46,38,45,9342
25274,2025-02-01,43,18,47,55,60,3595
25308,2025-02-01,5,8,71,10,45,16646
25319,2025-02-01,28,19,2,6,12,292
25336,2025-02-01,19,15,4,4,12,782
25560,2025-02-01,25,18,3,22,28,94
25577,2025-02-01,11,13,37,51,60,948
25613,2025-02-01,58,22,53,43,45,3217
25666,2025-02-01,9,8,16,20,60,3260
25679,2025-02-01,39,20,56,20,45,11832
25686,2025-02-01,8,9,4,6,12,1049
25687,2025-02-01,30,19,4,22,28,897
25694,2025-02-01,20,17,20,24,28,2415
25759,2025-02-01,12,11,3,8,12,53
25919,2025-02-01,64,22,36,25,28,15877
25988,2025-02-01,45,19,4,10,12,360
26042,2025-02-01,27,17,10,11,12,1731
26260,2025-02-01,13,14,4,2,12,252
26445,2025-02-01,24,18,7,14,28,1194
26507,2025-02-01,35,18,3,8,12,279
26521,2025-02-01,47,20,3,8,12,136
26568,2025-02-01,7,9,110,29,45,1622
26592,2025-02-01,11,14,2,14,28,257
26664,2025-02-01,35,17,101,37,45,10839
26685,2025-02-01,28,17,3,3,12,244
26714,2025-02-01,20,17,26,16,28,4598
26817,2025-02-01,25,15,62,14,28,3751
26865,2025-02-01,34,19,41,55,60,1268
26878,2025-02-01,14,14,5,3,12,554
26911,2025-02-01,42,19,3,9,12,339
27133,2025-02-01,46,20,11,19,28,3489
27337,2025-02-01,65,21,25,54,60,3975
27387,2025-02-01,28,22,29,46,60,3689
27392,2025-02-01,6,10,2,8,12,43
27489,2025-02-01,20,16,13,40,45,2408
27545,2025-02-01,40,19,4,11,12,2362
27588,2025-02-01,20,15,2,7,45,199
27689,2025-02-01,60,22,11,24,28,557
27708,2025-02-01,60,22,102,57,60,14609
27791,2025-02-01,7,8,19,20,45,3219
28017,2025-02-01,36,21,9,8,12,2842
28082,2025-02-01,38,18,5,8,28,1642
28136,2025-02-01,47,18,7,10,12,1958
28203,2025-02-01,40,19,10,20,28,425
28239,2025-02-01,45,21,6,21,28,993
28276,2025-02-01,35,19,6,25,28,1248
28278,2025-02-01,32,18,19,30,45,1959
28370,2025-02-01,7,10,9,21,45,124
28397,2025-02-01,55,18,73,24,45,15679
28412,2025-02-01,31,20,7,4,12,2330
28440,2025-02-01,36,19,3,6,12,765
28826,2025-02-01,7,9,15,9,28,1921
28899,2025-02-01,32,19,3,22,45,582
28909,2025-02-01,3,4,1,3,12,199
28987,2025-02-01,8,10,34,12,28,5830
29124,2025-02-01,19,12,124,40,60,39180
29155,2025-02-01,9,11,9,22,28,1062
29218,2025-02-01,41,20,6,26,28,860
29302,2025-02-01,9,11,78,15,45,5976
29303,2025-02-01,43,20,69,10,28,22218
29327,2025-02-01,22,16,2,7,12,458
29331,2025-02-01,11,12,2,5,12,174
29367,2025-02-01,56,20,18,21,28,3840
29499,2025-02-01,72,20,33,40,45,15424
29526,2025-02-01,6,10,3,3,12,243
29667,2025-02-01,40,20,61,40,45,5868
29679,2025-02-01,28,15,6,16,28,1085
29688,2025-02-01,33,17,7,7,12,1410
29721,2025-02-01,38,21,7,10,12,824
29723,2025-02-01,18,14,2,8,12,288
29769,2025-02-01,16,13,3,2,28,113
29805,2025-02-01,50,21,3,24,28,833
29832,2025-02-01,11,10,2,25,28,328
29897,2025-02-01,10,11,1,10,28,32
29918,2025-02-01,11,13,4,5,12,271
29922,2025-02-01,25,15,33,34,60,3296
29926,2025-02-01,27,17,8,24,45,527
29939,2025-02-01,25,15,5,8,12,320
29986,2025-02-01,25,18,22,13,60,7100
30229,2025-02-01,35,18,154,31,60,2036
30372,2025-02-01,5,8,75,36,60,19033
30382,2025-02-01,14,13,4,14,45,766
30410,2025-02-01,20,16,15,15,28,3035
30593,2025-02-01,10,11,5,3,12,212
30607,2025-02-01,26,15,1,9,12,96
30716,2025-02-01,41,19,2,14,28,234
30738,2025-02-01,48,20,11,24,28,1605
30819,2025-02-01,73,22,107,56,60,12793
30820,2025-02-01,35,18,7,10,12,1164
30843,2025-02-01,35,17,2,20,28,308
30866,2025-02-01,39,20,7,7,12,549
30905,2025-02-01,78,22,26,27,28,7511
31005,2025-02-01,7,10,1,4,28,59
31113,2025-02-01,23,17,9,8,28,717
31125,2025-02-01,18,13,1,24,45,63
31126,2025-02-01,14,13,7,8,28,453
31160,2025-02-01,24,18,7,6,12,189
31179,2025-02-01,54,20,8,14,28,1106
31286,2025-02-01,15,16,73,25,60,17476
31324,2025-02-01,31,18,6,22,28,981
31331,2025-02-01,42,18,7,11,12,2371
31348,2025-02-01,17,13,2,3,12,65
31392,2025-02-01,16,14,7,3,12,456
31468,2025-02-01,43,19,5,24,28,743
31563,2025-02-01,46,20,3,15,28,93
31595,2025-02-01,43,21,2,10,12,127
31691,2025-02-01,54,20,8,5,12,2811
31726,2025-02-01,21,19,3,11,28,278
31786,2025-02-01,1,1,8,11,60,1174
31811,2025-02-01,63,21,9,11,12,958
31852,2025-02-01,41,20,37,11,28,4266
32171,2025-02-01,32,18,11,17,28,1487
32211,2025-02-01,18,14,7,13,28,1128
32302,2025-02-01,32,18,49,16,60,24897
32430,2025-02-01,74,21,48,27,28,12967
32453,2025-02-01,48,20,2,7,12,292
32521,2025-02-01,29,19,2,8,12,1240
32529,2025-02-01,26,18,4,9,12,464
32531,2025-02-01,44,21,81,29,45,7103
32536,2025-02-01,6,9,3,17,45,184
32601,2025-02-01,32,19,8,19,28,1490
32628,2025-02-01,26,16,1,24,28,346
32670,2025-02-01,45,19,12,21,28,692
32673,2025-02-01,12,10,5,8,12,1631
32811,2025-02-01,19,17,15,12,45,2117
32896,2025-02-01,53,21,138,35,60,31595
32903,2025-02-01,28,17,14,19,45,1872
32920,2025-02-01,6,8,2,6,12,182
32926,2025-02-01,14,15,2,33,45,204
32935,2025-02-01,55,19,69,20,28,5581
32995,2025-02-01,55,21,13,57,60,6358
33018,2025-02-01,22,15,2,10,12,348
33021,2025-02-01,27,16,5,22,28,1646
33208,2025-02-01,18,15,17,29,60,3964
33350,2025-02-01,43,20,3,17,28,494
33372,2025-02-01,6,8,9,5,45,333
33383,2025-02-01,28,16,36,18,28,3897
33472,2025-02-01,55,21,67,27,45,21947
33774,2025-02-01,15,13,2,5,12,56
33776,2025-02-01,44,21,6,6,12,805
33778,2025-02-01,49,20,7,11,12,445
33794,2025-02-01,57,22,61,36,45,11511
33796,2025-02-01,61,22,13,32,45,1100
33856,2025-02-01,5,7,1,13,28,85
33870,2025-02-01,30,16,63,51,60,10807
33871,2025-02-01,3,5,34,28,60,1647
33925,2025-02-01,16,14,2,1,12,259
33931,2025-02-01,5,5,1,9,45,115
33945,2025-02-01,52,20,28,21,28,5149
33971,2025-02-01,49,21,13,43,45,3505
33975,2025-02-01,60,21,8,26,28,653
33986,2025-02-01,30,16,113,37,60,13106
34001,2025-02-01,27,16,10,7,12,1312
34013,2025-02-01,8,11,79,11,60,12964
34048,2025-02-01,26,15,7,7,12,343
34076,2025-02-01,5,7,3,3,12,106
34201,2025-02-01,16,11,3,17,28,417
34261,2025-02-01,40,22,5,18,28,171
34268,2025-02-01,23,14,1,19,28,285
34482,2025-02-01,5,8,3,20,45,228
34499,2025-02-01,39,17,13,38,45,5180
34615,2025-02-01,6,7,46,11,45,2942
34721,2025-02-01,32,17,37,21,28,4055
34735,2025-02-01,63,21,54,39,45,6060
34744,2025-02-01,11,11,2,20,28,234
34795,2025-02-01,19,16,12,5,12,639
34863,2025-02-01,31,18,5,35,45,601
34879,2025-02-01,17,15,1,27,45,66
34889,2025-02-01,28,17,5,4,12,270
34988,2025-02-01,23,15,7,7,12,508
35003,2025-02-01,35,18,36,25,45,5086
35046,2025-02-01,26,17,4,6,12,172
35057,2025-02-01,48,21,11,24,28,1687
35118,2025-02-01,3,5,1,3,12,60
35136,2025-02-01,49,21,2,11,12,413
35343,2025-02-01,22,16,5,8,28,499
35411,2025-02-01,40,18,1,11,12,197
35412,2025-02-01,37,19,48,39,60,18762
35528,2025-02-01,56,21,2,10,12,175
35550,2025-02-01,47,20,3,10,12,365
35710,2025-02-01,47,19,4,26,28,924
35860,2025-02-01,36,17,1,23,28,161
35933,2025-02-01,15,14,90,11,60,20928
36017,2025-02-01,13,10,37,15,28,2825
36021,2025-02-01,38,19,2,7,12,161
36077,2025-02-01,32,17,7,27,28,1653
36158,2025-02-01,36,20,1,8,12,126
36173,2025-02-01,60,22,2,11,12,527
36196,2025-02-01,64,22,51,50,60,13091
36197,2025-02-01,31,20,8,18,28,1214
36206,2025-02-01,22,15,6,9,12,193
36413,2025-02-01,9,11,47,19,60,1375
36773,2025-02-01,11,12,5,20,28,541
36791,2025-02-01,49,22,6,26,28,1122
36833,2025-02-01,29,18,33,32,45,3373
36906,2025-02-01,62,22,5,6,12,1142
36920,2025-02-01,62,21,6,25,28,924
36980,2025-02-01,9,10,29,6,28,3690
36984,2025-02-01,1,2,8,10,45,716
36995,2025-02-01,48,17,120,46,60,5450
37109,2025-02-01,20,14,50,38,45,6418
37116,2025-02-01,33,17,138,55,60,28305
37134,2025-02-01,67,22,13,11,12,1307
37179,2025-02-01,33,17,9,9,12,998
37285,2025-02-01,17,15,29,17,45,5460
37335,2025-02-01,21,14,6,8,12,670
37398,2025-02-01,22,14,8,24,28,1164
37424,2025-02-01,19,16,55,25,60,13340
37460,2025-02-01,16,15,128,45,60,410
37476,2025-02-01,51,21,4,22,28,411
37500,2025-02-01,16,14,5,22,28,524
37563,2025-02-01,59,20,67,43,45,4103
37605,2025-02-01,36,20,61,23,28,2165
37672,2025-02-01,31,15,54,25,28,3987
37940,2025-02-01,67,20,9,27,28,386
37982,2025-02-01,25,18,10,30,60,714
38086,2025-02-01,30,13,52,34,45,10042
38095,2025-02-01,65,21,5,25,28,798
38111,2025-02-01,42,20,4,9,12,1914
38198,2025-02-01,46,21,3,8,12,243
38211,2025-02-01,29,20,11,7,12,784
38227,2025-02-01,32,15,3,22,28,532
38252,2025-02-01,17,14,10,13,45,906
38270,2025-02-01,12,11,9,23,45,999
38664,2025-02-01,22,12,9,18,28,2642
38728,2025-02-01,6,10,2,3,12,173
38766,2025-02-01,38,20,67,40,45,12158
38770,2025-02-01,59,21,167,56,60,8918
38812,2025-02-01,7,10,3,2,12,165
38823,2025-02-01,40,18,26,23,28,7618
38848,2025-02-01,37,21,77,15,60,10958
38906,2025-02-01,11,12,24,32,60,2023
39037,2025-02-01,39,20,3,13,28,525
39062,2025-02-01,22,14,6,17,28,1103
39190,2025-02-01,15,16,7,31,45,1923
39196,2025-02-01,11,12,3,10,12,346
39248,2025-02-01,28,17,60,25,28,3112
39416,2025-02-01,14,9,40,33,60,752
39515,2025-02-01,15,12,3,7,12,149
39666,2025-02-01,14,12,1,17,28,112
39715,2025-02-01,35,17,84,35,60,40006
39869,2025-02-01,9,8,7,5,12,1509
40017,2025-02-01,8,10,22,9,45,1138
40166,2025-02-01,10,11,1,32,45,114
40219,2025-02-01,72,22,5,17,28,451
40485,2025-02-01,35,20,9,11,12,745
40757,2025-02-01,59,21,9,43,45,2156
40843,2025-02-01,14,14,2,4,12,1031
40857,2025-02-01,13,14,3,5,12,158
40892,2025-02-01,20,15,23,18,45,1812
40936,2025-02-01,55,22,4,26,28,248
41112,2025-02-01,57,21,6,39,45,1797
41124,2025-02-01,54,20,4,41,45,2332
41180,2025-02-01,43,18,8,8,12,1088
41209,2025-02-01,42,18,17,41,45,3024
41324,2025-02-01,16,13,4,10,28,233
41404,2025-02-01,40,18,1,5,12,164
41475,2025-02-01,15,15,21,13,28,373
41508,2025-02-01,32,18,4,10,12,141
41531,2025-02-01,23,16,36,44,60,9120
41542,2025-02-01,12,13,18,14,45,369
41554,2025-02-01,59,20,9,23,28,2106
41601,2025-02-01,32,19,2,5,12,276
41660,2025-02-01,23,15,5,21,28,1026
41704,2025-02-01,30,16,1,23,28,439
41709,2025-02-01,7,8,44,13,45,4285
41717,2025-02-01,35,20,3,8,12,579
41740,2025-02-01,24,13,8,11,12,1331
41776,2025-02-01,47,20,2,12,28,310
41834,2025-02-01,6,8,5,4,12,257
41859,2025-02-01,25,16,9,18,28,900
41876,2025-02-01,42,20,61,44,60,3497
41888,2025-02-01,34,20,59,16,28,11118
41956,2025-02-01,45,22,10,11,12,176
41970,2025-02-01,30,17,10,24,45,48
42017,2025-02-01,4,7,1,11,28,80
42058,2025-02-01,43,19,8,17,28,518
42105,2025-02-01,22,12,9,10,12,4942
42111,2025-02-01,13,11,2,10,28,74
42170,2025-02-01,51,20,9,11,12,114
42176,2025-02-01,27,15,7,7,12,3439
42196,2025-02-01,14,14,1,2,12,15
42264,2025-02-01,37,17,7,32,45,1304
42269,2025-02-01,33,18,3,34,45,772
42398,2025-02-01,7,11,80,6,60,17318
42428,2025-02-01,21,14,4,13,28,678
42446,2025-02-01,9,13,1,4,12,119
42536,2025-02-01,24,18,5,6,12,1567
42620,2025-02-01,35,21,10,8,12,1865
42704,2025-02-01,28,17,17,19,28,4863
42719,2025-02-01,34,19,42,47,60,2030
42868,2025-02-01,45,19,1,12,28,148
42914,2025-02-01,52,18,13,25,28,1302
42955,2025-02-01,29,20,6,17,28,808
43041,2025-02-01,21,12,98,36,60,20790
43162,2025-02-01,20,16,3,6,12,174
43165,2025-02-01,13,12,32,13,28,8930
43194,2025-02-01,31,17,2,17,28,234
43202,2025-02-01,61,22,19,37,45,5613
43280,2025-02-01,5,7,18,7,28,1564
43358,2025-02-01,4,8,18,12,45,1520
43444,2025-02-01,40,18,8,20,28,769
43533,2025-02-01,30,16,25,11,28,2484
43540,2025-02-01,58,20,3,7,12,416
43556,2025-02-01,10,11,4,8,12,105
43665,2025-02-01,13,12,2,10,28,80
43702,2025-02-01,24,15,5,9,12,247
43777,2025-02-01,10,10,32,7,45,1940
43819,2025-02-01,21,17,2,27,45,221
43882,2025-02-01,35,19,4,2,12,728
44058,2025-02-01,6,8,5,4,12,299
44211,2025-02-01,15,12,2,20,28,214
44430,2025-02-01,31,18,44,22,28,1660
44458,2025-02-01,18,13,19,34,60,2762
44474,2025-02-01,42,21,6,6,28,396
44476,2025-02-01,49,19,10,21,28,780
44484,2025-02-01,32,19,1,14,28,98
44491,2025-02-01,10,10,10,11,60,632
44541,2025-02-01,55,18,6,10,12,718
44570,2025-02-01,6,7,23,2,60,2919
44577,2025-02-01,26,17,1,11,12,148
44722,2025-02-01,42,20,12,40,45,461
44851,2025-02-01,39,16,1,11,12,111
44979,2025-02-01,15,14,6,8,12,688
45231,2025-02-01,24,14,31,16,45,3551
45236,2025-02-01,14,15,3,8,12,532
45290,2025-02-01,27,15,5,22,28,622
45344,2025-02-01,38,18,56,22,28,16579
45395,2025-02-01,16,14,10,8,12,166
45507,2025-02-01,29,19,3,17,28,482
45541,2025-02-01,29,15,39,10,45,1728
45556,2025-02-01,47,19,5,36,45,1273
45606,2025-02-01,23,14,24,27,45,872
45608,2025-02-01,16,14,1,5,12,137
45702,2025-02-01,7,9,2,2,12,195
45708,2025-02-01,8,11,5,5,12,443
45757,2025-02-01,24,18,6,30,45,199
45831,2025-02-01,61,21,4,9,12,693
45909,2025-02-01,30,17,25,14,28,1523
45983,2025-02-01,26,17,50,48,60,1201
46074,2025-02-01,46,20,44,56,60,8925
46088,2025-02-01,9,10,6,14,28,1160
46114,2025-02-01,6,10,2,5,28,273
46158,2025-02-01,63,20,37,23,28,5414
46227,2025-02-01,4,7,3,4,12,356
46302,2025-02-01,77,22,25,43,45,2116
46382,2025-02-01,40,19,7,18,28,881
46452,2025-02-01,9,11,14,11,28,1143
46487,2025-02-01,9,12,3,6,12,133
46503,2025-02-01,26,16,66,52,60,5583
46607,2025-02-01,72,20,12,11,12,8301
46659,2025-02-01,30,19,3,9,12,291
46708,2025-02-01,38,18,6,21,28,536
46731,2025-02-01,4,7,3,7,28,269
46829,2025-02-01,42,18,126,37,45,21374
46847,2025-02-01,29,16,63,29,60,8290
46887,2025-02-01,11,12,2,18,28,111
46903,2025-02-01,33,17,11,21,45,1874
46968,2025-02-01,36,18,9,27,28,2904
47036,2025-02-01,43,19,10,4,12,1906
47046,2025-02-01,39,18,57,19,28,10901
47074,2025-02-01,10,10,142,8,45,11148
47280,2025-02-01,19,15,3,5,28,222
47297,2025-02-01,4,7,32,8,60,1286
47413,2025-02-01,43,19,4,3,12,438
47517,2025-02-01,33,19,38,23,28,11476
47527,2025-02-01,35,19,6,8,28,329
47666,2025-02-01,29,18,6,9,12,578
47832,2025-02-01,24,18,43,9,28,2123
47858,2025-02-01,32,19,120,16,60,7584
47863,2025-02-01,6,11,2,2,12,100
47874,2025-02-01,24,16,125,33,45,34010
47879,2025-02-01,3,4,19,13,45,1613
47889,2025-02-01,48,17,133,49,60,5828
47913,2025-02-01,15,14,9,4,12,636
47989,2025-02-01,7,10,5,19,28,1157
48223,2025-02-01,51,19,6,39,45,2446
48299,2025-02-01,7,10,3,2,12,266
48337,2025-02-01,20,13,5,3,12,676
48355,2025-02-01,35,17,6,24,28,191
48427,2025-02-01,14,14,5,10,12,153
48428,2025-02-01,10,12,1,22,28,39
48538,2025-02-01,33,17,2,11,12,304
48567,2025-02-01,51,22,5,11,12,1127
48593,2025-02-01,2,3,67,14,60,6039
48639,2025-02-01,45,20,6,19,28,808
48808,2025-02-01,30,18,53,33,45,12809
48925,2025-02-01,6,9,14,5,28,1100
49130,2025-02-01,54,20,5,21,28,522
49144,2025-02-01,21,14,4,12,28,173
49214,2025-02-01,14,14,4,6,12,88
49249,2025-02-01,77,22,74,35,45,18260
49323,2025-02-01,10,10,34,16,28,6008
49489,2025-02-01,43,19,8,6,12,1120
49598,2025-02-01,8,9,78,11,60,2490
49606,2025-02-01,48,20,3,5,12,481
49617,2025-02-01,10,10,8,10,28,1425
49791,2025-02-01,16,12,67,13,60,2809
49872,2025-02-01,6,7,3,14,28,228
49884,2025-02-01,51,22,77,39,45,2405
49913,2025-02-01,26,15,4,11,28,781
49980,2025-02-01,22,14,21,36,60,5630
19,2025-03-01,45,20,9,22,28,766
23,2025-03-01,41,21,8,24,28,317
48,2025-03-01,36,17,6,11,12,1068
50,2025-03-01,21,15,6,5,12,1876
58,2025-03-01,14,14,5,20,28,473
119,2025-03-01,11,7,42,29,45,2466
222,2025-03-01,40,20,3,10,12,480
247,2025-03-01,60,22,10,43,45,2144
259,2025-03-01,40,22,163,29,60,7949
334,2025-03-01,60,22,63,27,28,2103
341,2025-03-01,19,16,25,25,45,2200
356,2025-03-01,46,22,8,6,12,275
379,2025-03-01,60,21,11,31,45,1281
508,2025-03-01,5,7,44,13,60,2599
531,2025-03-01,38,17,10,6,12,2581
575,2025-03-01,50,18,31,39,45,9338
668,2025-03-01,15,15,1,3,12,11
685,2025-03-01,8,11,2,4,12,212
689,2025-03-01,12,10,2,25,28,28
738,2025-03-01,35,17,95,9,45,16982
855,2025-03-01,23,14,5,17,28,802
1001,2025-03-01,22,17,5,27,45,1301
1004,2025-03-01,14,13,29,9,28,395
1048,2025-03-01,58,22,42,27,28,7270
1054,2025-03-01,33,20,5,5,12,268
1061,2025-03-01,48,21,6,11,12,410
1074,2025-03-01,14,12,7,5,12,456
1092,2025-03-01,26,19,3,5,12,171
1240,2025-03-01,50,20,8,33,45,1446
1314,2025-03-01,18,15,6,16,28,235
1362,2025-03-01,24,16,2,21,45,381
1385,2025-03-01,55,22,2,27,28,610
1387,2025-03-01,9,12,3,7,28,315
1402,2025-03-01,22,14,17,9,60,1321
1406,2025-03-01,31,19,62,19,28,9666
1806,2025-03-01,13,12,38,16,45,7742
1807,2025-03-01,29,17,22,29,60,1384
1917,2025-03-01,43,18,40,25,60,7545
1974,2025-03-01,32,17,4,18,28,1946
1983,2025-03-01,37,18,53,32,45,17357
2044,2025-03-01,23,17,1,8,12,125
2082,2025-03-01,35,20,38,37,45,5798
2244,2025-03-01,19,16,4,6,12,630
2383,2025-03-01,27,17,6,6,12,552
2529,2025-03-01,11,13,2,6,12,204
2554,2025-03-01,30,19,70,42,60,8275
2555,2025-03-01,50,19,40,30,45,6997
2575,2025-03-01,49,22,3,9,12,633
2608,2025-03-01,18,13,9,29,45,1742
2620,2025-03-01,24,16,5,23,60,1962
2705,2025-03-01,49,20,26,52,60,1989
2713,2025-03-01,28,17,4,6,12,203
2754,2025-03-01,50,22,3,26,28,1347
2761,2025-03-01,49,19,7,8,12,768
2768,2025-03-01,12,9,2,33,45,178
2939,2025-03-01,7,10,42,44,60,5145
3054,2025-03-01,60,21,3,11,12,1047
3171,2025-03-01,14,14,40,45,60,3582
3262,2025-03-01,44,19,31,17,28,7511
3285,2025-03-01,44,20,58,54,60,27768
3295,2025-03-01,55,21,62,22,28,9811
3421,2025-03-01,51,21,18,56,60,4254
3422,2025-03-01,31,20,14,20,28,898
3470,2025-03-01,15,12,7,1,12,499
3583,2025-03-01,55,22,2,10,12,482
3656,2025-03-01,24,19,9,5,12,2043
3669,2025-03-01,17,15,7,13,28,729
3835,2025-03-01,44,22,13,12,28,810
3966,2025-03-01,23,17,7,9,12,359
4019,2025-03-01,4,6,66,6,45,1952
4049,2025-03-01,21,16,3,21,45,277
4281,2025-03-01,23,13,13,10,28,980
4306,2025-03-01,45,20,5,25,28,864
4534,2025-03-01,13,12,2,24,45,467
4576,2025-03-01,33,19,6,23,28,1556
4613,2025-03-01,5,7,5,6,28,318
4626,2025-03-01,8,10,15,11,45,327
4788,2025-03-01,41,20,24,32,45,3870
4810,2025-03-01,31,17,28,38,45,3720
4819,2025-03-01,10,12,124,12,60,5676
4922,2025-03-01,10,11,5,18,28,159
4988,2025-03-01,8,11,16,14,45,2292
5023,2025-03-01,50,21,12,11,12,2136
5046,2025-03-01,15,14,27,34,45,1482
5161,2025-03-01,16,13,7,6,12,1507
5199,2025-03-01,36,21,6,18,28,1136
5215,2025-03-01,9,10,11,25,60,1131
5217,2025-03-01,14,13,9,4,12,1687
5329,2025-03-01,25,16,83,26,60,8738
5367,2025-03-01,30,14,55,43,60,13260
5370,2025-03-01,14,16,41,24,60,8348
5411,2025-03-01,52,22,68,43,45,19979
5468,2025-03-01,67,22,7,22,28,312
5513,2025-03-01,32,17,34,51,60,1845
5535,2025-03-01,5,7,25,21,60,1519
5566,2025-03-01,10,14,3,7,28,1208
5589,2025-03-01,36,17,13,19,28,1168
5610,2025-03-01,8,11,22,29,60,1222
5614,2025-03-01,35,18,30,13,45,4893
5657,2025-03-01,36,20,1,10,12,124
5678,2025-03-01,6,9,1,9,45,27
5717,2025-03-01,27,17,24,38,45,430
5749,2025-03-01,44,19,3,23,28,132
5754,2025-03-01,10,13,2,10,12,238
5786,2025-03-01,59,22,4,23,28,991
5985,2025-03-01,50,21,5,11,12,2397
6051,2025-03-01,12,12,7,6,12,1535
6058,2025-03-01,28,18,7,20,28,2135
6092,2025-03-01,22,14,39,23,45,6389
6096,2025-03-01,29,15,8,19,45,1324
6100,2025-03-01,58,20,28,42,45,12787
6117,2025-03-01,13,13,72,23,45,4669
6134,2025-03-01,22,13,3,8,12,783
6149,2025-03-01,23,15,54,11,45,3881
6209,2025-03-01,11,15,9,4,12,1334
6250,2025-03-01,20,19,5,5,12,468
6293,2025-03-01,20,15,54,24,45,3559
6298,2025-03-01,38,19,9,13,28,900
6317,2025-03-01,15,13,2,4,12,191
6359,2025-03-01,20,15,1,9,12,130
6362,2025-03-01,49,21,4,11,12,268
6392,2025-03-01,5,6,6,9,60,507
6483,2025-03-01,47,19,11,4,12,2070
6487,2025-03-01,41,22,5,8,12,661
6514,2025-03-01,3,6,4,1,28,375
6515,2025-03-01,13,15,1,11,28,149
6545,2025-03-01,35,17,17,37,45,5516
6557,2025-03-01,19,15,74,42,60,9537
6653,2025-03-01,16,13,9,34,45,1700
6669,2025-03-01,35,19,6,11,12,214
6670,2025-03-01,19,16,26,41,60,4437
6687,2025-03-01,21,15,2,5,12,634
6693,2025-03-01,35,19,41,55,60,10874
6744,2025-03-01,40,18,24,38,45,5655
6786,2025-03-01,4,5,14,6,45,385
6814,2025-03-01,42,20,8,6,12,1776
6909,2025-03-01,17,17,4,6,28,145
6937,2025-03-01,51,22,7,11,12,1491
7058,2025-03-01,24,16,34,20,28,1200
7225,2025-03-01,34,18,25,29,45,3525
7227,2025-03-01,21,13,16,18,28,1757
7342,2025-03-01,35,19,13,39,45,3278
7357,2025-03-01,37,19,9,15,28,4198
7429,2025-03-01,13,10,163,12,60,18328
7430,2025-03-01,9,10,3,5,12,564
7486,2025-03-01,2,3,5,8,12,917
7497,2025-03-01,41,21,48,23,28,5293
7526,2025-03-01,38,21,160,39,45,41523
7806,2025-03-01,21,16,11,23,28,2039
7979,2025-03-01,24,14,105,44,60,9476
8004,2025-03-01,13,12,35,27,60,1190
8013,2025-03-01,59,20,6,42,45,681
8039,2025-03-01,5,6,2,10,28,39
8085,2025-03-01,40,21,8,24,28,826
8107,2025-03-01,19,13,17,15,28,1235
8179,2025-03-01,39,20,42,20,28,2253
8186,2025-03-01,49,19,45,25,45,3165
8339,2025-03-01,32,18,31,40,45,4961
8340,2025-03-01,23,16,9,6,12,912
8359,2025-03-01,6,8,24,24,60,2738
8377,2025-03-01,47,21,6,11,12,970
8392,2025-03-01,49,22,7,10,12,340
8642,2025-03-01,18,16,6,21,28,1095
8646,2025-03-01,4,6,1,2,12,103
8712,2025-03-01,36,22,4,17,28,639
8727,2025-03-01,19,17,9,8,28,862
8775,2025-03-01,34,18,1,8,12,210
8799,2025-03-01,18,15,9,15,28,1661
8844,2025-03-01,39,21,11,23,28,4870
8874,2025-03-01,7,11,31,11,28,3949
8895,2025-03-01,40,19,134,33,60,12324
8982,2025-03-01,15,14,40,30,60,958
9083,2025-03-01,38,21,4,11,12,557
9104,2025-03-01,20,11,3,19,28,650
9112,2025-03-01,49,20,56,22,28,6558
9141,2025-03-01,11,12,2,22,28,245
9157,2025-03-01,32,17,10,20,28,1224
9229,2025-03-01,20,13,39,32,45,724
9269,2025-03-01,12,14,6,4,12,1453
9272,2025-03-01,16,12,2,8,12,163
9399,2025-03-01,33,16,3,10,12,350
9465,2025-03-01,35,18,7,9,12,573
9477,2025-03-01,5,8,12,22,60,1456
9505,2025-03-01,12,10,45,25,45,4312
9557,2025-03-01,7,9,45,38,45,5464
9565,2025-03-01,22,16,46,10,28,3316
9636,2025-03-01,43,18,21,17,28,7753
9703,2025-03-01,37,20,24,35,60,2738
9720,2025-03-01,18,14,9,8,12,462
9724,2025-03-01,29,18,34,23,28,10290
9768,2025-03-01,25,15,28,10,45,8308
9836,2025-03-01,29,19,48,23,45,3050
9866,2025-03-01,13,13,8,6,12,71
9913,2025-03-01,51,19,2,24,28,231
9995,2025-03-01,22,15,33,16,45,2353
10006,2025-03-01,32,18,59,11,45,11255
10214,2025-03-01,16,16,2,7,12,257
10246,2025-03-01,25,18,2,6,12,357
10289,2025-03-01,6,9,13,15,45,2057
10299,2025-03-01,45,20,84,48,60,13303
10316,2025-03-01,38,18,50,17,45,7347
10330,2025-03-01,46,21,166,39,45,29650
10376,2025-03-01,16,14,3,22,28,852
10429,2025-03-01,24,19,55,16,45,6251
10457,2025-03-01,19,16,3,6,12,9
10490,2025-03-01,36,17,3,11,12,1446
10516,2025-03-01,28,18,7,16,28,861
10529,2025-03-01,37,15,12,25,28,705
10578,2025-03-01,58,21,45,42,45,3095
10745,2025-03-01,21,14,4,8,12,731
10771,2025-03-01,13,12,29,13,45,1983
10776,2025-03-01,10,13,1,9,12,133
10883,2025-03-01,14,11,68,30,60,10136
10941,2025-03-01,21,15,13,41,45,2489
10973,2025-03-01,2,4,23,7,28,4522
10974,2025-03-01,20,15,19,21,45,4000
11117,2025-03-01,50,19,171,37,45,99709
11225,2025-03-01,39,17,4,26,28,363
11277,2025-03-01,48,21,82,47,60,12078
11348,2025-03-01,47,19,3,9,12,98
11425,2025-03-01,16,14,10,30,45,321
11457,2025-03-01,66,22,8,26,28,959
11496,2025-03-01,51,20,2,17,28,294
11527,2025-03-01,23,13,3,20,28,296
11650,2025-03-01,37,19,20,35,60,237
11861,2025-03-01,32,19,6,11,12,429
11877,2025-03-01,21,15,7,6,12,273
11883,2025-03-01,39,21,43,30,45,7465
12008,2025-03-01,46,22,3,10,12,239
12050,2025-03-01,39,21,4,20,28,639
12095,2025-03-01,17,15,35,34,45,1788
12103,2025-03-01,20,14,37,14,45,1138
12136,2025-03-01,27,14,9,11,12,1155
12148,2025-03-01,15,11,2,5,12,139
12176,2025-03-01,29,16,43,29,45,1482
12218,2025-03-01,28,16,9,5,12,412
12239,2025-03-01,19,14,9,6,12,294
12276,2025-03-01,61,22,5,11,12,551
12321,2025-03-01,21,16,36,30,45,2209
12357,2025-03-01,76,22,52,43,45,3898
12358,2025-03-01,26,19,7,10,28,1343
12375,2025-03-01,32,17,49,45,60,14574
12436,2025-03-01,19,12,4,24,28,54
12473,2025-03-01,11,13,1,13,28,113
12587,2025-03-01,24,15,49,19,45,6665
12588,2025-03-01,15,16,7,5,12,221
12590,2025-03-01,33,17,94,42,60,15356
12602,2025-03-01,22,16,1,4,12,7
12617,2025-03-01,30,17,59,42,60,9527
12832,2025-03-01,9,13,8,2,12,183
12867,2025-03-01,20,16,7,14,28,1040
12923,2025-03-01,26,16,21,14,45,4294
12931,2025-03-01,4,7,5,5,28,1004
12951,2025-03-01,36,18,121,55,60,20365
12962,2025-03-01,30,16,34,15,28,4427
12990,2025-03-01,31,15,2,5,12,122
13010,2025-03-01,56,21,84,43,45,3916
13155,2025-03-01,48,21,2,11,12,110
13215,2025-03-01,20,15,7,18,28,1011
13230,2025-03-01,8,8,1,14,28,184
13254,2025-03-01,63,22,10,27,28,774
13308,2025-03-01,29,20,5,10,12,356
13412,2025-03-01,16,14,1,6,12,37
13422,2025-03-01,6,9,63,7,60,3932
13468,2025-03-01,44,19,3,23,28,817
13481,2025-03-01,24,18,8,6,28,406
13552,2025-03-01,15,17,3,8,28,210
13575,2025-03-01,17,15,11,12,60,1221
13618,2025-03-01,72,22,1,24,28,247
13637,2025-03-01,19,17,9,15,28,236
13704,2025-03-01,1,2,1,2,12,46
13806,2025-03-01,20,18,8,23,60,1369
14020,2025-03-01,33,19,3,12,28,617
14225,2025-03-01,10,10,7,4,12,599
14249,2025-03-01,46,21,2,17,28,64
14270,2025-03-01,10,10,41,15,60,4550
14271,2025-03-01,33,17,7,11,12,1995
14289,2025-03-01,61,21,44,46,60,12647
14362,2025-03-01,22,18,4,7,12,2517
14388,2025-03-01,28,17,4,5,12,415
14532,2025-03-01,22,16,35,29,60,3975
14642,2025-03-01,4,8,1,8,45,69
14690,2025-03-01,2,2,55,7,60,6460
14706,2025-03-01,61,22,25,26,28,9927
14732,2025-03-01,57,21,6,21,28,608
14778,2025-03-01,6,7,3,9,45,336
14803,2025-03-01,30,19,11,5,12,1750
14837,2025-03-01,69,21,21,38,45,5103
14970,2025-03-01,24,18,2,16,28,276
15049,2025-03-01,35,20,9,7,12,623
15189,2025-03-01,52,21,8,11,12,3571
15193,2025-03-01,21,16,23,6,28,2344
15256,2025-03-01,31,18,10,7,12,3197
15389,2025-03-01,20,16,3,7,12,1450
15412,2025-03-01,21,15,19,18,28,961
15472,2025-03-01,11,10,3,6,28,288
15508,2025-03-01,1,2,2,9,45,290
15612,2025-03-01,37,18,8,4,12,1389
15628,2025-03-01,16,11,23,13,45,815
15642,2025-03-01,12,12,3,21,28,458
15791,2025-03-01,25,14,2,8,12,380
15909,2025-03-01,36,20,80,43,45,8820
16009,2025-03-01,42,20,41,40,45,9320
16036,2025-03-01,29,15,16,26,45,2097
16048,2025-03-01,14,14,4,9,12,904
16073,2025-03-01,45,20,54,40,45,3263
16131,2025-03-01,43,19,59,39,45,4516
16280,2025-03-01,75,22,12,27,28,1086
16353,2025-03-01,73,20,6,10,12,972
16381,2025-03-01,22,14,4,11,12,286
16405,2025-03-01,15,11,69,27,60,6002
16664,2025-03-01,29,20,3,12,28,741
16705,2025-03-01,9,8,3,9,12,378
16712,2025-03-01,4,7,34,17,60,1770
16769,2025-03-01,20,15,27,7,45,2492
16799,2025-03-01,21,13,3,10,12,267
16832,2025-03-01,54,22,3,27,28,979
16996,2025-03-01,17,16,3,23,45,317
17072,2025-03-01,32,18,38,20,45,9526
17095,2025-03-01,31,18,33,28,60,2129
17368,2025-03-01,46,19,7,20,28,3177
17378,2025-03-01,5,8,59,17,60,5999
17430,2025-03-01,78,22,177,53,60,21007
17555,2025-03-01,24,16,31,17,28,3959
17606,2025-03-01,41,16,6,17,28,1965
17648,2025-03-01,17,15,4,11,12,171
17724,2025-03-01,32,18,1,23,28,183
17794,2025-03-01,10,9,13,10,28,940
17800,2025-03-01,35,18,25,43,45,4986
17818,2025-03-01,46,21,11,21,28,2517
17920,2025-03-01,4,8,4,4,60,92
17974,2025-03-01,24,17,10,10,12,2788
17993,2025-03-01,49,20,35,44,60,6301
17998,2025-03-01,57,21,9,11,12,625
18013,2025-03-01,27,17,4,6,12,596
18057,2025-03-01,46,20,7,26,28,1203
18088,2025-03-01,33,19,7,15,28,779
18104,2025-03-01,7,9,11,6,45,1912
18130,2025-03-01,58,20,62,16,45,18991
18211,2025-03-01,23,15,4,19,28,616
18219,2025-03-01,76,22,26,43,45,2127
18303,2025-03-01,27,17,12,35,45,2267
18307,2025-03-01,34,20,50,24,45,5141
18606,2025-03-01,61,21,8,11,12,1187
18662,2025-03-01,40,19,7,7,12,1514
18710,2025-03-01,66,22,7,25,28,1207
18720,2025-03-01,58,22,8,35,45,645
18732,2025-03-01,45,21,2,9,12,581
18808,2025-03-01,27,16,5,11,12,314
18811,2025-03-01,41,19,2,28,45,358
18901,2025-03-01,19,16,20,20,28,2452
18902,2025-03-01,44,20,54,25,28,19024
18914,2025-03-01,51,22,7,3,12,258
18943,2025-03-01,10,11,4,4,12,749
19002,2025-03-01,49,19,64,36,45,9446
19036,2025-03-01,21,17,27,43,60,3343
19079,2025-03-01,46,21,37,25,28,5663
19095,2025-03-01,19,13,7,17,28,473
19198,2025-03-01,5,9,6,7,28,332
19468,2025-03-01,6,7,7,4,12,800
19560,2025-03-01,21,14,9,5,12,345
19563,2025-03-01,22,14,3,9,12,665
19729,2025-03-01,19,17,10,19,28,1426
19777,2025-03-01,23,17,5,9,12,715
19811,2025-03-01,31,16,4,23,28,332
19926,2025-03-01,20,13,3,25,45,389
19943,2025-03-01,33,19,101,36,45,21808
20071,2025-03-01,51,22,10,11,12,544
20131,2025-03-01,29,17,2,6,28,344
20162,2025-03-01,28,17,30,33,45,13985
20296,2025-03-01,63,21,12,6,12,1716
20335,2025-03-01,19,17,3,14,28,648
20357,2025-03-01,77,22,75,49,60,19694
20391,2025-03-01,45,19,25,22,28,2526
20457,2025-03-01,50,21,3,27,28,1110
20480,2025-03-01,14,14,2,18,28,168
20493,2025-03-01,63,21,7,26,28,918
20516,2025-03-01,56,20,7,24,28,2521
20595,2025-03-01,18,13,3,3,12,1312
20597,2025-03-01,4,7,3,4,12,262
20686,2025-03-01,26,17,68,48,60,981
20711,2025-03-01,48,21,47,54,60,6258
20821,2025-03-01,51,21,26,41,60,14518
20940,2025-03-01,38,21,6,8,12,510
20987,2025-03-01,73,22,6,11,12,1061
20992,2025-03-01,27,19,4,10,12,1355
21026,2025-03-01,46,21,5,8,12,312
21126,2025-03-01,24,16,4,6,28,561
21146,2025-03-01,68,20,3,11,12,136
21170,2025-03-01,7,9,2,10,12,137
21189,2025-03-01,39,20,4,11,12,82
21504,2025-03-01,46,19,5,26,28,1390
21512,2025-03-01,34,17,2,11,12,569
21542,2025-03-01,30,19,6,6,12,263
21561,2025-03-01,19,13,4,7,12,1055
21682,2025-03-01,13,10,31,29,45,2752
21751,2025-03-01,12,13,9,31,45,470
21823,2025-03-01,46,18,6,11,12,752
22031,2025-03-01,37,19,27,26,28,946
22041,2025-03-01,32,18,2,16,28,257
22110,2025-03-01,40,21,4,5,12,1839
22139,2025-03-01,39,18,4,7,12,463
22154,2025-03-01,44,20,9,10,12,1246
22215,2025-03-01,15,14,4,5,12,535
22217,2025-03-01,60,20,10,24,28,1209
22340,2025-03-01,25,16,10,11,28,716
22372,2025-03-01,23,16,7,6,12,1628
22416,2025-03-01,62,21,13,25,28,6628
22475,2025-03-01,3,5,5,10,28,167
22485,2025-03-01,42,21,18,25,28,1577
22487,2025-03-01,17,14,1,11,28,130
22541,2025-03-01,15,12,3,4,12,696
22573,2025-03-01,36,17,11,25,28,3816
22603,2025-03-01,42,20,142,55,60,16487
22676,2025-03-01,19,13,4,11,28,1070
22710,2025-03-01,60,22,2,7,12,187
22756,2025-03-01,46,21,3,9,12,877
22825,2025-03-01,35,20,11,43,60,679
22836,2025-03-01,50,19,7,24,28,1339
22914,2025-03-01,7,11,3,9,12,360
22915,2025-03-01,54,20,5,11,12,682
22949,2025-03-01,13,15,23,38,60,4653
22999,2025-03-01,31,14,35,38,45,8731
23108,2025-03-01,2,2,1,11,28,47
23169,2025-03-01,29,18,6,6,12,830
23338,2025-03-01,7,7,80,27,60,6882
23467,2025-03-01,26,17,27,30,45,2823
23469,2025-03-01,63,21,144,50,60,30055
23490,2025-03-01,30,16,10,6,12,913
23508,2025-03-01,26,16,2,30,45,281
23512,2025-03-01,19,16,5,7,28,197
23713,2025-03-01,22,19,27,8,45,5031
23757,2025-03-01,38,20,2,9,12,470
23931,2025-03-01,50,21,48,25,28,9268
23959,2025-03-01,30,17,4,11,12,1249
24011,2025-03-01,29,16,4,7,28,199
24199,2025-03-01,45,19,14,39,45,2229
24244,2025-03-01,43,20,13,38,45,4290
24484,2025-03-01,60,21,2,23,28,577
24530,2025-03-01,35,21,10,9,12,2192
24563,2025-03-01,22,14,5,8,12,966
24595,2025-03-01,46,18,11,8,12,1309
24630,2025-03-01,32,19,8,24,28,756
24703,2025-03-01,27,18,3,9,28,487
24712,2025-03-01,37,19,24,41,45,13906
24733,2025-03-01,14,13,10,19,28,1347
24772,2025-03-01,35,15,3,10,12,308
24829,2025-03-01,14,12,6,16,28,481
24838,2025-03-01,17,13,4,5,12,651
24845,2025-03-01,38,20,5,6,12,766
24948,2025-03-01,47,20,12,11,12,3963
24957,2025-03-01,20,15,44,13,28,7828
25035,2025-03-01,37,19,7,11,12,1141
25138,2025-03-01,12,12,27,10,28,2269
25145,2025-03-01,23,14,5,10,12,685
25235,2025-03-01,25,16,2,18,28,514
25247,2025-03-01,46,21,3,11,12,1012
25256,2025-03-01,43,20,47,37,45,4529
25274,2025-03-01,52,20,46,54,60,10368
25308,2025-03-01,4,7,76,12,45,1171
25319,2025-03-01,27,15,2,7,12,607
25336,2025-03-01,15,14,4,5,12,362
25560,2025-03-01,26,16,3,24,28,917
25577,2025-03-01,9,13,32,48,60,4311
25613,2025-03-01,56,21,50,42,45,9714
25666,2025-03-01,15,12,20,29,60,1040
25679,2025-03-01,28,19,50,24,45,3714
25686,2025-03-01,6,9,4,6,12,360
25687,2025-03-01,35,16,4,21,28,1180
25694,2025-03-01,37,20,22,24,28,1226
25759,2025-03-01,14,13,2,8,12,346
25919,2025-03-01,47,19,36,25,28,5044
25988,2025-03-01,37,18,4,10,12,874
26042,2025-03-01,48,22,10,10,12,1601
26260,2025-03-01,9,11,3,2,12,207
26445,2025-03-01,31,18,7,15,28,527
26507,2025-03-01,26,16,3,8,12,128
26521,2025-03-01,47,18,3,7,12,68
26568,2025-03-01,17,14,107,30,45,6024
26592,2025-03-01,10,9,2,11,28,229
26664,2025-03-01,34,19,105,36,45,12979
26685,2025-03-01,32,18,2,4,12,101
26714,2025-03-01,11,13,27,14,28,6681
26817,2025-03-01,34,18,57,14,28,8641
26835,2025-03-01,7,7,50,33,60,9617
26865,2025-03-01,28,16,44,52,60,9278
26878,2025-03-01,7,14,4,2,12,711
26911,2025-03-01,25,16,3,7,12,643
27133,2025-03-01,60,20,12,24,28,4787
27337,2025-03-01,63,21,27,55,60,755
27387,2025-03-01,35,18,33,48,60,3104
27392,2025-03-01,10,11,2,8,12,188
27489,2025-03-01,33,16,14,39,45,1022
27545,2025-03-01,70,21,3,11,12,506
27588,2025-03-01,31,20,2,16,45,356
27689,2025-03-01,62,20,11,25,28,1177
27708,2025-03-01,72,20,96,57,60,16571
27791,2025-03-01,4,6,18,21,45,1653
27998,2025-03-01,33,18,12,23,45,309
28017,2025-03-01,28,13,8,8,12,2883
28082,2025-03-01,31,16,6,11,28,2191
28136,2025-03-01,64,21,8,10,12,1512
28203,2025-03-01,40,20,12,21,28,710
28234,2025-03-01,14,14,4,29,45,311
28239,2025-03-01,49,22,6,17,28,339
28276,2025-03-01,26,15,6,24,28,2377
28278,2025-03-01,36,20,23,38,45,833
28370,2025-03-01,6,9,9,20,45,250
28382,2025-03-01,34,19,26,17,28,2861
28397,2025-03-01,54,20,62,20,45,11694
28412,2025-03-01,30,18,8,5,12,653
28440,2025-03-01,26,16,3,4,12,261
28572,2025-03-01,7,8,4,14,28,315
28826,2025-03-01,9,11,13,9,28,256
28899,2025-03-01,48,20,4,19,45,338
28909,2025-03-01,4,5,1,3,12,27
28987,2025-03-01,11,11,40,12,28,3628
29124,2025-03-01,19,16,126,32,60,11863
29155,2025-03-01,4,7,8,23,28,1946
29218,2025-03-01,47,20,6,27,28,321
29251,2025-03-01,25,16,39,36,45,7645
29302,2025-03-01,8,9,72,14,45,8599
29303,2025-03-01,33,17,61,13,28,10839
29327,2025-03-01,31,19,2,9,12,833
29331,2025-03-01,5,8,2,6,12,42
29367,2025-03-01,59,22,17,21,28,3684
29499,2025-03-01,66,20,34,40,45,9722
29526,2025-03-01,5,6,3,2,12,274
29667,2025-03-01,45,20,71,39,45,4087
29679,2025-03-01,32,20,6,17,28,1991
29688,2025-03-01,43,19,8,11,12,2596
29721,2025-03-01,37,21,7,9,12,559
29723,2025-03-01,14,11,2,9,12,104
29769,2025-03-01,24,18,3,2,28,340
29805,2025-03-01,53,21,3,22,28,156
29832,2025-03-01,12,12,2,23,28,305
29841,2025-03-01,39,19,176,49,60,55874
29897,2025-03-01,16,15,1,12,28,156
29918,2025-03-01,5,6,4,5,12,542
29922,2025-03-01,21,16,29,38,60,4851
29926,2025-03-01,21,17,6,19,45,1909
29939,2025-03-01,13,12,5,7,12,301
29986,2025-03-01,27,16,21,18,60,1449
30229,2025-03-01,33,18,156,36,60,43159
30372,2025-03-01,8,10,72,42,60,7676
30382,2025-03-01,13,12,4,14,45,655
30410,2025-03-01,18,13,16,15,28,1332
30484,2025-03-01,30,17,1,22,28,128
30593,2025-03-01,10,9,5,3,12,269
30607,2025-03-01,20,15,1,8,12,46
30716,2025-03-01,27,14,2,15,28,70
30738,2025-03-01,35,17,12,24,28,178
30819,2025-03-01,59,22,107,55,60,12044
30820,2025-03-01,43,19,7,10,12,488
30843,2025-03-01,36,21,2,18,28,485
30866,2025-03-01,30,15,7,6,12,672
30905,2025-03-01,64,21,23,26,28,4259
31005,2025-03-01,9,11,1,5,28,84
31113,2025-03-01,30,17,8,7,28,1765
31125,2025-03-01,14,14,1,23,45,205
31126,2025-03-01,19,14,6,12,28,1066
31160,2025-03-01,27,18,6,5,12,1243
31179,2025-03-01,61,19,8,18,28,2723
31286,2025-03-01,3,5,55,21,60,4546
31324,2025-03-01,50,20,6,19,28,728
31331,2025-03-01,36,19,7,11,12,1219
31348,2025-03-01,29,16,2,3,12,128
31392,2025-03-01,17,13,8,3,12,751
31468,2025-03-01,24,17,4,22,28,97
31563,2025-03-01,35,19,3,20,28,216
31595,2025-03-01,34,20,2,10,12,181
31623,2025-03-01,36,20,48,56,60,15410
31691,2025-03-01,51,22,7,5,12,1556
31726,2025-03-01,17,15,3,5,28,310
31730,2025-03-01,40,19,11,5,12,873
31786,2025-03-01,1,1,8,10,60,917
31811,2025-03-01,60,22,10,11,12,2261
31852,2025-03-01,31,17,34,14,28,5109
31977,2025-03-01,6,8,8,3,28,305
31983,2025-03-01,28,18,20,32,45,1200
32019,2025-03-01,8,9,4,8,28,368
32171,2025-03-01,30,17,12,19,28,3369
32211,2025-03-01,13,13,6,12,28,476
32302,2025-03-01,22,16,48,15,60,8371
32430,2025-03-01,65,22,45,27,28,2653
32453,2025-03-01,39,18,2,9,12,143
32521,2025-03-01,28,18,3,7,12,171
32529,2025-03-01,22,16,4,10,12,2663
32531,2025-03-01,23,14,81,28,45,8929
32536,2025-03-01,8,14,3,19,45,352
32601,2025-03-01,26,17,8,21,28,771
32628,2025-03-01,27,18,1,22,28,70
32670,2025-03-01,52,21,12,21,28,2534
32673,2025-03-01,20,12,7,10,12,255
32811,2025-03-01,13,12,18,20,45,3088
32896,2025-03-01,37,20,131,42,60,58288
32903,2025-03-01,35,19,14,22,45,1724
32920,2025-03-01,10,10,2,5,12,58
32926,2025-03-01,20,13,2,36,45,97
32935,2025-03-01,38,19,72,18,28,13033
32995,2025-03-01,77,22,14,55,60,703
33018,2025-03-01,22,16,2,8,12,392
33021,2025-03-01,52,20,5,24,28,998
33208,2025-03-01,24,19,20,40,60,2848
33289,2025-03-01,6,7,2,3,12,310
33350,2025-03-01,29,15,3,16,28,509
33372,2025-03-01,4,7,8,9,45,243
33383,2025-03-01,24,18,38,17,28,1796
33400,2025-03-01,27,16,15,17,45,1896
33472,2025-03-01,55,22,85,37,45,4797
33774,2025-03-01,11,12,2,6,12,33
33776,2025-03-01,27,18,6,6,12,2003
33778,2025-03-01,39,16,5,11,12,481
33794,2025-03-01,43,20,70,34,45,7498
33796,2025-03-01,46,22,12,35,45,2580
33856,2025-03-01,3,5,1,11,28,63
33870,2025-03-01,29,17,51,50,60,8953
33871,2025-03-01,3,6,36,19,60,3874
33925,2025-03-01,17,14,2,3,12,93
33931,2025-03-01,7,9,1,11,45,140
33945,2025-03-01,44,21,27,19,28,5412
33971,2025-03-01,45,19,14,43,45,1654
33975,2025-03-01,61,20,8,26,28,139
33986,2025-03-01,24,14,129,38,60,10538
34001,2025-03-01,17,11,11,5,12,1542
34013,2025-03-01,14,14,82,11,60,13661
34048,2025-03-01,37,20,8,6,12,1645
34076,2025-03-01,4,6,3,4,12,339
34201,2025-03-01,18,16,3,15,28,32
34261,2025-03-01,23,16,4,20,28,58
34268,2025-03-01,26,17,1,19,28,56
34482,2025-03-01,4,5,3,22,45,247
34499,2025-03-01,34,21,14,39,45,2451
34615,2025-03-01,6,9,53,12,45,4724
34721,2025-03-01,55,21,41,24,28,17715
34735,2025-03-01,71,21,51,40,45,3321
34744,2025-03-01,12,11,2,22,28,41
34795,2025-03-01,22,17,13,6,12,1086
34863,2025-03-01,20,14,4,38,45,1213
34879,2025-03-01,16,14,1,24,45,78
34889,2025-03-01,27,18,5,5,12,362
34988,2025-03-01,34,19,7,6,12,1688
35003,2025-03-01,36,16,34,26,45,9724
35046,2025-03-01,19,17,4,6,12,371
35057,2025-03-01,68,22,12,22,28,395
35118,2025-03-01,3,5,1,2,12,59
35136,2025-03-01,48,19,2,11,12,469
35343,2025-03-01,17,12,5,8,28,692
35346,2025-03-01,22,16,4,9,12,786
35411,2025-03-01,23,16,1,9,12,68
35412,2025-03-01,29,15,34,33,60,4740
35528,2025-03-01,37,21,2,10,12,553
35550,2025-03-01,52,22,3,11,12,482
35710,2025-03-01,44,20,4,25,28,630
35815,2025-03-01,21,16,2,6,12,417
35860,2025-03-01,38,19,2,23,28,181
35933,2025-03-01,14,11,78,15,60,10999
36017,2025-03-01,8,9,33,10,28,5829
36021,2025-03-01,30,18,3,8,12,532
36077,2025-03-01,18,16,6,26,28,1121
36158,2025-03-01,43,20,1,9,12,280
36173,2025-03-01,50,20,3,11,12,205
36196,2025-03-01,81,22,55,53,60,4052
36197,2025-03-01,49,20,10,18,28,1925
36206,2025-03-01,28,16,6,9,12,787
36413,2025-03-01,14,13,46,18,60,8847
36773,2025-03-01,20,17,5,19,28,184
36791,2025-03-01,54,21,5,26,28,1187
36833,2025-03-01,22,15,33,29,45,2610
36906,2025-03-01,48,20,5,9,12,426
36920,2025-03-01,57,20,6,23,28,420
36980,2025-03-01,14,14,32,6,28,2562
36984,2025-03-01,5,9,9,13,45,1076
36995,2025-03-01,48,18,121,38,60,14703
37109,2025-03-01,36,16,49,38,45,4966
37116,2025-03-01,40,21,143,54,60,26904
37134,2025-03-01,56,22,12,11,12,674
37179,2025-03-01,36,19,9,10,12,453
37285,2025-03-01,14,15,27,15,45,1464
37335,2025-03-01,31,18,7,10,12,1142
37398,2025-03-01,21,13,9,22,28,80
37424,2025-03-01,30,17,58,31,60,8373
37460,2025-03-01,21,17,117,37,60,7462
37476,2025-03-01,30,18,4,23,28,446
37500,2025-03-01,24,17,6,21,28,644
37563,2025-03-01,77,22,67,43,45,10230
37605,2025-03-01,33,20,55,24,28,3834
37672,2025-03-01,17,11,51,23,28,7820
37940,2025-03-01,65,20,9,27,28,926
37982,2025-03-01,31,19,10,39,60,1172
38086,2025-03-01,41,21,63,29,45,4654
38095,2025-03-01,53,18,6,25,28,799
38111,2025-03-01,37,20,5,9,12,481
38198,2025-03-01,81,22,3,9,12,416
38211,2025-03-01,29,18,9,8,12,220
38227,2025-03-01,30,15,3,22,28,632
38252,2025-03-01,15,13,10,16,45,3241
38270,2025-03-01,13,12,9,21,45,374
38612,2025-03-01,14,12,11,22,45,917
38664,2025-03-01,26,16,10,20,28,667
38728,2025-03-01,4,6,2,3,12,78
38766,2025-03-01,39,22,73,37,45,9055
38770,2025-03-01,51,22,171,57,60,25433
38812,2025-03-01,9,11,3,2,12,700
38823,2025-03-01,19,14,23,21,28,5223
38848,2025-03-01,43,20,81,19,60,27567
38906,2025-03-01,20,15,30,22,60,6381
38939,2025-03-01,26,16,52,36,45,7063
39037,2025-03-01,39,17,3,10,28,667
39062,2025-03-01,11,10,6,13,28,1040
39190,2025-03-01,10,10,6,26,45,145
39196,2025-03-01,10,10,2,10,12,363
39248,2025-03-01,35,19,60,26,28,7066
39416,2025-03-01,20,14,42,42,60,8807
39515,2025-03-01,23,16,3,7,12,140
39666,2025-03-01,17,13,1,18,28,201
39715,2025-03-01,20,16,71,35,60,8360
39739,2025-03-01,35,19,11,8,12,1637
39869,2025-03-01,28,16,7,4,12,1096
40017,2025-03-01,5,7,23,12,45,2608
40166,2025-03-01,8,8,1,31,45,321
40219,2025-03-01,62,22,5,20,28,1229
40485,2025-03-01,45,19,8,10,12,1768
40757,2025-03-01,54,21,9,43,45,7185
40843,2025-03-01,19,16,3,5,12,514
40857,2025-03-01,9,11,3,5,12,639
40892,2025-03-01,20,13,23,19,45,862
40936,2025-03-01,51,20,3,25,28,809
41112,2025-03-01,49,20,5,40,45,161
41124,2025-03-01,69,20,4,42,45,1144
41180,2025-03-01,39,21,9,8,12,1053
41209,2025-03-01,31,18,16,40,45,5062
41324,2025-03-01,9,12,4,12,28,827
41404,2025-03-01,39,19,1,6,12,107
41475,2025-03-01,17,16,27,16,28,5942
41508,2025-03-01,38,20,4,8,12,780
41531,2025-03-01,13,11,33,45,60,1137
41542,2025-03-01,8,10,18,9,45,961
41554,2025-03-01,31,17,11,22,28,687
41601,2025-03-01,26,18,2,4,12,186
41660,2025-03-01,19,15,5,22,28,808
41704,2025-03-01,34,20,1,24,28,85
41709,2025-03-01,13,13,45,9,45,10527
41717,2025-03-01,29,17,2,9,12,57
41740,2025-03-01,24,16,8,11,12,1255
41776,2025-03-01,51,21,3,12,28,1558
41834,2025-03-01,13,13,6,3,12,179
41859,2025-03-01,37,19,9,20,28,203
41868,2025-03-01,12,11,8,7,12,429
41876,2025-03-01,45,20,66,48,60,10420
41888,2025-03-01,31,18,60,16,28,4246
41956,2025-03-01,56,22,10,11,12,1522
41970,2025-03-01,36,19,12,23,45,1206
42017,2025-03-01,2,3,1,10,28,292
42058,2025-03-01,32,15,8,17,28,830
42105,2025-03-01,25,18,9,10,12,541
42111,2025-03-01,9,9,2,8,28,7
42170,2025-03-01,57,20,8,11,12,1982
42176,2025-03-01,40,20,8,7,12,2730
42196,2025-03-01,19,12,1,2,12,84
42264,2025-03-01,29,19,6,29,45,517
42269,2025-03-01,29,18,3,37,45,437
42398,2025-03-01,8,12,76,6,60,2778
42428,2025-03-01,35,17,4,13,28,549
42446,2025-03-01,16,13,2,6,12,218
42536,2025-03-01,15,11,4,5,12,181
42620,2025-03-01,45,18,10,10,12,1737
42635,2025-03-01,7,7,1,6,12,55
42704,2025-03-01,31,20,17,22,28,3593
42719,2025-03-01,29,17,43,40,60,5942
42868,2025-03-01,26,17,1,12,28,251
42914,2025-03-01,42,20,12,24,28,1557
42955,2025-03-01,38,17,7,20,28,1538
43041,2025-03-01,32,19,103,32,60,21053
43162,2025-03-01,14,13,3,7,12,823
43165,2025-03-01,13,12,36,9,28,9639
43194,2025-03-01,31,18,2,19,28,35
43202,2025-03-01,47,22,16,34,45,807
43280,2025-03-01,7,10,19,5,28,737
43358,2025-03-01,5,7,22,20,45,2149
43428,2025-03-01,30,18,2,14,28,173
43444,2025-03-01,29,18,8,20,28,800
43533,2025-03-01,28,15,24,9,28,1412
43540,2025-03-01,48,21,3,7,12,1050
43556,2025-03-01,9,11,3,7,12,144
43624,2025-03-01,31,17,3,10,12,696
43665,2025-03-01,5,9,1,9,28,85
43702,2025-03-01,26,18,5,9,12,467
43777,2025-03-01,6,8,28,4,45,6484
43819,2025-03-01,25,19,2,30,45,695
43882,2025-03-01,34,21,4,3,12,422
44058,2025-03-01,6,11,6,4,12,771
44211,2025-03-01,14,10,2,21,28,169
44430,2025-03-01,29,19,46,21,28,9511
44458,2025-03-01,26,17,21,33,60,4966
44474,2025-03-01,25,19,7,6,28,928
44476,2025-03-01,43,22,8,18,28,385
44484,2025-03-01,22,15,1,13,28,270
44491,2025-03-01,17,15,12,13,60,1420
44541,2025-03-01,55,21,6,11,12,1225
44570,2025-03-01,4,6,19,1,60,3609
44577,2025-03-01,11,12,1,10,12,150
44722,2025-03-01,45,20,11,42,45,2294
44851,2025-03-01,45,20,2,11,12,227
44979,2025-03-01,17,13,5,9,12,681
45231,2025-03-01,16,11,29,16,45,2095
45236,2025-03-01,16,14,3,8,12,121
45290,2025-03-01,35,19,6,24,28,488
45344,2025-03-01,28,16,50,24,28,7022
45395,2025-03-01,22,14,8,8,12,2258
45507,2025-03-01,35,18,3,17,28,253
45541,2025-03-01,33,20,50,9,45,2985
45556,2025-03-01,45,21,5,34,45,1212
45606,2025-03-01,34,20,24,30,45,1620
45608,2025-03-01,15,17,1,4,12,159
45702,2025-03-01,7,9,2,2,12,306
45708,2025-03-01,12,13,6,5,12,272
45757,2025-03-01,31,20,6,32,45,2022
45831,2025-03-01,59,20,4,9,12,549
45909,2025-03-01,29,21,26,14,28,4042
45983,2025-03-01,26,17,50,39,60,3600
46074,2025-03-01,34,18,43,55,60,9768
46088,2025-03-01,12,11,5,16,28,753
46114,2025-03-01,11,10,3,9,28,360
46158,2025-03-01,62,22,38,23,28,4642
46227,2025-03-01,7,9,3,4,12,64
46302,2025-03-01,70,20,26,42,45,5194
46382,2025-03-01,40,19,8,19,28,1770
46452,2025-03-01,11,12,13,12,28,2885
46487,2025-03-01,6,11,4,6,12,688
46503,2025-03-01,24,15,58,51,60,4049
46607,2025-03-01,70,21,11,11,12,1068
46659,2025-03-01,29,18,4,9,12,1070
46708,2025-03-01,43,21,7,19,28,1373
46731,2025-03-01,5,9,3,5,28,73
46829,2025-03-01,38,21,145,34,45,33642
46847,2025-03-01,39,20,55,31,60,1246
46887,2025-03-01,8,9,2,16,28,158
46903,2025-03-01,49,21,11,21,45,2094
46968,2025-03-01,46,17,10,27,28,733
47036,2025-03-01,23,16,9,4,12,1547
47046,2025-03-01,51,22,64,21,28,6130
47074,2025-03-01,7,9,114,7,45,6889
47208,2025-03-01,13,12,1,7,12,131
47280,2025-03-01,14,12,3,4,28,504
47297,2025-03-01,7,8,32,7,60,1498
47413,2025-03-01,33,17,3,4,12,264
47517,2025-03-01,39,19,39,22,28,9645
47527,2025-03-01,38,20,6,6,28,608
47666,2025-03-01,30,16,5,9,12,1930
47832,2025-03-01,16,12,46,9,28,6781
47858,2025-03-01,19,14,136,16,60,33768
47863,2025-03-01,8,10,2,2,12,653
47874,2025-03-01,30,20,120,30,45,30376
47879,2025-03-01,3,4,19,14,45,1972
47889,2025-03-01,40,18,131,50,60,17874
47913,2025-03-01,23,21,7,3,12,735
47989,2025-03-01,7,8,4,12,28,388
48223,2025-03-01,37,20,6,38,45,627
48299,2025-03-01,3,5,3,2,12,530
48337,2025-03-01,18,15,5,3,12,733
48355,2025-03-01,33,17,7,25,28,1418
48427,2025-03-01,19,15,6,10,12,762
48428,2025-03-01,6,9,1,19,28,84
48538,2025-03-01,62,22,2,11,12,435
48567,2025-03-01,55,19,4,10,12,430
48593,2025-03-01,11,14,79,15,60,2001
48639,2025-03-01,53,20,6,19,28,2745
48808,2025-03-01,31,17,46,29,45,14592
48925,2025-03-01,4,8,15,4,28,410
49130,2025-03-01,59,21,6,22,28,421
49144,2025-03-01,13,12,4,17,28,453
49214,2025-03-01,8,10,4,6,12,631
49249,2025-03-01,54,21,67,32,45,19969
49323,2025-03-01,12,13,41,19,28,4861
49489,2025-03-01,40,20,8,6,12,1627
49598,2025-03-01,13,14,67,14,60,9088
49606,2025-03-01,35,18,3,4,12,671
49617,2025-03-01,8,11,9,11,28,266
49642,2025-03-01,25,16,5,10,12,429
49791,2025-03-01,13,14,59,22,60,6140
49872,2025-03-01,7,9,3,15,28,371
49884,2025-03-01,44,22,82,40,45,26717
49913,2025-03-01,30,16,5,12,28,989
49980,2025-03-01,28,17,18,42,60,3211
19,2025-04-01,44,18,8,17,28,204
23,2025-04-01,57,20,9,25,28,2262
43,2025-04-01,8,10,28,27,45,2417
48,2025-04-01,50,18,6,11,12,1825
50,2025-04-01,19,15,6,6,12,234
58,2025-04-01,13,12,4,16,28,133
119,2025-04-01,22,14,40,27,45,6632
222,2025-04-01,40,22,2,10,12,310
247,2025-04-01,76,22,11,43,45,1861
259,2025-04-01,53,21,153,39,60,28555
334,2025-04-01,75,22,65,27,28,28974
341,2025-04-01,21,16,30,30,45,3578
356,2025-04-01,44,21,8,5,12,1278
379,2025-04-01,43,19,12,32,45,1974
508,2025-04-01,5,6,49,16,60,2646
531,2025-04-01,32,19,10,6,12,2004
575,2025-04-01,52,19,31,38,45,6114
668,2025-04-01,17,13,1,4,12,86
685,2025-04-01,7,10,2,2,12,22
689,2025-04-01,28,19,3,22,28,429
738,2025-04-01,30,17,98,10,45,11129
855,2025-04-01,26,14,4,19,28,370
895,2025-04-01,8,9,3,6,12,755
1001,2025-04-01,26,16,5,21,45,238
1004,2025-04-01,8,11,31,11,28,2184
1048,2025-04-01,51,22,41,27,28,15094
1054,2025-04-01,28,16,4,3,12,730
1061,2025-04-01,56,22,5,11,12,1043
1074,2025-04-01,13,12,6,4,12,1120
1092,2025-04-01,26,17,2,3,12,328
1240,2025-04-01,42,18,8,26,45,3812
1314,2025-04-01,24,18,7,16,28,1510
1362,2025-04-01,16,13,2,20,45,315
1385,2025-04-01,76,22,2,26,28,251
1387,2025-04-01,8,11,3,9,28,24
1402,2025-04-01,16,13,15,9,60,844
1406,2025-04-01,34,22,53,15,28,9984
1460,2025-04-01,7,9,1,4,12,155
1806,2025-04-01,18,16,36,20,45,5570
1807,2025-04-01,30,18,25,26,60,3642
1822,2025-04-01,10,12,2,9,12,237
1917,2025-04-01,37,21,41,36,60,3002
1974,2025-04-01,42,19,4,17,28,708
1983,2025-04-01,38,20,58,24,45,4910
2044,2025-04-01,13,11,1,7,12,125
2082,2025-04-01,48,19,35,36,45,6865
2244,2025-04-01,16,12,4,7,12,1284
2259,2025-04-01,18,15,2,5,12,27
2383,2025-04-01,16,12,6,5,12,1083
2529,2025-04-01,11,13,2,5,12,270
2554,2025-04-01,39,19,66,43,60,17304
2555,2025-04-01,35,18,50,30,45,6792
2575,2025-04-01,40,19,2,9,12,298
2608,2025-04-01,23,14,8,28,45,548
2620,2025-04-01,20,14,5,26,60,486
2705,2025-04-01,52,20,27,48,60,6860
2713,2025-04-01,36,21,4,5,12,662
2754,2025-04-01,76,21,3,26,28,153
2761,2025-04-01,50,19,6,8,12,1502
2768,2025-04-01,13,10,1,34,45,205
2939,2025-04-01,8,9,37,40,60,2697
3054,2025-04-01,61,19,4,10,12,1374
3171,2025-04-01,13,14,39,37,60,2051
3262,2025-04-01,25,16,27,14,28,2524
3263,2025-04-01,19,16,3,3,28,463
3285,2025-04-01,49,21,56,55,60,12512
3295,2025-04-01,63,22,61,20,28,14326
3421,2025-04-01,70,22,18,54,60,2207
3422,2025-04-01,39,21,16,22,28,2483
3470,2025-04-01,14,12,8,1,12,535
3583,2025-04-01,56,21,2,11,12,813
3656,2025-04-01,27,18,8,6,12,1554
3669,2025-04-01,13,12,7,14,28,698
3835,2025-04-01,40,14,14,12,28,5674
3966,2025-04-01,27,17,6,8,12,1073
4019,2025-04-01,11,13,74,8,45,9745
4049,2025-04-01,17,18,3,15,45,919
4281,2025-04-01,34,17,13,12,28,1040
4306,2025-04-01,40,17,6,22,28,1766
4453,2025-04-01,38,20,26,31,45,3983
4534,2025-04-01,24,16,2,32,45,84
4576,2025-04-01,34,20,6,24,28,303
4613,2025-04-01,9,11,4,8,28,81
4626,2025-04-01,7,9,16,7,45,759
4788,2025-04-01,55,20,22,35,45,5510
4810,2025-04-01,34,19,25,32,45,1035
4819,2025-04-01,20,16,118,10,60,8836
4922,2025-04-01,16,16,6,17,28,575
4988,2025-04-01,6,10,14,9,45,2266
5023,2025-04-01,50,20,10,11,12,759
5046,2025-04-01,13,15,22,32,45,3050
5161,2025-04-01,20,17,7,5,12,641
5199,2025-04-01,43,20,7,20,28,815
5215,2025-04-01,12,15,14,26,60,3125
5217,2025-04-01,21,14,11,4,12,2031
5255,2025-04-01,14,11,24,19,28,3065
5329,2025-04-01,15,13,71,26,60,13139
5367,2025-04-01,37,18,56,37,60,11035
5370,2025-04-01,8,9,35,25,60,2070
5411,2025-04-01,64,22,74,43,45,5152
5468,2025-04-01,72,22,7,21,28,666
5513,2025-04-01,27,17,29,52,60,1599
5535,2025-04-01,7,9,24,13,60,2620
5566,2025-04-01,8,9,3,6,28,192
5589,2025-04-01,63,21,15,21,28,7726
5610,2025-04-01,7,9,23,34,60,2815
5614,2025-04-01,22,16,31,14,45,8034
5657,2025-04-01,25,14,1,9,12,149
5678,2025-04-01,5,7,1,17,45,54
5717,2025-04-01,44,18,24,35,45,4006
5749,2025-04-01,45,18,3,20,28,754
5754,2025-04-01,5,7,2,10,12,145
5786,2025-04-01,63,20,4,25,28,1318
5855,2025-04-01,30,18,10,9,12,221
5985,2025-04-01,67,22,4,11,12,357
6051,2025-04-01,20,15,9,9,12,485
6058,2025-04-01,44,19,7,20,28,765
6092,2025-04-01,14,9,35,26,45,2219
6096,2025-04-01,26,14,8,11,45,209
6100,2025-04-01,50,22,25,39,45,3557
6117,2025-04-01,8,8,56,22,45,3561
6134,2025-04-01,20,14,2,7,12,932
6149,2025-04-01,22,16,55,17,45,18606
6209,2025-04-01,8,9,10,4,12,1035
6250,2025-04-01,25,17,5,5,12,564
6293,2025-04-01,23,17,50,26,45,2927
6298,2025-04-01,39,18,10,14,28,1292
6317,2025-04-01,12,11,2,5,12,157
6330,2025-04-01,17,15,2,6,12,317
6359,2025-04-01,18,18,1,5,12,84
6362,2025-04-01,74,20,4,11,12,526
6392,2025-04-01,2,4,6,10,60,624
6483,2025-04-01,25,16,9,3,12,3101
6487,2025-04-01,31,17,4,8,12,214
6514,2025-04-01,4,6,5,2,28,758
6515,2025-04-01,5,7,1,12,28,66
6529,2025-04-01,54,20,69,33,60,8648
6545,2025-04-01,42,21,18,39,45,2852
6557,2025-04-01,10,10,67,37,60,4364
6653,2025-04-01,20,16,10,33,45,723
6669,2025-04-01,36,19,6,11,12,1218
6670,2025-04-01,18,17,28,33,60,267
6687,2025-04-01,30,15,2,5,12,212
6693,2025-04-01,25,15,37,53,60,3173
6744,2025-04-01,32,19,23,37,45,1618
6786,2025-04-01,7,10,13,11,45,2152
6814,2025-04-01,71,21,7,7,12,716
6909,2025-04-01,16,13,4,9,28,162
6937,2025-04-01,68,21,7,11,12,659
7058,2025-04-01,44,20,44,22,28,3780
7225,2025-04-01,45,20,26,36,45,15446
7227,2025-04-01,29,18,16,18,28,678
7319,2025-04-01,24,16,4,8,12,1277
7342,2025-04-01,58,21,15,36,45,3768
7357,2025-04-01,34,18,9,14,28,811
7359,2025-04-01,56,22,2,25,28,54
7429,2025-04-01,26,17,158,17,60,15662
7430,2025-04-01,8,12,3,6,12,399
7486,2025-04-01,3,5,4,7,12,158
7497,2025-04-01,36,16,54,25,28,15061
7526,2025-04-01,50,19,170,42,45,1143
7663,2025-04-01,13,12,16,39,60,887
7806,2025-04-01,25,15,11,22,28,3180
7979,2025-04-01,39,19,115,47,60,22142
8004,2025-04-01,18,13,31,29,60,4843
8013,2025-04-01,42,18,6,43,45,795
8039,2025-04-01,4,7,2,12,28,119
8085,2025-04-01,42,19,8,24,28,2268
8107,2025-04-01,14,12,20,18,28,2460
8179,2025-04-01,45,20,43,23,28,7785
8186,2025-04-01,48,21,42,23,45,12085
8339,2025-04-01,29,15,31,33,45,15221
8340,2025-04-01,32,17,9,6,12,1442
8359,2025-04-01,9,12,34,35,60,7009
8377,2025-04-01,60,21,6,11,12,1744
8392,2025-04-01,49,20,7,11,12,105
8642,2025-04-01,20,14,6,22,28,139
8646,2025-04-01,4,5,1,2,12,122
8712,2025-04-01,33,18,4,19,28,1885
8727,2025-04-01,21,16,9,12,28,909
8775,2025-04-01,38,20,2,7,12,365
8799,2025-04-01,24,18,8,19,28,231
8844,2025-04-01,54,21,11,24,28,1928
8874,2025-04-01,9,12,36,10,28,1444
8895,2025-04-01,37,19,126,26,60,15952
8982,2025-04-01,29,18,42,32,60,1827
9083,2025-04-01,46,20,3,10,12,185
9104,2025-04-01,24,18,3,21,28,638
9112,2025-04-01,57,20,57,25,28,12524
9141,2025-04-01,13,13,2,21,28,268
9157,2025-04-01,24,17,11,19,28,2833
9229,2025-04-01,10,10,35,24,45,7596
9269,2025-04-01,8,10,6,5,12,341
9272,2025-04-01,29,15,2,10,12,197
9399,2025-04-01,37,18,3,10,12,545
9465,2025-04-01,33,21,7,9,12,840
9477,2025-04-01,5,9,14,17,60,1521
9505,2025-04-01,19,12,47,27,45,5338
9557,2025-04-01,8,10,47,35,45,11364
9562,2025-04-01,14,13,33,19,45,3961
9565,2025-04-01,20,17,43,10,28,6673
9636,2025-04-01,24,16,19,15,28,1915
9703,2025-04-01,34,17,24,41,60,6353
9720,2025-04-01,21,15,8,9,12,1046
9724,2025-04-01,36,17,42,22,28,10261
9768,2025-04-01,36,16,35,20,45,7001
9836,2025-04-01,31,19,46,25,45,9179
9866,2025-04-01,19,14,9,6,12,3810
9913,2025-04-01,43,20,2,25,28,142
9995,2025-04-01,32,18,37,17,45,7954
10006,2025-04-01,44,19,52,14,45,5579
10160,2025-04-01,13,14,2,4,12,141
10214,2025-04-01,17,13,2,8,12,141
10246,2025-04-01,14,11,2,6,12,252
10289,2025-04-01,6,8,14,17,45,4348
10299,2025-04-01,50,21,86,49,60,6678
10316,2025-04-01,24,14,43,15,45,10939
10330,2025-04-01,52,19,179,40,45,15869
10376,2025-04-01,33,17,4,22,28,316
10429,2025-04-01,22,14,53,21,45,4783
10457,2025-04-01,19,13,3,6,12,285
10490,2025-04-01,47,20,3,11,12,334
10516,2025-04-01,34,21,6,15,28,1226
10529,2025-04-01,43,20,11,25,28,546
10578,2025-04-01,46,19,46,42,45,4187
10745,2025-04-01,30,15,4,9,12,623
10771,2025-04-01,15,14,24,11,45,2155
10776,2025-04-01,18,17,2,8,12,68
10883,2025-04-01,13,11,73,28,60,10479
10941,2025-04-01,10,10,11,39,45,793
10973,2025-04-01,5,8,24,6,28,873
10974,2025-04-01,14,12,23,27,45,6108
11117,2025-04-01,57,22,187,34,45,70276
11225,2025-04-01,41,17,5,24,28,2269
11277,2025-04-01,49,20,84,48,60,1851
11348,2025-04-01,40,21,2,9,12,507
11425,2025-04-01,14,14,11,27,45,2104
11457,2025-04-01,52,21,9,27,28,1480
11496,2025-04-01,50,20,2,16,28,397
11527,2025-04-01,22,15,3,19,28,39
11650,2025-04-01,19,10,21,29,60,2642
11861,2025-04-01,33,15,7,11,12,2185
11877,2025-04-01,22,18,7,7,12,681
11883,2025-04-01,31,14,44,30,45,5089
12008,2025-04-01,42,20,3,10,12,675
12050,2025-04-01,69,22,4,20,28,605
12095,2025-04-01,29,18,36,30,45,986
12103,2025-04-01,26,18,47,20,45,3890
12136,2025-04-01,35,18,9,11,12,2580
12148,2025-04-01,21,15,2,4,12,87
12176,2025-04-01,53,20,43,33,45,9253
12218,2025-04-01,27,18,9,5,12,409
12239,2025-04-01,22,13,11,7,12,333
12276,2025-04-01,69,21,5,11,12,1576
12321,2025-04-01,19,14,33,27,45,1545
12357,2025-04-01,70,22,51,43,45,7092
12358,2025-04-01,31,16,7,11,28,454
12375,2025-04-01,42,17,54,50,60,12571
12436,2025-04-01,17,12,4,24,28,616
12473,2025-04-01,11,14,1,15,28,39
12587,2025-04-01,38,20,42,18,45,5691
12588,2025-04-01,12,11,6,3,12,192
12590,2025-04-01,40,18,103,44,60,3648
12602,2025-04-01,21,16,1,3,12,158
12617,2025-04-01,46,20,64,38,60,16298
12728,2025-04-01,67,21,50,43,45,3258
12772,2025-04-01,35,21,2,18,28,125
12819,2025-04-01,45,19,3,21,28,284
12832,2025-04-01,9,12,8,3,12,166
12867,2025-04-01,14,11,7,12,28,413
12923,2025-04-01,32,18,24,14,45,1450
12931,2025-04-01,8,12,5,5,28,226
12951,2025-04-01,32,19,99,52,60,51427
12962,2025-04-01,31,18,28,13,28,2484
12990,2025-04-01,32,16,2,6,12,395
13010,2025-04-01,73,21,77,43,45,3776
13155,2025-04-01,52,21,1,11,12,63
13215,2025-04-01,23,15,7,20,28,1349
13230,2025-04-01,17,14,1,18,28,68
13254,2025-04-01,65,19,10,27,28,1242
13308,2025-04-01,31,20,4,10,12,973
13412,2025-04-01,11,12,1,6,12,9
13422,2025-04-01,11,10,74,10,60,3490
13468,2025-04-01,60,22,4,21,28,571
13481,2025-04-01,21,15,8,10,28,425
13552,2025-04-01,14,13,4,8,28,277
13575,2025-04-01,13,14,12,7,60,1690
13618,2025-04-01,57,21,2,24,28,593
13637,2025-04-01,25,18,9,14,28,1359
13704,2025-04-01,4,6,1,1,12,152
13766,2025-04-01,12,10,4,6,12,1424
13806,2025-04-01,18,12,7,19,60,1271
14020,2025-04-01,42,18,2,13,28,1163
14225,2025-04-01,13,13,8,7,12,833
14249,2025-04-01,37,19,2,20,28,252
14270,2025-04-01,10,11,38,12,60,2938
14271,2025-04-01,34,18,7,10,12,989
14289,2025-04-01,48,21,40,47,60,3023
14362,2025-04-01,25,17,4,8,12,25
14388,2025-04-01,18,14,4,6,12,335
14532,2025-04-01,20,13,34,27,60,3443
14549,2025-04-01,16,13,5,22,45,550
14642,2025-04-01,4,6,1,5,45,78
14690,2025-04-01,2,2,50,6,60,8874
14706,2025-04-01,58,22,25,25,28,4688
14732,2025-04-01,47,21,6,24,28,905
14778,2025-04-01,10,12,4,18,45,186
14803,2025-04-01,47,19,11,6,12,2074
14837,2025-04-01,71,21,23,37,45,1987
14970,2025-04-01,33,17,2,19,28,233
15049,2025-04-01,37,19,8,8,12,252
15189,2025-04-01,75,22,8,11,12,1620
15193,2025-04-01,10,10,18,4,28,2329
15256,2025-04-01,27,17,11,5,12,2991
15389,2025-04-01,14,12,3,6,12,506
15412,2025-04-01,28,17,19,17,28,2022
15472,2025-04-01,9,11,3,5,28,245
15508,2025-04-01,0,0,2,9,45,185
15612,2025-04-01,35,18,9,4,12,1031
15628,2025-04-01,14,14,23,13,45,296
15642,2025-04-01,10,12,3,23,28,637
15694,2025-04-01,30,17,3,7,12,459
15791,2025-04-01,17,13,2,10,12,88
15909,2025-04-01,40,19,85,43,45,16851
16009,2025-04-01,67,21,47,41,45,7478
16036,2025-04-01,26,19,14,30,45,1625
16048,2025-04-01,15,14,3,8,12,104
16073,2025-04-01,40,17,52,41,45,3645
16131,2025-04-01,47,20,65,36,45,14586
16280,2025-04-01,75,22,11,27,28,2355
16353,2025-04-01,55,22,5,10,12,1554
16381,2025-04-01,20,17,4,10,12,640
16405,2025-04-01,19,14,74,28,60,2268
16664,2025-04-01,23,17,3,12,28,134
16705,2025-04-01,13,12,3,10,12,232
16712,2025-04-01,3,5,28,14,60,1326
16769,2025-04-01,17,14,25,8,45,3565
16799,2025-04-01,22,16,2,9,12,912
16832,2025-04-01,65,22,2,27,28,993
16996,2025-04-01,19,16,3,22,45,235
17072,2025-04-01,22,17,38,22,45,3057
17095,2025-04-01,37,17,29,39,60,1423
17368,2025-04-01,29,19,6,15,28,1096
17378,2025-04-01,1,2,53,15,60,2246
17430,2025-04-01,61,22,173,53,60,5131
17555,2025-04-01,13,12,28,18,28,2250
17606,2025-04-01,39,21,7,19,28,747
17648,2025-04-01,3,6,3,9,12,22
17724,2025-04-01,29,17,1,22,28,372
17794,2025-04-01,12,15,12,11,28,1442
17800,2025-04-01,38,22,22,43,45,5043
17818,2025-04-01,68,22,11,21,28,693
17838,2025-04-01,77,22,11,24,28,3830
17920,2025-04-01,1,2,3,3,60,427
17974,2025-04-01,16,13,8,8,12,1563
17993,2025-04-01,55,21,40,45,60,1792
17998,2025-04-01,38,18,8,11,12,1827
18013,2025-04-01,32,19,4,5,12,656
18057,2025-04-01,46,22,7,26,28,1695
18088,2025-04-01,27,18,6,14,28,742
18104,2025-04-01,5,10,9,6,45,673
18130,2025-04-01,65,21,59,24,45,17319
18211,2025-04-01,21,17,4,16,28,250
18219,2025-04-01,44,20,27,43,45,5062
18303,2025-04-01,41,18,12,37,45,2476
18307,2025-04-01,41,18,53,25,45,4264
18606,2025-04-01,54,21,8,11,12,1486
18662,2025-04-01,40,20,8,6,12,1888
18710,2025-04-01,59,22,7,26,28,2757
18720,2025-04-01,46,21,10,36,45,3281
18732,2025-04-01,34,15,2,8,12,484
18808,2025-04-01,21,15,5,11,12,105
18811,2025-04-01,39,19,2,27,45,507
18901,2025-04-01,22,16,17,22,28,5085
18902,2025-04-01,42,19,56,24,28,22243
18914,2025-04-01,37,17,7,3,12,280
18943,2025-04-01,6,8,4,3,12,159
19002,2025-04-01,61,19,66,39,45,7903
19036,2025-04-01,14,14,26,44,60,2026
19079,2025-04-01,65,22,39,26,28,4982
19095,2025-04-01,12,12,7,16,28,280
19198,2025-04-01,4,6,5,7,28,271
19468,2025-04-01,13,16,7,5,12,1180
19560,2025-04-01,20,13,11,5,12,2236
19563,2025-04-01,22,13,2,9,12,308
19676,2025-04-01,9,10,8,39,45,1134
19729,2025-04-01,20,17,12,21,28,2911
19777,2025-04-01,31,19,5,9,12,294
19811,2025-04-01,44,21,4,25,28,600
19926,2025-04-01,19,17,2,24,45,290
19943,2025-04-01,37,19,98,38,45,29911
20071,2025-04-01,41,20,10,11,12,3783
20131,2025-04-01,38,19,2,11,28,380
20162,2025-04-01,26,14,30,37,45,4935
20296,2025-04-01,59,22,13,8,12,8465
20335,2025-04-01,27,17,3,14,28,816
20357,2025-04-01,61,21,68,51,60,26040
20391,2025-04-01,40,20,23,21,28,4360
20457,2025-04-01,53,21,4,26,28,1248
20480,2025-04-01,16,11,2,19,28,118
20493,2025-04-01,57,21,7,27,28,1149
20516,2025-04-01,52,22,7,25,28,1676
20595,2025-04-01,22,16,3,4,12,330
20597,2025-04-01,3,6,3,4,12,235
20686,2025-04-01,24,15,65,44,60,9112
20711,2025-04-01,44,20,60,50,60,22386
20821,2025-04-01,53,20,25,45,60,4816
20940,2025-04-01,50,21,6,8,12,535
20947,2025-04-01,54,20,3,11,12,385
20987,2025-04-01,78,22,6,11,12,1067
20992,2025-04-01,31,17,4,10,12,196
21026,2025-04-01,48,19,5,8,12,311
21126,2025-04-01,44,19,4,7,28,362
21146,2025-04-01,48,21,3,11,12,558
21170,2025-04-01,8,10,2,8,12,143
21189,2025-04-01,55,20,3,11,12,314
21504,2025-04-01,32,18,5,23,28,399
21512,2025-04-01,34,18,2,9,12,704
21542,2025-04-01,23,13,6,7,12,1041
21561,2025-04-01,19,12,5,7,12,1303
21682,2025-04-01,12,11,34,32,45,8350
21751,2025-04-01,14,16,9,36,45,3456
21823,2025-04-01,49,21,5,9,12,85
22031,2025-04-01,30,16,27,26,28,3667
22041,2025-04-01,32,17,2,17,28,163
22110,2025-04-01,50,20,4,5,12,403
22139,2025-04-01,29,19,3,6,12,1655
22154,2025-04-01,45,20,8,10,12,581
22215,2025-04-01,13,13,5,5,12,325
22217,2025-04-01,66,21,12,24,28,200
22297,2025-04-01,49,19,10,31,45,687
22340,2025-04-01,39,20,11,15,28,4710
22372,2025-04-01,20,14,7,5,12,1625
22416,2025-04-01,39,20,13,23,28,1608
22475,2025-04-01,1,2,5,9,28,126
22485,2025-04-01,45,20,22,26,28,5702
22487,2025-04-01,18,14,1,17,28,97
22541,2025-04-01,14,15,3,4,12,640
22573,2025-04-01,35,17,10,25,28,610
22603,2025-04-01,64,21,160,56,60,9821
22676,2025-04-01,31,17,3,13,28,605
22710,2025-04-01,35,18,2,7,12,37
22756,2025-04-01,57,22,2,10,12,720
22825,2025-04-01,18,15,10,47,60,2596
22836,2025-04-01,34,18,6,25,28,1871
22914,2025-04-01,6,8,3,9,12,71
22915,2025-04-01,47,19,5,11,12,472
22949,2025-04-01,9,10,28,32,60,6220
22999,2025-04-01,49,20,40,41,45,2838
23108,2025-04-01,4,6,0,11,28,0
23169,2025-04-01,35,19,6,6,12,181
23338,2025-04-01,9,12,69,36,60,10687
23467,2025-04-01,20,15,23,23,45,3191
23469,2025-04-01,72,21,140,51,60,21060
23490,2025-04-01,38,20,9,5,12,742
23508,2025-04-01,22,17,2,21,45,185
23512,2025-04-01,20,17,5,7,28,942
23518,2025-04-01,59,22,182,41,60,37008
23713,2025-04-01,18,12,24,7,45,6364
23757,2025-04-01,34,19,2,9,12,383
23931,2025-04-01,43,19,56,25,28,7901
23959,2025-04-01,20,16,4,11,12,375
24011,2025-04-01,30,18,3,7,28,196
24199,2025-04-01,37,16,13,40,45,729
24244,2025-04-01,42,15,16,41,45,4096
24298,2025-04-01,8,10,15,12,45,1280
24484,2025-04-01,76,22,2,23,28,303
24530,2025-04-01,55,20,9,9,12,1388
24563,2025-04-01,27,18,4,8,12,558
24595,2025-04-01,39,19,10,7,12,1245
24630,2025-04-01,32,17,7,24,28,471
24703,2025-04-01,24,17,3,14,28,366
24712,2025-04-01,40,20,24,41,45,4036
24733,2025-04-01,20,14,10,18,28,417
24772,2025-04-01,29,20,3,11,12,40
24829,2025-04-01,14,12,7,19,28,391
24838,2025-04-01,11,13,3,5,12,89
24845,2025-04-01,41,19,6,7,12,788
24848,2025-04-01,15,14,10,5,12,1286
24948,2025-04-01,58,20,13,11,12,3987
24957,2025-04-01,21,13,46,14,28,8137
25035,2025-04-01,31,19,7,10,12,622
25138,2025-04-01,10,10,33,10,28,2999
25145,2025-04-01,25,19,5,9,12,261
25235,2025-04-01,22,16,2,18,28,745
25247,2025-04-01,29,18,3,10,12,609
25256,2025-04-01,48,20,52,36,45,7475
25274,2025-04-01,40,21,43,53,60,9981
25308,2025-04-01,8,11,60,9,45,3869
25319,2025-04-01,26,15,2,7,12,286
25336,2025-04-01,16,12,3,6,12,381
25560,2025-04-01,16,13,3,22,28,771
25577,2025-04-01,12,12,38,49,60,10451
25613,2025-04-01,45,21,52,41,45,8765
25666,2025-04-01,22,17,23,29,60,593
25679,2025-04-01,26,20,52,18,45,8484
25686,2025-04-01,10,13,4,5,12,191
25687,2025-04-01,51,20,4,23,28,278
25694,2025-04-01,26,18,21,24,28,1437
25759,2025-04-01,11,13,3,7,12,223
25818,2025-04-01,5,9,22,18,45,947
25919,2025-04-01,54,21,33,25,28,9540
25988,2025-04-01,54,20,4,11,12,699
26042,2025-04-01,38,15,10,10,12,1436
26260,2025-04-01,7,10,3,2,12,625
26277,2025-04-01,54,21,59,33,45,18770
26445,2025-04-01,24,17,7,14,28,981
26507,2025-04-01,21,17,3,7,12,754
26521,2025-04-01,36,20,3,7,12,442
26568,2025-04-01,18,14,107,26,45,13247
26592,2025-04-01,14,11,2,12,28,317
26664,2025-04-01,33,20,101,36,45,14988
26685,2025-04-01,35,20,2,4,12,126
26714,2025-04-01,21,14,31,17,28,2041
26817,2025-04-01,39,17,55,13,28,9123
26835,2025-04-01,7,9,48,29,60,3165
26865,2025-04-01,31,18,41,55,60,12642
26878,2025-04-01,5,9,3,2,12,35
26911,2025-04-01,46,19,3,9,12,369
27133,2025-04-01,44,20,13,20,28,1753
27337,2025-04-01,50,22,26,56,60,8846
27387,2025-04-01,35,17,38,49,60,6195
27392,2025-04-01,8,11,2,7,12,112
27489,2025-04-01,44,19,14,41,45,2362
27545,2025-04-01,51,18,4,11,12,189
27588,2025-04-01,31,17,2,15,45,486
27689,2025-04-01,57,22,11,24,28,2403
27708,2025-04-01,61,22,113,57,60,26666
27791,2025-04-01,18,15,21,22,45,3246
27998,2025-04-01,36,21,11,23,45,960
28017,2025-04-01,34,18,9,7,12,1448
28082,2025-04-01,35,18,6,12,28,467
28136,2025-04-01,50,18,7,10,12,1037
28203,2025-04-01,40,18,11,17,28,657
28234,2025-04-01,19,13,5,30,45,791
28239,2025-04-01,61,22,6,22,28,1230
28276,2025-04-01,26,18,6,23,28,1583
28278,2025-04-01,32,16,19,32,45,1802
28370,2025-04-01,7,11,8,25,45,546
28382,2025-04-01,35,19,25,18,28,3120
28397,2025-04-01,61,22,69,18,45,8571
28412,2025-04-01,29,16,8,8,12,1121
28440,2025-04-01,47,19,3,6,12,571
28572,2025-04-01,15,15,4,15,28,1611
28641,2025-04-01,3,4,5,5,60,301
28826,2025-04-01,10,11,13,7,28,3051
28899,2025-04-01,55,20,4,25,45,405
28909,2025-04-01,3,5,1,2,12,116
28987,2025-04-01,9,12,39,14,28,449
29124,2025-04-01,29,16,128,42,60,17569
29155,2025-04-01,11,13,9,24,28,2440
29218,2025-04-01,44,20,6,27,28,208
29251,2025-04-01,11,11,41,29,45,5943
29302,2025-04-01,8,11,71,15,45,24608
29303,2025-04-01,35,21,65,11,28,14290
29327,2025-04-01,42,19,3,8,12,416
29331,2025-04-01,6,7,2,6,12,255
29367,2025-04-01,41,19,17,22,28,4295
29499,2025-04-01,70,22,32,40,45,3262
29526,2025-04-01,9,12,3,3,12,97
29667,2025-04-01,39,19,78,36,45,10095
29679,2025-04-01,32,19,7,19,28,1474
29688,2025-04-01,48,21,7,10,12,2685
29721,2025-04-01,42,20,8,9,12,286
29723,2025-04-01,13,11,2,10,12,382
29769,2025-04-01,29,18,3,3,28,514
29805,2025-04-01,42,21,4,21,28,254
29832,2025-04-01,19,16,2,24,28,204
29841,2025-04-01,39,20,154,48,60,10986
29897,2025-04-01,12,14,1,13,28,35
29918,2025-04-01,4,6,4,4,12,588
29922,2025-04-01,30,16,40,43,60,2796
29926,2025-04-01,15,12,7,19,45,2587
29939,2025-04-01,9,9,5,6,12,212
29986,2025-04-01,36,19,24,26,60,5856
30229,2025-04-01,42,21,161,35,60,19758
30372,2025-04-01,6,9,76,47,60,9536
30382,2025-04-01,11,15,3,12,45,267
30410,2025-04-01,17,12,14,16,28,1470
30484,2025-04-01,49,21,1,25,28,82
30593,2025-04-01,11,10,5,3,12,402
30607,2025-04-01,28,16,1,9,12,20
30716,2025-04-01,22,17,2,12,28,161
30738,2025-04-01,44,19,10,25,28,626
30795,2025-04-01,40,18,6,9,12,516
30819,2025-04-01,70,22,103,54,60,5215
30820,2025-04-01,41,18,8,11,12,908
30843,2025-04-01,32,19,2,18,28,468
30866,2025-04-01,36,20,6,7,12,404
30905,2025-04-01,80,22,25,27,28,6496
31005,2025-04-01,8,12,1,3,28,109
31113,2025-04-01,21,12,8,8,28,2047
31125,2025-04-01,11,10,1,25,45,149
31126,2025-04-01,13,13,6,7,28,943
31160,2025-04-01,30,17,6,5,12,656
31179,2025-04-01,56,22,8,18,28,544
31239,2025-04-01,10,8,29,18,60,1583
31286,2025-04-01,2,3,46,12,60,2611
31324,2025-04-01,52,21,7,21,28,1812
31331,2025-04-01,36,20,7,11,12,259
31348,2025-04-01,31,17,2,5,12,27
31392,2025-04-01,19,15,6,4,12,945
31459,2025-04-01,38,18,71,27,45,21834
31468,2025-04-01,26,16,5,24,28,236
31563,2025-04-01,47,19,3,17,28,711
31595,2025-04-01,34,15,2,10,12,258
31623,2025-04-01,44,20,52,57,60,9232
31691,2025-04-01,64,22,7,7,12,747
31726,2025-04-01,20,14,3,8,28,1175
31730,2025-04-01,39,19,12,5,12,2058
31786,2025-04-01,4,5,8,8,60,497
31811,2025-04-01,58,21,8,11,12,1402
31852,2025-04-01,28,18,37,16,28,7125
31977,2025-04-01,2,3,9,3,28,1163
31983,2025-04-01,35,15,22,28,45,6010
32019,2025-04-01,14,14,5,7,28,267
32171,2025-04-01,30,16,12,20,28,3914
32211,2025-04-01,11,13,6,13,28,811
32302,2025-04-01,28,16,51,22,60,1904
32430,2025-04-01,52,21,46,27,28,6787
32453,2025-04-01,35,17,3,8,12,746
32521,2025-04-01,29,17,3,7,12,418
32529,2025-04-01,22,15,4,10,12,230
32531,2025-04-01,21,13,82,28,45,26404
32536,2025-04-01,4,6,3,22,45,727
32601,2025-04-01,35,18,9,18,28,5045
32628,2025-04-01,21,17,1,24,28,383
32670,2025-04-01,34,18,12,21,28,4268
32673,2025-04-01,22,15,7,8,12,171
32811,2025-04-01,16,16,16,24,45,1458
32896,2025-04-01,43,19,135,24,60,10014
32903,2025-04-01,30,15,15,20,45,2791
32920,2025-04-01,16,16,2,7,12,204
32926,2025-04-01,12,12,2,34,45,125
32935,2025-04-01,46,20,65,19,28,6846
32995,2025-04-01,71,21,13,56,60,833
33018,2025-04-01,20,14,1,10,12,233
33021,2025-04-01,33,18,5,25,28,1084
33208,2025-04-01,16,13,15,33,60,4497
33289,2025-04-01,4,6,3,3,12,296
33350,2025-04-01,49,22,3,18,28,154
33372,2025-04-01,8,10,9,7,45,481
33383,2025-04-01,40,20,46,20,28,17655
33400,2025-04-01,21,15,15,18,45,3095
33472,2025-04-01,75,22,83,38,45,6829
33774,2025-04-01,9,13,2,5,12,140
33776,2025-04-01,48,22,6,6,12,352
33778,2025-04-01,45,20,5,11,12,1637
33794,2025-04-01,66,21,71,36,45,23495
33796,2025-04-01,37,20,15,31,45,2797
33856,2025-04-01,3,5,1,13,28,16
33870,2025-04-01,9,11,53,42,60,3703
33871,2025-04-01,5,6,50,21,60,305
33925,2025-04-01,12,13,2,3,12,639
33931,2025-04-01,6,10,1,6,45,111
33945,2025-04-01,44,21,31,23,28,6461
33971,2025-04-01,50,21,14,43,45,3855
33975,2025-04-01,54,22,7,27,28,6462
33986,2025-04-01,33,16,117,40,60,12884
34001,2025-04-01,15,13,11,7,12,1846
34013,2025-04-01,8,8,80,10,60,3424
34048,2025-04-01,39,19,7,8,12,1382
34076,2025-04-01,5,9,3,3,12,516
34201,2025-04-01,11,10,3,12,28,347
34261,2025-04-01,26,17,4,18,28,131
34268,2025-04-01,21,13,1,18,28,28
34482,2025-04-01,6,8,3,16,45,122
34499,2025-04-01,50,20,13,42,45,1767
34615,2025-04-01,9,11,56,18,45,4225
34721,2025-04-01,52,20,44,23,28,6134
34735,2025-04-01,68,22,57,42,45,8387
34744,2025-04-01,11,12,2,15,28,366
34795,2025-04-01,28,16,11,7,12,1806
34863,2025-04-01,28,17,4,34,45,356
34879,2025-04-01,13,12,1,25,45,121
34889,2025-04-01,24,18,5,6,12,1031
34988,2025-04-01,35,18,8,9,12,2363
35003,2025-04-01,40,21,35,29,45,7617
35046,2025-04-01,22,16,4,6,12,959
35057,2025-04-01,43,19,12,24,28,2485
35118,2025-04-01,6,9,1,3,12,97
35136,2025-04-01,43,22,2,10,12,99
35343,2025-04-01,29,16,6,7,28,635
35346,2025-04-01,27,18,3,8,12,142
35411,2025-04-01,29,17,1,9,12,304
35412,2025-04-01,27,15,42,34,60,2675
35528,2025-04-01,38,20,2,8,12,549
35550,2025-04-01,57,20,3,11,12,540
35710,2025-04-01,38,20,4,25,28,210
35815,2025-04-01,18,14,2,6,12,181
35860,2025-04-01,22,16,1,23,28,197
35933,2025-04-01,21,13,93,9,60,44424
36017,2025-04-01,11,10,35,12,28,1431
36021,2025-04-01,37,22,3,7,12,178
36077,2025-04-01,19,14,7,24,28,1504
36158,2025-04-01,38,20,1,9,12,431
36173,2025-04-01,64,22,3,11,12,685
36196,2025-04-01,57,22,52,54,60,6788
36197,2025-04-01,42,17,10,21,28,499
36206,2025-04-01,21,15,6,8,12,1182
36413,2025-04-01,12,11,51,13,60,3121
36773,2025-04-01,17,15,6,16,28,787
36791,2025-04-01,60,21,5,26,28,352
36833,2025-04-01,16,15,27,15,45,1480
36886,2025-04-01,52,21,4,11,12,716
36906,2025-04-01,49,22,4,8,12,1921
36920,2025-04-01,57,20,6,23,28,856
36980,2025-04-01,16,15,28,6,28,3285
36984,2025-04-01,7,8,9,10,45,1482
36995,2025-04-01,71,22,130,47,60,6228
37109,2025-04-01,41,21,56,39,45,2766
37116,2025-04-01,36,19,135,56,60,27672
37134,2025-04-01,66,22,12,11,12,4619
37179,2025-04-01,38,18,9,10,12,669
37285,2025-04-01,11,10,24,15,45,3080
37335,2025-04-01,41,20,8,9,12,6433
37398,2025-04-01,22,14,8,21,28,338
37424,2025-04-01,24,14,49,30,60,5359
37460,2025-04-01,12,10,129,44,60,6429
37476,2025-04-01,47,20,4,23,28,866
37500,2025-04-01,12,10,6,19,28,703
37563,2025-04-01,52,21,70,43,45,2262
37605,2025-04-01,29,16,58,23,28,22171
37672,2025-04-01,12,12,50,19,28,1601
37940,2025-04-01,63,19,11,27,28,2014
37982,2025-04-01,25,15,7,24,60,1260
38086,2025-04-01,36,17,64,35,45,12518
38095,2025-04-01,62,21,6,26,28,184
38111,2025-04-01,54,21,4,10,12,1670
38198,2025-04-01,65,21,3,9,12,421
38211,2025-04-01,19,14,10,8,12,3248
38227,2025-04-01,18,15,3,18,28,128
38252,2025-04-01,12,13,9,10,45,1781
38270,2025-04-01,15,14,11,20,45,2638
38612,2025-04-01,6,8,8,12,45,815
38664,2025-04-01,23,18,9,16,28,302
38728,2025-04-01,4,6,2,3,12,200
38766,2025-04-01,34,18,76,34,45,9911
38770,2025-04-01,58,21,177,57,60,16815
38812,2025-04-01,3,6,3,1,12,238
38823,2025-04-01,27,15,27,22,28,2563
38848,2025-04-01,34,19,95,26,60,14626
38906,2025-04-01,18,13,30,33,60,11425
38939,2025-04-01,32,19,50,34,45,9122
39037,2025-04-01,41,16,3,15,28,366
39062,2025-04-01,17,18,6,15,28,613
39190,2025-04-01,13,12,7,29,45,167
39196,2025-04-01,12,13,2,10,12,52
39248,2025-04-01,30,15,62,26,28,4792
39416,2025-04-01,8,8,41,32,60,6771
39515,2025-04-01,14,13,3,10,12,260
39666,2025-04-01,30,17,1,18,28,219
39715,2025-04-01,22,18,71,36,60,8999
39739,2025-04-01,28,18,11,6,12,1718
39869,2025-04-01,22,18,7,4,12,541
40017,2025-04-01,9,10,23,14,45,9551
40093,2025-04-01,30,17,2,21,28,178
40166,2025-04-01,18,14,1,33,45,68
40219,2025-04-01,81,22,5,20,28,70
40485,2025-04-01,48,18,9,11,12,2521
40555,2025-04-01,29,19,43,15,28,5085
40736,2025-04-01,23,16,24,48,60,4802
40757,2025-04-01,51,20,8,43,45,3015
40826,2025-04-01,64,22,12,26,28,1612
40843,2025-04-01,29,15,3,4,12,270
40857,2025-04-01,10,11,2,4,12,101
40892,2025-04-01,31,18,24,20,45,996
40936,2025-04-01,58,22,4,26,28,742
41112,2025-04-01,49,20,6,40,45,596
41124,2025-04-01,58,22,4,40,45,1268
41180,2025-04-01,38,19,9,7,12,718
41209,2025-04-01,21,17,15,37,45,2721
41289,2025-04-01,39,21,8,9,12,949
41324,2025-04-01,10,12,3,11,28,315
41404,2025-04-01,32,18,1,6,12,372
41475,2025-04-01,12,12,28,13,28,3630
41508,2025-04-01,27,19,5,9,12,1845
41531,2025-04-01,14,13,34,41,60,14180
41542,2025-04-01,18,16,21,10,45,2551
41554,2025-04-01,49,21,10,24,28,2098
41601,2025-04-01,18,14,1,3,12,101
41660,2025-04-01,20,15,4,17,28,817
41704,2025-04-01,43,20,1,24,28,174
41709,2025-04-01,15,14,40,13,45,6934
41717,2025-04-01,21,15,2,7,12,71
41740,2025-04-01,11,10,6,11,12,973
41776,2025-04-01,35,14,2,12,28,276
41834,2025-04-01,8,10,5,3,12,731
41859,2025-04-01,29,14,8,20,28,2110
41868,2025-04-01,18,15,8,7,12,1534
41876,2025-04-01,50,18,65,45,60,7201
41888,2025-04-01,31,21,54,22,28,5606
41956,2025-04-01,59,20,11,11,12,1932
41961,2025-04-01,42,20,6,18,28,74
41970,2025-04-01,36,19,11,30,45,433
41985,2025-04-01,7,11,1,2,12,46
42017,2025-04-01,8,10,2,14,28,224
42058,2025-04-01,43,19,8,17,28,467
42060,2025-04-01,6,10,29,18,45,4354
42105,2025-04-01,27,20,11,9,12,643
42111,2025-04-01,10,13,2,6,28,346
42170,2025-04-01,49,21,8,11,12,1058
42176,2025-04-01,44,20,8,7,12,439
42196,2025-04-01,11,12,1,3,12,35
42264,2025-04-01,41,18,8,39,45,367
42269,2025-04-01,34,16,3,37,45,692
42398,2025-04-01,8,10,76,7,60,11093
42428,2025-04-01,37,18,4,15,28,544
42446,2025-04-01,13,11,1,6,12,238
42536,2025-04-01,9,9,4,6,12,382
42620,2025-04-01,36,20,9,9,12,3907
42635,2025-04-01,12,12,1,6,12,38
42704,2025-04-01,28,19,17,20,28,2373
42719,2025-04-01,33,19,43,48,60,17551
42868,2025-04-01,43,19,1,14,28,248
42914,2025-04-01,45,21,12,25,28,1864
42955,2025-04-01,23,15,7,16,28,1959
43041,2025-04-01,25,14,102,33,60,12379
43162,2025-04-01,25,16,3,6,12,561
43165,2025-04-01,10,12,33,12,28,3087
43194,2025-04-01,19,17,2,16,28,48
43202,2025-04-01,71,22,16,37,45,1268
43280,2025-04-01,6,9,20,8,28,921
43358,2025-04-01,11,11,20,18,45,2344
43428,2025-04-01,30,17,2,18,28,332
43444,2025-04-01,32,19,9,19,28,992
43533,2025-04-01,21,13,23,14,28,3000
43540,2025-04-01,55,21,3,8,12,558
43556,2025-04-01,6,7,3,7,12,213
43624,2025-04-01,22,16,3,10,12,436
43665,2025-04-01,10,12,2,10,28,366
43702,2025-04-01,27,17,6,9,12,783
43777,2025-04-01,10,13,27,5,45,3562
43819,2025-04-01,21,17,3,29,45,291
43882,2025-04-01,33,20,4,3,12,1195
44058,2025-04-01,6,9,5,3,12,261
44211,2025-04-01,11,12,2,20,28,114
44258,2025-04-01,36,20,7,17,45,1844
44430,2025-04-01,38,20,44,21,28,3119
44458,2025-04-01,27,19,20,34,60,492
44474,2025-04-01,35,19,7,5,28,1064
44476,2025-04-01,63,21,9,22,28,1763
44484,2025-04-01,26,17,1,12,28,171
44491,2025-04-01,17,12,12,15,60,551
44541,2025-04-01,47,19,6,9,12,727
44570,2025-04-01,5,7,23,1,60,2607
44577,2025-04-01,23,19,1,10,12,95
44670,2025-04-01,19,16,45,5,60,6213
44722,2025-04-01,49,21,14,40,45,1526
44851,2025-04-01,44,17,2,11,12,114
44979,2025-04-01,24,14,6,9,12,16
45151,2025-04-01,22,14,1,12,28,74
45231,2025-04-01,17,14,31,19,45,7640
45236,2025-04-01,14,13,3,8,12,436
45290,2025-04-01,21,13,6,22,28,678
45332,2025-04-01,18,13,3,9,12,424
45344,2025-04-01,26,14,54,21,28,8962
45395,2025-04-01,34,18,10,8,12,1137
45424,2025-04-01,38,19,2,15,28,439
45507,2025-04-01,33,16,4,16,28,382
45541,2025-04-01,36,19,49,9,45,4910
45556,2025-04-01,70,22,5,39,45,108
45606,2025-04-01,42,20,26,29,45,3532
45608,2025-04-01,7,9,1,3,12,118
45702,2025-04-01,15,14,2,5,12,363
45708,2025-04-01,7,9,4,7,12,765
45757,2025-04-01,32,20,6,31,45,596
45831,2025-04-01,40,20,5,9,12,620
45909,2025-04-01,31,15,27,14,28,3277
45983,2025-04-01,22,18,57,48,60,3124
46074,2025-04-01,40,18,49,55,60,24359
46088,2025-04-01,19,17,6,17,28,1216
46114,2025-04-01,6,8,2,6,28,408
46158,2025-04-01,70,22,36,24,28,9060
46227,2025-04-01,4,7,2,3,12,156
46302,2025-04-01,68,21,28,43,45,3807
46382,2025-04-01,33,17,7,21,28,1003
46452,2025-04-01,7,10,12,10,28,2961
46487,2025-04-01,5,9,3,7,12,202
46503,2025-04-01,24,17,70,52,60,4334
46607,2025-04-01,57,22,11,11,12,1801
46659,2025-04-01,23,15,4,8,12,343
46708,2025-04-01,49,20,7,20,28,1993
46731,2025-04-01,8,11,3,8,28,252
46829,2025-04-01,28,15,133,36,45,26633
46847,2025-04-01,40,19,58,35,60,2896
46887,2025-04-01,9,12,2,17,28,285
46903,2025-04-01,36,21,11,24,45,255
46968,2025-04-01,48,20,11,27,28,1763
47036,2025-04-01,27,18,9,3,12,486
47046,2025-04-01,39,20,58,21,28,13373
47074,2025-04-01,9,8,140,9,45,13741
47208,2025-04-01,11,11,1,7,12,104
47280,2025-04-01,22,17,3,4,28,243
47297,2025-04-01,7,8,24,9,60,2102
47413,2025-04-01,47,20,3,3,12,871
47517,2025-04-01,42,20,35,21,28,7696
47527,2025-04-01,25,18,6,6,28,806
47666,2025-04-01,34,16,5,7,12,608
47771,2025-04-01,42,18,4,20,28,1091
47832,2025-04-01,12,10,46,11,28,8470
47858,2025-04-01,21,16,115,18,60,4336
47863,2025-04-01,10,12,2,2,12,324
47874,2025-04-01,27,20,116,32,45,11607
47879,2025-04-01,2,4,20,11,45,351
47889,2025-04-01,54,18,133,52,60,32197
47913,2025-04-01,20,16,8,4,12,1010
47989,2025-04-01,7,10,3,11,28,316
48107,2025-04-01,35,21,64,28,45,15658
48223,2025-04-01,37,17,6,40,45,930
48299,2025-04-01,3,6,3,3,12,159
48337,2025-04-01,21,19,5,4,12,361
48355,2025-04-01,44,21,6,26,28,790
48427,2025-04-01,21,14,6,10,12,2232
48428,2025-04-01,6,7,1,20,28,100
48538,2025-04-01,36,19,2,11,12,256
48567,2025-04-01,51,21,5,11,12,260
48593,2025-04-01,14,16,83,20,60,15869
48639,2025-04-01,50,20,6,21,28,1166
48808,2025-04-01,31,20,53,30,45,8945
48925,2025-04-01,7,9,15,4,28,542
48989,2025-04-01,38,21,8,10,12,2453
49130,2025-04-01,51,18,5,23,28,438
49144,2025-04-01,18,16,4,16,28,805
49214,2025-04-01,8,12,3,5,12,250
49249,2025-04-01,48,21,68,31,45,25276
49323,2025-04-01,9,10,32,17,28,1719
49489,2025-04-01,31,20,7,5,12,1178
49598,2025-04-01,4,7,58,12,60,7162
49606,2025-04-01,39,19,3,5,12,279
49617,2025-04-01,7,9,9,8,28,583
49642,2025-04-01,41,20,6,10,12,1667
49714,2025-04-01,30,16,2,21,28,239
49783,2025-04-01,31,16,4,11,12,608
49791,2025-04-01,8,11,57,18,60,10530
49872,2025-04-01,4,7,3,15,28,193
49884,2025-04-01,61,22,82,40,45,41331
49913,2025-04-01,42,18,5,15,28,425
49980,2025-04-01,28,21,20,38,60,4012
19,2025-05-01,48,20,7,15,28,684
23,2025-05-01,41,21,9,26,28,1160
43,2025-05-01,9,13,31,25,45,1781
48,2025-05-01,42,21,6,11,12,1589
50,2025-05-01,21,17,6,5,12,1562
58,2025-05-01,8,9,4,18,28,131
119,2025-05-01,24,18,50,27,45,3659
222,2025-05-01,49,21,3,11,12,351
247,2025-05-01,72,21,10,43,45,859
259,2025-05-01,45,21,180,44,60,69706
334,2025-05-01,60,21,61,27,28,9034
335,2025-05-01,66,20,4,9,12,1152
341,2025-05-01,22,19,30,24,45,2332
356,2025-05-01,30,15,8,4,12,2240
379,2025-05-01,55,22,11,36,45,855
508,2025-05-01,5,7,50,15,60,4380
531,2025-05-01,35,19,10,8,12,1886
575,2025-05-01,62,21,32,37,45,8542
668,2025-05-01,13,10,1,3,12,187
685,2025-05-01,9,11,2,4,12,156
689,2025-05-01,13,9,3,24,28,318
738,2025-05-01,30,17,89,12,45,15784
855,2025-05-01,20,15,5,23,28,1058
895,2025-05-01,8,9,3,6,12,332
1001,2025-05-01,19,13,5,22,45,1105
1004,2025-05-01,18,16,32,11,28,9462
1048,2025-05-01,71,22,37,27,28,5491
1054,2025-05-01,34,18,5,5,12,778
1061,2025-05-01,44,19,6,11,12,825
1073,2025-05-01,67,21,1,43,45,141
1074,2025-05-01,10,12,6,3,12,796
1092,2025-05-01,23,16,2,3,12,133
1167,2025-05-01,15,13,2,11,28,451
1227,2025-05-01,51,20,10,11,12,1458
1237,2025-05-01,59,20,7,9,12,3936
1240,2025-05-01,40,20,8,30,45,1632
1314,2025-05-01,22,16,6,14,28,478
1362,2025-05-01,12,11,2,16,45,218
1385,2025-05-01,72,21,2,27,28,325
1387,2025-05-01,4,6,2,9,28,293
1402,2025-05-01,21,13,16,7,60,1179
1406,2025-05-01,35,18,59,17,28,14711
1460,2025-05-01,7,10,1,5,12,246
1806,2025-05-01,19,16,41,12,45,2476
1807,2025-05-01,41,21,24,32,60,7861
1822,2025-05-01,14,16,2,9,12,84
1917,2025-05-01,44,17,39,32,60,9279
1974,2025-05-01,32,19,4,23,28,796
1983,2025-05-01,43,20,51,21,45,10636
2044,2025-05-01,14,15,1,6,12,92
2082,2025-05-01,33,21,35,38,45,9709
2244,2025-05-01,16,15,4,7,12,955
2259,2025-05-01,9,9,1,4,12,184
2383,2025-05-01,10,9,6,4,12,559
2529,2025-05-01,8,10,2,6,12,384
2554,2025-05-01,38,19,75,45,60,27787
2555,2025-05-01,62,21,46,34,45,7418
2575,2025-05-01,58,20,3,9,12,1283
2608,2025-05-01,31,17,9,30,45,802
2620,2025-05-01,25,16,6,25,60,329
2705,2025-05-01,43,20,27,52,60,3970
2713,2025-05-01,30,17,4,5,12,432
2754,2025-05-01,65,21,3,26,28,1129
2761,2025-05-01,43,17,6,8,12,228
2768,2025-05-01,17,16,1,28,45,189
2939,2025-05-01,11,13,44,45,60,4539
3054,2025-05-01,76,22,3,11,12,222
3171,2025-05-01,12,11,41,43,60,10576
3262,2025-05-01,29,19,27,12,28,2919
3263,2025-05-01,16,13,3,2,28,207
3285,2025-05-01,42,19,59,56,60,8780
3295,2025-05-01,58,22,55,24,28,12962
3421,2025-05-01,66,22,19,51,60,2705
3422,2025-05-01,19,15,13,21,28,2189
3470,2025-05-01,14,12,8,2,12,509
3583,2025-05-01,64,22,2,10,12,337
3656,2025-05-01,37,20,8,8,12,1549
3669,2025-05-01,23,14,8,20,28,1261
3835,2025-05-01,43,20,13,11,28,1993
3966,2025-05-01,21,16,7,9,12,3175
4019,2025-05-01,5,8,67,8,45,10583
4049,2025-05-01,22,16,3,29,45,681
4281,2025-05-01,33,18,13,12,28,3080
4306,2025-05-01,24,16,5,24,28,392
4453,2025-05-01,49,21,32,31,45,3296
4534,2025-05-01,18,16,2,26,45,544
4576,2025-05-01,34,19,6,22,28,1307
4613,2025-05-01,7,9,5,7,28,171
4626,2025-05-01,5,7,16,8,45,1426
4719,2025-05-01,36,17,71,24,60,10484
4788,2025-05-01,63,21,25,36,45,2724
4796,2025-05-01,45,19,4,8,12,394
4810,2025-05-01,32,20,29,33,45,6446
4819,2025-05-01,11,10,113,8,60,5806
4922,2025-05-01,11,8,7,23,28,659
4988,2025-05-01,5,8,13,9,45,704
5023,2025-05-01,27,15,10,11,12,602
5046,2025-05-01,15,12,23,36,45,427
5161,2025-05-01,12,13,7,6,12,255
5199,2025-05-01,21,18,5,14,28,1165
5215,2025-05-01,13,13,17,31,60,2972
5217,2025-05-01,26,19,10,5,12,1910
5255,2025-05-01,21,14,26,19,28,2106
5329,2025-05-01,23,19,79,19,60,29113
5367,2025-05-01,42,19,52,42,60,12022
5370,2025-05-01,14,12,34,27,60,2307
5411,2025-05-01,74,22,71,43,45,6892
5468,2025-05-01,81,22,7,23,28,1177
5513,2025-05-01,26,19,31,53,60,4703
5535,2025-05-01,8,11,24,11,60,1969
5566,2025-05-01,8,12,3,6,28,269
5589,2025-05-01,51,22,15,23,28,1126
5610,2025-05-01,2,4,19,33,60,1493
5614,2025-05-01,36,20,28,14,45,2862
5657,2025-05-01,38,19,1,10,12,273
5678,2025-05-01,5,8,1,21,45,47
5717,2025-05-01,32,15,22,39,45,5286
5749,2025-05-01,58,20,4,22,28,753
5754,2025-05-01,12,15,2,10,12,261
5786,2025-05-01,74,22,4,25,28,822
5855,2025-05-01,31,15,9,9,12,1080
5985,2025-05-01,76,21,4,11,12,362
6051,2025-05-01,18,15,8,7,12,796
6058,2025-05-01,39,18,7,22,28,214
6092,2025-05-01,19,14,33,21,45,6805
6096,2025-05-01,43,20,8,15,45,956
6100,2025-05-01,49,19,24,39,45,6757
6117,2025-05-01,5,7,42,16,45,1353
6134,2025-05-01,23,17,3,7,12,370
6149,2025-05-01,22,16,55,15,45,2580
6209,2025-05-01,5,8,9,4,12,89
6250,2025-05-01,8,9,4,4,12,724
6293,2025-05-01,19,13,50,17,45,7445
6298,2025-05-01,36,21,11,13,28,1044
6317,2025-05-01,10,9,2,4,12,69
6330,2025-05-01,16,12,2,7,12,174
6359,2025-05-01,18,14,1,6,12,220
6362,2025-05-01,59,20,5,11,12,881
6392,2025-05-01,2,3,9,11,60,1329
6483,2025-05-01,25,15,9,4,12,455
6487,2025-05-01,24,15,3,7,12,309
6514,2025-05-01,5,9,5,2,28,418
6515,2025-05-01,13,14,1,7,28,201
6529,2025-05-01,46,19,66,39,60,10809
6545,2025-05-01,39,18,17,38,45,3464
6557,2025-05-01,20,14,69,36,60,9403
6653,2025-05-01,19,12,9,35,45,326
6669,2025-05-01,25,16,7,11,12,1841
6670,2025-05-01,16,12,26,37,60,5001
6687,2025-05-01,30,17,2,5,12,161
6693,2025-05-01,30,18,31,50,60,2295
6744,2025-05-01,34,18,23,34,45,5539
6786,2025-05-01,3,4,16,14,45,1095
6814,2025-05-01,50,21,8,9,12,449
6909,2025-05-01,8,10,3,8,28,349
6937,2025-05-01,57,21,8,11,12,2442
6997,2025-05-01,22,15,3,3,12,386
7058,2025-05-01,24,16,33,21,28,6152
7071,2025-05-01,15,15,2,10,45,166
7225,2025-05-01,39,20,24,36,45,3345
7227,2025-05-01,26,17,15,20,28,3104
7319,2025-05-01,27,17,4,10,12,539
7342,2025-05-01,59,22,15,37,45,3793
7357,2025-05-01,28,16,9,8,28,2522
7359,2025-05-01,49,22,2,24,28,456
7429,2025-05-01,20,16,164,12,60,22144
7430,2025-05-01,9,10,4,7,12,726
7486,2025-05-01,4,5,4,8,12,461
7497,2025-05-01,31,20,51,25,28,2940
7526,2025-05-01,50,20,190,40,45,30696
7609,2025-05-01,64,20,56,38,45,2760
7663,2025-05-01,13,14,18,43,60,944
7806,2025-05-01,37,20,11,24,28,2169
7979,2025-05-01,32,18,107,42,60,12090
8004,2025-05-01,29,17,42,37,60,1789
8013,2025-05-01,53,21,6,42,45,145
8039,2025-05-01,4,6,2,13,28,210
8085,2025-05-01,40,21,10,26,28,957
8107,2025-05-01,24,14,21,19,28,2609
8179,2025-05-01,34,19,47,23,28,8954
8186,2025-05-01,36,18,35,19,45,2709
8339,2025-05-01,19,14,32,38,45,1967
8340,2025-05-01,36,17,9,6,12,2469
8359,2025-05-01,12,14,36,36,60,3307
8377,2025-05-01,60,22,6,11,12,2336
8392,2025-05-01,59,21,7,10,12,1789
8400,2025-05-01,14,12,2,3,12,193
8642,2025-05-01,27,19,7,21,28,1040
8646,2025-05-01,4,5,1,2,12,32
8712,2025-05-01,43,19,4,18,28,1195
8727,2025-05-01,10,12,7,4,28,1007
8775,2025-05-01,45,18,1,9,12,100
8799,2025-05-01,17,13,10,16,28,507
8844,2025-05-01,45,21,10,25,28,1673
8874,2025-05-01,8,10,33,8,28,1010
8895,2025-05-01,46,20,131,29,60,25599
8982,2025-05-01,31,17,42,35,60,9784
9083,2025-05-01,24,16,4,10,12,598
9104,2025-05-01,16,14,3,19,28,45
9112,2025-05-01,46,22,62,25,28,11775
9141,2025-05-01,7,10,2,14,28,174
9157,2025-05-01,28,20,10,20,28,1847
9229,2025-05-01,13,12,31,27,45,953
9269,2025-05-01,2,4,5,4,12,1123
9272,2025-05-01,32,18,2,10,12,116
9399,2025-05-01,33,21,4,10,12,1431
9465,2025-05-01,33,16,7,9,12,611
9477,2025-05-01,3,5,10,18,60,1066
9505,2025-05-01,12,13,52,23,45,2699
9557,2025-05-01,9,11,50,36,45,7403
9562,2025-05-01,12,12,35,22,45,1121
9565,2025-05-01,23,16,41,9,28,2976
9636,2025-05-01,29,19,18,16,28,3332
9703,2025-05-01,43,21,26,36,60,5311
9720,2025-05-01,13,12,7,7,12,102
9724,2025-05-01,37,21,41,21,28,9682
9768,2025-05-01,28,16,37,18,45,884
9836,2025-05-01,26,18,48,29,45,5211
9866,2025-05-01,17,15,9,6,12,660
9913,2025-05-01,40,19,2,25,28,113
9995,2025-05-01,27,18,37,20,45,9984
10006,2025-05-01,41,20,66,15,45,14964
10160,2025-05-01,6,7,1,4,12,83
10214,2025-05-01,14,12,2,9,12,200
10246,2025-05-01,17,13,2,5,12,156
10289,2025-05-01,8,12,16,15,45,1255
10299,2025-05-01,48,21,91,49,60,20315
10316,2025-05-01,30,15,44,14,45,11178
10330,2025-05-01,59,21,152,41,45,40186
10376,2025-05-01,25,18,4,21,28,89
10429,2025-05-01,17,13,59,20,45,3889
10457,2025-05-01,21,15,3,5,12,613
10490,2025-05-01,38,21,4,11,12,1264
10516,2025-05-01,26,16,7,19,28,3084
10529,2025-05-01,61,22,13,26,28,1096
10578,2025-05-01,42,18,45,41,45,14680
10745,2025-05-01,24,16,4,9,12,520
10771,2025-05-01,14,14,25,12,45,874
10776,2025-05-01,12,14,1,8,12,135
10883,2025-05-01,10,11,63,33,60,4015
10941,2025-05-01,10,12,11,39,45,1665
10973,2025-05-01,4,6,23,7,28,400
10974,2025-05-01,13,13,20,20,45,1157
11068,2025-05-01,9,10,5,5,28,501
11117,2025-05-01,45,20,181,35,45,50880
11225,2025-05-01,50,17,6,26,28,1775
11277,2025-05-01,38,18,85,48,60,11505
11348,2025-05-01,38,20,2,9,12,337
11425,2025-05-01,15,15,10,26,45,1359
11457,2025-05-01,66,22,7,27,28,165
11496,2025-05-01,47,21,2,18,28,236
11527,2025-05-01,35,18,3,20,28,232
11650,2025-05-01,28,16,19,34,60,978
11861,2025-05-01,36,15,7,11,12,2462
11877,2025-05-01,15,13,7,5,12,470
11883,2025-05-01,47,21,47,31,45,5966
12008,2025-05-01,63,22,2,11,12,366
12050,2025-05-01,68,22,4,25,28,370
12095,2025-05-01,21,14,29,30,45,2436
12103,2025-05-01,24,18,42,19,45,8266
12136,2025-05-01,43,20,10,11,12,1688
12148,2025-05-01,18,16,2,4,12,232
12176,2025-05-01,46,21,45,34,45,1982
12218,2025-05-01,23,16,9,6,12,1600
12239,2025-05-01,23,14,10,7,12,909
12276,2025-05-01,74,22,5,11,12,1233
12321,2025-05-01,26,18,32,31,45,6910
12357,2025-05-01,57,21,55,43,45,23777
12358,2025-05-01,26,20,8,8,28,809
12375,2025-05-01,32,17,55,48,60,7739
12436,2025-05-01,21,14,5,24,28,410
12473,2025-05-01,7,7,1,16,28,117
12587,2025-05-01,39,17,43,13,45,4062
12588,2025-05-01,12,13,7,6,12,1170
12590,2025-05-01,31,17,93,46,60,20732
12602,2025-05-01,25,16,1,4,12,155
12617,2025-05-01,37,17,59,39,60,16244
12728,2025-05-01,66,21,60,43,45,6543
12772,2025-05-01,38,21,2,18,28,466
12819,2025-05-01,24,14,2,21,28,408
12832,2025-05-01,8,12,7,2,12,111
12867,2025-05-01,17,14,7,16,28,1401
12923,2025-05-01,25,17,28,20,45,526
12931,2025-05-01,3,6,5,5,28,431
12951,2025-05-01,20,16,105,52,60,8653
12962,2025-05-01,22,17,34,14,28,12962
12990,2025-05-01,29,16,2,5,12,95
13010,2025-05-01,64,22,77,43,45,7044
13155,2025-05-01,55,20,2,11,12,187
13213,2025-05-01,17,15,23,24,45,3719
13215,2025-05-01,17,12,7,19,28,835
13230,2025-05-01,13,11,1,18,28,287
13254,2025-05-01,77,21,8,27,28,948
13308,2025-05-01,26,16,5,10,12,245
13412,2025-05-01,9,11,1,6,12,46
13422,2025-05-01,6,8,73,19,60,1526
13468,2025-05-01,52,21,4,22,28,508
13481,2025-05-01,25,17,8,11,28,3887
13552,2025-05-01,12,10,4,10,28,462
13575,2025-05-01,13,11,12,10,60,2829
13618,2025-05-01,57,21,1,22,28,95
13637,2025-05-01,8,10,6,13,28,174
13704,2025-05-01,2,4,1,1,12,108
13766,2025-05-01,10,11,4,5,12,153
13806,2025-05-01,13,10,8,24,60,295
13997,2025-05-01,6,10,2,3,12,64
14020,2025-05-01,29,18,3,15,28,230
14225,2025-05-01,19,16,9,4,12,461
14249,2025-05-01,42,20,2,18,28,233
14270,2025-05-01,8,9,30,12,60,939
14271,2025-05-01,48,19,7,10,12,1097
14289,2025-05-01,70,22,42,48,60,5912
14362,2025-05-01,29,16,4,7,12,931
14388,2025-05-01,22,13,4,6,12,762
14532,2025-05-01,19,16,32,28,60,10811
14549,2025-05-01,17,14,5,18,45,88
14642,2025-05-01,10,14,1,6,45,163
14690,2025-05-01,2,3,68,7,60,7513
14706,2025-05-01,54,21,28,25,28,3782
14732,2025-05-01,46,22,6,23,28,774
14778,2025-05-01,5,6,4,18,45,351
14803,2025-05-01,53,20,13,8,12,1158
14837,2025-05-01,56,22,21,34,45,10379
14970,2025-05-01,42,18,2,21,28,269
15049,2025-05-01,45,20,10,9,12,322
15189,2025-05-01,60,20,8,11,12,982
15193,2025-05-01,10,11,18,6,28,1139
15256,2025-05-01,21,14,8,3,12,363
15389,2025-05-01,14,12,3,5,12,261
15412,2025-05-01,24,17,16,17,28,2989
15472,2025-05-01,10,10,4,5,28,713
15508,2025-05-01,2,3,2,7,45,119
15612,2025-05-01,39,19,8,3,12,2796
15628,2025-05-01,12,13,20,12,45,1525
15642,2025-05-01,13,12,3,23,28,12
15694,2025-05-01,35,18,3,7,12,848
15791,2025-05-01,25,15,1,10,12,91
15909,2025-05-01,51,20,72,42,45,8590
16009,2025-05-01,69,21,45,41,45,4626
16036,2025-05-01,24,19,16,24,45,2112
16048,2025-05-01,15,15,4,8,12,383
16073,2025-05-01,35,15,53,40,45,12101
16131,2025-05-01,43,18,61,40,45,17598
16280,2025-05-01,51,22,11,27,28,302
16353,2025-05-01,74,21,6,10,12,1394
16381,2025-05-01,27,15,5,11,12,1197
16405,2025-05-01,16,13,78,29,60,7559
16664,2025-05-01,34,17,3,14,28,1168
16705,2025-05-01,11,14,3,9,12,296
16712,2025-05-01,2,3,26,12,60,446
16769,2025-05-01,18,15,24,9,45,799
16799,2025-05-01,18,13,3,9,12,823
16832,2025-05-01,69,21,3,27,28,1310
16996,2025-05-01,9,12,2,20,45,137
17072,2025-05-01,22,17,39,21,45,3972
17095,2025-05-01,33,16,30,32,60,5549
17147,2025-05-01,24,16,39,12,28,17692
17368,2025-05-01,28,17,7,16,28,220
17378,2025-05-01,3,6,55,21,60,4079
17430,2025-05-01,79,22,195,54,60,24447
17555,2025-05-01,11,11,26,18,28,2829
17606,2025-05-01,38,21,6,16,28,1665
17648,2025-05-01,3,5,3,9,12,234
17724,2025-05-01,25,16,1,19,28,112
17794,2025-05-01,9,12,13,9,28,1494
17800,2025-05-01,49,20,24,43,45,6429
17818,2025-05-01,46,21,10,20,28,3114
17838,2025-05-01,61,21,11,26,28,921
17920,2025-05-01,3,4,3,5,60,270
17974,2025-05-01,11,13,7,9,12,143
17993,2025-05-01,44,18,43,44,60,13670
17998,2025-05-01,53,20,9,11,12,1718
18013,2025-05-01,44,19,4,7,12,148
18057,2025-05-01,42,22,7,25,28,1039
18088,2025-05-01,18,14,6,11,28,371
18104,2025-05-01,9,11,10,5,45,1465
18130,2025-05-01,78,22,71,25,45,13927
18211,2025-05-01,13,13,4,18,28,72
18219,2025-05-01,49,21,24,43,45,6185
18303,2025-05-01,36,17,10,31,45,3727
18307,2025-05-01,50,19,55,20,45,10215
18606,2025-05-01,51,21,7,11,12,3419
18662,2025-05-01,27,18,7,6,12,841
18710,2025-05-01,52,21,7,27,28,2862
18720,2025-05-01,45,16,9,38,45,666
18732,2025-05-01,26,17,2,9,12,223
18808,2025-05-01,25,17,5,11,12,356
18811,2025-05-01,43,18,2,31,45,161
18901,2025-05-01,19,14,19,20,28,2539
18902,2025-05-01,35,21,45,25,28,13847
18914,2025-05-01,25,15,7,3,12,1116
18943,2025-05-01,4,8,3,3,12,308
19002,2025-05-01,52,22,66,40,45,8716
19036,2025-05-01,20,14,33,38,60,4927
19079,2025-05-01,69,21,41,24,28,11836
19095,2025-05-01,20,13,7,15,28,382
19107,2025-05-01,22,15,7,9,12,390
19198,2025-05-01,1,2,4,6,28,453
19468,2025-05-01,10,9,6,6,12,798
19560,2025-05-01,31,19,10,5,12,1823
19563,2025-05-01,28,17,3,10,12,199
19676,2025-05-01,8,7,10,37,45,1107
19729,2025-05-01,27,17,11,21,28,1823
19777,2025-05-01,33,19,6,9,12,1229
19811,2025-05-01,54,19,4,25,28,1535
19926,2025-05-01,12,12,2,24,45,130
19943,2025-05-01,33,17,106,37,45,39212
20071,2025-05-01,69,22,10,11,12,633
20131,2025-05-01,35,17,2,13,28,510
20162,2025-05-01,31,19,32,34,45,3854
20296,2025-05-01,58,21,11,9,12,1167
20335,2025-05-01,21,17,3,11,28,283
20357,2025-05-01,59,21,76,50,60,14089
20391,2025-05-01,36,17,22,22,28,739
20457,2025-05-01,71,21,4,27,28,855
20480,2025-05-01,12,12,3,18,28,569
20493,2025-05-01,62,22,6,26,28,928
20516,2025-05-01,58,22,8,25,28,1151
20595,2025-05-01,29,18,4,7,12,868
20597,2025-05-01,4,8,3,4,12,286
20686,2025-05-01,33,21,63,41,60,10423
20711,2025-05-01,34,19,55,53,60,22805
20797,2025-05-01,42,20,5,10,12,953
20821,2025-05-01,55,21,27,45,60,5592
20940,2025-05-01,52,22,6,8,12,516
20947,2025-05-01,55,21,4,11,12,810
20987,2025-05-01,59,22,6,11,12,1912
20992,2025-05-01,19,16,4,10,12,830
21026,2025-05-01,41,21,5,8,12,580
21126,2025-05-01,43,22,4,6,28,667
21146,2025-05-01,59,19,3,11,12,470
21170,2025-05-01,13,16,2,10,12,185
21189,2025-05-01,45,21,3,11,12,306
21504,2025-05-01,31,16,5,22,28,591
21512,2025-05-01,32,17,2,8,12,187
21542,2025-05-01,19,14,5,5,12,171
21561,2025-05-01,29,16,4,7,12,812
21682,2025-05-01,25,17,38,35,45,5727
21751,2025-05-01,11,10,9,33,45,3483
21783,2025-05-01,17,14,3,15,28,143
21823,2025-05-01,46,22,5,11,12,797
22031,2025-05-01,27,17,30,24,28,6611
22041,2025-05-01,51,21,2,18,28,503
22110,2025-05-01,40,21,4,6,12,893
22139,2025-05-01,21,17,3,6,12,403
22154,2025-05-01,38,19,7,10,12,1663
22215,2025-05-01,22,15,5,5,12,197
22217,2025-05-01,67,21,11,25,28,1296
22297,2025-05-01,60,21,11,30,45,1838
22340,2025-05-01,29,20,11,12,28,1092
22372,2025-05-01,16,13,7,6,12,647
22416,2025-05-01,46,22,12,24,28,2474
22475,2025-05-01,4,6,5,11,28,392
22485,2025-05-01,39,19,20,24,28,4693
22487,2025-05-01,16,11,1,14,28,103
22541,2025-05-01,15,11,4,5,12,610
22573,2025-05-01,37,20,10,26,28,1123
22603,2025-05-01,40,20,157,56,60,26552
22676,2025-05-01,27,17,3,13,28,818
22710,2025-05-01,41,18,2,8,12,103
22756,2025-05-01,44,19,3,10,12,1129
22825,2025-05-01,24,18,11,44,60,2271
22836,2025-05-01,60,22,6,25,28,305
22914,2025-05-01,5,7,3,8,12,445
22915,2025-05-01,35,20,5,10,12,248
22949,2025-05-01,12,14,28,37,60,1948
22999,2025-05-01,61,21,45,42,45,11030
23108,2025-05-01,2,3,0,9,28,0
23169,2025-05-01,41,21,5,5,12,1739
23338,2025-05-01,5,7,61,28,60,1127
23467,2025-05-01,26,15,27,30,45,4204
23469,2025-05-01,68,21,141,54,60,25707
23490,2025-05-01,41,18,10,7,12,1682
23508,2025-05-01,22,15,2,24,45,85
23512,2025-05-01,20,14,5,8,28,1636
23518,2025-05-01,51,22,185,49,60,71123
23713,2025-05-01,12,12,24,4,45,1014
23757,2025-05-01,43,21,2,9,12,796
23931,2025-05-01,47,21,54,26,28,21105
23959,2025-05-01,17,14,4,11,12,435
24011,2025-05-01,21,13,4,8,28,332
24199,2025-05-01,28,15,13,35,45,3263
24244,2025-05-01,61,21,15,42,45,4957
24298,2025-05-01,7,9,17,14,45,682
24484,2025-05-01,61,22,2,22,28,392
24530,2025-05-01,47,21,10,9,12,159
24563,2025-05-01,35,16,6,7,12,478
24595,2025-05-01,34,19,11,5,12,2523
24630,2025-05-01,14,13,7,24,28,599
24703,2025-05-01,23,13,3,10,28,85
24712,2025-05-01,42,20,33,42,45,1723
24733,2025-05-01,24,16,9,19,28,211
24772,2025-05-01,39,19,4,11,12,981
24829,2025-05-01,26,17,7,16,28,416
24838,2025-05-01,8,9,3,3,12,168
24845,2025-05-01,48,20,5,8,12,1409
24848,2025-05-01,20,14,10,6,12,3852
24948,2025-05-01,70,22,12,11,12,3464
24957,2025-05-01,29,16,47,17,28,10336
25035,2025-05-01,39,19,7,11,12,368
25138,2025-05-01,8,10,27,9,28,920
25145,2025-05-01,15,13,5,9,12,967
25235,2025-05-01,17,12,3,20,28,554
25247,2025-05-01,34,19,3,11,12,205
25256,2025-05-01,44,19,46,36,45,11150
25274,2025-05-01,45,20,48,53,60,6312
25308,2025-05-01,9,11,65,11,45,8631
25319,2025-05-01,41,20,2,7,12,254
25336,2025-05-01,16,12,4,5,12,289
25560,2025-05-01,25,17,3,21,28,139
25577,2025-05-01,11,13,36,51,60,2281
25613,2025-05-01,43,20,49,41,45,1422
25666,2025-05-01,20,17,23,27,60,4123
25679,2025-05-01,25,17,55,26,45,16396
25686,2025-05-01,5,6,4,5,12,318
25687,2025-05-01,45,20,4,20,28,635
25694,2025-05-01,24,15,22,24,28,1623
25759,2025-05-01,10,12,2,8,12,204
25818,2025-05-01,5,7,27,16,45,2581
25919,2025-05-01,35,19,33,24,28,6600
25988,2025-05-01,58,21,4,11,12,1628
26042,2025-05-01,38,18,12,10,12,4093
26147,2025-05-01,10,9,6,9,45,472
26260,2025-05-01,5,8,3,2,12,109
26277,2025-05-01,46,22,64,35,45,11012
26445,2025-05-01,13,11,6,14,28,716
26507,2025-05-01,18,14,3,7,12,445
26521,2025-05-01,41,22,3,7,12,544
26568,2025-05-01,14,15,107,32,45,6774
26592,2025-05-01,14,15,2,10,28,103
26664,2025-05-01,46,22,119,39,45,4075
26685,2025-05-01,36,20,2,4,12,529
26714,2025-05-01,17,13,28,14,28,3669
26744,2025-05-01,58,21,55,10,45,4264
26817,2025-05-01,45,21,58,11,28,1073
26835,2025-05-01,6,9,30,24,60,1670
26865,2025-05-01,25,17,49,54,60,11306
26878,2025-05-01,6,10,4,1,12,283
26911,2025-05-01,30,18,2,7,12,334
26965,2025-05-01,24,15,112,32,60,4267
27133,2025-05-01,63,21,11,23,28,1471
27315,2025-05-01,12,13,4,7,12,704
27337,2025-05-01,76,22,24,56,60,5011
27387,2025-05-01,23,13,37,52,60,3573
27392,2025-05-01,3,4,2,7,12,152
27489,2025-05-01,40,17,17,41,45,6215
27545,2025-05-01,52,18,4,11,12,523
27588,2025-05-01,24,18,2,17,45,299
27689,2025-05-01,71,22,11,23,28,883
27708,2025-05-01,52,22,96,57,60,46825
27791,2025-05-01,12,14,19,23,45,2105
27963,2025-05-01,49,21,2,24,28,357
27998,2025-05-01,31,18,14,23,45,4343
28017,2025-05-01,26,18,10,8,12,2017
28082,2025-05-01,34,17,7,9,28,686
28136,2025-05-01,55,21,6,11,12,717
28203,2025-05-01,38,20,12,23,28,1740
28234,2025-05-01,20,15,4,26,45,552
28239,2025-05-01,78,21,6,22,28,965
28276,2025-05-01,36,17,5,25,28,428
28278,2025-05-01,20,16,17,35,45,2718
28370,2025-05-01,5,9,10,23,45,882
28382,2025-05-01,57,20,28,20,28,10853
28397,2025-05-01,68,22,66,24,45,1313
28412,2025-05-01,32,18,7,7,12,824
28440,2025-05-01,29,17,3,6,12,341
28453,2025-05-01,23,15,8,10,12,467
28572,2025-05-01,15,14,4,15,28,300
28641,2025-05-01,1,2,5,8,60,316
28826,2025-05-01,6,8,12,6,28,591
28899,2025-05-01,39,21,4,20,45,311
28909,2025-05-01,2,3,1,2,12,99
28977,2025-05-01,47,19,8,23,28,2198
28987,2025-05-01,18,15,39,12,28,4981
29124,2025-05-01,20,16,120,38,60,28540
29155,2025-05-01,15,12,12,25,28,1245
29218,2025-05-01,51,21,6,27,28,191
29251,2025-05-01,27,17,40,36,45,4752
29302,2025-05-01,20,16,83,21,45,15833
29303,2025-05-01,53,20,62,13,28,3904
29327,2025-05-01,30,14,2,7,12,190
29331,2025-05-01,6,9,2,6,12,231
29367,2025-05-01,46,19,19,22,28,4351
29499,2025-05-01,62,22,32,40,45,2478
29526,2025-05-01,4,5,3,2,12,469
29667,2025-05-01,36,19,67,39,45,19755
29679,2025-05-01,39,18,7,19,28,592
29688,2025-05-01,41,19,8,11,12,1955
29721,2025-05-01,55,22,8,10,12,3266
29723,2025-05-01,16,14,2,8,12,372
29769,2025-05-01,15,14,2,1,28,133
29805,2025-05-01,53,21,3,19,28,558
29832,2025-05-01,19,17,2,24,28,82
29841,2025-05-01,52,20,174,48,60,40975
29897,2025-05-01,18,14,1,10,28,104
29918,2025-05-01,10,11,5,5,12,459
29922,2025-05-01,16,11,38,45,60,4986
29926,2025-05-01,19,15,6,26,45,344
29939,2025-05-01,9,13,5,6,12,412
29986,2025-05-01,41,19,24,19,60,1469
30229,2025-05-01,49,22,165,46,60,112031
30372,2025-05-01,11,12,80,46,60,2762
30382,2025-05-01,9,9,3,14,45,604
30410,2025-05-01,29,17,16,15,28,2323
30484,2025-05-01,40,19,1,24,28,204
30593,2025-05-01,10,15,4,3,12,76
30607,2025-05-01,22,15,1,9,12,151
30716,2025-05-01,19,14,2,13,28,25
30738,2025-05-01,56,21,11,23,28,4182
30795,2025-05-01,34,18,6,9,12,212
30819,2025-05-01,54,20,101,56,60,2440
30820,2025-05-01,31,20,7,10,12,504
30843,2025-05-01,25,15,2,17,28,375
30866,2025-05-01,23,19,6,5,12,851
30905,2025-05-01,71,20,26,27,28,1721
31005,2025-05-01,10,12,1,4,28,72
31113,2025-05-01,18,16,8,5,28,936
31125,2025-05-01,10,10,1,23,45,136
31126,2025-05-01,20,15,7,9,28,841
31160,2025-05-01,39,20,7,5,12,1166
31179,2025-05-01,74,22,7,18,28,395
31239,2025-05-01,17,17,30,17,60,2600
31267,2025-05-01,49,20,20,36,45,7874
31286,2025-05-01,5,8,52,17,60,3567
31324,2025-05-01,47,21,7,22,28,789
31331,2025-05-01,33,19,7,10,12,1460
31348,2025-05-01,39,20,2,4,12,391
31392,2025-05-01,15,10,7,4,12,557
31459,2025-05-01,42,20,71,34,45,10290
31468,2025-05-01,28,17,5,25,28,389
31563,2025-05-01,38,19,3,19,28,278
31595,2025-05-01,34,18,2,10,12,341
31623,2025-05-01,36,19,56,57,60,3456
31691,2025-05-01,52,22,7,7,12,1838
31726,2025-05-01,18,15,3,7,28,578
31730,2025-05-01,42,21,13,6,12,1339
31786,2025-05-01,4,7,10,20,60,1520
31811,2025-05-01,49,21,10,11,12,4616
31852,2025-05-01,31,19,36,14,28,11294
31977,2025-05-01,6,8,8,4,28,764
31983,2025-05-01,39,18,20,32,45,1353
32005,2025-05-01,21,17,6,37,45,116
32019,2025-05-01,14,14,5,7,28,1731
32171,2025-05-01,24,18,11,20,28,3136
32211,2025-05-01,4,4,7,11,28,323
32302,2025-05-01,26,15,50,19,60,4031
32392,2025-05-01,30,20,6,9,12,647
32430,2025-05-01,66,22,52,27,28,10514
32453,2025-05-01,54,22,3,9,12,161
32521,2025-05-01,43,18,2,8,12,542
32529,2025-05-01,23,14,4,10,12,348
32531,2025-05-01,27,19,86,30,45,21474
32536,2025-05-01,5,7,3,25,45,123
32601,2025-05-01,27,17,9,19,28,3718
32628,2025-05-01,23,16,1,25,28,196
32670,2025-05-01,33,17,14,21,28,5880
32673,2025-05-01,26,17,7,9,12,1448
32811,2025-05-01,19,15,16,20,45,2428
32896,2025-05-01,40,21,141,31,60,18848
32903,2025-05-01,44,19,16,27,45,1046
32920,2025-05-01,11,13,2,6,12,431
32926,2025-05-01,12,13,1,35,45,125
32935,2025-05-01,50,19,69,21,28,6553
32995,2025-05-01,56,21,14,56,60,2391
33018,2025-05-01,24,15,1,9,12,106
33021,2025-05-01,64,22,5,25,28,398
33208,2025-05-01,27,17,19,34,60,3910
33289,2025-05-01,5,7,2,2,12,217
33350,2025-05-01,29,17,2,19,28,229
33372,2025-05-01,6,11,10,9,45,992
33383,2025-05-01,31,18,52,22,28,23296
33400,2025-05-01,17,11,17,18,45,3813
33472,2025-05-01,64,22,93,35,45,10394
33774,2025-05-01,3,5,2,6,12,108
33776,2025-05-01,25,14,7,6,12,610
33778,2025-05-01,55,20,6,11,12,1550
33794,2025-05-01,32,16,66,38,45,8514
33796,2025-05-01,38,21,13,31,45,1334
33856,2025-05-01,3,4,1,11,28,39
33870,2025-05-01,10,11,48,36,60,6013
33871,2025-05-01,5,10,56,24,60,9335
33925,2025-05-01,7,9,2,2,12,116
33931,2025-05-01,9,12,1,5,45,64
33945,2025-05-01,66,21,30,22,28,2219
33971,2025-05-01,60,22,13,43,45,4411
33975,2025-05-01,63,22,8,27,28,2440
33986,2025-05-01,24,17,109,25,60,5636
34001,2025-05-01,13,13,11,4,12,1294
34013,2025-05-01,13,11,100,17,60,87
34048,2025-05-01,35,17,7,6,12,975
34076,2025-05-01,4,6,3,4,12,395
34201,2025-05-01,12,13,3,12,28,267
34261,2025-05-01,13,11,4,20,28,1142
34268,2025-05-01,20,13,1,20,28,313
34482,2025-05-01,2,3,3,21,45,30
34499,2025-05-01,46,20,13,42,45,1248
34615,2025-05-01,11,12,50,18,45,3837
34721,2025-05-01,45,19,38,24,28,13155
34735,2025-05-01,70,21,54,40,45,6734
34744,2025-05-01,8,9,2,16,28,261
34795,2025-05-01,24,18,14,8,12,4119
34863,2025-05-01,39,18,5,39,45,874
34879,2025-05-01,8,9,1,21,45,238
34889,2025-05-01,33,19,6,6,12,80
34988,2025-05-01,42,19,8,9,12,876
35003,2025-05-01,61,20,39,28,45,8608
35046,2025-05-01,10,12,3,4,12,420
35057,2025-05-01,62,22,13,25,28,3116
35118,2025-05-01,3,4,2,3,12,209
35136,2025-05-01,63,21,3,11,12,414
35343,2025-05-01,21,13,6,8,28,1118
35346,2025-05-01,14,13,3,7,12,281
35411,2025-05-01,21,18,1,9,12,50
35412,2025-05-01,34,19,44,37,60,3391
35439,2025-05-01,10,11,3,6,28,244
35528,2025-05-01,39,22,2,9,12,70
35550,2025-05-01,53,19,3,11,12,1191
35710,2025-05-01,46,20,4,26,28,923
35815,2025-05-01,22,15,2,5,12,80
35860,2025-05-01,15,13,1,20,28,104
35933,2025-05-01,19,15,90,14,60,16404
36017,2025-05-01,11,12,39,13,28,8615
36021,2025-05-01,32,20,2,7,12,396
36077,2025-05-01,11,11,5,25,28,707
36158,2025-05-01,43,20,2,10,12,326
36173,2025-05-01,53,22,3,11,12,465
36196,2025-05-01,56,22,57,53,60,7362
36197,2025-05-01,50,20,9,20,28,1365
36206,2025-05-01,22,14,6,9,12,392
36413,2025-05-01,8,11,52,24,60,1808
36773,2025-05-01,12,11,5,20,28,547
36791,2025-05-01,52,22,6,26,28,1543
36815,2025-05-01,50,21,12,24,45,4046
36833,2025-05-01,16,13,26,23,45,4980
36886,2025-05-01,48,20,4,10,12,375
36906,2025-05-01,54,20,4,8,12,91
36920,2025-05-01,59,21,6,22,28,1980
36980,2025-05-01,11,9,32,5,28,2093
36984,2025-05-01,7,9,9,6,45,861
36995,2025-05-01,58,22,158,51,60,37892
37109,2025-05-01,30,14,59,41,45,11923
37116,2025-05-01,36,19,144,56,60,54756
37134,2025-05-01,56,21,13,11,12,1184
37179,2025-05-01,44,20,8,10,12,244
37285,2025-05-01,11,13,30,16,45,5625
37335,2025-05-01,44,22,7,9,12,356
37398,2025-05-01,14,11,8,24,28,800
37424,2025-05-01,18,17,53,26,60,12339
37460,2025-05-01,23,15,128,47,60,29660
37476,2025-05-01,25,16,4,23,28,1185
37487,2025-05-01,42,19,115,34,45,8902
37500,2025-05-01,18,12,6,19,28,336
37563,2025-05-01,66,22,60,43,45,23997
37605,2025-05-01,58,22,64,24,28,33074
37672,2025-05-01,12,12,56,23,28,4290
37940,2025-05-01,52,22,10,27,28,3068
37982,2025-05-01,10,11,6,22,60,150
38086,2025-05-01,32,19,50,31,45,2087
38095,2025-05-01,49,22,6,25,28,353
38111,2025-05-01,54,21,5,10,12,282
38198,2025-05-01,78,22,3,9,12,409
38211,2025-05-01,29,18,11,10,12,2838
38227,2025-05-01,20,16,3,22,28,350
38252,2025-05-01,10,11,8,15,45,1427
38270,2025-05-01,15,11,9,16,45,664
38612,2025-05-01,7,9,9,15,45,518
38664,2025-05-01,25,16,10,17,28,1222
38728,2025-05-01,4,7,2,2,12,100
38766,2025-05-01,41,17,73,37,45,11651
38770,2025-05-01,44,22,203,55,60,41507
38812,2025-05-01,8,12,3,1,12,216
38823,2025-05-01,33,15,26,23,28,4329
38848,2025-05-01,61,22,84,19,60,15399
38906,2025-05-01,18,14,28,28,60,5587
38939,2025-05-01,17,14,58,34,45,1790
39037,2025-05-01,37,20,2,14,28,458
39062,2025-05-01,10,7,6,11,28,821
39190,2025-05-01,11,9,7,25,45,1335
39196,2025-05-01,23,18,3,10,12,365
39248,2025-05-01,36,20,61,25,28,11360
39416,2025-05-01,24,15,46,36,60,2043
39515,2025-05-01,24,14,3,8,12,27
39666,2025-05-01,18,14,1,19,28,108
39715,2025-05-01,24,15,85,37,60,17022
39739,2025-05-01,33,22,11,5,12,636
39869,2025-05-01,20,16,7,2,12,931
40017,2025-05-01,11,14,26,13,45,2965
40093,2025-05-01,34,19,2,17,28,437
40166,2025-05-01,11,10,1,32,45,69
40219,2025-05-01,57,21,4,21,28,933
40485,2025-05-01,58,20,9,11,12,1744
40555,2025-05-01,35,19,44,17,28,2451
40736,2025-05-01,26,16,23,42,60,5158
40757,2025-05-01,41,20,9,43,45,761
40826,2025-05-01,48,22,12,26,28,2722
40843,2025-05-01,26,20,3,5,12,566
40857,2025-05-01,10,11,2,6,12,381
40892,2025-05-01,22,16,26,24,45,4631
40936,2025-05-01,65,21,4,25,28,99
41021,2025-05-01,31,19,6,9,12,256
41112,2025-05-01,67,22,6,41,45,516
41124,2025-05-01,72,22,5,43,45,508
41180,2025-05-01,41,22,8,8,12,447
41209,2025-05-01,31,18,16,42,45,3734
41289,2025-05-01,50,20,6,7,12,1029
41324,2025-05-01,8,7,4,8,28,409
41404,2025-05-01,21,16,1,6,12,60
41475,2025-05-01,18,14,26,12,28,921
41508,2025-05-01,38,19,5,9,12,817
41531,2025-05-01,6,8,34,42,60,3995
41542,2025-05-01,12,11,23,6,45,2129
41554,2025-05-01,57,20,9,24,28,1371
41601,2025-05-01,16,13,1,2,12,27
41660,2025-05-01,17,17,4,20,28,477
41686,2025-05-01,33,19,4,8,12,406
41704,2025-05-01,38,18,1,24,28,43
41709,2025-05-01,18,16,42,12,45,2807
41717,2025-05-01,24,19,2,8,12,437
41740,2025-05-01,17,15,7,11,12,1990
41776,2025-05-01,48,21,3,17,28,547
41834,2025-05-01,6,7,5,3,12,415
41859,2025-05-01,23,15,8,19,28,1695
41868,2025-05-01,10,9,9,7,12,1007
41876,2025-05-01,49,21,73,49,60,5706
41888,2025-05-01,40,19,63,17,28,1635
41956,2025-05-01,64,21,12,10,12,3375
41961,2025-05-01,41,18,7,21,28,3548
41970,2025-05-01,39,18,13,22,45,2449
41985,2025-05-01,5,10,1,2,12,186
42017,2025-05-01,5,10,2,11,28,174
42058,2025-05-01,28,18,8,13,28,1201
42060,2025-05-01,5,7,31,22,45,3453
42105,2025-05-01,31,17,10,10,12,190
42111,2025-05-01,7,8,2,5,28,106
42170,2025-05-01,65,22,9,11,12,378
42176,2025-05-01,25,16,8,6,12,531
42196,2025-05-01,14,14,1,2,12,29
42264,2025-05-01,36,18,8,37,45,621
42269,2025-05-01,29,18,3,37,45,554
42398,2025-05-01,12,14,78,7,60,20380
42428,2025-05-01,21,16,4,13,28,180
42446,2025-05-01,15,12,2,5,12,206
42536,2025-05-01,20,14,5,8,12,510
42620,2025-05-01,64,21,10,10,12,1200
42635,2025-05-01,14,14,2,7,12,223
42704,2025-05-01,27,15,15,21,28,1387
42719,2025-05-01,45,18,53,54,60,9471
42762,2025-05-01,67,22,12,10,12,547
42868,2025-05-01,34,19,1,13,28,235
42914,2025-05-01,38,20,11,23,28,1283
42955,2025-05-01,42,22,7,19,28,1330
43041,2025-05-01,26,18,122,40,60,2295
43162,2025-05-01,19,12,3,7,12,713
43165,2025-05-01,10,11,28,8,28,1097
43194,2025-05-01,14,14,2,17,28,507
43202,2025-05-01,52,21,17,33,45,1444
43280,2025-05-01,4,5,16,7,28,3367
43358,2025-05-01,13,11,23,21,45,830
43428,2025-05-01,28,18,2,17,28,205
43444,2025-05-01,18,14,7,20,28,303
43533,2025-05-01,26,16,26,11,28,8290
43540,2025-05-01,43,20,3,8,12,1080
43556,2025-05-01,6,7,3,7,12,280
43624,2025-05-01,31,22,3,10,12,148
43663,2025-05-01,21,18,49,12,28,10421
43665,2025-05-01,12,13,2,13,28,274
43702,2025-05-01,26,18,5,10,12,930
43777,2025-05-01,4,6,22,4,45,3568
43819,2025-05-01,17,15,2,26,45,158
43882,2025-05-01,36,18,4,3,12,176
44058,2025-05-01,4,6,5,5,12,252
44211,2025-05-01,22,16,3,22,28,457
44258,2025-05-01,47,19,8,21,45,1032
44430,2025-05-01,38,18,45,21,28,11052
44458,2025-05-01,32,15,22,33,60,2286
44474,2025-05-01,29,15,6,4,28,480
44476,2025-05-01,44,21,9,22,28,1776
44484,2025-05-01,34,18,1,15,28,83
44491,2025-05-01,19,14,11,12,60,2570
44541,2025-05-01,41,20,6,10,12,921
44570,2025-05-01,5,8,26,2,60,2309
44577,2025-05-01,12,13,1,10,12,65
44670,2025-05-01,21,17,47,5,60,1120
44692,2025-05-01,34,18,55,28,45,5162
44722,2025-05-01,66,22,14,39,45,917
44851,2025-05-01,34,17,2,11,12,199
44979,2025-05-01,29,17,7,9,12,753
45151,2025-05-01,12,12,1,11,28,51
45231,2025-05-01,33,19,32,16,45,2994
45236,2025-05-01,14,11,3,9,12,53
45290,2025-05-01,30,17,5,22,28,265
45332,2025-05-01,12,13,3,9,12,549
45344,2025-05-01,29,17,56,23,28,16862
45395,2025-05-01,28,16,10,9,12,3445
45424,2025-05-01,53,21,3,20,28,832
45507,2025-05-01,44,20,4,18,28,896
45541,2025-05-01,35,19,44,8,45,2023
45556,2025-05-01,61,22,6,39,45,238
45588,2025-05-01,34,21,5,9,12,719
45606,2025-05-01,41,21,27,35,45,3587
45608,2025-05-01,9,9,1,4,12,190
45702,2025-05-01,17,13,2,3,12,345
45708,2025-05-01,8,13,5,6,12,372
45757,2025-05-01,29,18,5,32,45,1334
45831,2025-05-01,53,21,5,8,12,1095
45909,2025-05-01,34,21,26,13,28,6099
45983,2025-05-01,26,15,61,48,60,7907
46059,2025-05-01,38,21,3,11,28,182
46074,2025-05-01,40,18,43,55,60,9899
46088,2025-05-01,21,16,7,20,28,765
46114,2025-05-01,8,11,3,9,28,136
46158,2025-05-01,68,20,42,24,28,3320
46227,2025-05-01,6,9,2,2,12,45
46302,2025-05-01,77,22,28,43,45,15248
46382,2025-05-01,39,19,7,21,28,1040
46452,2025-05-01,9,12,13,12,28,545
46487,2025-05-01,7,9,4,7,12,296
46503,2025-05-01,15,13,55,49,60,15654
46607,2025-05-01,60,21,10,11,12,1165
46659,2025-05-01,32,17,3,8,12,111
46708,2025-05-01,55,20,6,22,28,1662
46731,2025-05-01,8,11,4,8,28,358
46740,2025-05-01,19,13,37,11,45,13412
46829,2025-05-01,30,19,133,33,45,23319
46847,2025-05-01,43,19,61,26,60,28634
46887,2025-05-01,7,8,1,18,28,200
46903,2025-05-01,54,21,11,27,45,2063
46968,2025-05-01,62,21,11,27,28,645
47036,2025-05-01,25,15,9,4,12,790
47046,2025-05-01,48,19,64,22,28,18574
47074,2025-05-01,15,15,142,11,45,24603
47208,2025-05-01,22,16,1,5,12,55
47280,2025-05-01,20,17,3,6,28,282
47297,2025-05-01,3,5,28,7,60,2250
47413,2025-05-01,41,18,3,4,12,676
47517,2025-05-01,44,20,35,23,28,1521
47527,2025-05-01,20,16,6,6,28,1570
47666,2025-05-01,35,17,5,8,12,1324
47676,2025-05-01,33,20,25,15,28,3032
47771,2025-05-01,32,20,5,19,28,1272
47832,2025-05-01,18,15,45,8,28,1463
47858,2025-05-01,17,16,130,19,60,13069
47863,2025-05-01,7,9,2,4,12,205
47874,2025-05-01,22,16,113,31,45,26421
47879,2025-05-01,5,7,21,14,45,5005
47889,2025-05-01,64,21,132,54,60,9975
47913,2025-05-01,20,14,9,4,12,167
47989,2025-05-01,5,9,3,12,28,289
48050,2025-05-01,62,19,2,11,12,230
48107,2025-05-01,36,22,62,29,45,8151
48223,2025-05-01,30,19,7,37,45,1677
48299,2025-05-01,4,6,3,2,12,67
48337,2025-05-01,27,17,6,5,12,633
48355,2025-05-01,41,19,7,26,28,553
48427,2025-05-01,24,15,6,10,12,1818
48428,2025-05-01,5,6,1,19,28,85
48538,2025-05-01,44,19,2,11,12,534
48567,2025-05-01,45,20,5,11,12,452
48593,2025-05-01,20,17,89,24,60,9264
48639,2025-05-01,46,19,6,21,28,773
48808,2025-05-01,33,16,56,33,45,14746
48925,2025-05-01,7,9,16,7,28,5454
48989,2025-05-01,60,21,10,10,12,1757
49130,2025-05-01,33,19,5,19,28,676
49144,2025-05-01,16,12,4,12,28,739
49214,2025-05-01,7,9,3,6,12,272
49249,2025-05-01,63,19,64,30,45,14612
49313,2025-05-01,47,22,3,26,28,1063
49323,2025-05-01,10,10,35,14,28,3856
49489,2025-05-01,28,18,8,4,12,882
49598,2025-05-01,7,9,68,15,60,7190
49606,2025-05-01,34,19,3,4,12,551
49617,2025-05-01,7,8,9,9,28,1243
49642,2025-05-01,23,16,6,9,12,1220
49714,2025-05-01,41,18,2,21,28,201
49783,2025-05-01,36,21,5,11,12,639
49791,2025-05-01,11,11,54,13,60,8182
49872,2025-05-01,13,16,3,14,28,408
49884,2025-05-01,46,20,93,42,45,29629
49913,2025-05-01,43,20,5,16,28,1187
49980,2025-05-01,10,11,12,28,60,3495
19,2025-06-01,50,20,9,15,28,988
23,2025-06-01,43,17,9,26,28,2861
43,2025-06-01,7,11,34,29,45,2270
48,2025-06-01,52,19,6,11,12,574
50,2025-06-01,26,18,6,6,12,943
58,2025-06-01,20,16,4,18,28,489
119,2025-06-01,32,18,48,31,45,5285
222,2025-06-01,41,22,2,11,12,536
247,2025-06-01,76,22,9,43,45,2217
259,2025-06-01,48,19,176,46,60,108213
334,2025-06-01,79,22,66,27,28,30643
335,2025-06-01,64,20,4,9,12,316
341,2025-06-01,20,17,30,31,45,8847
356,2025-06-01,31,18,6,5,12,208
379,2025-06-01,59,20,12,35,45,734
508,2025-06-01,7,9,61,14,60,6090
531,2025-06-01,50,22,10,7,12,1390
575,2025-06-01,54,18,33,37,45,1889
668,2025-06-01,23,17,1,2,12,109
685,2025-06-01,8,12,2,3,12,207
689,2025-06-01,23,16,2,22,28,274
738,2025-06-01,41,19,113,17,45,15917
855,2025-06-01,35,17,5,21,28,1793
895,2025-06-01,10,12,3,5,12,281
1001,2025-06-01,32,17,5,24,45,652
1004,2025-06-01,10,13,32,9,28,2592
1048,2025-06-01,57,21,41,27,28,5271
1054,2025-06-01,28,17,4,3,12,420
1061,2025-06-01,49,21,5,11,12,520
1073,2025-06-01,58,21,2,43,45,703
1074,2025-06-01,9,10,6,4,12,1013
1092,2025-06-01,28,16,3,5,12,8
1167,2025-06-01,11,10,2,11,28,150
1227,2025-06-01,72,21,11,11,12,791
1237,2025-06-01,44,18,8,10,12,663
1240,2025-06-01,41,20,8,35,45,511
1314,2025-06-01,35,20,7,15,28,266
1362,2025-06-01,9,9,2,12,45,154
1385,2025-06-01,63,22,2,27,28,268
1387,2025-06-01,7,11,3,9,28,225
1402,2025-06-01,25,15,17,9,60,2871
1406,2025-06-01,40,18,61,16,28,7502
1460,2025-06-01,1,2,1,3,12,34
1806,2025-06-01,13,11,28,9,45,3672
1807,2025-06-01,29,18,26,26,60,3260
1822,2025-06-01,24,15,3,9,12,177
1917,2025-06-01,40,19,36,30,60,4722
1974,2025-06-01,35,18,4,21,28,690
1983,2025-06-01,31,15,47,26,45,5662
2044,2025-06-01,14,14,1,8,12,84
2082,2025-06-01,30,18,34,34,45,3991
2244,2025-06-01,22,15,4,6,12,132
2259,2025-06-01,15,14,1,4,12,47
2383,2025-06-01,15,13,6,4,12,1557
2529,2025-06-01,8,11,2,5,12,152
2554,2025-06-01,37,16,79,48,60,4744
2555,2025-06-01,41,21,44,32,45,4387
2575,2025-06-01,38,20,3,10,12,865
2608,2025-06-01,18,15,7,24,45,395
2620,2025-06-01,14,14,5,25,60,296
2705,2025-06-01,47,19,26,49,60,3991
2713,2025-06-01,32,19,4,6,12,1062
2754,2025-06-01,52,22,3,26,28,492
2761,2025-06-01,46,20,6,8,12,866
2768,2025-06-01,9,9,1,31,45,152
2939,2025-06-01,8,10,36,45,60,4539
3054,2025-06-01,57,22,3,11,12,1506
3171,2025-06-01,13,10,47,45,60,10510
3262,2025-06-01,33,20,27,12,28,1046
3263,2025-06-01,21,16,3,3,28,507
3285,2025-06-01,54,21,63,53,60,12391
3295,2025-06-01,70,20,66,25,28,7018
3421,2025-06-01,58,21,19,53,60,2283
3422,2025-06-01,19,17,14,17,28,1234
3470,2025-06-01,13,13,7,1,12,411
3583,2025-06-01,70,21,2,10,12,89
3656,2025-06-01,47,20,9,6,12,1332
3669,2025-06-01,26,14,8,18,28,845
3835,2025-06-01,73,21,12,15,28,677
3840,2025-06-01,50,22,4,10,12,1367
3966,2025-06-01,29,15,7,8,12,368
4019,2025-06-01,5,8,65,10,45,3591
4049,2025-06-01,25,17,3,29,45,142
4281,2025-06-01,28,15,13,9,28,1312
4306,2025-06-01,39,18,6,21,28,254
4453,2025-06-01,48,21,29,35,45,7603
4534,2025-06-01,16,13,2,29,45,161
4576,2025-06-01,43,20,6,21,28,3223
4613,2025-06-01,5,7,5,7,28,1069
4626,2025-06-01,7,8,18,7,45,584
4719,2025-06-01,33,16,69,19,60,8968
4788,2025-06-01,47,22,24,36,45,6873
4796,2025-06-01,47,20,4,8,12,381
4810,2025-06-01,30,17,26,30,45,2065
4819,2025-06-01,6,8,123,10,60,41227
4922,2025-06-01,8,10,6,21,28,123
4988,2025-06-01,8,10,15,14,45,2199
5023,2025-06-01,30,20,10,10,12,3437
5046,2025-06-01,15,12,24,37,45,4537
5161,2025-06-01,13,12,7,6,12,512
5199,2025-06-01,21,16,5,19,28,234
5215,2025-06-01,14,14,13,26,60,2827
5217,2025-06-01,24,19,12,7,12,451
5255,2025-06-01,21,18,27,20,28,5423
5329,2025-06-01,29,19,85,22,60,12980
5367,2025-06-01,43,22,56,33,60,18581
5370,2025-06-01,8,10,36,19,60,3574
5411,2025-06-01,56,22,70,43,45,4306
5428,2025-06-01,51,19,10,27,28,1111
5468,2025-06-01,51,21,7,22,28,814
5513,2025-06-01,38,18,30,48,60,1889
5535,2025-06-01,6,8,27,21,60,680
5566,2025-06-01,12,12,3,5,28,241
5589,2025-06-01,44,19,15,23,28,2352
5610,2025-06-01,4,8,19,28,60,5148
5614,2025-06-01,23,17,24,10,45,6120
5657,2025-06-01,21,13,1,9,12,129
5678,2025-06-01,10,12,1,15,45,54
5717,2025-06-01,37,15,22,41,45,7385
5749,2025-06-01,51,20,3,21,28,515
5754,2025-06-01,16,13,2,10,12,190
5786,2025-06-01,71,22,5,24,28,1537
5855,2025-06-01,28,18,9,9,12,881
5985,2025-06-01,73,22,5,11,12,1320
6051,2025-06-01,17,12,8,6,12,2287
6058,2025-06-01,41,21,8,21,28,1318
6092,2025-06-01,7,8,26,17,45,4546
6096,2025-06-01,38,18,10,11,45,1550
6100,2025-06-01,60,21,26,40,45,5088
6117,2025-06-01,8,13,44,15,45,5382
6134,2025-06-01,22,17,3,8,12,186
6149,2025-06-01,35,18,51,12,45,2831
6209,2025-06-01,5,8,9,4,12,1174
6250,2025-06-01,12,13,4,3,12,984
6293,2025-06-01,15,13,47,22,45,3029
6298,2025-06-01,46,22,10,15,28,147
6317,2025-06-01,11,10,2,3,12,200
6330,2025-06-01,25,15,2,8,12,248
6359,2025-06-01,14,15,1,5,12,240
6362,2025-06-01,59,22,5,11,12,488
6392,2025-06-01,4,7,11,20,60,1286
6483,2025-06-01,14,14,9,3,12,407
6487,2025-06-01,25,15,4,7,12,225
6514,2025-06-01,7,9,4,1,28,423
6515,2025-06-01,7,12,1,8,28,43
6529,2025-06-01,52,20,61,34,60,30706
6545,2025-06-01,41,19,17,37,45,1096
6557,2025-06-01,19,16,68,37,60,7527
6653,2025-06-01,13,12,8,36,45,1169
6669,2025-06-01,23,16,6,11,12,748
6670,2025-06-01,19,15,33,41,60,1122
6687,2025-06-01,24,17,2,4,12,306
6693,2025-06-01,26,17,32,51,60,2033
6744,2025-06-01,25,17,27,37,45,4172
6786,2025-06-01,6,8,18,10,45,216
6814,2025-06-01,72,22,9,8,12,1888
6909,2025-06-01,11,13,3,6,28,631
6937,2025-06-01,78,22,9,11,12,1862
6981,2025-06-01,2,3,9,6,60,353
6997,2025-06-01,20,13,4,4,12,564
7058,2025-06-01,34,17,39,23,28,1837
7071,2025-06-01,23,16,2,18,45,345
7225,2025-06-01,37,20,26,37,45,584
7227,2025-06-01,29,18,16,18,28,4745
7319,2025-06-01,45,20,5,10,12,140
7342,2025-06-01,42,18,14,34,45,2778
7357,2025-06-01,28,15,7,10,28,354
7359,2025-06-01,53,22,2,24,28,922
7429,2025-06-01,16,17,160,13,60,11954
7430,2025-06-01,11,14,4,5,12,252
7486,2025-06-01,7,10,4,9,12,244
7497,2025-06-01,47,19,60,25,28,18517
7498,2025-06-01,26,15,23,10,28,3091
7526,2025-06-01,49,21,202,43,45,36202
7609,2025-06-01,45,20,54,38,45,12473
7663,2025-06-01,14,12,15,35,60,902
7806,2025-06-01,18,13,11,21,28,500
7979,2025-06-01,37,19,98,35,60,19503
8004,2025-06-01,19,15,40,38,60,3554
8013,2025-06-01,49,20,6,43,45,986
8039,2025-06-01,7,10,2,12,28,309
8085,2025-06-01,41,21,10,25,28,1032
8107,2025-06-01,25,19,22,20,28,1799
8179,2025-06-01,48,19,47,23,28,13273
8186,2025-06-01,32,16,33,19,45,4890
8339,2025-06-01,19,16,29,36,45,3345
8340,2025-06-01,33,17,9,5,12,721
8359,2025-06-01,12,13,36,36,60,1982
8377,2025-06-01,76,22,6,11,12,1358
8392,2025-06-01,79,22,8,11,12,1096
8400,2025-06-01,8,11,2,4,12,110
8642,2025-06-01,21,15,8,23,28,1109
8646,2025-06-01,4,7,1,1,12,67
8712,2025-06-01,36,21,4,18,28,198
8727,2025-06-01,7,8,8,5,28,1004
8775,2025-06-01,36,16,1,8,12,194
8799,2025-06-01,25,17,9,17,28,563
8844,2025-06-01,31,18,11,24,28,1240
8874,2025-06-01,8,9,32,11,28,3533
8895,2025-06-01,25,15,140,35,60,23884
8982,2025-06-01,29,17,41,29,60,6103
9083,2025-06-01,49,20,4,10,12,746
9104,2025-06-01,18,12,3,18,28,264
9112,2025-06-01,49,18,66,24,28,26452
9141,2025-06-01,18,17,2,20,28,162
9157,2025-06-01,32,17,10,19,28,1370
9229,2025-06-01,17,15,31,27,45,4184
9269,2025-06-01,4,8,5,5,12,293
9272,2025-06-01,25,14,2,9,12,13
9399,2025-06-01,37,19,4,11,12,352
9465,2025-06-01,45,20,8,11,12,2013
9477,2025-06-01,4,5,10,14,60,643
9505,2025-06-01,11,12,51,23,45,5670
9557,2025-06-01,8,10,49,38,45,4636
9562,2025-06-01,9,11,33,23,45,1514
9565,2025-06-01,12,12,38,10,28,3622
9636,2025-06-01,26,17,21,17,28,4016
9703,2025-06-01,33,17,27,38,60,1678
9720,2025-06-01,7,10,8,9,12,460
9724,2025-06-01,39,19,36,24,28,2330
9768,2025-06-01,33,18,32,13,45,5830
9836,2025-06-01,30,15,48,28,45,6402
9855,2025-06-01,42,19,22,26,45,738
9866,2025-06-01,16,13,8,6,12,717
9913,2025-06-01,43,18,2,25,28,590
9947,2025-06-01,12,13,7,6,28,975
9995,2025-06-01,25,16,36,18,45,2216
10006,2025-06-01,41,21,65,19,45,6982
10160,2025-06-01,11,12,1,4,12,159
10214,2025-06-01,23,15,2,9,12,148
10246,2025-06-01,20,16,2,5,12,122
10289,2025-06-01,5,7,17,22,45,1236
10299,2025-06-01,48,20,103,51,60,19817
10316,2025-06-01,37,18,42,16,45,9897
10322,2025-06-01,38,17,8,5,12,1546
10330,2025-06-01,54,22,178,41,45,36312
10376,2025-06-01,32,18,4,24,28,377
10429,2025-06-01,30,19,53,20,45,17153
10457,2025-06-01,24,15,3,6,12,693
10490,2025-06-01,38,21,3,11,12,134
10516,2025-06-01,34,20,6,19,28,725
10529,2025-06-01,36,18,11,25,28,3958
10578,2025-06-01,39,19,46,41,45,4723
10591,2025-06-01,57,20,7,10,12,661
10745,2025-06-01,40,18,4,8,12,187
10771,2025-06-01,25,18,26,17,45,1556
10776,2025-06-01,7,11,1,6,12,92
10883,2025-06-01,13,14,63,22,60,4882
10941,2025-06-01,11,12,12,39,45,2001
10973,2025-06-01,6,9,21,6,28,6010
10974,2025-06-01,27,18,18,21,45,3795
11068,2025-06-01,16,14,6,3,28,91
11117,2025-06-01,37,18,207,30,45,53869
11225,2025-06-01,39,20,6,26,28,1186
11277,2025-06-01,43,21,85,53,60,3039
11348,2025-06-01,39,19,3,7,12,482
11425,2025-06-01,12,14,9,24,45,2229
11457,2025-06-01,63,21,9,27,28,3438
11496,2025-06-01,45,18,2,16,28,24
11527,2025-06-01,25,16,3,22,28,397
11650,2025-06-01,32,17,22,29,60,5411
11861,2025-06-01,38,20,6,11,12,2250
11877,2025-06-01,17,12,6,6,12,734
11883,2025-06-01,40,21,51,32,45,15046
12008,2025-06-01,75,21,3,11,12,831
12050,2025-06-01,56,19,4,22,28,629
12095,2025-06-01,17,14,34,32,45,8476
12103,2025-06-01,23,15,48,18,45,6567
12136,2025-06-01,23,16,8,10,12,1411
12148,2025-06-01,10,13,2,3,12,294
12176,2025-06-01,58,21,42,33,45,6257
12218,2025-06-01,32,16,9,6,12,843
12239,2025-06-01,21,15,10,6,12,1526
12276,2025-06-01,66,21,6,11,12,1668
12321,2025-06-01,14,11,36,29,45,7852
12357,2025-06-01,46,21,47,43,45,13805
12358,2025-06-01,15,10,5,10,28,559
12375,2025-06-01,43,19,51,44,60,5828
12436,2025-06-01,14,12,4,24,28,645
12473,2025-06-01,19,17,1,19,28,26
12586,2025-06-01,26,16,2,21,28,105
12587,2025-06-01,31,16,46,12,45,1562
12588,2025-06-01,18,16,9,5,12,1001
12590,2025-06-01,32,19,111,47,60,5821
12602,2025-06-01,19,13,1,4,12,52
12617,2025-06-01,40,19,57,38,60,6455
12728,2025-06-01,69,21,56,43,45,5829
12772,2025-06-01,37,19,2,16,28,482
12819,2025-06-01,35,18,2,21,28,442
12832,2025-06-01,6,9,7,2,12,195
12867,2025-06-01,10,11,7,11,28,648
12923,2025-06-01,25,17,28,20,45,5480
12931,2025-06-01,5,7,5,5,28,730
12951,2025-06-01,14,12,93,47,60,38364
12962,2025-06-01,24,17,27,12,28,8256
12990,2025-06-01,26,15,2,5,12,560
13010,2025-06-01,56,20,73,43,45,16045
13113,2025-06-01,17,13,2,18,28,276
13155,2025-06-01,45,19,2,11,12,117
13213,2025-06-01,14,14,20,21,45,1146
13215,2025-06-01,23,15,7,21,28,744
13230,2025-06-01,23,16,2,19,28,507
13254,2025-06-01,75,22,9,27,28,455
13308,2025-06-01,24,15,3,9,12,714
13412,2025-06-01,13,13,1,6,12,116
13422,2025-06-01,10,11,76,11,60,1446
13468,2025-06-01,38,21,3,18,28,1212
13481,2025-06-01,29,17,7,10,28,471
13552,2025-06-01,16,14,4,9,28,487
13575,2025-06-01,20,13,12,14,60,1399
13618,2025-06-01,69,21,1,22,28,181
13637,2025-06-01,15,15,7,9,28,642
13647,2025-06-01,52,20,3,24,28,1020
13704,2025-06-01,1,2,1,1,12,32
13766,2025-06-01,5,8,5,5,12,214
13806,2025-06-01,13,12,6,15,60,153
13997,2025-06-01,9,11,3,3,12,129
14020,2025-06-01,47,22,3,14,28,737
14225,2025-06-01,20,17,10,6,12,2037
14249,2025-06-01,39,21,2,20,28,146
14270,2025-06-01,8,11,31,10,60,3553
14271,2025-06-01,37,21,7,11,12,1427
14289,2025-06-01,59,20,36,44,60,5646
14309,2025-06-01,10,12,2,8,12,130
14362,2025-06-01,15,13,4,7,12,1157
14388,2025-06-01,17,11,4,5,12,341
14532,2025-06-01,26,18,39,35,60,2899
14549,2025-06-01,25,18,4,20,45,1035
14642,2025-06-01,5,6,1,7,45,50
14690,2025-06-01,5,6,62,9,60,4538
14706,2025-06-01,75,22,28,27,28,3599
14732,2025-06-01,52,22,6,23,28,694
14743,2025-06-01,41,19,4,26,28,518
14778,2025-06-01,4,6,4,15,45,75
14803,2025-06-01,56,21,12,9,12,430
14837,2025-06-01,80,22,22,38,45,6581
14970,2025-06-01,36,21,2,21,28,95
15049,2025-06-01,58,20,8,9,12,451
15189,2025-06-01,59,21,7,11,12,699
15193,2025-06-01,12,13,16,5,28,1731
15256,2025-06-01,14,14,7,2,12,1954
15380,2025-06-01,74,22,4,43,45,347
15389,2025-06-01,9,12,3,7,12,507
15412,2025-06-01,15,14,18,17,28,1618
15472,2025-06-01,16,12,4,6,28,677
15508,2025-06-01,3,4,2,8,45,302
15612,2025-06-01,36,19,9,3,12,1290
15628,2025-06-01,13,10,20,14,45,7410
15642,2025-06-01,10,10,2,21,28,288
15694,2025-06-01,35,15,4,6,12,1500
15791,2025-06-01,20,18,1,9,12,149
15909,2025-06-01,46,21,72,41,45,2414
16009,2025-06-01,52,22,51,42,45,9129
16036,2025-06-01,24,15,13,20,45,1241
16048,2025-06-01,13,13,4,8,12,569
16073,2025-06-01,45,20,54,42,45,2931
16131,2025-06-01,42,19,59,38,45,4776
16280,2025-06-01,70,20,12,27,28,3092
16353,2025-06-01,60,22,6,10,12,405
16381,2025-06-01,15,14,4,10,12,211
16405,2025-06-01,17,16,78,26,60,10823
16664,2025-06-01,34,20,3,14,28,113
16705,2025-06-01,8,8,2,8,12,90
16712,2025-06-01,2,3,18,14,60,474
16769,2025-06-01,10,11,26,6,45,1692
16799,2025-06-01,28,18,3,10,12,922
16832,2025-06-01,56,22,3,27,28,381
16996,2025-06-01,5,8,2,21,45,156
17072,2025-06-01,26,19,41,14,45,9195
17095,2025-06-01,30,17,29,25,60,2788
17147,2025-06-01,39,21,42,11,28,6728
17352,2025-06-01,76,22,7,7,12,1580
17368,2025-06-01,29,17,6,16,28,66
17378,2025-06-01,2,3,60,15,60,3183
17430,2025-06-01,68,22,183,55,60,31859
17555,2025-06-01,31,17,34,22,28,3196
17606,2025-06-01,35,17,7,18,28,2681
17648,2025-06-01,3,5,2,8,12,10
17724,2025-06-01,41,18,1,20,28,731
17794,2025-06-01,14,12,11,10,28,1105
17800,2025-06-01,41,20,21,43,45,5200
17818,2025-06-01,44,20,10,19,28,2778
17838,2025-06-01,57,21,13,25,28,1385
17920,2025-06-01,2,3,4,5,60,137
17974,2025-06-01,11,8,9,8,12,1647
17993,2025-06-01,69,21,43,43,60,6325
17998,2025-06-01,52,21,9,11,12,1291
18013,2025-06-01,40,18,4,6,12,681
18057,2025-06-01,38,18,7,25,28,937
18088,2025-06-01,19,14,7,13,28,2074
18104,2025-06-01,10,11,10,4,45,457
18130,2025-06-01,69,21,63,22,45,14376
18211,2025-06-01,20,15,4,20,28,438
18219,2025-06-01,53,20,27,43,45,1456
18303,2025-06-01,17,12,10,27,45,1002
18307,2025-06-01,41,21,52,29,45,8175
18606,2025-06-01,72,22,9,11,12,1694
18662,2025-06-01,39,19,7,5,12,352
18682,2025-06-01,27,16,36,10,28,9701
18710,2025-06-01,66,21,7,27,28,1183
18720,2025-06-01,49,22,9,33,45,319
18732,2025-06-01,35,19,2,9,12,111
18808,2025-06-01,34,19,4,11,12,556
18811,2025-06-01,51,20,2,24,45,366
18901,2025-06-01,21,13,19,20,28,1489
18902,2025-06-01,29,17,47,25,28,5486
18914,2025-06-01,41,21,7,3,12,2593
18943,2025-06-01,5,6,3,3,12,434
19002,2025-06-01,63,22,61,42,45,13231
19036,2025-06-01,18,11,32,47,60,2405
19079,2025-06-01,77,22,43,25,28,9085
19095,2025-06-01,28,17,7,14,28,103
19107,2025-06-01,14,13,6,8,12,252
19198,2025-06-01,4,7,4,5,28,198
19468,2025-06-01,15,17,6,6,12,651
19560,2025-06-01,37,19,10,6,12,2069
19563,2025-06-01,27,17,3,10,12,613
19676,2025-06-01,17,16,11,39,45,2163
19729,2025-06-01,17,13,10,21,28,945
19777,2025-06-01,25,15,6,8,12,1103
19794,2025-06-01,48,21,10,13,28,2210
19811,2025-06-01,52,21,4,26,28,1081
19926,2025-06-01,7,10,2,23,45,48
19943,2025-06-01,38,21,123,39,45,21616
20071,2025-06-01,68,21,11,11,12,486
20131,2025-06-01,46,18,2,13,28,707
20162,2025-06-01,41,19,34,38,45,8190
20296,2025-06-01,53,22,13,8,12,2143
20335,2025-06-01,12,9,3,13,28,842
20357,2025-06-01,74,21,64,53,60,10993
20391,2025-06-01,34,20,21,24,28,4036
20457,2025-06-01,67,21,4,27,28,488
20480,2025-06-01,27,19,3,18,28,233
20493,2025-06-01,74,22,7,27,28,1302
20516,2025-06-01,54,22,7,25,28,2310
20595,2025-06-01,31,15,4,6,12,1406
20597,2025-06-01,4,5,3,4,12,264
20686,2025-06-01,28,19,62,44,60,8034
20711,2025-06-01,49,20,50,50,60,6920
20797,2025-06-01,42,20,5,9,12,270
20821,2025-06-01,53,20,28,46,60,3967
20940,2025-06-01,66,22,6,8,12,1325
20947,2025-06-01,53,22,4,11,12,829
20987,2025-06-01,75,21,6,11,12,1834
20992,2025-06-01,23,16,4,10,12,125
21026,2025-06-01,26,18,4,6,12,33
21126,2025-06-01,32,19,4,7,28,923
21146,2025-06-01,74,22,3,11,12,651
21170,2025-06-01,7,8,2,9,12,177
21189,2025-06-01,30,14,3,11,12,856
21288,2025-06-01,69,22,14,11,12,1981
21504,2025-06-01,29,18,5,25,28,1568
21512,2025-06-01,30,17,1,9,12,27
21542,2025-06-01,16,10,6,4,12,1547
21561,2025-06-01,31,19,4,8,12,341
21682,2025-06-01,23,16,43,32,45,7512
21751,2025-06-01,15,14,9,37,45,1864
21783,2025-06-01,18,13,4,21,28,662
21823,2025-06-01,70,22,6,11,12,1658
22031,2025-06-01,27,16,29,26,28,3165
22041,2025-06-01,40,17,2,20,28,165
22110,2025-06-01,50,20,4,6,12,426
22139,2025-06-01,26,18,4,7,12,761
22154,2025-06-01,45,19,8,10,12,108
22215,2025-06-01,20,13,5,6,12,427
22217,2025-06-01,58,22,12,25,28,229
22297,2025-06-01,49,19,11,32,45,937
22340,2025-06-01,36,17,11,15,28,1814
22343,2025-06-01,33,17,9,31,45,465
22372,2025-06-01,19,20,6,6,12,352
22416,2025-06-01,52,22,11,24,28,2028
22475,2025-06-01,4,5,5,7,28,440
22485,2025-06-01,31,16,18,24,28,1578
22487,2025-06-01,21,14,1,14,28,35
22541,2025-06-01,19,15,3,4,12,480
22573,2025-06-01,40,20,11,26,28,3651
22603,2025-06-01,42,21,160,57,60,23666
22676,2025-06-01,30,17,4,13,28,502
22710,2025-06-01,62,21,3,7,12,373
22756,2025-06-01,48,21,2,9,12,143
22825,2025-06-01,30,17,11,45,60,1407
22836,2025-06-01,50,21,7,23,28,2371
22914,2025-06-01,6,10,2,9,12,160
22915,2025-06-01,43,20,5,11,12,489
22949,2025-06-01,9,10,25,40,60,2111
22999,2025-06-01,50,21,44,43,45,20412
23108,2025-06-01,6,7,0,8,28,0
23130,2025-06-01,6,7,18,9,45,3466
23169,2025-06-01,34,17,5,5,12,272
23338,2025-06-01,6,9,58,23,60,4618
23467,2025-06-01,27,16,24,22,45,2134
23469,2025-06-01,53,22,150,56,60,35876
23484,2025-06-01,14,13,12,7,28,1150
23490,2025-06-01,34,17,10,5,12,720
23508,2025-06-01,23,17,2,24,45,179
23512,2025-06-01,20,15,7,8,28,849
23518,2025-06-01,62,22,177,45,60,47739
23713,2025-06-01,15,15,22,8,45,2165
23757,2025-06-01,47,21,2,9,12,334
23931,2025-06-01,60,21,53,26,28,10716
23959,2025-06-01,16,14,4,11,12,1091
24011,2025-06-01,39,19,4,11,28,289
24199,2025-06-01,38,20,12,37,45,1177
24244,2025-06-01,41,22,14,39,45,2426
24261,2025-06-01,22,16,41,16,45,2602
24298,2025-06-01,11,12,17,12,45,4991
24484,2025-06-01,58,22,2,24,28,533
24530,2025-06-01,49,19,10,9,12,1375
24563,2025-06-01,42,20,6,9,12,618
24595,2025-06-01,36,18,10,5,12,703
24630,2025-06-01,21,16,6,22,28,345
24703,2025-06-01,19,13,3,11,28,170
24712,2025-06-01,60,20,33,42,45,7641
24733,2025-06-01,16,14,10,19,28,749
24772,2025-06-01,34,18,3,11,12,98
24829,2025-06-01,24,17,6,18,28,291
24838,2025-06-01,8,11,2,4,12,449
24845,2025-06-01,32,21,5,7,12,1237
24848,2025-06-01,31,18,11,8,12,1679
24948,2025-06-01,51,20,13,11,12,2466
24957,2025-06-01,14,12,39,12,28,4100
25035,2025-06-01,39,19,7,10,12,394
25075,2025-06-01,39,17,144,51,60,23462
25138,2025-06-01,11,9,30,10,28,3089
25145,2025-06-01,22,15,5,10,12,227
25235,2025-06-01,29,17,3,23,28,608
25247,2025-06-01,30,17,3,11,12,1164
25256,2025-06-01,28,16,46,34,45,5009
25274,2025-06-01,40,21,44,48,60,8480
25308,2025-06-01,6,7,60,9,45,4296
25319,2025-06-01,40,21,2,8,12,648
25336,2025-06-01,18,12,4,6,12,604
25560,2025-06-01,18,15,3,22,28,1076
25577,2025-06-01,12,12,35,51,60,2523
25613,2025-06-01,39,19,55,43,45,9282
25666,2025-06-01,30,17,28,39,60,5355
25679,2025-06-01,29,18,58,27,45,5230
25686,2025-06-01,5,7,3,4,12,314
25687,2025-06-01,39,19,4,17,28,84
25694,2025-06-01,23,14,19,23,28,2515
25759,2025-06-01,9,9,3,7,12,180
25818,2025-06-01,8,10,28,16,45,1528
25919,2025-06-01,40,20,35,23,28,1997
25920,2025-06-01,27,17,7,8,12,467
25988,2025-06-01,66,21,4,11,12,178
26042,2025-06-01,35,17,11,10,12,376
26147,2025-06-01,21,16,8,17,45,2725
26260,2025-06-01,7,11,3,2,12,353
26277,2025-06-01,66,21,61,35,45,819
26445,2025-06-01,20,14,7,12,28,1193
26507,2025-06-01,21,18,3,7,12,826
26521,2025-06-01,42,17,3,6,12,224
26568,2025-06-01,18,18,116,30,45,12830
26592,2025-06-01,25,17,2,15,28,797
26664,2025-06-01,43,19,99,40,45,14438
26685,2025-06-01,37,20,2,4,12,77
26714,2025-06-01,14,12,27,15,28,9118
26744,2025-06-01,27,16,47,10,45,13836
26817,2025-06-01,29,18,56,14,28,5313
26835,2025-06-01,6,9,32,22,60,1200
26865,2025-06-01,30,20,51,56,60,7036
26878,2025-06-01,3,4,3,3,12,146
26911,2025-06-01,48,20,3,8,12,237
26965,2025-06-01,20,13,87,28,60,13445
27133,2025-06-01,49,22,13,22,28,2538
27248,2025-06-01,36,19,30,35,45,6932
27315,2025-06-01,13,11,4,4,12,598
27337,2025-06-01,77,22,24,56,60,3647
27387,2025-06-01,25,18,35,52,60,3263
27392,2025-06-01,10,14,2,7,12,58
27489,2025-06-01,55,19,17,43,45,2405
27545,2025-06-01,64,22,4,11,12,647
27588,2025-06-01,30,19,2,10,45,200
27689,2025-06-01,58,20,10,24,28,437
27708,2025-06-01,73,21,115,57,60,49492
27778,2025-06-01,28,14,21,19,45,4557
27791,2025-06-01,20,18,26,29,45,3754
27940,2025-06-01,25,17,3,17,28,557
27963,2025-06-01,51,20,2,20,28,180
27998,2025-06-01,34,20,16,32,45,5834
28017,2025-06-01,38,19,9,8,12,1411
28082,2025-06-01,39,17,7,11,28,349
28136,2025-06-01,57,20,7,11,12,1756
28203,2025-06-01,32,18,10,21,28,772
28234,2025-06-01,16,12,5,29,45,733
28239,2025-06-01,49,21,6,23,28,749
28276,2025-06-01,30,16,6,25,28,1946
28278,2025-06-01,26,17,16,30,45,1258
28370,2025-06-01,9,13,10,22,45,1277
28382,2025-06-01,56,21,25,22,28,2090
28397,2025-06-01,47,20,66,15,45,6635
28412,2025-06-01,39,20,8,8,12,918
28440,2025-06-01,44,19,3,6,12,380
28453,2025-06-01,29,16,8,10,12,472
28572,2025-06-01,12,16,4,16,28,79
28641,2025-06-01,2,3,5,5,60,90
28826,2025-06-01,4,7,12,4,28,927
28898,2025-06-01,2,3,7,27,60,148
28899,2025-06-01,39,20,4,28,45,606
28909,2025-06-01,4,6,1,3,12,89
28977,2025-06-01,45,18,7,24,28,1041
28987,2025-06-01,14,10,40,15,28,5919
29124,2025-06-01,22,14,113,29,60,7944
29155,2025-06-01,17,13,12,25,28,1166
29218,2025-06-01,31,18,6,26,28,499
29251,2025-06-01,16,13,48,38,45,3169
29302,2025-06-01,9,9,87,26,45,14867
29303,2025-06-01,48,20,69,14,28,17668
29327,2025-06-01,30,18,2,8,12,476
29331,2025-06-01,3,5,2,4,12,128
29367,2025-06-01,36,20,18,22,28,1537
29499,2025-06-01,65,21,31,43,45,8228
29526,2025-06-01,4,6,4,3,12,90
29667,2025-06-01,44,17,79,40,45,25204
29679,2025-06-01,36,20,7,18,28,673
29688,2025-06-01,51,22,8,11,12,2515
29721,2025-06-01,44,20,8,9,12,349
29723,2025-06-01,19,15,2,7,12,251
29769,2025-06-01,12,10,2,2,28,90
29805,2025-06-01,56,21,3,21,28,454
29832,2025-06-01,20,16,2,23,28,611
29841,2025-06-01,47,22,150,50,60,7044
29897,2025-06-01,14,12,1,8,28,122
29918,2025-06-01,7,9,4,6,12,1018
29922,2025-06-01,34,16,41,46,60,4528
29926,2025-06-01,20,14,7,18,45,609
29939,2025-06-01,9,11,4,6,12,836
29986,2025-06-01,53,20,25,25,60,5367
30229,2025-06-01,58,22,161,38,60,32951
30372,2025-06-01,8,9,84,43,60,10303
30382,2025-06-01,12,12,4,13,45,981
30410,2025-06-01,19,12,13,13,28,3475
30484,2025-06-01,46,21,1,24,28,308
30593,2025-06-01,8,9,5,2,12,432
30607,2025-06-01,21,18,1,8,12,123
30716,2025-06-01,34,19,2,12,28,663
30738,2025-06-01,45,18,10,24,28,1114
30795,2025-06-01,36,19,6,10,12,410
30819,2025-06-01,72,21,111,56,60,19675
30820,2025-06-01,29,20,7,10,12,328
30843,2025-06-01,31,17,2,18,28,607
30866,2025-06-01,20,17,6,4,12,1164
30867,2025-06-01,25,17,3,10,12,361
30905,2025-06-01,58,22,26,27,28,1872
31005,2025-06-01,8,9,1,7,28,155
31113,2025-06-01,18,14,8,8,28,796
31125,2025-06-01,13,14,1,25,45,290
31126,2025-06-01,16,16,6,9,28,1160
31160,2025-06-01,29,21,7,6,12,322
31179,2025-06-01,66,20,8,21,28,481
31239,2025-06-01,13,12,29,24,60,1679
31267,2025-06-01,55,22,24,35,45,3723
31286,2025-06-01,3,4,36,13,60,2759
31324,2025-06-01,58,21,6,22,28,1483
31331,2025-06-01,40,22,6,11,12,827
31348,2025-06-01,31,18,2,5,12,223
31392,2025-06-01,18,13,7,4,12,1039
31459,2025-06-01,51,21,85,34,45,24942
31468,2025-06-01,32,18,5,25,28,323
31544,2025-06-01,54,22,58,31,45,23947
31563,2025-06-01,27,16,2,13,28,224
31595,2025-06-01,36,19,2,9,12,132
31623,2025-06-01,35,20,52,57,60,9651
31691,2025-06-01,47,20,7,8,12,845
31701,2025-06-01,25,19,7,11,12,1559
31726,2025-06-01,18,11,3,9,28,45
31730,2025-06-01,55,20,11,7,12,765
31786,2025-06-01,3,5,13,20,60,1043
31811,2025-06-01,74,21,11,11,12,1112
31852,2025-06-01,33,20,29,16,28,1923
31933,2025-06-01,38,20,14,48,60,1043
31969,2025-06-01,30,17,5,11,12,329
31977,2025-06-01,2,3,8,2,28,320
31983,2025-06-01,34,15,22,34,45,4732
32005,2025-06-01,13,13,5,36,45,566
32019,2025-06-01,15,13,5,7,28,231
32171,2025-06-01,36,17,12,19,28,1304
32211,2025-06-01,5,7,6,12,28,382
32302,2025-06-01,35,17,54,25,60,7846
32392,2025-06-01,44,19,5,10,12,2742
32430,2025-06-01,74,22,47,27,28,4358
32453,2025-06-01,39,17,2,10,12,225
32521,2025-06-01,43,21,3,9,12,267
32529,2025-06-01,18,12,4,8,12,779
32531,2025-06-01,40,18,92,26,45,27447
32536,2025-06-01,8,9,3,17,45,166
32601,2025-06-01,33,19,8,15,28,1501
32628,2025-06-01,14,13,1,22,28,179
32670,2025-06-01,39,17,14,23,28,1401
32673,2025-06-01,26,17,8,10,12,3549
32811,2025-06-01,18,15,17,24,45,4701
32896,2025-06-01,33,17,130,36,60,23640
32903,2025-06-01,42,21,16,29,45,4609
32920,2025-06-01,8,11,2,5,12,137
32926,2025-06-01,9,11,2,32,45,113
32935,2025-06-01,53,21,63,22,28,3215
32995,2025-06-01,74,21,14,57,60,4807
33018,2025-06-01,25,14,1,9,12,122
33021,2025-06-01,45,22,5,26,28,839
33137,2025-06-01,18,16,29,28,45,1616
33202,2025-06-01,6,10,18,6,28,1054
33208,2025-06-01,18,14,14,41,60,1783
33289,2025-06-01,6,10,3,3,12,197
33350,2025-06-01,28,18,3,19,28,68
33372,2025-06-01,9,13,11,7,45,1266
33383,2025-06-01,46,20,46,23,28,6301
33400,2025-06-01,29,18,16,23,45,3470
33472,2025-06-01,69,21,92,37,45,28548
33774,2025-06-01,9,10,2,5,12,111
33776,2025-06-01,31,16,6,6,12,351
33778,2025-06-01,55,21,6,11,12,970
33794,2025-06-01,69,22,69,39,45,24120
33796,2025-06-01,41,19,12,30,45,1330
33856,2025-06-01,3,4,1,10,28,4
33870,2025-06-01,8,9,48,39,60,2237
33871,2025-06-01,4,7,51,23,60,1598
33919,2025-06-01,32,19,34,37,45,1787
33925,2025-06-01,15,14,2,2,12,130
33931,2025-06-01,3,4,1,5,45,39
33945,2025-06-01,48,22,26,24,28,3726
33971,2025-06-01,48,20,15,43,45,1967
33975,2025-06-01,70,20,7,27,28,1391
33986,2025-06-01,14,14,115,31,60,1742
34001,2025-06-01,24,18,10,6,12,2351
34013,2025-06-01,14,15,102,13,60,2230
34048,2025-06-01,29,18,7,7,12,641
34076,2025-06-01,6,10,3,3,12,428
34201,2025-06-01,16,15,3,13,28,279
34261,2025-06-01,17,14,4,15,28,210
34268,2025-06-01,21,14,1,14,28,86
34441,2025-06-01,4,5,14,4,28,1717
34482,2025-06-01,5,9,4,28,45,184
34499,2025-06-01,48,19,14,41,45,2078
34615,2025-06-01,7,9,57,12,45,7551
34721,2025-06-01,48,18,40,25,28,9469
34735,2025-06-01,59,22,49,40,45,11954
34744,2025-06-01,7,10,1,19,28,22
34795,2025-06-01,32,19,11,7,12,2195
34863,2025-06-01,33,18,4,39,45,234
34879,2025-06-01,11,10,1,23,45,29
34889,2025-06-01,31,17,5,7,12,2975
34988,2025-06-01,32,19,8,8,12,777
35003,2025-06-01,51,20,33,32,45,11279
35046,2025-06-01,8,10,3,5,12,177
35057,2025-06-01,68,21,14,24,28,1083
35118,2025-06-01,3,5,2,3,12,323
35136,2025-06-01,50,20,3,11,12,272
35266,2025-06-01,38,20,5,10,12,778
35343,2025-06-01,25,18,7,10,28,1710
35346,2025-06-01,11,12,3,6,12,547
35411,2025-06-01,28,18,1,9,12,58
35412,2025-06-01,24,15,40,39,60,2337
35439,2025-06-01,8,11,3,7,28,569
35528,2025-06-01,51,21,2,10,12,182
35550,2025-06-01,73,22,3,11,12,645
35710,2025-06-01,54,21,4,27,28,825
35815,2025-06-01,24,17,2,4,12,430
35860,2025-06-01,21,19,1,17,28,360
35933,2025-06-01,20,12,87,14,60,6077
36017,2025-06-01,16,12,35,14,28,2436
36021,2025-06-01,41,19,2,8,12,228
36077,2025-06-01,5,8,5,22,28,548
36158,2025-06-01,45,19,1,9,12,58
36173,2025-06-01,68,22,3,11,12,329
36196,2025-06-01,80,22,55,52,60,6914
36197,2025-06-01,31,15,9,21,28,1165
36206,2025-06-01,20,15,5,8,12,321
36413,2025-06-01,14,13,44,24,60,4059
36773,2025-06-01,16,12,5,20,28,300
36791,2025-06-01,56,22,5,27,28,679
36815,2025-06-01,51,22,13,24,45,3785
36833,2025-06-01,24,15,24,20,45,5285
36886,2025-06-01,58,20,4,10,12,282
36906,2025-06-01,48,21,5,8,12,1107
36920,2025-06-01,51,22,6,25,28,337
36980,2025-06-01,19,16,32,6,28,2028
36984,2025-06-01,1,2,8,10,45,83
36995,2025-06-01,68,20,129,46,60,8511
37109,2025-06-01,39,17,61,40,45,23673
37116,2025-06-01,39,16,149,55,60,29386
37134,2025-06-01,51,22,14,11,12,679
37179,2025-06-01,48,21,8,10,12,2131
37285,2025-06-01,18,17,29,14,45,1935
37335,2025-06-01,44,20,8,9,12,650
37398,2025-06-01,20,16,8,21,28,375
37424,2025-06-01,19,14,51,28,60,5389
37460,2025-06-01,14,13,105,43,60,9839
37476,2025-06-01,29,22,3,21,28,417
37487,2025-06-01,47,18,101,33,45,15069
37500,2025-06-01,22,17,6,21,28,1041
37563,2025-06-01,65,22,62,43,45,8392
37605,2025-06-01,47,18,60,24,28,5674
37672,2025-06-01,13,10,55,21,28,5151
37747,2025-06-01,33,18,2,22,28,98
37940,2025-06-01,59,22,10,27,28,1511
37982,2025-06-01,16,13,8,31,60,2198
38086,2025-06-01,28,19,59,33,45,3614
38095,2025-06-01,71,21,6,27,28,358
38111,2025-06-01,62,21,4,9,12,828
38198,2025-06-01,81,22,3,9,12,343
38211,2025-06-01,30,20,10,8,12,171
38227,2025-06-01,33,18,3,21,28,42
38252,2025-06-01,9,11,9,14,45,489
38270,2025-06-01,13,11,8,22,45,1317
38306,2025-06-01,62,22,10,9,12,992
38612,2025-06-01,13,11,11,21,45,257
38664,2025-06-01,14,12,9,18,28,460
38728,2025-06-01,6,8,2,3,12,152
38766,2025-06-01,40,18,73,40,45,3321
38770,2025-06-01,57,22,191,56,60,51844
38812,2025-06-01,8,10,3,1,12,304
38823,2025-06-01,32,21,29,24,28,3444
38848,2025-06-01,50,22,82,20,60,12714
38906,2025-06-01,17,16,34,34,60,5870
38939,2025-06-01,17,13,58,34,45,6430
39037,2025-06-01,53,20,3,14,28,253
39062,2025-06-01,23,16,7,17,28,391
39190,2025-06-01,10,9,6,26,45,306
39196,2025-06-01,16,13,3,11,12,825
39248,2025-06-01,24,15,52,26,28,18438
39416,2025-06-01,13,13,37,32,60,4227
39515,2025-06-01,18,15,3,9,12,191
39666,2025-06-01,29,19,2,22,28,197
39715,2025-06-01,39,19,79,35,60,6182
39739,2025-06-01,24,15,11,7,12,1607
39869,2025-06-01,25,17,6,4,12,2430
40017,2025-06-01,6,8,24,14,45,1633
40093,2025-06-01,31,17,2,21,28,109
40166,2025-06-01,15,13,1,36,45,224
40219,2025-06-01,67,22,5,20,28,1215
40270,2025-06-01,6,11,4,6,28,579
40485,2025-06-01,47,20,9,11,12,2352
40555,2025-06-01,32,17,54,16,28,6744
40736,2025-06-01,22,17,22,46,60,2981
40757,2025-06-01,42,19,8,43,45,2255
40826,2025-06-01,66,19,12,26,28,1914
40843,2025-06-01,30,18,3,7,12,1512
40857,2025-06-01,8,12,2,5,12,502
40892,2025-06-01,24,14,21,18,45,922
40936,2025-06-01,64,21,4,27,28,271
41021,2025-06-01,13,11,6,10,12,366
41112,2025-06-01,51,21,5,40,45,767
41124,2025-06-01,55,22,4,42,45,1060
41180,2025-06-01,38,17,9,7,12,2435
41209,2025-06-01,27,17,16,40,45,2220
41289,2025-06-01,47,22,5,7,12,1679
41324,2025-06-01,11,10,4,13,28,133
41404,2025-06-01,34,19,1,5,12,111
41475,2025-06-01,12,10,28,10,28,3728
41508,2025-06-01,28,17,5,10,12,215
41531,2025-06-01,11,11,35,42,60,4625
41542,2025-06-01,9,10,20,8,45,1145
41554,2025-06-01,56,19,10,24,28,4282
41601,2025-06-01,12,11,2,3,12,219
41660,2025-06-01,17,12,4,18,28,475
41686,2025-06-01,31,17,4,8,12,928
41704,2025-06-01,29,18,1,24,28,170
41709,2025-06-01,16,15,47,15,45,14384
41717,2025-06-01,21,13,2,7,12,37
41724,2025-06-01,30,19,6,9,12,821
41740,2025-06-01,20,15,7,11,12,512
41776,2025-06-01,30,17,2,15,28,256
41834,2025-06-01,5,8,6,4,12,1356
41859,2025-06-01,26,18,8,19,28,565
41868,2025-06-01,13,13,8,7,12,76
41869,2025-06-01,8,10,20,11,28,1615
41876,2025-06-01,52,21,71,50,60,8538
41888,2025-06-01,32,21,58,18,28,15132
41946,2025-06-01,40,19,5,10,12,1140
41956,2025-06-01,68,21,10,11,12,1011
41961,2025-06-01,40,19,7,19,28,594
41970,2025-06-01,43,18,11,31,45,1680
41985,2025-06-01,5,7,1,2,12,225
42017,2025-06-01,6,7,2,10,28,183
42058,2025-06-01,24,19,7,14,28,1979
42060,2025-06-01,8,12,33,18,45,2871
42105,2025-06-01,23,20,9,10,12,1363
42111,2025-06-01,6,8,2,6,28,49
42170,2025-06-01,46,20,8,11,12,420
42176,2025-06-01,33,18,6,6,12,971
42196,2025-06-01,11,10,1,1,12,85
42253,2025-06-01,14,12,5,4,12,788
42264,2025-06-01,54,18,8,39,45,1444
42269,2025-06-01,26,17,4,36,45,293
42398,2025-06-01,10,10,83,6,60,11761
42428,2025-06-01,26,17,4,9,28,382
42446,2025-06-01,21,16,2,7,12,400
42536,2025-06-01,17,14,5,6,12,318
42620,2025-06-01,32,18,10,9,12,3495
42635,2025-06-01,10,11,2,7,12,28
42704,2025-06-01,26,17,14,17,28,2583
42719,2025-06-01,36,18,54,55,60,25142
42762,2025-06-01,50,20,12,11,12,725
42868,2025-06-01,49,22,1,12,28,257
42914,2025-06-01,48,20,11,23,28,1132
42955,2025-06-01,52,21,8,21,28,438
43041,2025-06-01,31,19,110,44,60,17950
43162,2025-06-01,31,17,3,7,12,358
43165,2025-06-01,5,9,24,8,28,299
43194,2025-06-01,9,10,2,14,28,229
43202,2025-06-01,36,18,18,33,45,1113
43280,2025-06-01,4,5,14,5,28,2119
43358,2025-06-01,11,11,26,21,45,11471
43428,2025-06-01,26,14,2,15,28,228
43444,2025-06-01,39,21,8,21,28,213
43533,2025-06-01,28,16,21,11,28,3857
43540,2025-06-01,65,22,3,7,12,550
43556,2025-06-01,8,11,3,7,12,1255
43624,2025-06-01,29,16,3,10,12,470
43663,2025-06-01,26,18,45,14,28,679
43665,2025-06-01,18,14,2,12,28,24
43702,2025-06-01,26,16,4,9,12,766
43777,2025-06-01,7,10,27,5,45,2076
43819,2025-06-01,11,11,2,19,45,409
43882,2025-06-01,53,21,4,3,12,319
44058,2025-06-01,6,11,5,3,12,149
44132,2025-06-01,10,10,6,2,12,157
44211,2025-06-01,14,14,3,21,28,571
44258,2025-06-01,37,21,7,19,45,508
44430,2025-06-01,39,18,48,22,28,2482
44458,2025-06-01,32,19,25,35,60,3864
44474,2025-06-01,24,17,7,5,28,786
44476,2025-06-01,52,21,10,22,28,3078
44484,2025-06-01,20,16,1,15,28,126
44491,2025-06-01,20,13,13,11,60,336
44541,2025-06-01,53,20,6,10,12,1811
44570,2025-06-01,5,6,22,2,60,6710
44577,2025-06-01,12,10,1,10,12,153
44670,2025-06-01,15,13,46,4,60,9944
44692,2025-06-01,34,21,64,21,45,13211
44722,2025-06-01,54,21,14,41,45,1782
44851,2025-06-01,36,16,2,11,12,643
44979,2025-06-01,18,12,6,8,12,242
45066,2025-06-01,25,18,4,8,12,1438
45151,2025-06-01,24,17,1,13,28,60
45231,2025-06-01,23,15,35,21,45,4773
45236,2025-06-01,11,11,3,8,12,166
45290,2025-06-01,16,12,4,22,28,749
45332,2025-06-01,14,14,3,8,12,23
45344,2025-06-01,32,18,60,23,28,8614
45395,2025-06-01,32,20,10,9,12,1534
45424,2025-06-01,55,21,3,21,28,326
45507,2025-06-01,59,22,4,20,28,1218
45541,2025-06-01,32,22,47,11,45,11511
45556,2025-06-01,51,19,6,42,45,869
45588,2025-06-01,48,22,6,9,12,667
45606,2025-06-01,37,19,28,33,45,3949
45608,2025-06-01,6,8,1,3,12,4
45702,2025-06-01,22,16,2,4,12,363
45708,2025-06-01,5,9,4,6,12,147
45757,2025-06-01,29,19,7,31,45,1900
45831,2025-06-01,53,17,4,9,12,139
45909,2025-06-01,23,16,22,15,28,934
45983,2025-06-01,26,17,82,49,60,10942
46059,2025-06-01,54,21,3,13,28,1147
46074,2025-06-01,34,14,46,54,60,2983
46088,2025-06-01,17,12,8,20,28,339
46114,2025-06-01,7,11,3,6,28,9
46158,2025-06-01,67,22,37,23,28,7845
46227,2025-06-01,6,9,2,3,12,206
46302,2025-06-01,56,21,26,43,45,11319
46382,2025-06-01,33,18,8,22,28,767
46452,2025-06-01,8,11,13,13,28,238
46487,2025-06-01,8,11,4,7,12,69
46503,2025-06-01,24,17,58,43,60,1333
46607,2025-06-01,60,21,10,11,12,1438
46659,2025-06-01,24,12,4,8,12,1023
46708,2025-06-01,53,22,7,22,28,747
46731,2025-06-01,10,11,4,9,28,336
46740,2025-06-01,26,16,40,16,45,5570
46829,2025-06-01,35,19,154,36,45,12694
46847,2025-06-01,35,19,63,34,60,4144
46887,2025-06-01,10,11,1,14,28,147
46903,2025-06-01,43,20,10,27,45,1011
46968,2025-06-01,58,20,12,27,28,5603
47036,2025-06-01,27,15,9,5,12,868
47046,2025-06-01,42,19,53,19,28,20807
47074,2025-06-01,12,11,132,13,45,5832
47208,2025-06-01,25,16,2,8,12,59
47280,2025-06-01,15,12,2,5,28,310
47297,2025-06-01,5,9,29,7,60,279
47413,2025-06-01,46,19,3,3,12,318
47517,2025-06-01,34,21,33,19,28,2912
47522,2025-06-01,7,10,4,4,12,246
47527,2025-06-01,19,15,5,5,28,355
47666,2025-06-01,24,17,4,8,12,355
47676,2025-06-01,31,20,26,16,28,6005
47771,2025-06-01,40,21,5,23,28,834
47832,2025-06-01,10,11,47,8,28,3388
47858,2025-06-01,23,14,118,20,60,19194
47863,2025-06-01,7,7,2,3,12,243
47874,2025-06-01,19,15,117,30,45,32594
47879,2025-06-01,6,8,26,18,45,1466
47889,2025-06-01,57,21,133,54,60,14713
47913,2025-06-01,19,15,9,3,12,467
47989,2025-06-01,4,7,3,12,28,793
48050,2025-06-01,68,22,2,11,12,344
48107,2025-06-01,36,20,70,32,45,18092
48223,2025-06-01,42,20,6,36,45,1873
48299,2025-06-01,3,5,2,1,12,10
48337,2025-06-01,21,18,5,5,12,293
48355,2025-06-01,54,19,7,26,28,745
48427,2025-06-01,23,13,7,10,12,1328
48428,2025-06-01,4,6,1,18,28,11
48538,2025-06-01,64,21,2,11,12,243
48567,2025-06-01,47,18,5,10,12,1294
48593,2025-06-01,23,17,100,27,60,17767
48639,2025-06-01,51,20,5,15,28,524
48808,2025-06-01,54,21,48,37,45,12323
48925,2025-06-01,3,4,15,9,28,744
48989,2025-06-01,47,22,10,11,12,2500
49009,2025-06-01,37,20,11,20,28,388
49130,2025-06-01,32,19,5,21,28,189
49144,2025-06-01,25,16,4,14,28,1370
49168,2025-06-01,29,16,37,26,28,523
49176,2025-06-01,24,17,7,8,12,309
49214,2025-06-01,5,7,3,4,12,121
49249,2025-06-01,69,22,68,32,45,8870
49313,2025-06-01,53,21,3,27,28,393
49323,2025-06-01,18,14,37,18,28,4055
49489,2025-06-01,22,15,7,3,12,1741
49598,2025-06-01,11,13,61,15,60,2797
49606,2025-06-01,31,15,3,4,12,689
49617,2025-06-01,6,10,8,7,28,49
49642,2025-06-01,29,19,6,10,12,602
49707,2025-06-01,64,20,73,41,45,34450
49714,2025-06-01,44,18,2,22,28,552
49783,2025-06-01,34,18,4,11,12,917
49791,2025-06-01,5,7,49,10,60,1672
49872,2025-06-01,6,7,3,12,28,97
49884,2025-06-01,75,21,89,42,45,15875
49913,2025-06-01,33,20,5,10,28,313
49980,2025-06-01,12,12,13,30,60,2940
19,2025-07-01,34,18,7,17,28,1349
23,2025-07-01,40,19,9,26,28,954
43,2025-07-01,10,12,34,28,45,2165
48,2025-07-01,76,21,6,11,12,3404
50,2025-07-01,11,10,6,6,12,825
58,2025-07-01,18,15,4,17,28,1060
119,2025-07-01,36,20,48,29,45,14288
222,2025-07-01,46,21,2,11,12,168
247,2025-07-01,68,22,10,43,45,2133
259,2025-07-01,52,21,167,48,60,20333
334,2025-07-01,65,21,60,27,28,18941
335,2025-07-01,49,21,4,9,12,1304
341,2025-07-01,21,16,24,30,45,619
356,2025-07-01,26,17,6,4,12,838
379,2025-07-01,45,21,11,30,45,2038
508,2025-07-01,11,12,65,24,60,3601
531,2025-07-01,44,20,12,8,12,3251
575,2025-07-01,51,22,32,40,45,8887
668,2025-07-01,17,15,1,3,12,126
685,2025-07-01,5,9,2,2,12,102
689,2025-07-01,15,14,2,24,28,277
738,2025-07-01,34,15,116,14,45,17958
855,2025-07-01,36,19,5,22,28,750
895,2025-07-01,14,14,4,6,12,405
1001,2025-07-01,27,18,5,25,45,815
1004,2025-07-01,5,10,23,6,28,377
1048,2025-07-01,69,22,36,27,28,5572
1054,2025-07-01,18,13,4,4,12,313
1061,2025-07-01,55,21,5,11,12,1181
1073,2025-07-01,50,22,1,43,45,123
1074,2025-07-01,11,13,6,3,12,595
1092,2025-07-01,28,17,3,4,12,557
1167,2025-07-01,7,11,1,6,28,125
1227,2025-07-01,55,20,9,11,12,2141
1237,2025-07-01,61,21,8,10,12,1729
1240,2025-07-01,48,20,8,29,45,823
1314,2025-07-01,25,17,6,17,28,648
1362,2025-07-01,7,8,2,11,45,144
1385,2025-07-01,51,22,2,27,28,144
1387,2025-07-01,4,6,3,7,28,273
1402,2025-07-01,33,18,17,16,60,429
1406,2025-07-01,37,21,57,19,28,11774
1460,2025-07-01,8,13,1,4,12,67
1806,2025-07-01,14,12,32,16,45,3338
1807,2025-07-01,36,15,27,32,60,9108
1822,2025-07-01,18,14,2,9,12,233
1917,2025-07-01,50,19,39,32,60,1565
1974,2025-07-01,39,18,4,22,28,165
1983,2025-07-01,40,21,52,26,45,24049
2044,2025-07-01,7,6,1,7,12,12
2082,2025-07-01,31,19,31,33,45,1891
2244,2025-07-01,15,16,3,7,12,201
2259,2025-07-01,13,14,1,4,12,68
2383,2025-07-01,16,16,7,5,12,304
2529,2025-07-01,10,13,2,4,12,163
2554,2025-07-01,35,19,60,48,60,10616
2555,2025-07-01,45,22,48,31,45,11522
2575,2025-07-01,51,22,3,9,12,1287
2608,2025-07-01,21,15,8,25,45,1815
2620,2025-07-01,17,13,6,30,60,207
2705,2025-07-01,45,19,33,50,60,2145
2713,2025-07-01,33,19,4,5,12,53
2754,2025-07-01,64,22,3,26,28,1527
2761,2025-07-01,43,19,7,9,12,599
2768,2025-07-01,17,14,2,33,45,68
2939,2025-07-01,7,12,36,38,60,3978
3054,2025-07-01,60,22,4,11,12,956
3171,2025-07-01,13,12,40,41,60,5333
3225,2025-07-01,55,22,4,11,12,291
3262,2025-07-01,20,14,26,13,28,2427
3263,2025-07-01,15,13,4,3,28,515
3285,2025-07-01,80,22,56,55,60,12353
3295,2025-07-01,75,21,67,23,28,18983
3344,2025-07-01,64,22,8,24,28,1182
3421,2025-07-01,47,20,18,53,60,2985
3422,2025-07-01,32,18,14,20,28,2825
3470,2025-07-01,7,10,7,1,12,524
3583,2025-07-01,64,21,2,9,12,934
3656,2025-07-01,42,18,8,7,12,1836
3669,2025-07-01,20,12,8,18,28,991
3835,2025-07-01,51,22,12,12,28,1753
3840,2025-07-01,60,20,4,10,12,2284
3966,2025-07-01,33,15,7,9,12,2262
4019,2025-07-01,4,6,58,5,45,6016
4049,2025-07-01,33,18,3,28,45,770
4281,2025-07-01,28,19,13,8,28,254
4306,2025-07-01,47,20,6,24,28,304
4376,2025-07-01,34,19,8,11,12,341
4453,2025-07-01,48,21,33,36,45,7012
4534,2025-07-01,23,19,2,22,45,381
4576,2025-07-01,44,21,6,22,28,1401
4613,2025-07-01,6,8,5,9,28,388
4626,2025-07-01,7,12,18,11,45,2298
4719,2025-07-01,35,17,66,23,60,2687
4788,2025-07-01,38,20,23,32,45,3110
4796,2025-07-01,46,18,4,8,12,373
4810,2025-07-01,41,17,28,34,45,6606
4819,2025-07-01,6,7,113,10,60,2328
4922,2025-07-01,11,11,5,17,28,694
4988,2025-07-01,5,8,11,10,45,610
5023,2025-07-01,37,18,10,11,12,1541
5046,2025-07-01,15,14,26,33,45,3085
5161,2025-07-01,23,18,7,6,12,1095
5199,2025-07-01,19,15,6,17,28,496
5215,2025-07-01,7,11,11,26,60,307
5217,2025-07-01,24,13,11,5,12,800
5255,2025-07-01,20,13,27,19,28,4571
5329,2025-07-01,26,18,86,19,60,8419
5367,2025-07-01,36,18,45,39,60,5545
5370,2025-07-01,5,8,29,17,60,7254
5411,2025-07-01,52,21,65,43,45,12853
5428,2025-07-01,45,20,9,27,28,286
5468,2025-07-01,76,22,7,21,28,1346
5513,2025-07-01,32,17,31,45,60,4388
5535,2025-07-01,7,10,24,21,60,1044
5566,2025-07-01,8,8,4,6,28,350
5589,2025-07-01,71,22,16,22,28,3936
5610,2025-07-01,4,6,20,33,60,422
5614,2025-07-01,22,14,25,9,45,3544
5657,2025-07-01,23,16,1,10,12,155
5678,2025-07-01,10,13,1,12,45,115
5717,2025-07-01,35,18,23,40,45,1452
5749,2025-07-01,57,21,4,21,28,168
5754,2025-07-01,20,17,2,11,12,196
5786,2025-07-01,75,22,4,25,28,654
5855,2025-07-01,21,16,10,7,12,1066
5985,2025-07-01,66,22,4,11,12,1219
6051,2025-07-01,19,17,7,7,12,1001
6058,2025-07-01,49,20,8,22,28,596
6092,2025-07-01,12,13,28,21,45,4663
6096,2025-07-01,42,19,8,18,45,313
6100,2025-07-01,49,16,28,41,45,2056
6117,2025-07-01,6,10,48,16,45,3011
6134,2025-07-01,21,15,4,8,12,653
6149,2025-07-01,34,18,59,13,45,8385
6209,2025-07-01,3,4,8,3,12,1111
6250,2025-07-01,9,12,4,4,12,431
6293,2025-07-01,11,9,39,18,45,6574
6298,2025-07-01,40,19,10,12,28,1380
6317,2025-07-01,9,10,2,4,12,81
6330,2025-07-01,15,13,2,6,12,177
6359,2025-07-01,11,13,1,5,12,92
6362,2025-07-01,58,22,5,11,12,1639
6392,2025-07-01,9,12,11,18,60,2520
6483,2025-07-01,19,16,7,2,12,471
6487,2025-07-01,39,19,4,6,12,158
6514,2025-07-01,4,5,4,1,28,160
6515,2025-07-01,6,10,1,10,28,60
6529,2025-07-01,58,20,70,42,60,17568
6545,2025-07-01,27,15,17,33,45,4623
6557,2025-07-01,17,13,72,37,60,10182
6653,2025-07-01,22,14,10,32,45,1917
6669,2025-07-01,29,18,6,10,12,1172
6670,2025-07-01,31,20,32,48,60,3045
6687,2025-07-01,20,13,2,5,12,153
6693,2025-07-01,17,17,24,49,60,362
6744,2025-07-01,46,21,23,32,45,2961
6786,2025-07-01,5,7,18,13,45,2684
6814,2025-07-01,63,21,9,7,12,1417
6909,2025-07-01,10,11,4,5,28,283
6937,2025-07-01,51,22,9,11,12,1537
6981,2025-07-01,1,2,11,6,60,1463
6997,2025-07-01,22,17,3,3,12,164
7058,2025-07-01,33,18,47,24,28,3177
7071,2025-07-01,22,17,3,14,45,139
7225,2025-07-01,24,14,24,31,45,5266
7227,2025-07-01,25,16,17,18,28,646
7319,2025-07-01,44,21,6,10,12,994
7342,2025-07-01,38,20,13,35,45,3566
7357,2025-07-01,27,14,7,9,28,527
7359,2025-07-01,70,22,2,23,28,84
7429,2025-07-01,17,14,158,11,60,22271
7430,2025-07-01,9,12,3,6,12,430
7486,2025-07-01,7,9,4,9,12,335
7497,2025-07-01,37,19,56,24,28,4875
7498,2025-07-01,23,17,22,9,28,5844
7526,2025-07-01,63,22,194,42,45,26657
7609,2025-07-01,54,21,61,37,45,11861
7663,2025-07-01,14,14,18,38,60,2529
7806,2025-07-01,28,18,11,23,28,2479
7979,2025-07-01,33,16,121,46,60,41971
8004,2025-07-01,20,14,31,30,60,4044
8013,2025-07-01,43,19,6,43,45,1863
8039,2025-07-01,5,9,2,10,28,89
8085,2025-07-01,51,18,9,25,28,1411
8107,2025-07-01,22,17,17,18,28,4003
8179,2025-07-01,41,22,40,20,28,9425
8186,2025-07-01,27,18,37,22,45,15004
8236,2025-07-01,74,21,2,25,28,82
8339,2025-07-01,21,15,31,35,45,5115
8340,2025-07-01,28,16,9,6,12,327
8359,2025-07-01,10,12,33,32,60,2039
8377,2025-07-01,56,21,6,11,12,739
8392,2025-07-01,69,21,8,10,12,301
8400,2025-07-01,5,8,2,3,12,93
8642,2025-07-01,22,15,7,19,28,374
8646,2025-07-01,3,5,1,2,12,55
8712,2025-07-01,35,17,4,18,28,438
8727,2025-07-01,10,15,7,5,28,401
8775,2025-07-01,55,21,2,9,12,137
8799,2025-07-01,13,11,9,16,28,2071
8844,2025-07-01,36,20,10,24,28,1968
8874,2025-07-01,12,11,36,11,28,9063
8895,2025-07-01,47,19,127,39,60,31682
8982,2025-07-01,23,15,42,29,60,6626
9083,2025-07-01,40,17,4,10,12,362
9104,2025-07-01,19,14,3,19,28,657
9112,2025-07-01,30,17,62,24,28,6496
9141,2025-07-01,11,13,2,21,28,206
9157,2025-07-01,34,16,11,20,28,1383
9229,2025-07-01,16,16,33,28,45,10006
9269,2025-07-01,6,8,5,4,12,540
9272,2025-07-01,45,20,2,9,12,212
9399,2025-07-01,39,20,4,10,12,327
9465,2025-07-01,41,21,8,10,12,1580
9477,2025-07-01,6,9,10,17,60,2652
9505,2025-07-01,12,13,46,28,45,5899
9557,2025-07-01,5,9,41,38,45,537
9562,2025-07-01,16,14,36,27,45,1276
9565,2025-07-01,16,13,42,10,28,475
9636,2025-07-01,39,21,20,16,28,3011
9703,2025-07-01,32,15,27,33,60,23803
9720,2025-07-01,14,14,9,9,12,833
9724,2025-07-01,48,17,40,23,28,3852
9768,2025-07-01,31,18,32,17,45,1817
9836,2025-07-01,18,14,40,21,45,14842
9855,2025-07-01,32,19,23,27,45,3631
9866,2025-07-01,20,16,8,6,12,1867
9913,2025-07-01,43,20,2,25,28,405
9947,2025-07-01,11,11,6,5,28,390
9995,2025-07-01,25,16,32,14,45,1422
10006,2025-07-01,44,20,57,19,45,5593
10160,2025-07-01,11,13,2,4,12,225
10214,2025-07-01,22,17,2,6,12,906
10246,2025-07-01,24,15,2,7,12,77
10289,2025-07-01,8,11,25,21,45,3421
10299,2025-07-01,65,21,118,56,60,15416
10316,2025-07-01,37,19,52,14,45,6909
10322,2025-07-01,45,19,9,4,12,503
10330,2025-07-01,50,20,158,40,45,25802
10376,2025-07-01,32,22,4,23,28,419
10429,2025-07-01,30,19,62,26,45,9503
10457,2025-07-01,22,16,3,7,12,345
10490,2025-07-01,47,19,4,10,12,491
10516,2025-07-01,40,21,7,18,28,735
10529,2025-07-01,56,21,12,26,28,761
10578,2025-07-01,53,20,48,43,45,4804
10591,2025-07-01,61,20,8,11,12,662
10745,2025-07-01,29,18,4,9,12,208
10771,2025-07-01,19,16,28,15,45,688
10776,2025-07-01,7,10,1,5,12,146
10780,2025-07-01,20,17,5,20,28,312
10883,2025-07-01,19,16,62,32,60,7766
10941,2025-07-01,12,11,12,38,45,1747
10973,2025-07-01,6,8,22,6,28,928
10974,2025-07-01,23,18,18,23,45,1125
11068,2025-07-01,11,11,5,4,28,514
11117,2025-07-01,50,19,190,33,45,14477
11225,2025-07-01,47,19,6,26,28,999
11277,2025-07-01,47,21,100,52,60,22395
11348,2025-07-01,26,15,3,8,12,280
11425,2025-07-01,6,7,9,28,45,3385
11457,2025-07-01,65,20,8,27,28,3769
11496,2025-07-01,39,21,2,19,28,226
11527,2025-07-01,26,18,3,18,28,485
11650,2025-07-01,39,20,20,38,60,3105
11861,2025-07-01,29,18,6,11,12,370
11877,2025-07-01,25,16,7,7,12,201
11883,2025-07-01,37,19,50,35,45,5445
12008,2025-07-01,49,21,2,11,12,536
12050,2025-07-01,70,21,5,21,28,535
12095,2025-07-01,31,18,36,34,45,1994
12103,2025-07-01,26,20,45,14,45,4533
12136,2025-07-01,18,16,7,11,12,1780
12148,2025-07-01,9,10,2,3,12,73
12176,2025-07-01,47,19,39,36,45,10925
12218,2025-07-01,37,17,9,6,12,1224
12239,2025-07-01,31,16,11,6,12,1477
12276,2025-07-01,52,22,5,11,12,230
12321,2025-07-01,12,13,33,29,45,2127
12357,2025-07-01,53,20,46,43,45,580
12358,2025-07-01,21,14,6,11,28,306
12375,2025-07-01,26,15,49,40,60,3540
12436,2025-07-01,24,19,5,26,28,2254
12473,2025-07-01,16,13,1,17,28,236
12586,2025-07-01,26,19,2,20,28,448
12587,2025-07-01,32,19,43,15,45,9681
12588,2025-07-01,20,13,9,6,12,861
12590,2025-07-01,32,19,97,45,60,18082
12602,2025-07-01,22,15,1,3,12,72
12617,2025-07-01,49,18,63,43,60,14882
12728,2025-07-01,53,21,55,42,45,9254
12734,2025-07-01,24,17,46,19,28,2298
12772,2025-07-01,47,21,2,16,28,715
12819,2025-07-01,45,19,2,19,28,494
12832,2025-07-01,11,14,9,3,12,1129
12867,2025-07-01,11,11,7,12,28,467
12923,2025-07-01,37,18,26,19,45,8555
12931,2025-07-01,7,9,5,3,28,271
12951,2025-07-01,24,15,97,48,60,47377
12962,2025-07-01,15,10,28,15,28,7193
12990,2025-07-01,30,17,2,6,12,193
13010,2025-07-01,74,22,83,43,45,9643
13113,2025-07-01,24,16,2,18,28,305
13155,2025-07-01,59,18,2,11,12,370
13213,2025-07-01,16,15,19,19,45,1254
13215,2025-07-01,20,17,7,19,28,1110
13230,2025-07-01,22,14,2,19,28,807
13254,2025-07-01,55,21,8,27,28,1235
13308,2025-07-01,28,16,4,10,12,151
13412,2025-07-01,10,12,1,6,12,105
13422,2025-07-01,7,11,67,10,60,7019
13468,2025-07-01,45,20,3,20,28,36
13481,2025-07-01,20,16,9,5,28,1532
13552,2025-07-01,6,7,4,8,28,562
13562,2025-07-01,7,8,1,3,12,276
13575,2025-07-01,17,15,12,12,60,396
13618,2025-07-01,47,21,1,21,28,140
13637,2025-07-01,11,9,7,12,28,1201
13647,2025-07-01,43,21,2,25,28,459
13704,2025-07-01,1,1,1,1,12,185
13766,2025-07-01,14,14,5,6,12,1047
13806,2025-07-01,8,11,4,12,60,263
13997,2025-07-01,4,5,2,2,12,110
14004,2025-07-01,69,22,43,25,28,2553
14020,2025-07-01,47,19,3,16,28,556
14225,2025-07-01,27,18,10,7,12,433
14249,2025-07-01,32,17,2,20,28,46
14270,2025-07-01,10,11,34,11,60,697
14271,2025-07-01,44,20,7,11,12,675
14289,2025-07-01,43,22,38,36,60,10629
14309,2025-07-01,8,10,2,8,12,322
14362,2025-07-01,22,17,4,7,12,863
14388,2025-07-01,23,14,4,7,12,107
14532,2025-07-01,26,15,38,33,60,5014
14549,2025-07-01,9,9,5,18,45,199
14642,2025-07-01,11,13,1,7,45,343
14690,2025-07-01,4,6,81,9,60,4604
14706,2025-07-01,48,21,29,26,28,4037
14732,2025-07-01,40,19,6,23,28,896
14743,2025-07-01,43,22,4,24,28,710
14778,2025-07-01,7,9,4,22,45,327
14803,2025-07-01,36,21,11,6,12,1091
14837,2025-07-01,65,22,23,37,45,12807
14970,2025-07-01,33,17,2,19,28,668
15049,2025-07-01,49,22,9,8,12,5420
15189,2025-07-01,56,22,9,11,12,2264
15193,2025-07-01,10,9,21,8,28,5184
15256,2025-07-01,15,16,7,2,12,303
15380,2025-07-01,72,22,4,43,45,1354
15389,2025-07-01,6,8,3,7,12,353
15412,2025-07-01,21,14,17,19,28,1044
15472,2025-07-01,21,14,4,6,28,485
15508,2025-07-01,2,3,3,6,45,73
15612,2025-07-01,48,21,8,4,12,1227
15628,2025-07-01,11,10,20,15,45,805
15639,2025-07-01,41,20,9,10,12,2033
15642,2025-07-01,11,14,2,21,28,65
15694,2025-07-01,50,20,3,8,12,400
15791,2025-07-01,22,15,1,8,12,144
15909,2025-07-01,48,21,79,43,45,9628
16009,2025-07-01,67,21,43,42,45,11530
16036,2025-07-01,18,14,11,18,45,1686
16048,2025-07-01,16,14,4,8,12,202
16073,2025-07-01,42,20,51,42,45,10327
16131,2025-07-01,41,20,64,37,45,27674
16280,2025-07-01,63,22,12,27,28,938
16348,2025-07-01,36,17,40,27,28,11920
16353,2025-07-01,76,22,5,9,12,322
16381,2025-07-01,17,14,4,9,12,901
16405,2025-07-01,22,15,78,31,60,5107
16664,2025-07-01,27,14,3,10,28,352
16705,2025-07-01,7,9,3,9,12,204
16712,2025-07-01,1,1,22,12,60,1017
16769,2025-07-01,17,17,25,10,45,4185
16799,2025-07-01,36,18,3,10,12,227
16832,2025-07-01,56,22,3,27,28,1148
16996,2025-07-01,12,15,2,15,45,204
17072,2025-07-01,39,21,38,23,45,12221
17095,2025-07-01,25,18,24,23,60,3509
17147,2025-07-01,34,18,42,12,28,1489
17352,2025-07-01,49,22,9,8,12,3323
17368,2025-07-01,35,21,7,20,28,2014
17378,2025-07-01,4,6,63,21,60,2369
17430,2025-07-01,59,22,188,55,60,55692
17555,2025-07-01,32,19,30,20,28,4039
17606,2025-07-01,43,21,6,18,28,2546
17648,2025-07-01,5,8,2,8,12,114
17724,2025-07-01,40,17,1,19,28,8
17794,2025-07-01,15,15,12,9,28,990
17800,2025-07-01,44,19,24,43,45,3929
17818,2025-07-01,48,21,9,18,28,192
17838,2025-07-01,63,22,12,25,28,3110
17920,2025-07-01,3,4,4,4,60,604
17974,2025-07-01,13,9,8,9,12,1004
17993,2025-07-01,66,22,43,47,60,795
17998,2025-07-01,48,21,9,11,12,343
18013,2025-07-01,26,13,4,6,12,393
18057,2025-07-01,37,19,6,25,28,412
18088,2025-07-01,26,18,7,15,28,484
18104,2025-07-01,3,6,10,5,45,895
18130,2025-07-01,75,22,68,22,45,23010
18211,2025-07-01,13,12,3,13,28,286
18219,2025-07-01,59,20,25,43,45,17513
18303,2025-07-01,28,19,8,27,45,342
18307,2025-07-01,48,21,59,27,45,12622
18606,2025-07-01,63,22,9,11,12,399
18662,2025-07-01,48,19,8,7,12,1344
18682,2025-07-01,26,17,39,12,28,3776
18710,2025-07-01,66,21,6,27,28,393
18720,2025-07-01,43,20,9,37,45,1803
18732,2025-07-01,35,20,2,9,12,503
18808,2025-07-01,26,17,5,11,12,682
18811,2025-07-01,39,19,2,34,45,286
18901,2025-07-01,28,16,20,20,28,4113
18902,2025-07-01,41,18,51,24,28,8937
18914,2025-07-01,33,20,6,3,12,914
18943,2025-07-01,3,6,3,2,12,277
19002,2025-07-01,59,22,68,40,45,4876
19036,2025-07-01,19,17,32,47,60,4898
19079,2025-07-01,75,22,38,27,28,2553
19095,2025-07-01,21,15,8,15,28,468
19107,2025-07-01,21,15,6,9,12,1610
19198,2025-07-01,4,6,4,7,28,227
19468,2025-07-01,15,14,7,7,12,197
19560,2025-07-01,34,19,11,6,12,1471
19563,2025-07-01,27,16,3,10,12,582
19676,2025-07-01,19,16,12,40,45,1962
19729,2025-07-01,23,18,11,22,28,580
19777,2025-07-01,32,17,7,10,12,1410
19794,2025-07-01,39,18,10,12,28,1513
19811,2025-07-01,69,22,4,25,28,1175
19926,2025-07-01,6,9,1,19,45,40
19943,2025-07-01,54,21,126,39,45,19175
20071,2025-07-01,58,21,11,11,12,3158
20082,2025-07-01,11,12,61,11,45,5744
20131,2025-07-01,31,14,2,13,28,163
20162,2025-07-01,25,15,38,40,45,4856
20296,2025-07-01,72,21,12,9,12,3880
20335,2025-07-01,18,14,3,15,28,130
20357,2025-07-01,63,22,65,53,60,9560
20391,2025-07-01,36,20,26,22,28,273
20457,2025-07-01,76,22,4,27,28,100
20480,2025-07-01,11,10,3,20,28,370
20493,2025-07-01,53,22,8,27,28,1333
20516,2025-07-01,68,21,8,26,28,942
20595,2025-07-01,35,18,3,4,12,664
20597,2025-07-01,12,14,3,4,12,415
20686,2025-07-01,28,18,66,46,60,20992
20711,2025-07-01,49,20,63,54,60,50422
20797,2025-07-01,40,19,6,9,12,1068
20821,2025-07-01,58,20,27,47,60,4037
20940,2025-07-01,58,21,6,9,12,1938
20947,2025-07-01,68,22,4,11,12,526
20987,2025-07-01,73,22,6,11,12,1427
20992,2025-07-01,27,20,4,9,12,1208
21026,2025-07-01,41,18,5,6,12,497
21126,2025-07-01,25,15,3,6,28,463
21146,2025-07-01,66,22,2,11,12,491
21170,2025-07-01,12,11,3,10,12,441
21189,2025-07-01,56,20,3,11,12,577
21288,2025-07-01,79,22,12,10,12,4065
21504,2025-07-01,33,20,5,22,28,892
21512,2025-07-01,41,21,1,9,12,435
21542,2025-07-01,21,15,5,6,12,499
21561,2025-07-01,30,19,5,8,12,1348
21682,2025-07-01,24,16,41,38,45,8717
21751,2025-07-01,8,10,9,36,45,1303
21783,2025-07-01,29,17,5,23,28,857
21823,2025-07-01,57,22,6,11,12,1056
22031,2025-07-01,24,13,26,25,28,5655
22041,2025-07-01,63,21,3,22,28,658
22110,2025-07-01,29,18,3,4,12,805
22139,2025-07-01,25,17,3,7,12,182
22154,2025-07-01,48,18,7,11,12,4623
22215,2025-07-01,27,18,5,5,12,269
22217,2025-07-01,53,22,12,26,28,1988
22297,2025-07-01,53,21,9,32,45,730
22340,2025-07-01,24,17,12,15,28,2689
22343,2025-07-01,41,16,10,31,45,473
22372,2025-07-01,17,15,6,6,12,328
22416,2025-07-01,44,21,11,25,28,2117
22475,2025-07-01,3,5,5,11,28,206
22485,2025-07-01,47,19,20,24,28,3891
22487,2025-07-01,21,16,1,15,28,64
22541,2025-07-01,15,12,3,6,12,345
22573,2025-07-01,53,19,12,26,28,2100
22603,2025-07-01,46,22,180,57,60,45485
22662,2025-07-01,75,21,6,41,45,618
22676,2025-07-01,37,19,4,14,28,624
22710,2025-07-01,51,17,3,7,12,176
22756,2025-07-01,34,17,2,9,12,893
22825,2025-07-01,36,16,14,49,60,2262
22836,2025-07-01,45,20,6,23,28,1452
22914,2025-07-01,5,7,3,8,12,378
22915,2025-07-01,38,17,5,11,12,3520
22949,2025-07-01,17,16,29,37,60,1880
22999,2025-07-01,59,21,46,42,45,7287
23108,2025-07-01,7,9,0,7,28,0
23130,2025-07-01,6,8,17,9,45,1020
23169,2025-07-01,20,15,6,4,12,2489
23338,2025-07-01,6,9,59,30,60,2501
23467,2025-07-01,17,13,23,29,45,565
23469,2025-07-01,49,20,151,56,60,20462
23484,2025-07-01,30,16,12,12,28,1987
23490,2025-07-01,24,15,8,6,12,1117
23508,2025-07-01,23,17,2,25,45,302
23512,2025-07-01,25,15,6,8,28,830
23518,2025-07-01,74,21,183,47,60,37514
23713,2025-07-01,15,12,25,4,45,1950
23757,2025-07-01,53,20,2,10,12,998
23931,2025-07-01,47,20,55,26,28,21733
23959,2025-07-01,17,15,5,11,12,854
24011,2025-07-01,45,19,4,9,28,1832
24061,2025-07-01,3,4,1,16,28,80
24199,2025-07-01,38,20,13,39,45,4390
24244,2025-07-01,38,18,13,41,45,3366
24261,2025-07-01,18,14,47,16,45,6513
24298,2025-07-01,11,11,19,11,45,4068
24484,2025-07-01,66,22,2,22,28,26
24530,2025-07-01,50,21,10,10,12,368
24563,2025-07-01,33,19,5,9,12,593
24595,2025-07-01,26,17,11,6,12,650
24630,2025-07-01,14,15,7,22,28,481
24703,2025-07-01,24,15,3,10,28,379
24712,2025-07-01,51,21,35,42,45,13834
24733,2025-07-01,31,18,10,21,28,444
24772,2025-07-01,30,15,4,11,12,1168
24829,2025-07-01,27,17,7,14,28,1136
24838,2025-07-01,9,10,2,4,12,61
24845,2025-07-01,45,21,6,9,12,297
24848,2025-07-01,31,16,11,7,12,3520
24948,2025-07-01,44,20,12,11,12,2258
24957,2025-07-01,27,16,44,12,28,3881
25035,2025-07-01,29,19,7,10,12,2056
25075,2025-07-01,46,21,139,56,60,25082
25138,2025-07-01,21,15,36,13,28,1131
25145,2025-07-01,20,16,5,9,12,751
25235,2025-07-01,22,16,3,20,28,752
25247,2025-07-01,53,22,3,11,12,788
25256,2025-07-01,37,22,45,37,45,2829
25274,2025-07-01,29,17,36,54,60,2517
25308,2025-07-01,4,5,51,7,45,8071
25319,2025-07-01,29,18,2,8,12,91
25336,2025-07-01,29,16,4,6,12,482
25560,2025-07-01,36,20,3,23,28,135
25577,2025-07-01,12,12,32,51,60,5169
25613,2025-07-01,55,21,49,42,45,8378
25666,2025-07-01,22,15,29,34,60,7349
25679,2025-07-01,34,17,60,20,45,4264
25686,2025-07-01,8,10,2,4,12,128
25687,2025-07-01,32,17,4,18,28,1171
25694,2025-07-01,22,17,19,24,28,120
25759,2025-07-01,10,12,2,6,12,143
25818,2025-07-01,6,8,28,15,45,1680
25919,2025-07-01,43,21,29,22,28,1422
25920,2025-07-01,29,17,9,7,12,1244
25988,2025-07-01,43,17,4,11,12,512
26042,2025-07-01,29,18,12,11,12,818
26147,2025-07-01,21,14,7,15,45,2221
26260,2025-07-01,5,7,3,2,12,394
26277,2025-07-01,67,22,56,33,45,5775
26445,2025-07-01,24,16,8,14,28,343
26507,2025-07-01,21,17,3,5,12,182
26521,2025-07-01,45,19,3,7,12,98
26568,2025-07-01,14,12,118,24,45,10156
26592,2025-07-01,24,17,2,16,28,232
26664,2025-07-01,51,19,117,40,45,8837
26685,2025-07-01,40,18,3,5,12,511
26714,2025-07-01,27,16,34,14,28,9814
26744,2025-07-01,28,16,50,14,45,6406
26817,2025-07-01,30,18,62,13,28,16806
26835,2025-07-01,6,8,31,24,60,3226
26865,2025-07-01,40,19,47,55,60,2995
26878,2025-07-01,5,7,3,1,12,591
26911,2025-07-01,40,16,3,9,12,160
26965,2025-07-01,19,17,104,20,60,31983
27133,2025-07-01,78,22,12,23,28,4506
27248,2025-07-01,42,19,37,37,45,4380
27315,2025-07-01,10,10,4,5,12,411
27337,2025-07-01,71,20,26,54,60,3937
27387,2025-07-01,26,16,34,54,60,10764
27392,2025-07-01,5,7,3,7,12,239
27489,2025-07-01,38,19,15,43,45,1812
27545,2025-07-01,69,21,4,11,12,866
27588,2025-07-01,22,17,2,19,45,436
27689,2025-07-01,68,20,12,25,28,1173
27708,2025-07-01,50,21,101,57,60,16534
27778,2025-07-01,24,15,23,15,45,2712
27791,2025-07-01,10,9,24,24,45,2422
27940,2025-07-01,28,18,3,20,28,479
27963,2025-07-01,58,21,2,22,28,393
27998,2025-07-01,44,20,18,31,45,2696
28017,2025-07-01,31,19,8,7,12,485
28082,2025-07-01,38,16,7,11,28,1340
28136,2025-07-01,60,21,8,11,12,2083
28203,2025-07-01,26,18,10,16,28,577
28234,2025-07-01,24,16,5,33,45,785
28239,2025-07-01,56,21,6,22,28,775
28276,2025-07-01,34,21,7,26,28,1505
28278,2025-07-01,20,13,14,34,45,3552
28370,2025-07-01,6,8,12,22,45,697
28382,2025-07-01,61,21,26,24,28,13874
28397,2025-07-01,53,21,62,28,45,24563
28412,2025-07-01,41,17,8,9,12,1123
28440,2025-07-01,38,19,3,4,12,321
28453,2025-07-01,36,18,8,10,12,894
28572,2025-07-01,5,7,4,15,28,752
28641,2025-07-01,2,2,4,4,60,149
28826,2025-07-01,5,10,11,8,28,548
28898,2025-07-01,5,10,6,21,60,46
28899,2025-07-01,55,21,4,29,45,109
28909,2025-07-01,3,4,1,3,12,20
28977,2025-07-01,61,22,8,25,28,1605
28987,2025-07-01,14,14,44,11,28,1116
29124,2025-07-01,14,13,112,34,60,27441
29155,2025-07-01,9,8,10,24,28,1413
29218,2025-07-01,39,19,7,26,28,408
29251,2025-07-01,14,15,42,37,45,404
29302,2025-07-01,11,10,84,26,45,10362
29303,2025-07-01,44,21,70,14,28,7404
29327,2025-07-01,26,16,2,6,12,205
29331,2025-07-01,6,10,2,5,12,473
29367,2025-07-01,36,20,17,19,28,3544
29499,2025-07-01,65,22,35,40,45,4425
29526,2025-07-01,7,10,4,3,12,605
29667,2025-07-01,39,18,75,40,45,3273
29679,2025-07-01,34,16,6,13,28,689
29688,2025-07-01,76,21,8,11,12,332
29721,2025-07-01,40,21,8,9,12,3294
29723,2025-07-01,16,15,2,9,12,166
29769,2025-07-01,8,11,2,1,28,217
29805,2025-07-01,53,20,3,22,28,456
29832,2025-07-01,27,15,2,26,28,53
29841,2025-07-01,55,20,153,51,60,58102
29897,2025-07-01,10,11,1,8,28,121
29918,2025-07-01,4,5,4,4,12,254
29922,2025-07-01,25,15,40,45,60,10128
29926,2025-07-01,25,16,7,18,45,3089
29939,2025-07-01,12,14,4,6,12,748
29986,2025-07-01,50,21,24,31,60,5314
30229,2025-07-01,62,22,148,36,60,18339
30263,2025-07-01,54,22,2,10,12,577
30344,2025-07-01,51,20,4,9,12,675
30372,2025-07-01,8,9,93,49,60,14288
30382,2025-07-01,12,12,4,16,45,1315
30410,2025-07-01,33,19,14,16,28,1187
30484,2025-07-01,43,17,1,24,28,22
30593,2025-07-01,7,10,5,4,12,253
30607,2025-07-01,23,14,1,9,12,25
30716,2025-07-01,23,17,2,14,28,68
30738,2025-07-01,38,21,10,24,28,1727
30795,2025-07-01,49,19,7,10,12,2338
30798,2025-07-01,40,17,46,20,45,4773
30819,2025-07-01,76,22,98,55,60,10681
30820,2025-07-01,38,19,7,10,12,645
30839,2025-07-01,23,16,183,32,60,31247
30843,2025-07-01,38,20,2,18,28,1230
30866,2025-07-01,14,11,5,5,12,686
30867,2025-07-01,30,18,4,10,12,249
30905,2025-07-01,78,22,23,27,28,8596
31005,2025-07-01,14,14,1,6,28,59
31113,2025-07-01,26,17,8,10,28,1415
31125,2025-07-01,15,15,1,22,45,180
31126,2025-07-01,19,14,7,11,28,1517
31160,2025-07-01,31,17,7,7,12,722
31179,2025-07-01,68,22,8,20,28,2991
31239,2025-07-01,10,10,33,21,60,269
31267,2025-07-01,48,19,21,39,45,10488
31286,2025-07-01,2,3,30,15,60,1160
31324,2025-07-01,44,20,7,22,28,1982
31331,2025-07-01,32,17,8,10,12,680
31348,2025-07-01,37,21,2,5,12,481
31392,2025-07-01,13,12,7,3,12,988
31459,2025-07-01,35,18,80,34,45,7253
31468,2025-07-01,27,15,5,24,28,280
31544,2025-07-01,44,21,51,33,45,7688
31563,2025-07-01,45,20,3,13,28,330
31595,2025-07-01,29,18,2,9,12,524
31623,2025-07-01,44,18,60,57,60,4473
31691,2025-07-01,56,22,7,7,12,89
31701,2025-07-01,36,20,7,11,12,1904
31726,2025-07-01,19,17,2,8,28,5
31730,2025-07-01,47,20,13,7,12,1269
31775,2025-07-01,21,14,18,19,28,2240
31786,2025-07-01,4,6,12,19,60,1985
31811,2025-07-01,76,21,10,11,12,2468
31852,2025-07-01,26,13,31,10,28,1608
31933,2025-07-01,48,20,15,47,60,1618
31969,2025-07-01,42,19,5,11,12,523
31977,2025-07-01,9,12,8,4,28,1692
31983,2025-07-01,41,18,18,32,45,883
32005,2025-07-01,8,11,5,33,45,267
32019,2025-07-01,21,16,6,8,28,1714
32121,2025-07-01,32,18,55,26,28,4558
32137,2025-07-01,15,14,19,7,60,391
32171,2025-07-01,29,18,13,21,28,519
32211,2025-07-01,14,14,6,11,28,182
32302,2025-07-01,28,20,56,19,60,7200
32392,2025-07-01,39,19,5,10,12,618
32405,2025-07-01,31,17,4,22,28,716
32430,2025-07-01,66,22,45,27,28,2884
32453,2025-07-01,45,21,3,9,12,310
32521,2025-07-01,42,20,2,8,12,110
32529,2025-07-01,25,15,4,10,12,210
32531,2025-07-01,34,19,88,33,45,15206
32536,2025-07-01,11,14,3,13,45,248
32601,2025-07-01,36,19,8,19,28,352
32628,2025-07-01,20,12,1,22,28,74
32670,2025-07-01,45,18,14,22,28,3342
32673,2025-07-01,30,20,9,9,12,3796
32811,2025-07-01,9,8,15,16,45,334
32896,2025-07-01,44,20,132,30,60,55342
32903,2025-07-01,47,19,16,24,45,486
32920,2025-07-01,12,12,2,6,12,6
32926,2025-07-01,15,13,2,39,45,230
32935,2025-07-01,66,21,70,20,28,9822
32995,2025-07-01,53,22,15,56,60,5097
33018,2025-07-01,25,18,1,9,12,271
33021,2025-07-01,69,22,5,25,28,336
33137,2025-07-01,8,9,24,26,45,2094
33202,2025-07-01,3,6,18,8,28,1567
33208,2025-07-01,20,13,17,33,60,637
33289,2025-07-01,7,10,3,2,12,225
33350,2025-07-01,28,18,2,18,28,268
33372,2025-07-01,8,8,10,13,45,600
33383,2025-07-01,39,17,52,22,28,5546
33400,2025-07-01,19,15,15,18,45,2173
33472,2025-07-01,54,22,93,38,45,34167
33774,2025-07-01,9,10,3,5,12,123
33776,2025-07-01,40,18,7,7,12,1789
33778,2025-07-01,46,17,6,11,12,304
33794,2025-07-01,75,21,61,40,45,6987
33796,2025-07-01,51,20,14,35,45,3130
33856,2025-07-01,2,3,1,11,28,102
33870,2025-07-01,9,12,43,45,60,2616
33871,2025-07-01,4,5,45,19,60,5138
33919,2025-07-01,33,18,38,37,45,3968
33925,2025-07-01,12,12,2,2,12,117
33931,2025-07-01,4,5,1,4,45,146
33945,2025-07-01,51,22,28,23,28,8261
33971,2025-07-01,63,21,14,42,45,2338
33975,2025-07-01,65,21,8,27,28,449
33986,2025-07-01,26,16,118,39,60,13958
34001,2025-07-01,28,16,11,7,12,683
34013,2025-07-01,24,20,103,19,60,9676
34048,2025-07-01,39,19,7,5,12,1231
34076,2025-07-01,7,10,3,3,12,346
34201,2025-07-01,16,17,3,15,28,386
34261,2025-07-01,19,12,4,17,28,721
34265,2025-07-01,66,22,2,22,28,127
34268,2025-07-01,15,13,1,19,28,142
34441,2025-07-01,7,8,14,4,28,1525
34482,2025-07-01,7,9,4,32,45,634
34499,2025-07-01,31,20,14,41,45,2945
34615,2025-07-01,13,10,58,22,45,22369
34721,2025-07-01,44,20,39,25,28,7113
34735,2025-07-01,68,22,52,41,45,18014
34744,2025-07-01,3,6,1,16,28,175
34795,2025-07-01,30,18,12,7,12,3702
34863,2025-07-01,40,21,5,37,45,217
34879,2025-07-01,11,9,1,22,45,376
34889,2025-07-01,30,17,5,5,12,631
34988,2025-07-01,30,17,8,9,12,3077
35003,2025-07-01,45,19,35,29,45,1044
35046,2025-07-01,6,9,3,6,12,296
35057,2025-07-01,48,21,14,25,28,2937
35118,2025-07-01,3,5,1,2,12,79
35136,2025-07-01,58,22,2,11,12,262
35266,2025-07-01,34,16,5,10,12,2054
35343,2025-07-01,26,19,7,10,28,1094
35346,2025-07-01,11,13,2,5,12,123
35411,2025-07-01,21,14,1,10,12,13
35412,2025-07-01,42,21,43,44,60,14184
35439,2025-07-01,13,12,3,7,28,142
35528,2025-07-01,47,21,3,9,12,128
35550,2025-07-01,54,21,3,11,12,740
35710,2025-07-01,60,22,4,27,28,979
35815,2025-07-01,23,16,2,6,12,263
35860,2025-07-01,10,9,1,21,28,379
35933,2025-07-01,22,13,93,16,60,8413
36017,2025-07-01,11,10,31,13,28,3504
36021,2025-07-01,54,21,2,8,12,105
36077,2025-07-01,7,10,4,23,28,431
36158,2025-07-01,28,17,1,9,12,369
36173,2025-07-01,74,22,2,11,12,361
36196,2025-07-01,50,22,52,52,60,8064
36197,2025-07-01,34,19,10,18,28,749
36206,2025-07-01,18,17,4,8,12,553
36413,2025-07-01,7,8,48,17,60,1193
36602,2025-07-01,13,12,40,32,60,4961
36773,2025-07-01,15,16,5,21,28,612
36791,2025-07-01,74,20,5,26,28,597
36815,2025-07-01,68,21,13,31,45,2525
36833,2025-07-01,19,15,25,20,45,2074
36886,2025-07-01,44,20,5,10,12,814
36906,2025-07-01,42,21,5,9,12,687
36920,2025-07-01,62,21,6,22,28,920
36980,2025-07-01,16,15,33,9,28,5779
36984,2025-07-01,6,9,10,13,45,159
36995,2025-07-01,65,21,144,46,60,19967
37105,2025-07-01,10,12,4,8,12,275
37109,2025-07-01,34,17,56,39,45,29247
37116,2025-07-01,45,19,147,54,60,10648
37134,2025-07-01,67,21,13,11,12,3350
37179,2025-07-01,32,17,8,9,12,1630
37285,2025-07-01,9,9,30,17,45,15275
37335,2025-07-01,32,17,8,10,12,1084
37398,2025-07-01,12,13,8,21,28,641
37424,2025-07-01,15,14,40,21,60,2731
37460,2025-07-01,24,18,124,46,60,3024
37476,2025-07-01,19,15,3,21,28,343
37487,2025-07-01,26,16,117,35,45,7048
37500,2025-07-01,15,13,6,19,28,286
37563,2025-07-01,53,21,63,43,45,6224
37605,2025-07-01,34,18,64,24,28,12353
37672,2025-07-01,15,12,45,18,28,2092
37747,2025-07-01,24,14,2,23,28,382
37940,2025-07-01,73,21,10,27,28,1772
37982,2025-07-01,15,12,7,19,60,196
38022,2025-07-01,54,22,12,11,12,546
38086,2025-07-01,44,20,59,35,45,14108
38095,2025-07-01,58,20,6,26,28,1044
38111,2025-07-01,51,21,5,11,12,971
38198,2025-07-01,62,22,3,10,12,591
38211,2025-07-01,24,18,10,9,12,2311
38227,2025-07-01,30,20,3,19,28,77
38252,2025-07-01,7,9,7,12,45,681
38268,2025-07-01,19,14,4,4,12,1069
38270,2025-07-01,15,17,8,22,45,951
38306,2025-07-01,58,19,10,9,12,826
38612,2025-07-01,10,11,10,21,45,243
38664,2025-07-01,17,14,9,12,28,303
38728,2025-07-01,4,6,1,2,12,177
38766,2025-07-01,56,20,72,41,45,17585
38770,2025-07-01,50,22,204,55,60,43910
38812,2025-07-01,3,6,2,1,12,139
38823,2025-07-01,25,17,25,24,28,1759
38848,2025-07-01,70,21,98,28,60,10486
38906,2025-07-01,15,13,36,35,60,4214
38939,2025-07-01,24,16,49,35,45,2652
39017,2025-07-01,14,10,3,7,12,695
39037,2025-07-01,31,16,3,13,28,350
39062,2025-07-01,24,15,7,17,28,423
39190,2025-07-01,8,9,7,23,45,201
39196,2025-07-01,17,13,3,10,12,366
39248,2025-07-01,18,14,56,26,28,3582
39416,2025-07-01,19,15,37,31,60,1452
39515,2025-07-01,33,18,3,10,12,1289
39666,2025-07-01,35,18,2,23,28,323
39715,2025-07-01,43,20,82,36,60,7940
39739,2025-07-01,36,20,12,8,12,578
39869,2025-07-01,20,15,6,3,12,1899
40017,2025-07-01,8,9,26,17,45,6296
40093,2025-07-01,39,19,2,22,28,207
40166,2025-07-01,18,14,1,35,45,71
40219,2025-07-01,69,22,5,19,28,431
40270,2025-07-01,13,11,4,8,28,342
40485,2025-07-01,58,21,11,11,12,3691
40555,2025-07-01,27,18,52,18,28,4868
40659,2025-07-01,40,22,3,8,12,322
40736,2025-07-01,24,17,23,37,60,7020
40757,2025-07-01,42,20,8,43,45,1228
40826,2025-07-01,72,20,11,26,28,3319
40843,2025-07-01,30,19,4,8,12,390
40857,2025-07-01,14,15,3,5,12,634
40892,2025-07-01,27,18,24,21,45,1395
40936,2025-07-01,56,19,4,27,28,756
41021,2025-07-01,14,10,6,9,12,887
41112,2025-07-01,56,20,5,40,45,826
41124,2025-07-01,65,21,4,43,45,1274
41128,2025-07-01,62,22,26,24,28,8588
41180,2025-07-01,49,20,9,10,12,1058
41209,2025-07-01,39,19,19,41,45,4370
41289,2025-07-01,47,19,7,7,12,495
41324,2025-07-01,7,10,3,9,28,151
41404,2025-07-01,24,16,1,5,12,110
41475,2025-07-01,13,12,27,12,28,2675
41508,2025-07-01,41,20,5,9,12,823
41531,2025-07-01,9,12,35,42,60,3358
41542,2025-07-01,7,11,19,7,45,3207
41554,2025-07-01,38,19,9,25,28,2761
41601,2025-07-01,14,13,1,3,12,50
41660,2025-07-01,17,14,4,22,28,30
41686,2025-07-01,35,19,4,9,12,446
41704,2025-07-01,41,16,1,23,28,314
41709,2025-07-01,16,15,42,12,45,1502
41717,2025-07-01,13,10,2,7,12,280
41724,2025-07-01,14,13,5,9,12,853
41740,2025-07-01,20,14,8,11,12,2104
41776,2025-07-01,42,19,3,18,28,457
41834,2025-07-01,4,5,5,3,12,519
41853,2025-07-01,15,13,106,23,60,14173
41859,2025-07-01,36,18,8,22,28,627
41868,2025-07-01,17,14,8,6,12,1231
41869,2025-07-01,9,11,17,12,28,1074
41876,2025-07-01,36,20,69,47,60,19392
41888,2025-07-01,37,18,59,19,28,4779
41946,2025-07-01,38,17,4,10,12,657
41955,2025-07-01,34,20,4,23,28,204
41956,2025-07-01,76,22,11,11,12,2214
41961,2025-07-01,36,21,7,22,28,506
41970,2025-07-01,39,19,13,31,45,2953
41985,2025-07-01,5,8,1,2,12,13
42017,2025-07-01,3,4,2,10,28,70
42058,2025-07-01,26,15,7,9,28,140
42060,2025-07-01,11,14,30,19,45,3838
42105,2025-07-01,12,11,10,10,12,3864
42111,2025-07-01,11,12,2,6,28,98
42170,2025-07-01,49,21,9,11,12,1004
42176,2025-07-01,22,15,6,7,12,656
42196,2025-07-01,12,13,1,2,12,106
42253,2025-07-01,8,8,4,3,12,61
42264,2025-07-01,43,21,8,38,45,1179
42269,2025-07-01,26,18,3,36,45,566
42398,2025-07-01,10,12,79,8,60,15582
42428,2025-07-01,20,15,4,12,28,670
42446,2025-07-01,16,12,2,7,12,136
42536,2025-07-01,23,15,5,7,12,389
42620,2025-07-01,44,21,9,10,12,1345
42635,2025-07-01,9,11,2,6,12,242
42704,2025-07-01,26,17,17,18,28,1583
42719,2025-07-01,56,21,49,55,60,13308
42762,2025-07-01,51,18,11,10,12,2868
42868,2025-07-01,36,18,1,13,28,250
42914,2025-07-01,30,20,10,19,28,1918
42955,2025-07-01,40,18,8,21,28,2098
43041,2025-07-01,39,18,131,46,60,12622
43162,2025-07-01,18,13,3,7,12,98
43165,2025-07-01,3,6,26,8,28,525
43194,2025-07-01,14,11,2,13,28,152
43202,2025-07-01,39,21,16,33,45,1573
43280,2025-07-01,2,3,12,3,28,1102
43358,2025-07-01,13,14,32,22,45,2504
43428,2025-07-01,30,16,2,14,28,168
43444,2025-07-01,22,15,7,18,28,1060
43533,2025-07-01,24,14,27,12,28,4816
43540,2025-07-01,46,19,3,6,12,263
43556,2025-07-01,8,11,2,5,12,172
43624,2025-07-01,31,17,3,10,12,56
43663,2025-07-01,19,16,47,13,28,6733
43665,2025-07-01,14,12,2,13,28,43
43687,2025-07-01,17,13,7,8,12,845
43702,2025-07-01,30,18,5,9,12,571
43777,2025-07-01,6,8,23,4,45,519
43819,2025-07-01,12,14,2,16,45,131
43882,2025-07-01,32,20,4,3,12,332
44058,2025-07-01,6,10,6,5,12,629
44132,2025-07-01,13,14,5,2,12,719
44211,2025-07-01,24,15,3,23,28,281
44258,2025-07-01,50,18,7,26,45,1012
44365,2025-07-01,19,14,8,6,28,370
44430,2025-07-01,36,19,48,23,28,3673
44458,2025-07-01,38,16,23,45,60,3982
44474,2025-07-01,24,19,6,5,28,2320
44476,2025-07-01,44,21,8,22,28,1806
44484,2025-07-01,33,17,1,19,28,27
44491,2025-07-01,14,9,13,15,60,1781
44541,2025-07-01,49,20,6,10,12,528
44570,2025-07-01,7,9,18,1,60,3356
44577,2025-07-01,11,10,1,10,12,38
44620,2025-07-01,81,22,47,27,28,1477
44670,2025-07-01,19,14,47,4,60,5499
44692,2025-07-01,31,17,60,23,45,17413
44722,2025-07-01,58,19,13,40,45,1166
44851,2025-07-01,29,17,1,11,12,409
44979,2025-07-01,22,17,6,8,12,4147
45066,2025-07-01,27,17,4,9,12,622
45151,2025-07-01,15,15,1,15,28,251
45231,2025-07-01,28,18,36,23,45,6867
45236,2025-07-01,11,12,2,8,12,166
45290,2025-07-01,12,10,4,20,28,279
45332,2025-07-01,14,16,3,9,12,244
45344,2025-07-01,29,17,52,20,28,2932
45395,2025-07-01,26,18,10,10,12,674
45424,2025-07-01,50,19,3,15,28,474
45507,2025-07-01,44,20,4,23,28,504
45541,2025-07-01,22,17,38,7,45,4210
45556,2025-07-01,61,22,6,40,45,473
45588,2025-07-01,55,20,7,9,12,722
45606,2025-07-01,39,19,27,27,45,2011
45608,2025-07-01,15,17,1,5,12,47
45702,2025-07-01,17,15,2,3,12,84
45708,2025-07-01,14,14,5,6,12,230
45757,2025-07-01,25,14,7,34,45,1512
45831,2025-07-01,51,20,5,9,12,1099
45909,2025-07-01,20,16,21,13,28,4229
45983,2025-07-01,42,19,79,48,60,1877
46059,2025-07-01,54,20,3,12,28,569
46074,2025-07-01,34,19,48,56,60,3136
46088,2025-07-01,26,17,7,21,28,354
46114,2025-07-01,7,9,2,6,28,72
46158,2025-07-01,43,18,40,24,28,8894
46227,2025-07-01,2,2,2,2,12,389
46302,2025-07-01,66,22,29,42,45,5894
46382,2025-07-01,53,20,8,23,28,339
46452,2025-07-01,11,11,14,13,28,638
46487,2025-07-01,8,9,4,8,12,287
46503,2025-07-01,15,12,46,41,60,3748
46607,2025-07-01,76,21,10,11,12,2283
46659,2025-07-01,30,17,4,8,12,647
46708,2025-07-01,49,21,7,22,28,1556
46731,2025-07-01,6,8,4,11,28,919
46740,2025-07-01,20,14,40,14,45,15993
46829,2025-07-01,40,21,145,35,45,20667
46847,2025-07-01,41,18,57,41,60,7162
46887,2025-07-01,3,6,1,15,28,113
46903,2025-07-01,35,18,10,29,45,1698
46968,2025-07-01,50,22,10,27,28,852
47036,2025-07-01,19,14,9,4,12,1238
47046,2025-07-01,55,21,56,22,28,10493
47074,2025-07-01,11,10,128,12,45,6658
47208,2025-07-01,21,15,2,6,12,441
47280,2025-07-01,12,11,2,4,28,134
47297,2025-07-01,3,4,23,7,60,790
47413,2025-07-01,32,18,3,3,12,193
47460,2025-07-01,31,17,8,17,28,624
47517,2025-07-01,33,18,37,17,28,2583
47522,2025-07-01,10,11,4,4,12,776
47527,2025-07-01,24,18,6,4,28,344
47666,2025-07-01,35,17,6,7,12,870
47675,2025-07-01,21,16,33,16,45,4218
47676,2025-07-01,29,19,25,15,28,3841
47771,2025-07-01,53,21,6,22,28,773
47832,2025-07-01,19,15,40,7,28,4628
47858,2025-07-01,34,15,138,18,60,21123
47863,2025-07-01,11,15,3,4,12,694
47874,2025-07-01,25,19,99,25,45,36204
47879,2025-07-01,3,5,20,16,45,1065
47889,2025-07-01,61,20,119,54,60,25951
47913,2025-07-01,28,18,9,3,12,1110
47989,2025-07-01,6,9,4,13,28,247
48050,2025-07-01,79,22,2,11,12,584
48107,2025-07-01,49,20,66,33,45,27701
48223,2025-07-01,35,18,5,36,45,864
48299,2025-07-01,2,3,2,1,12,199
48337,2025-07-01,17,14,6,4,12,721
48355,2025-07-01,52,22,6,27,28,1180
48427,2025-07-01,29,16,7,11,12,684
48428,2025-07-01,6,10,1,21,28,15
48538,2025-07-01,56,21,2,11,12,570
48567,2025-07-01,44,17,5,10,12,757
48593,2025-07-01,13,15,91,22,60,9675
48639,2025-07-01,46,19,5,19,28,140
48808,2025-07-01,44,20,54,36,45,15712
48925,2025-07-01,6,8,16,6,28,1988
48989,2025-07-01,67,22,9,10,12,1102
49009,2025-07-01,53,22,9,20,28,697
49130,2025-07-01,45,19,5,20,28,500
49144,2025-07-01,16,14,4,14,28,316
49168,2025-07-01,44,19,34,26,28,6450
49176,2025-07-01,38,19,7,9,12,967
49214,2025-07-01,6,10,3,6,12,267
49249,2025-07-01,66,22,77,32,45,8766
49313,2025-07-01,36,18,3,27,28,1062
49323,2025-07-01,14,12,42,15,28,3931
49489,2025-07-01,27,17,6,4,12,1892
49517,2025-07-01,4,7,35,17,45,3019
49598,2025-07-01,7,8,73,10,60,8909
49606,2025-07-01,46,20,3,6,12,826
49617,2025-07-01,7,9,9,10,28,1285
49642,2025-07-01,38,18,7,10,12,530
49707,2025-07-01,71,22,79,41,45,29044
49714,2025-07-01,41,20,2,21,28,751
49783,2025-07-01,30,16,4,11,12,972
49791,2025-07-01,7,11,49,10,60,2034
49872,2025-07-01,4,8,4,13,28,38
49884,2025-07-01,54,20,93,41,45,8422
49913,2025-07-01,36,19,5,11,28,619
49980,2025-07-01,9,12,11,28,60,2323
18,2025-08-01,15,14,0,9,28,0
19,2025-08-01,30,19,7,14,28,931
23,2025-08-01,41,21,8,26,28,714
43,2025-08-01,9,8,41,29,45,6663
48,2025-08-01,70,21,7,11,12,1257
50,2025-08-01,18,13,5,4,12,381
58,2025-08-01,14,10,5,21,28,343
119,2025-08-01,25,18,53,29,45,10067
222,2025-08-01,54,22,3,11,12,272
247,2025-08-01,53,22,11,43,45,1482
259,2025-08-01,53,17,179,47,60,21191
300,2025-08-01,17,14,76,20,60,24203
319,2025-08-01,41,19,13,54,60,2943
334,2025-08-01,58,22,59,27,28,16444
335,2025-08-01,72,21,5,10,12,1889
341,2025-08-01,23,17,25,31,45,5052
356,2025-08-01,27,16,6,5,12,601
379,2025-08-01,68,22,12,31,45,4897
508,2025-08-01,6,11,50,12,60,2399
531,2025-08-01,36,19,12,9,12,581
575,2025-08-01,53,21,33,39,45,1921
668,2025-08-01,7,8,1,3,12,81
685,2025-08-01,6,7,2,3,12,405
689,2025-08-01,30,16,3,25,28,316
738,2025-08-01,56,21,124,13,45,9978
855,2025-08-01,32,18,5,19,28,679
895,2025-08-01,16,15,3,6,12,168
1001,2025-08-01,32,17,5,27,45,1469
1004,2025-08-01,8,11,23,8,28,3757
1022,2025-08-01,45,22,53,24,28,1979
1048,2025-08-01,76,22,41,27,28,4327
1054,2025-08-01,34,19,5,4,12,1482
1061,2025-08-01,60,20,5,11,12,2083
1073,2025-08-01,72,21,2,43,45,373
1074,2025-08-01,17,15,6,5,12,103
1092,2025-08-01,19,18,2,5,12,186
1167,2025-08-01,3,4,1,8,28,89
1227,2025-08-01,44,20,11,11,12,1190
1237,2025-08-01,58,20,8,8,12,2337
1240,2025-08-01,34,20,9,25,45,860
1314,2025-08-01,28,16,7,11,28,109
1362,2025-08-01,9,12,1,8,45,121
1385,2025-08-01,70,20,2,27,28,324
1387,2025-08-01,7,9,2,9,28,319
1402,2025-08-01,24,17,20,10,60,3747
1406,2025-08-01,27,18,53,16,28,17202
1460,2025-08-01,9,11,1,3,12,92
1806,2025-08-01,12,14,28,11,45,4007
1807,2025-08-01,31,15,24,28,60,416
1822,2025-08-01,18,16,3,10,12,13
1917,2025-08-01,45,18,41,32,60,8129
1974,2025-08-01,29,18,4,21,28,1026
1983,2025-08-01,32,16,58,29,45,5179
2044,2025-08-01,9,13,0,7,12,0
2082,2025-08-01,35,17,35,36,45,3012
2244,2025-08-01,9,11,3,8,12,429
2259,2025-08-01,13,13,2,4,12,91
2383,2025-08-01,30,19,7,5,12,348
2529,2025-08-01,4,5,2,4,12,166
2554,2025-08-01,25,17,69,39,60,7395
2555,2025-08-01,41,18,42,29,45,6763
2575,2025-08-01,61,21,3,10,12,199
2608,2025-08-01,18,14,9,24,45,1322
2620,2025-08-01,22,14,7,30,60,249
2705,2025-08-01,56,20,31,51,60,7863
2713,2025-08-01,24,14,4,6,12,580
2754,2025-08-01,72,22,3,25,28,514
2761,2025-08-01,54,20,6,8,12,1714
2768,2025-08-01,29,17,2,36,45,146
2803,2025-08-01,17,12,36,18,45,482
2899,2025-08-01,19,16,2,12,28,249
2939,2025-08-01,9,11,29,39,60,1424
3054,2025-08-01,56,22,4,11,12,1720
3171,2025-08-01,23,15,38,47,60,16860
3225,2025-08-01,58,22,3,11,12,292
3262,2025-08-01,35,19,29,14,28,6456
3263,2025-08-01,12,11,4,3,28,782
3285,2025-08-01,76,22,62,57,60,5821
3295,2025-08-01,71,21,62,25,28,6358
3344,2025-08-01,59,21,9,24,28,558
3421,2025-08-01,70,22,17,52,60,2019
3422,2025-08-01,22,16,14,21,28,3583
3470,2025-08-01,8,9,7,1,12,160
3583,2025-08-01,58,22,2,10,12,789
3656,2025-08-01,49,20,9,8,12,1000
3669,2025-08-01,18,17,7,16,28,867
3835,2025-08-01,60,21,13,17,28,2674
3840,2025-08-01,53,21,4,9,12,703
3966,2025-08-01,45,20,8,10,12,865
4019,2025-08-01,3,4,56,4,45,5466
4049,2025-08-01,29,17,3,24,45,108
4281,2025-08-01,19,14,12,9,28,2028
4306,2025-08-01,23,16,6,20,28,1412
4376,2025-08-01,38,18,7,10,12,611
4453,2025-08-01,36,19,32,33,45,7023
4520,2025-08-01,65,21,8,11,12,1165
4534,2025-08-01,20,15,2,34,45,787
4562,2025-08-01,15,14,8,3,12,628
4576,2025-08-01,39,18,5,22,28,957
4613,2025-08-01,6,9,5,8,28,119
4626,2025-08-01,7,9,18,10,45,836
4654,2025-08-01,11,12,28,21,45,3534
4719,2025-08-01,24,13,66,26,60,9748
4759,2025-08-01,70,21,5,26,28,507
4788,2025-08-01,51,22,23,35,45,13662
4796,2025-08-01,41,17,4,8,12,82
4810,2025-08-01,42,19,31,39,45,1926
4819,2025-08-01,8,9,123,7,60,32967
4922,2025-08-01,6,7,5,16,28,632
4953,2025-08-01,1,2,31,5,45,5652
4988,2025-08-01,5,8,11,7,45,619
5023,2025-08-01,26,17,11,10,12,3777
5046,2025-08-01,17,16,25,33,45,2988
5161,2025-08-01,12,15,7,6,12,298
5199,2025-08-01,19,15,5,12,28,357
5215,2025-08-01,8,10,11,30,60,433
5217,2025-08-01,20,16,11,6,12,578
5255,2025-08-01,19,13,30,20,28,850
5329,2025-08-01,23,17,86,23,60,8792
5367,2025-08-01,22,15,48,23,60,4435
5370,2025-08-01,3,5,27,26,60,5674
5398,2025-08-01,21,14,31,12,28,3902
5411,2025-08-01,58,22,74,43,45,13001
5428,2025-08-01,49,21,10,27,28,3522
5468,2025-08-01,75,21,8,21,28,1685
5513,2025-08-01,32,20,28,45,60,2189
5535,2025-08-01,2,3,22,16,60,477
5566,2025-08-01,16,15,4,10,28,255
5589,2025-08-01,55,20,16,24,28,1360
5610,2025-08-01,10,15,22,35,60,687
5614,2025-08-01,22,14,24,8,45,1171
5657,2025-08-01,28,15,1,10,12,155
5659,2025-08-01,26,17,16,40,45,2953
5678,2025-08-01,4,8,1,13,45,146
5717,2025-08-01,41,19,22,36,45,470
5749,2025-08-01,59,22,4,23,28,828
5754,2025-08-01,19,15,2,10,12,279
5786,2025-08-01,48,20,5,25,28,254
5855,2025-08-01,13,13,8,6,12,1777
5985,2025-08-01,56,22,5,11,12,1330
6051,2025-08-01,10,14,7,6,12,726
6058,2025-08-01,35,17,9,22,28,1252
6092,2025-08-01,11,12,30,23,45,5318
6096,2025-08-01,38,20,9,22,45,2985
6100,2025-08-01,44,19,25,42,45,2207
6117,2025-08-01,11,12,57,22,45,2161
6134,2025-08-01,20,16,3,8,12,643
6149,2025-08-01,22,17,50,14,45,9284
6209,2025-08-01,4,7,7,3,12,24
6250,2025-08-01,9,10,4,4,12,337
6293,2025-08-01,8,8,36,18,45,4382
6298,2025-08-01,25,14,10,7,28,1458
6317,2025-08-01,23,16,2,4,12,233
6330,2025-08-01,16,13,2,7,12,42
6359,2025-08-01,17,17,1,5,12,141
6362,2025-08-01,70,22,5,11,12,849
6392,2025-08-01,4,6,9,14,60,303
6483,2025-08-01,13,15,6,2,12,591
6487,2025-08-01,21,13,3,6,12,555
6514,2025-08-01,3,5,3,1,28,268
6515,2025-08-01,8,10,1,6,28,43
6529,2025-08-01,70,22,71,47,60,7800
6545,2025-08-01,32,17,18,34,45,4484
6557,2025-08-01,15,11,65,36,60,19976
6653,2025-08-01,27,20,10,36,45,2608
6669,2025-08-01,31,16,7,11,12,1959
6670,2025-08-01,22,18,30,36,60,7976
6687,2025-08-01,27,14,2,7,12,224
6693,2025-08-01,15,14,23,44,60,2657
6744,2025-08-01,30,18,20,32,45,3115
6786,2025-08-01,7,11,17,12,45,1451
6814,2025-08-01,72,22,8,8,12,949
6909,2025-08-01,9,10,3,6,28,144
6937,2025-08-01,72,22,8,11,12,974
6981,2025-08-01,4,6,16,12,60,173
6997,2025-08-01,20,11,3,4,12,133
7039,2025-08-01,61,22,12,25,28,1003
7058,2025-08-01,38,21,43,23,28,3009
7071,2025-08-01,36,17,3,20,45,789
7225,2025-08-01,37,20,25,35,45,1341
7227,2025-08-01,33,18,16,20,28,872
7319,2025-08-01,34,19,5,10,12,571
7342,2025-08-01,46,18,15,38,45,2310
7357,2025-08-01,20,12,7,9,28,784
7359,2025-08-01,79,22,2,24,28,198
7429,2025-08-01,7,8,164,8,60,34229
7430,2025-08-01,12,10,4,6,12,394
7486,2025-08-01,5,7,4,7,12,260
7497,2025-08-01,41,21,56,25,28,5901
7498,2025-08-01,12,13,22,10,28,3461
7526,2025-08-01,60,21,188,41,45,16406
7609,2025-08-01,70,21,58,37,45,3654
7663,2025-08-01,18,14,15,47,60,2071
7806,2025-08-01,22,16,10,22,28,1561
7979,2025-08-01,40,19,103,46,60,17672
8004,2025-08-01,11,12,27,26,60,870
8013,2025-08-01,42,20,5,43,45,1333
8039,2025-08-01,9,14,2,13,28,67
8085,2025-08-01,48,21,9,26,28,1781
8107,2025-08-01,11,11,19,17,28,489
8179,2025-08-01,43,22,47,24,28,6295
8186,2025-08-01,34,18,36,19,45,2079
8236,2025-08-01,74,22,2,26,28,931
8339,2025-08-01,23,14,29,37,45,3861
8340,2025-08-01,31,17,9,8,12,1646
8359,2025-08-01,10,10,30,24,60,2283
8377,2025-08-01,50,21,6,11,12,345
8392,2025-08-01,60,22,7,11,12,947
8400,2025-08-01,11,11,2,3,12,270
8424,2025-08-01,23,17,1,10,12,323
8642,2025-08-01,34,21,6,20,28,580
8646,2025-08-01,1,1,1,1,12,102
8712,2025-08-01,30,19,4,17,28,758
8727,2025-08-01,3,5,6,4,28,455
8775,2025-08-01,56,20,2,9,12,282
8799,2025-08-01,15,14,9,13,28,2661
8844,2025-08-01,59,22,10,25,28,1173
8874,2025-08-01,9,11,36,8,28,892
8895,2025-08-01,38,21,120,42,60,23954
8982,2025-08-01,38,20,46,37,60,22366
9057,2025-08-01,10,13,4,3,12,731
9083,2025-08-01,34,20,5,10,12,602
9104,2025-08-01,22,13,3,20,28,647
9112,2025-08-01,39,18,57,24,28,13050
9141,2025-08-01,13,12,2,20,28,257
9157,2025-08-01,24,17,11,20,28,559
9229,2025-08-01,17,15,35,27,45,3533
9269,2025-08-01,5,6,5,3,12,761
9272,2025-08-01,34,17,2,10,12,35
9399,2025-08-01,47,20,4,10,12,1315
9465,2025-08-01,40,20,8,9,12,875
9477,2025-08-01,1,1,10,10,60,311
9505,2025-08-01,17,15,46,30,45,9183
9557,2025-08-01,9,11,45,38,45,6037
9562,2025-08-01,14,10,34,29,45,6603
9565,2025-08-01,13,10,39,13,28,2315
9636,2025-08-01,37,18,22,19,28,7755
9703,2025-08-01,29,15,25,32,60,991
9720,2025-08-01,14,16,9,10,12,1171
9724,2025-08-01,46,18,46,25,28,4836
9768,2025-08-01,21,12,30,16,45,5015
9836,2025-08-01,21,17,48,28,45,2067
9855,2025-08-01,37,18,22,22,45,2062
9866,2025-08-01,10,11,9,7,12,1724
9913,2025-08-01,47,21,2,26,28,204
9947,2025-08-01,11,13,7,6,28,1292
9995,2025-08-01,27,15,34,23,45,5209
10006,2025-08-01,65,20,65,24,45,19768
10160,2025-08-01,8,8,2,5,12,368
10214,2025-08-01,35,17,2,10,12,808
10246,2025-08-01,25,14,3,7,12,850
10289,2025-08-01,13,14,33,20,45,1216
10299,2025-08-01,48,20,121,56,60,31214
10316,2025-08-01,46,21,53,16,45,14547
10322,2025-08-01,56,22,10,7,12,4032
10330,2025-08-01,63,22,170,40,45,18355
10376,2025-08-01,32,18,3,23,28,70
10429,2025-08-01,43,21,63,24,45,14797
10457,2025-08-01,39,18,3,6,12,274
10490,2025-08-01,37,18,3,11,12,224
10516,2025-08-01,27,19,6,18,28,267
10529,2025-08-01,45,20,13,27,28,2558
10578,2025-08-01,44,22,52,40,45,15349
10591,2025-08-01,46,21,9,11,12,1894
10745,2025-08-01,28,15,5,8,12,632
10771,2025-08-01,30,19,26,13,45,535
10776,2025-08-01,3,5,1,6,12,272
10780,2025-08-01,24,17,5,19,28,907
10883,2025-08-01,17,15,61,28,60,4207
10941,2025-08-01,12,11,14,40,45,543
10973,2025-08-01,5,7,20,4,28,933
10974,2025-08-01,22,18,20,23,45,2435
11068,2025-08-01,11,12,5,3,28,764
11117,2025-08-01,39,20,203,33,45,16491
11225,2025-08-01,67,21,6,27,28,1284
11261,2025-08-01,14,14,4,13,28,1275
11277,2025-08-01,51,20,100,51,60,12859
11348,2025-08-01,25,17,3,10,12,275
11425,2025-08-01,13,15,10,28,45,549
11457,2025-08-01,67,21,8,27,28,1270
11474,2025-08-01,49,20,13,11,12,874
11496,2025-08-01,57,20,2,17,28,195
11527,2025-08-01,21,15,3,22,28,640
11650,2025-08-01,42,21,22,35,60,1781
11789,2025-08-01,29,19,57,57,60,18032
11861,2025-08-01,36,21,6,11,12,1566
11877,2025-08-01,21,17,7,7,12,2193
11883,2025-08-01,54,19,60,37,45,14298
12008,2025-08-01,57,22,3,11,12,605
12050,2025-08-01,79,22,5,25,28,1851
12095,2025-08-01,24,15,29,32,45,6273
12103,2025-08-01,31,17,40,19,45,2649
12136,2025-08-01,23,16,7,11,12,463
12148,2025-08-01,6,11,1,4,12,94
12176,2025-08-01,67,22,46,39,45,10066
12218,2025-08-01,28,18,11,6,12,5570
12239,2025-08-01,30,20,11,6,12,713
12276,2025-08-01,61,22,5,11,12,1160
12321,2025-08-01,22,13,37,30,45,4552
12357,2025-08-01,62,21,53,43,45,10790
12358,2025-08-01,31,18,5,9,28,495
12375,2025-08-01,39,20,45,44,60,2728
12436,2025-08-01,24,17,5,25,28,894
12473,2025-08-01,38,20,1,17,28,19
12586,2025-08-01,39,21,2,22,28,355
12587,2025-08-01,37,20,45,16,45,22780
12588,2025-08-01,21,14,7,7,12,542
12590,2025-08-01,28,15,96,48,60,23473
12602,2025-08-01,21,14,1,4,12,124
12617,2025-08-01,48,21,58,46,60,3065
12673,2025-08-01,10,10,13,5,28,801
12693,2025-08-01,1,1,0,1,12,0
12728,2025-08-01,49,21,55,43,45,7689
12734,2025-08-01,17,13,41,17,28,15135
12772,2025-08-01,32,18,2,17,28,206
12819,2025-08-01,42,20,3,22,28,414
12832,2025-08-01,6,10,8,3,12,2984
12867,2025-08-01,13,13,7,16,28,2148
12923,2025-08-01,17,13,22,14,45,5292
12931,2025-08-01,1,2,4,3,28,325
12951,2025-08-01,22,14,94,50,60,21676
12962,2025-08-01,23,15,34,13,28,13783
12990,2025-08-01,30,18,2,6,12,345
13010,2025-08-01,68,20,81,43,45,5560
13113,2025-08-01,35,18,3,18,28,51
13155,2025-08-01,67,22,2,11,12,501
13213,2025-08-01,18,14,22,21,45,1483
13215,2025-08-01,24,16,9,23,28,501
13230,2025-08-01,38,18,2,21,28,885
13254,2025-08-01,50,20,10,27,28,4074
13308,2025-08-01,24,14,3,9,12,280
13412,2025-08-01,15,14,1,7,12,89
13422,2025-08-01,4,7,58,12,60,3398
13468,2025-08-01,44,22,4,22,28,1972
13481,2025-08-01,15,12,8,6,28,1635
13552,2025-08-01,19,17,4,7,28,792
13562,2025-08-01,5,8,1,3,12,269
13575,2025-08-01,18,15,12,9,60,997
13618,2025-08-01,39,20,1,21,28,41
13637,2025-08-01,5,6,7,9,28,978
13647,2025-08-01,68,20,3,26,28,615
13704,2025-08-01,3,4,1,1,12,87
13766,2025-08-01,6,8,5,6,12,647
13806,2025-08-01,11,12,5,12,60,233
13997,2025-08-01,5,8,2,2,12,159
14004,2025-08-01,63,21,37,27,28,7087
14020,2025-08-01,45,21,3,18,28,1228
14225,2025-08-01,20,13,10,5,12,2501
14249,2025-08-01,50,20,2,20,28,167
14270,2025-08-01,9,11,33,11,60,2064
14271,2025-08-01,35,19,7,11,12,2337
14279,2025-08-01,32,19,56,42,45,1490
14289,2025-08-01,42,21,34,36,60,3651
14309,2025-08-01,4,7,2,7,12,166
14362,2025-08-01,16,14,4,7,12,560
14388,2025-08-01,35,18,5,7,12,285
14532,2025-08-01,20,14,30,23,60,1865
14549,2025-08-01,16,13,5,23,45,484
14642,2025-08-01,7,11,1,8,45,45
14690,2025-08-01,1,2,60,8,60,3235
14706,2025-08-01,77,22,27,26,28,907
14732,2025-08-01,52,20,6,22,28,468
14743,2025-08-01,52,20,4,23,28,1330
14778,2025-08-01,5,9,3,14,45,285
14803,2025-08-01,46,21,12,7,12,936
14827,2025-08-01,47,21,4,24,28,636
14837,2025-08-01,69,22,21,37,45,6846
14970,2025-08-01,32,19,2,23,28,338
15049,2025-08-01,62,21,9,8,12,2250
15189,2025-08-01,50,20,8,11,12,999
15193,2025-08-01,11,11,19,6,28,1345
15256,2025-08-01,6,9,6,2,12,278
15368,2025-08-01,37,18,2,8,12,124
15380,2025-08-01,67,22,4,43,45,329
15389,2025-08-01,12,11,3,8,12,159
15412,2025-08-01,10,10,15,17,28,2490
15472,2025-08-01,17,14,3,5,28,634
15508,2025-08-01,2,2,3,11,45,53
15612,2025-08-01,49,21,8,3,12,1801
15628,2025-08-01,10,8,22,12,45,1129
15639,2025-08-01,56,21,10,10,12,769
15642,2025-08-01,12,14,2,22,28,163
15694,2025-08-01,31,19,3,6,12,1114
15791,2025-08-01,24,15,1,9,12,46
15909,2025-08-01,67,21,85,43,45,4669
16009,2025-08-01,55,21,44,42,45,11168
16036,2025-08-01,17,13,11,24,45,2986
16048,2025-08-01,15,13,5,9,12,888
16073,2025-08-01,35,20,55,43,45,11285
16131,2025-08-01,34,19,60,34,45,10070
16241,2025-08-01,24,17,4,8,12,722
16280,2025-08-01,67,22,12,27,28,2868
16348,2025-08-01,31,19,41,26,28,1380
16353,2025-08-01,68,22,6,9,12,2618
16381,2025-08-01,14,13,5,10,12,225
16405,2025-08-01,20,16,69,27,60,5227
16487,2025-08-01,16,14,91,28,60,11780
16664,2025-08-01,30,16,4,16,28,222
16705,2025-08-01,8,8,3,9,12,152
16712,2025-08-01,2,3,28,13,60,5816
16769,2025-08-01,17,15,22,5,45,3953
16799,2025-08-01,38,18,3,10,12,197
16832,2025-08-01,47,21,2,27,28,143
16996,2025-08-01,8,9,2,18,45,144
17072,2025-08-01,34,17,38,23,45,3400
17095,2025-08-01,17,13,27,24,60,7291
17147,2025-08-01,24,15,44,13,28,5709
17352,2025-08-01,58,22,7,8,12,656
17368,2025-08-01,28,19,6,16,28,1778
17378,2025-08-01,4,7,48,15,60,2471
17430,2025-08-01,66,20,185,53,60,24919
17555,2025-08-01,40,19,35,19,28,2729
17606,2025-08-01,42,18,7,20,28,2417
17648,2025-08-01,8,10,2,7,12,103
17724,2025-08-01,26,15,1,20,28,175
17794,2025-08-01,9,9,13,9,28,1854
17800,2025-08-01,42,19,22,43,45,2399
17818,2025-08-01,61,22,10,18,28,1332
17838,2025-08-01,79,22,13,26,28,2332
17862,2025-08-01,12,12,13,22,28,216
17920,2025-08-01,3,4,3,5,60,278
17974,2025-08-01,18,17,8,10,12,836
17993,2025-08-01,51,21,38,49,60,6972
17998,2025-08-01,73,21,10,11,12,2919
18013,2025-08-01,29,16,4,5,12,295
18057,2025-08-01,44,19,7,23,28,750
18088,2025-08-01,18,15,7,12,28,1799
18104,2025-08-01,10,14,11,5,45,1272
18130,2025-08-01,73,22,61,21,45,13042
18211,2025-08-01,11,14,4,17,28,552
18219,2025-08-01,47,21,26,43,45,6886
18303,2025-08-01,14,15,8,31,45,4100
18307,2025-08-01,49,22,51,33,45,3297
18606,2025-08-01,62,22,7,11,12,1953
18662,2025-08-01,34,17,9,6,12,658
18682,2025-08-01,27,16,34,12,28,8137
18710,2025-08-01,62,22,7,27,28,634
18720,2025-08-01,59,20,10,40,45,1914
18732,2025-08-01,33,16,2,8,12,141
18808,2025-08-01,24,14,5,10,12,1086
18811,2025-08-01,51,21,2,31,45,148
18887,2025-08-01,77,21,63,32,60,12445
18901,2025-08-01,25,16,20,21,28,788
18902,2025-08-01,45,20,43,25,28,13322
18914,2025-08-01,33,16,7,3,12,616
18943,2025-08-01,4,6,3,2,12,165
18997,2025-08-01,18,16,7,19,28,2238
19002,2025-08-01,52,18,64,39,45,20582
19036,2025-08-01,16,11,32,43,60,5550
19079,2025-08-01,76,22,39,27,28,8453
19095,2025-08-01,24,17,7,14,28,1661
19107,2025-08-01,10,12,5,8,12,470
19198,2025-08-01,2,4,4,7,28,261
19468,2025-08-01,17,14,7,6,12,355
19560,2025-08-01,33,19,12,6,12,3652
19563,2025-08-01,21,18,3,9,12,140
19676,2025-08-01,19,14,11,36,45,794
19729,2025-08-01,26,15,11,19,28,3048
19777,2025-08-01,39,18,6,9,12,574
19794,2025-08-01,25,17,10,15,28,2224
19811,2025-08-01,58,22,4,26,28,363
19926,2025-08-01,5,7,1,14,45,86
19943,2025-08-01,59,20,113,40,45,10300
20071,2025-08-01,66,21,10,11,12,1622
20082,2025-08-01,3,5,53,7,45,12196
20131,2025-08-01,30,19,2,10,28,64
20162,2025-08-01,39,17,35,38,45,1836
20296,2025-08-01,60,22,13,10,12,5888
20335,2025-08-01,20,15,3,14,28,116
20357,2025-08-01,69,21,67,48,60,5639
20391,2025-08-01,39,19,25,24,28,3446
20457,2025-08-01,76,21,3,27,28,939
20480,2025-08-01,20,17,3,21,28,965
20493,2025-08-01,73,22,7,27,28,1002
20516,2025-08-01,64,21,7,26,28,1435
20595,2025-08-01,33,19,4,5,12,467
20597,2025-08-01,9,10,3,6,12,1226
20677,2025-08-01,26,18,44,34,45,3586
20686,2025-08-01,23,18,68,43,60,6010
20711,2025-08-01,46,20,69,54,60,15740
20797,2025-08-01,38,19,5,8,12,1398
20821,2025-08-01,48,19,25,46,60,5871
20940,2025-08-01,48,21,6,9,12,956
20947,2025-08-01,65,22,4,11,12,415
20987,2025-08-01,79,22,7,11,12,1054
20992,2025-08-01,17,12,4,10,12,532
21026,2025-08-01,33,18,5,7,12,511
21126,2025-08-01,24,17,3,6,28,166
21146,2025-08-01,73,22,3,11,12,648
21156,2025-08-01,21,16,8,42,45,513
21170,2025-08-01,13,15,2,10,12,68
21189,2025-08-01,36,18,3,11,12,221
21288,2025-08-01,55,22,12,11,12,356
21504,2025-08-01,24,16,5,23,28,442
21512,2025-08-01,26,18,1,9,12,118
21542,2025-08-01,21,15,6,6,12,1228
21561,2025-08-01,24,15,5,7,12,522
21682,2025-08-01,26,14,41,34,45,5595
21751,2025-08-01,6,7,9,37,45,238
21783,2025-08-01,24,17,5,20,28,1228
21823,2025-08-01,58,22,7,11,12,1630
22031,2025-08-01,38,18,27,26,28,4595
22041,2025-08-01,43,21,2,22,28,344
22110,2025-08-01,54,21,4,4,12,1178
22139,2025-08-01,17,14,3,6,12,550
22154,2025-08-01,53,20,8,11,12,1779
22215,2025-08-01,18,16,5,4,12,332
22217,2025-08-01,64,21,11,25,28,1253
22297,2025-08-01,36,18,11,34,45,1156
22340,2025-08-01,30,17,12,17,28,898
22343,2025-08-01,46,19,9,31,45,1171
22372,2025-08-01,17,17,5,4,12,906
22416,2025-08-01,58,20,13,24,28,2393
22475,2025-08-01,7,10,4,8,28,175
22485,2025-08-01,36,19,18,25,28,3064
22487,2025-08-01,17,14,1,16,28,186
22541,2025-08-01,13,9,4,5,12,1184
22573,2025-08-01,54,22,12,26,28,1679
22603,2025-08-01,61,20,165,56,60,12444
22605,2025-08-01,13,14,3,5,12,306
22662,2025-08-01,60,22,7,41,45,2665
22676,2025-08-01,22,16,3,12,28,139
22710,2025-08-01,43,22,3,8,12,449
22756,2025-08-01,35,21,2,10,12,216
22768,2025-08-01,50,22,10,22,28,1925
22825,2025-08-01,35,18,14,51,60,3274
22836,2025-08-01,58,20,7,25,28,1766
22914,2025-08-01,6,9,3,9,12,191
22915,2025-08-01,33,20,5,11,12,369
22949,2025-08-01,8,8,28,33,60,1545
22999,2025-08-01,42,18,53,42,45,23177
23108,2025-08-01,5,8,0,9,28,0
23130,2025-08-01,3,5,17,12,45,744
23169,2025-08-01,22,16,6,3,12,709
23219,2025-08-01,8,13,2,4,28,372
23338,2025-08-01,7,9,55,28,60,2053
23467,2025-08-01,15,13,24,21,45,1436
23469,2025-08-01,54,22,151,54,60,19589
23484,2025-08-01,26,17,11,9,28,3315
23490,2025-08-01,31,19,10,7,12,1831
23508,2025-08-01,22,16,2,27,45,186
23512,2025-08-01,21,15,6,9,28,545
23518,2025-08-01,55,22,197,46,60,9632
23713,2025-08-01,14,13,26,5,45,2538
23757,2025-08-01,62,21,2,10,12,402
23892,2025-08-01,12,12,2,3,12,66
23931,2025-08-01,57,20,54,26,28,19764
23959,2025-08-01,22,16,4,11,12,258
24011,2025-08-01,34,17,4,10,28,1176
24061,2025-08-01,3,5,1,17,28,20
24199,2025-08-01,33,16,14,37,45,2381
24244,2025-08-01,50,19,14,40,45,1738
24261,2025-08-01,19,14,39,15,45,1075
24298,2025-08-01,12,11,18,12,45,557
24484,2025-08-01,68,21,2,25,28,300
24530,2025-08-01,56,22,10,11,12,4554
24563,2025-08-01,47,19,6,8,12,1165
24595,2025-08-01,25,16,11,5,12,2399
24630,2025-08-01,11,12,5,18,28,298
24703,2025-08-01,18,15,3,9,28,317
24712,2025-08-01,56,22,37,43,45,3429
24733,2025-08-01,27,16,10,24,28,2019
24772,2025-08-01,35,16,3,11,12,477
24829,2025-08-01,19,16,7,20,28,702
24838,2025-08-01,11,12,2,4,12,352
24845,2025-08-01,38,20,6,8,12,546
24848,2025-08-01,40,18,9,7,12,1971
24948,2025-08-01,49,19,12,11,12,657
24957,2025-08-01,20,15,38,12,28,8921
25035,2025-08-01,45,20,7,10,12,1741
25075,2025-08-01,40,18,153,56,60,17361
25138,2025-08-01,19,15,39,16,28,4368
25145,2025-08-01,22,18,5,9,12,886
25235,2025-08-01,29,17,3,23,28,233
25247,2025-08-01,39,18,3,11,12,284
25256,2025-08-01,43,19,50,39,45,10673
25274,2025-08-01,13,10,31,49,60,4971
25308,2025-08-01,4,5,52,9,45,4915
25319,2025-08-01,50,19,3,9,12,295
25336,2025-08-01,32,15,4,6,12,19
25560,2025-08-01,28,18,3,23,28,447
25577,2025-08-01,5,7,38,46,60,756
25613,2025-08-01,46,21,48,43,45,2445
25666,2025-08-01,32,15,26,36,60,1958
25679,2025-08-01,44,21,54,26,45,7027
25686,2025-08-01,3,4,3,5,12,419
25687,2025-08-01,32,15,4,18,28,110
25694,2025-08-01,16,15,16,23,28,2780
25759,2025-08-01,8,10,2,6,12,246
25818,2025-08-01,9,9,30,22,45,1807
25909,2025-08-01,33,17,4,10,12,918
25919,2025-08-01,47,19,28,21,28,6297
25920,2025-08-01,55,22,8,9,12,1720
25951,2025-08-01,28,18,1,26,28,76
25988,2025-08-01,32,17,4,10,12,793
26042,2025-08-01,39,19,10,10,12,937
26147,2025-08-01,19,12,9,20,45,277
26260,2025-08-01,7,9,3,2,12,314
26277,2025-08-01,63,21,63,38,45,21193
26312,2025-08-01,13,14,24,7,28,842
26445,2025-08-01,31,18,8,17,28,2535
26507,2025-08-01,23,15,3,7,12,898
26521,2025-08-01,29,16,3,6,12,476
26568,2025-08-01,14,11,124,33,45,14372
26592,2025-08-01,20,16,2,13,28,317
26664,2025-08-01,39,20,104,41,45,18029
26685,2025-08-01,32,18,2,5,12,105
26714,2025-08-01,29,17,34,15,28,3269
26734,2025-08-01,1,1,17,3,28,1009
26744,2025-08-01,33,17,55,12,45,10188
26817,2025-08-01,27,15,55,9,28,18155
26835,2025-08-01,4,6,31,25,60,1118
26865,2025-08-01,25,16,47,56,60,3198
26878,2025-08-01,5,7,2,1,12,368
26911,2025-08-01,48,20,3,9,12,1659
26965,2025-08-01,18,16,101,24,60,13201
27133,2025-08-01,53,20,13,22,28,4524
27248,2025-08-01,63,22,34,40,45,5719
27315,2025-08-01,21,17,4,5,12,591
27337,2025-08-01,57,22,26,56,60,2420
27387,2025-08-01,34,17,38,53,60,7377
27392,2025-08-01,7,8,3,7,12,110
27489,2025-08-01,57,20,19,43,45,2212
27545,2025-08-01,58,22,4,11,12,57
27588,2025-08-01,25,13,2,9,45,349
27689,2025-08-01,51,21,12,25,28,1529
27708,2025-08-01,80,22,97,57,60,36080
27778,2025-08-01,28,16,22,23,45,1729
27791,2025-08-01,23,16,27,27,45,1382
27940,2025-08-01,36,19,3,20,28,871
27963,2025-08-01,38,19,2,19,28,426
27998,2025-08-01,54,20,20,29,45,8289
28017,2025-08-01,24,17,9,8,12,3038
28082,2025-08-01,47,21,6,12,28,206
28136,2025-08-01,63,21,8,11,12,869
28203,2025-08-01,36,17,10,18,28,1175
28234,2025-08-01,21,17,6,34,45,581
28239,2025-08-01,65,20,5,23,28,625
28276,2025-08-01,46,21,6,24,28,1896
28278,2025-08-01,31,19,18,35,45,3713
28370,2025-08-01,12,14,13,29,45,458
28382,2025-08-01,56,22,28,25,28,9969
28397,2025-08-01,61,21,69,14,45,2306
28412,2025-08-01,51,20,7,8,12,1612
28440,2025-08-01,37,18,3,7,12,562
28453,2025-08-01,26,15,7,10,12,573
28572,2025-08-01,10,12,4,17,28,189
28641,2025-08-01,1,2,5,8,60,143
28826,2025-08-01,7,9,13,6,28,643
28898,2025-08-01,8,11,6,18,60,279
28899,2025-08-01,51,22,4,26,45,465
28909,2025-08-01,4,7,1,4,12,13
28977,2025-08-01,71,22,7,26,28,1326
28987,2025-08-01,30,17,43,13,28,3016
29124,2025-08-01,23,16,122,31,60,4177
29155,2025-08-01,9,11,13,24,28,1493
29218,2025-08-01,36,19,6,27,28,2412
29251,2025-08-01,17,15,43,33,45,766
29302,2025-08-01,13,12,94,22,45,5293
29303,2025-08-01,66,22,75,16,28,6925
29327,2025-08-01,35,19,2,7,12,267
29331,2025-08-01,5,6,2,4,12,29
29367,2025-08-01,40,21,17,21,28,913
29499,2025-08-01,67,22,36,43,45,9656
29526,2025-08-01,6,8,3,3,12,461
29667,2025-08-01,55,20,76,40,45,14343
29679,2025-08-01,38,18,6,19,28,688
29688,2025-08-01,56,22,8,11,12,742
29721,2025-08-01,40,20,7,8,12,540
29723,2025-08-01,12,9,2,8,12,237
29769,2025-08-01,15,15,2,2,28,244
29805,2025-08-01,43,21,3,18,28,790
29832,2025-08-01,26,16,2,26,28,59
29841,2025-08-01,39,17,169,52,60,65924
29897,2025-08-01,9,11,1,8,28,139
29918,2025-08-01,4,7,4,4,12,302
29922,2025-08-01,31,16,46,45,60,1799
29926,2025-08-01,21,16,7,21,45,1101
29939,2025-08-01,4,6,4,7,12,128
29986,2025-08-01,55,22,28,32,60,3367
30229,2025-08-01,49,22,154,40,60,73896
30263,2025-08-01,50,19,2,10,12,295
30344,2025-08-01,58,21,5,8,12,262
30372,2025-08-01,15,12,82,49,60,8902
30382,2025-08-01,8,10,3,13,45,322
30410,2025-08-01,35,18,16,14,28,2706
30484,2025-08-01,35,19,1,24,28,323
30593,2025-08-01,11,13,5,3,12,154
30607,2025-08-01,23,16,1,8,12,366
30716,2025-08-01,28,18,2,14,28,32
30738,2025-08-01,38,21,12,24,28,2083
30795,2025-08-01,37,20,7,10,12,1844
30798,2025-08-01,29,17,44,14,45,5799
30819,2025-08-01,77,22,98,52,60,38242
30820,2025-08-01,29,20,8,9,12,2582
30839,2025-08-01,37,18,188,38,60,27303
30843,2025-08-01,29,19,2,17,28,309
30866,2025-08-01,11,11,5,4,12,978
30867,2025-08-01,32,18,4,11,12,530
30905,2025-08-01,69,22,26,27,28,6750
31005,2025-08-01,16,14,1,8,28,44
31113,2025-08-01,32,18,9,10,28,1658
31125,2025-08-01,11,9,1,22,45,260
31126,2025-08-01,21,16,7,16,28,372
31160,2025-08-01,29,19,7,7,12,2052
31179,2025-08-01,80,22,9,21,28,1101
31239,2025-08-01,19,16,30,28,60,1941
31267,2025-08-01,30,20,18,30,45,1908
31286,2025-08-01,2,4,23,12,60,1189
31324,2025-08-01,52,19,7,22,28,1984
31331,2025-08-01,34,18,7,11,12,238
31348,2025-08-01,37,16,2,5,12,507
31392,2025-08-01,19,12,7,5,12,640
31459,2025-08-01,47,18,77,31,45,12045
31468,2025-08-01,32,19,5,23,28,1710
31544,2025-08-01,42,20,56,32,45,6532
31563,2025-08-01,38,19,3,13,28,501
31595,2025-08-01,43,19,3,10,12,453
31623,2025-08-01,46,17,56,57,60,13352
31691,2025-08-01,49,20,7,6,12,1311
31701,2025-08-01,29,15,7,11,12,706
31726,2025-08-01,19,17,2,10,28,168
31730,2025-08-01,70,22,13,7,12,4350
31775,2025-08-01,23,14,16,19,28,3303
31786,2025-08-01,5,10,16,23,60,1828
31811,2025-08-01,75,21,10,11,12,2391
31852,2025-08-01,29,19,32,11,28,18677
31933,2025-08-01,35,21,13,47,60,2238
31969,2025-08-01,24,17,5,11,12,412
31977,2025-08-01,6,8,9,4,28,202
31983,2025-08-01,27,16,20,30,45,2582
32005,2025-08-01,12,13,5,35,45,764
32019,2025-08-01,25,19,5,11,28,1201
32021,2025-08-01,12,13,2,3,12,164
32121,2025-08-01,25,16,51,26,28,4792
32137,2025-08-01,15,12,19,4,60,3038
32171,2025-08-01,52,21,16,21,28,2918
32211,2025-08-01,8,9,7,14,28,380
32302,2025-08-01,38,19,63,23,60,6978
32392,2025-08-01,26,16,6,10,12,599
32405,2025-08-01,26,16,4,22,28,1087
32430,2025-08-01,52,22,48,27,28,1569
32453,2025-08-01,38,19,3,9,12,398
32521,2025-08-01,48,18,3,9,12,434
32529,2025-08-01,21,19,4,10,12,245
32531,2025-08-01,30,18,100,27,45,12140
32536,2025-08-01,12,15,4,21,45,280
32601,2025-08-01,35,18,8,20,28,2244
32628,2025-08-01,26,17,1,22,28,153
32670,2025-08-01,58,20,15,24,28,3931
32673,2025-08-01,42,21,9,10,12,1076
32811,2025-08-01,10,9,16,15,45,340
32896,2025-08-01,56,21,144,40,60,60723
32903,2025-08-01,47,20,18,28,45,11437
32920,2025-08-01,11,13,2,7,12,50
32926,2025-08-01,25,16,2,39,45,252
32935,2025-08-01,55,21,66,21,28,6461
32995,2025-08-01,77,21,13,55,60,3758
33018,2025-08-01,23,20,1,7,12,292
33021,2025-08-01,59,22,6,25,28,2021
33137,2025-08-01,8,10,26,24,45,1480
33202,2025-08-01,6,8,19,7,28,933
33208,2025-08-01,16,10,17,32,60,2313
33284,2025-08-01,36,17,2,11,12,383
33289,2025-08-01,4,6,2,3,12,77
33350,2025-08-01,29,20,3,13,28,87
33372,2025-08-01,11,15,13,10,45,2083
33383,2025-08-01,40,20,52,22,28,8290
33400,2025-08-01,18,15,15,23,45,3534
33472,2025-08-01,74,22,89,35,45,22709
33774,2025-08-01,13,12,2,4,12,12
33776,2025-08-01,34,17,6,6,12,655
33778,2025-08-01,41,19,6,10,12,868
33794,2025-08-01,60,22,64,41,45,10161
33796,2025-08-01,52,20,13,33,45,3174
33856,2025-08-01,1,2,1,10,28,114
33870,2025-08-01,4,7,40,34,60,4503
33871,2025-08-01,6,8,42,26,60,1921
33919,2025-08-01,39,19,43,39,45,5743
33925,2025-08-01,17,13,2,2,12,29
33931,2025-08-01,7,13,1,6,45,117
33945,2025-08-01,67,21,30,24,28,6959
33971,2025-08-01,59,21,15,43,45,1735
33975,2025-08-01,67,20,8,27,28,1460
33986,2025-08-01,34,17,137,36,60,13821
34001,2025-08-01,25,17,12,6,12,1779
34013,2025-08-01,17,13,102,15,60,10057
34038,2025-08-01,21,17,28,16,45,2214
34048,2025-08-01,41,18,8,8,12,3205
34076,2025-08-01,5,9,3,4,12,288
34201,2025-08-01,16,15,4,16,28,400
34261,2025-08-01,21,16,4,14,28,240
34265,2025-08-01,45,21,3,22,28,118
34268,2025-08-01,9,9,1,16,28,150
34441,2025-08-01,4,5,13,4,28,2348
34482,2025-08-01,8,10,4,22,45,253
34499,2025-08-01,44,20,15,41,45,2264
34559,2025-08-01,60,22,62,21,28,27192
34615,2025-08-01,18,13,63,23,45,6281
34721,2025-08-01,45,22,43,25,28,20411
34735,2025-08-01,67,22,49,41,45,16414
34744,2025-08-01,5,7,1,13,28,110
34795,2025-08-01,40,21,12,8,12,3843
34863,2025-08-01,28,18,4,38,45,279
34879,2025-08-01,9,9,1,26,45,57
34889,2025-08-01,37,18,5,6,12,641
34988,2025-08-01,53,22,7,9,12,959
35003,2025-08-01,71,22,34,34,45,6714
35046,2025-08-01,10,12,3,5,12,497
35057,2025-08-01,52,20,13,26,28,1099
35071,2025-08-01,36,19,44,19,28,1674
35118,2025-08-01,4,6,1,3,12,38
35136,2025-08-01,63,22,3,11,12,341
35266,2025-08-01,28,17,4,9,12,554
35343,2025-08-01,32,16,6,10,28,701
35346,2025-08-01,9,12,2,6,12,194
35411,2025-08-01,17,14,1,8,12,89
35412,2025-08-01,44,18,46,43,60,2992
35439,2025-08-01,17,13,3,6,28,187
35528,2025-08-01,39,20,2,9,12,271
35550,2025-08-01,60,21,3,11,12,721
35710,2025-08-01,42,20,5,26,28,493
35815,2025-08-01,21,17,2,7,12,575
35860,2025-08-01,23,18,1,21,28,105
35933,2025-08-01,30,18,112,16,60,5395
36017,2025-08-01,6,10,28,8,28,1000
36021,2025-08-01,40,20,2,8,12,326
36076,2025-08-01,2,4,5,16,28,547
36077,2025-08-01,3,5,3,22,28,315
36158,2025-08-01,45,18,1,9,12,133
36173,2025-08-01,74,22,3,11,12,717
36196,2025-08-01,80,22,54,48,60,23036
36197,2025-08-01,51,21,9,22,28,1021
36206,2025-08-01,10,12,5,7,12,332
36413,2025-08-01,8,11,43,15,60,2926
36602,2025-08-01,17,12,46,34,60,1818
36773,2025-08-01,14,11,5,19,28,218
36791,2025-08-01,67,21,5,26,28,855
36815,2025-08-01,52,22,15,31,45,7328
36833,2025-08-01,26,18,31,27,45,11914
36886,2025-08-01,57,20,4,11,12,674
36906,2025-08-01,74,22,6,8,12,377
36920,2025-08-01,42,21,6,23,28,785
36980,2025-08-01,8,7,28,7,28,3884
36984,2025-08-01,5,7,10,9,45,490
36995,2025-08-01,44,19,136,48,60,18259
37105,2025-08-01,17,15,4,8,12,485
37109,2025-08-01,41,19,51,39,45,7220
37116,2025-08-01,30,15,148,56,60,33402
37134,2025-08-01,60,22,13,11,12,181
37179,2025-08-01,36,19,9,10,12,1644
37285,2025-08-01,14,16,31,23,45,8187
37335,2025-08-01,40,20,8,10,12,1302
37398,2025-08-01,21,18,7,20,28,838
37424,2025-08-01,8,7,39,21,60,616
37460,2025-08-01,17,13,101,43,60,24259
37476,2025-08-01,18,14,3,17,28,292
37487,2025-08-01,43,22,118,34,45,7157
37500,2025-08-01,15,10,6,22,28,1047
37563,2025-08-01,69,21,68,43,45,13948
37605,2025-08-01,56,21,67,25,28,9255
37672,2025-08-01,9,10,46,19,28,4261
37747,2025-08-01,33,18,2,22,28,277
37940,2025-08-01,77,21,11,27,28,2404
37982,2025-08-01,13,13,7,26,60,801
38022,2025-08-01,61,21,11,11,12,825
38086,2025-08-01,33,19,48,28,45,17007
38095,2025-08-01,76,22,6,26,28,2396
38111,2025-08-01,57,21,5,11,12,1674
38197,2025-08-01,26,17,5,18,28,330
38198,2025-08-01,48,21,3,9,12,402
38211,2025-08-01,25,14,10,8,12,2217
38227,2025-08-01,31,18,4,24,28,252
38252,2025-08-01,6,9,7,9,45,1558
38268,2025-08-01,26,14,5,6,12,526
38270,2025-08-01,14,12,9,21,45,1470
38306,2025-08-01,49,22,10,9,12,928
38612,2025-08-01,18,13,10,24,45,1251
38664,2025-08-01,9,9,7,12,28,2013
38728,2025-08-01,2,4,2,2,12,243
38766,2025-08-01,61,22,74,41,45,12257
38770,2025-08-01,49,21,197,57,60,45975
38812,2025-08-01,5,10,3,1,12,277
38823,2025-08-01,34,18,25,22,28,1408
38848,2025-08-01,53,22,86,26,60,30850
38906,2025-08-01,22,14,33,34,60,5076
38939,2025-08-01,14,9,51,33,45,15902
39017,2025-08-01,11,11,2,7,12,337
39037,2025-08-01,41,21,3,17,28,354
39062,2025-08-01,20,14,7,14,28,544
39190,2025-08-01,9,10,6,25,45,697
39196,2025-08-01,17,15,3,10,12,96
39248,2025-08-01,14,11,54,25,28,9026
39416,2025-08-01,21,15,39,34,60,7596
39515,2025-08-01,26,15,3,9,12,184
39666,2025-08-01,40,19,1,24,28,360
39715,2025-08-01,36,19,82,43,60,19836
39739,2025-08-01,44,18,11,7,12,2369
39869,2025-08-01,17,15,5,3,12,620
39899,2025-08-01,13,13,4,10,12,784
40017,2025-08-01,6,8,21,15,45,1538
40093,2025-08-01,47,19,3,22,28,656
40166,2025-08-01,27,18,2,37,45,84
40219,2025-08-01,60,21,5,20,28,1292
40270,2025-08-01,11,11,4,6,28,197
40485,2025-08-01,47,21,11,11,12,2387
40555,2025-08-01,45,21,52,19,28,5693
40659,2025-08-01,37,21,3,7,12,1060
40736,2025-08-01,25,17,19,39,60,7038
40757,2025-08-01,51,21,10,43,45,471
40826,2025-08-01,63,21,12,27,28,2149
40843,2025-08-01,43,19,4,6,12,1159
40857,2025-08-01,5,6,3,5,12,191
40892,2025-08-01,26,20,23,20,45,3678
40936,2025-08-01,59,22,4,26,28,1153
41021,2025-08-01,13,13,5,8,12,600
41112,2025-08-01,42,21,5,38,45,665
41124,2025-08-01,62,21,4,43,45,550
41128,2025-08-01,58,21,25,26,28,2737
41180,2025-08-01,34,17,9,9,12,1590
41209,2025-08-01,36,19,19,40,45,1648
41289,2025-08-01,34,16,6,7,12,878
41324,2025-08-01,9,9,3,9,28,355
41404,2025-08-01,37,18,1,5,12,237
41475,2025-08-01,20,15,25,15,28,1041
41508,2025-08-01,23,16,5,9,12,1155
41531,2025-08-01,9,9,29,41,60,5047
41542,2025-08-01,5,7,16,5,45,1310
41554,2025-08-01,49,21,10,25,28,1437
41601,2025-08-01,15,14,1,2,12,61
41660,2025-08-01,15,14,4,19,28,117
41686,2025-08-01,34,20,4,9,12,1081
41704,2025-08-01,36,17,1,24,28,260
41709,2025-08-01,16,13,51,19,45,2814
41717,2025-08-01,15,13,2,8,12,126
41724,2025-08-01,29,17,6,9,12,1487
41740,2025-08-01,19,17,7,11,12,1085
41776,2025-08-01,51,21,3,18,28,739
41834,2025-08-01,8,10,4,4,12,488
41853,2025-08-01,19,16,101,25,60,18271
41859,2025-08-01,23,15,9,19,28,1784
41868,2025-08-01,12,12,9,7,12,1335
41869,2025-08-01,7,10,19,10,28,3120
41876,2025-08-01,40,20,67,49,60,9943
41888,2025-08-01,44,19,57,20,28,12085
41946,2025-08-01,46,19,5,10,12,2250
41955,2025-08-01,39,20,4,23,28,1337
41956,2025-08-01,57,21,10,11,12,2814
41961,2025-08-01,35,20,7,23,28,2096
41970,2025-08-01,46,19,14,34,45,7461
41985,2025-08-01,7,10,1,2,12,116
42017,2025-08-01,9,11,3,14,28,231
42058,2025-08-01,22,14,7,8,28,699
42060,2025-08-01,6,10,31,17,45,3738
42105,2025-08-01,17,13,11,10,12,2886
42111,2025-08-01,6,8,2,7,28,206
42170,2025-08-01,47,20,8,11,12,739
42176,2025-08-01,18,12,7,7,12,244
42196,2025-08-01,9,9,1,2,12,73
42253,2025-08-01,8,9,5,2,12,778
42264,2025-08-01,45,21,8,38,45,1794
42269,2025-08-01,26,19,3,31,45,1426
42398,2025-08-01,11,15,91,13,60,8557
42428,2025-08-01,29,17,4,15,28,265
42446,2025-08-01,16,14,1,5,12,150
42536,2025-08-01,21,14,5,6,12,223
42620,2025-08-01,43,20,10,9,12,772
42635,2025-08-01,12,12,2,7,12,93
42704,2025-08-01,27,16,15,17,28,1572
42719,2025-08-01,30,17,53,52,60,7604
42762,2025-08-01,54,22,11,11,12,3711
42868,2025-08-01,54,20,1,14,28,101
42914,2025-08-01,36,19,11,22,28,2748
42955,2025-08-01,33,20,8,18,28,890
43041,2025-08-01,39,20,130,41,60,12453
43162,2025-08-01,25,15,3,8,12,400
43165,2025-08-01,5,9,26,9,28,4565
43194,2025-08-01,11,11,2,12,28,194
43202,2025-08-01,35,16,14,31,45,1825
43280,2025-08-01,3,5,13,4,28,767
43358,2025-08-01,14,13,25,26,45,614
43428,2025-08-01,27,16,2,15,28,187
43444,2025-08-01,23,15,7,15,28,765
43533,2025-08-01,20,15,22,11,28,2453
43540,2025-08-01,29,19,3,7,12,752
43556,2025-08-01,2,3,2,5,12,92
43624,2025-08-01,21,15,3,11,12,261
43663,2025-08-01,26,17,53,14,28,4147
43665,2025-08-01,21,16,2,16,28,659
43687,2025-08-01,22,20,7,4,12,449
43702,2025-08-01,23,16,5,9,12,1602
43777,2025-08-01,8,13,23,7,45,1386
43819,2025-08-01,18,16,2,24,45,144
43882,2025-08-01,48,20,4,4,12,363
44058,2025-08-01,11,13,5,5,12,281
44132,2025-08-01,7,10,6,1,12,692
44211,2025-08-01,23,18,3,21,28,738
44258,2025-08-01,35,19,8,18,45,1778
44365,2025-08-01,14,11,8,7,28,205
44430,2025-08-01,42,19,48,22,28,6994
44458,2025-08-01,28,18,22,47,60,2787
44474,2025-08-01,29,19,7,7,28,766
44476,2025-08-01,57,21,10,22,28,539
44484,2025-08-01,22,18,1,14,28,69
44491,2025-08-01,15,14,13,11,60,1223
44541,2025-08-01,60,21,6,10,12,649
44570,2025-08-01,4,6,20,1,60,559
44577,2025-08-01,8,9,1,10,12,52
44611,2025-08-01,39,19,5,9,12,1160
44620,2025-08-01,57,21,53,27,28,3523
44643,2025-08-01,45,22,9,11,12,2537
44670,2025-08-01,22,15,47,4,60,7097
44692,2025-08-01,36,19,61,17,45,9660
44722,2025-08-01,75,21,14,40,45,6608
44799,2025-08-01,45,19,9,21,28,3297
44851,2025-08-01,45,21,1,11,12,94
44979,2025-08-01,32,18,6,9,12,585
45066,2025-08-01,33,19,4,9,12,273
45081,2025-08-01,12,15,1,5,12,112
45151,2025-08-01,25,16,1,14,28,46
45231,2025-08-01,31,18,40,21,45,3795
45236,2025-08-01,12,12,3,8,12,400
45290,2025-08-01,23,16,4,21,28,400
45332,2025-08-01,20,15,3,9,12,245
45344,2025-08-01,34,19,57,23,28,1138
45395,2025-08-01,40,18,11,8,12,304
45424,2025-08-01,32,19,3,18,28,414
45507,2025-08-01,49,21,4,23,28,571
45541,2025-08-01,36,21,41,8,45,11301
45556,2025-08-01,51,22,6,41,45,412
45588,2025-08-01,39,18,6,9,12,1006
45606,2025-08-01,42,20,28,34,45,3508
45608,2025-08-01,8,10,1,4,12,44
45702,2025-08-01,9,10,2,4,12,26
45708,2025-08-01,11,12,5,6,12,443
45757,2025-08-01,43,17,7,36,45,433
45827,2025-08-01,43,21,14,23,28,1241
45831,2025-08-01,58,20,4,9,12,850
45909,2025-08-01,12,8,22,10,28,2212
45983,2025-08-01,27,18,90,51,60,17543
46011,2025-08-01,13,13,66,23,60,4067
46059,2025-08-01,33,19,3,13,28,352
46074,2025-08-01,44,19,51,55,60,6537
46088,2025-08-01,22,15,7,19,28,2444
46114,2025-08-01,7,10,2,5,28,88
46158,2025-08-01,75,22,40,23,28,13486
46227,2025-08-01,1,2,2,2,12,82
46302,2025-08-01,69,22,29,43,45,3278
46382,2025-08-01,49,21,8,19,28,1265
46452,2025-08-01,16,14,15,12,28,980
46487,2025-08-01,13,13,5,8,12,356
46503,2025-08-01,19,15,46,35,60,9805
46607,2025-08-01,69,22,11,11,12,1314
46659,2025-08-01,28,20,4,9,12,654
46708,2025-08-01,52,21,7,23,28,577
46731,2025-08-01,16,15,4,11,28,689
46740,2025-08-01,35,15,43,19,45,2103
46829,2025-08-01,43,21,140,34,45,52452
46847,2025-08-01,49,20,61,45,60,20232
46887,2025-08-01,4,6,1,15,28,119
46903,2025-08-01,39,19,10,24,45,4014
46968,2025-08-01,51,20,11,27,28,2146
47036,2025-08-01,34,15,11,5,12,579
47046,2025-08-01,40,19,54,20,28,8190
47074,2025-08-01,6,10,131,9,45,16242
47208,2025-08-01,16,17,2,6,12,352
47280,2025-08-01,9,11,2,2,28,48
47297,2025-08-01,3,6,28,9,60,1304
47413,2025-08-01,35,21,3,4,12,731
47460,2025-08-01,28,17,9,16,28,3019
47517,2025-08-01,37,17,38,21,28,2518
47522,2025-08-01,14,14,4,5,12,212
47527,2025-08-01,22,14,6,6,28,554
47666,2025-08-01,34,18,5,7,12,160
47675,2025-08-01,15,11,28,21,45,2437
47676,2025-08-01,24,18,22,14,28,1695
47771,2025-08-01,36,20,5,23,28,594
47832,2025-08-01,12,11,39,7,28,3851
47858,2025-08-01,49,20,134,25,60,25357
47863,2025-08-01,12,12,3,3,12,310
47874,2025-08-01,12,13,103,22,45,18654
47879,2025-08-01,4,6,21,17,45,294
47889,2025-08-01,44,21,121,49,60,22644
47913,2025-08-01,21,14,9,4,12,1896
47989,2025-08-01,7,10,4,14,28,297
48050,2025-08-01,54,21,2,11,12,340
48107,2025-08-01,32,19,63,33,45,9909
48223,2025-08-01,22,15,5,36,45,505
48299,2025-08-01,1,2,2,1,12,134
48337,2025-08-01,19,14,6,5,12,509
48355,2025-08-01,49,21,7,26,28,1451
48427,2025-08-01,31,14,8,11,12,266
48428,2025-08-01,7,9,1,18,28,60
48538,2025-08-01,61,21,2,11,12,930
48567,2025-08-01,43,18,4,9,12,914
48593,2025-08-01,13,14,81,17,60,4073
48639,2025-08-01,54,19,6,20,28,545
48644,2025-08-01,75,22,11,11,12,2507
48808,2025-08-01,45,21,55,38,45,8889
48925,2025-08-01,7,9,17,6,28,1300
48989,2025-08-01,62,20,10,11,12,1613
49009,2025-08-01,35,17,11,21,28,3317
49099,2025-08-01,45,19,21,27,28,448
49130,2025-08-01,29,16,5,17,28,566
49144,2025-08-01,12,12,3,13,28,263
49168,2025-08-01,48,20,36,27,28,12811
49176,2025-08-01,30,17,8,7,12,1510
49214,2025-08-01,4,7,3,6,12,226
49249,2025-08-01,68,22,76,31,45,9521
49313,2025-08-01,53,21,3,27,28,242
49323,2025-08-01,13,13,41,17,28,5808
49489,2025-08-01,27,17,7,4,12,1872
49517,2025-08-01,3,5,29,11,45,2989
49598,2025-08-01,6,7,61,18,60,6079
49606,2025-08-01,25,16,2,4,12,196
49617,2025-08-01,11,10,10,12,28,1020
49642,2025-08-01,28,19,7,10,12,522
49707,2025-08-01,74,22,84,42,45,7747
49714,2025-08-01,41,19,2,22,28,189
49783,2025-08-01,34,18,4,11,12,345
49791,2025-08-01,8,12,41,8,60,4941
49808,2025-08-01,40,22,2,8,12,107
49872,2025-08-01,6,8,3,12,28,70
49884,2025-08-01,65,22,102,39,45,21127
49913,2025-08-01,35,17,5,15,28,238
49980,2025-08-01,12,14,12,28,60,836
18,2025-09-01,8,7,0,8,28,0
19,2025-09-01,29,18,7,17,28,694
23,2025-09-01,39,19,9,23,28,1314
43,2025-09-01,15,15,46,37,45,2555
48,2025-09-01,71,22,6,11,12,1018
50,2025-09-01,16,14,4,3,12,424
58,2025-09-01,17,16,5,22,28,1861
119,2025-09-01,40,19,53,33,45,12114
222,2025-09-01,59,21,2,11,12,745
247,2025-09-01,58,21,11,43,45,482
259,2025-09-01,59,22,191,44,60,95063
300,2025-09-01,12,11,72,17,60,2681
319,2025-09-01,53,20,13,54,60,3363
334,2025-09-01,66,22,60,27,28,4726
335,2025-09-01,67,22,4,9,12,1041
341,2025-09-01,30,19,27,31,45,3934
356,2025-09-01,26,13,6,4,12,909
379,2025-09-01,60,21,11,37,45,1733
508,2025-09-01,8,10,53,11,60,4351
531,2025-09-01,46,21,12,8,12,2150
575,2025-09-01,45,19,30,40,45,9309
668,2025-09-01,20,17,1,4,12,144
685,2025-09-01,9,12,2,4,12,143
689,2025-09-01,29,17,3,23,28,574
738,2025-09-01,50,21,120,17,45,8008
855,2025-09-01,25,16,5,21,28,1193
895,2025-09-01,8,12,3,5,12,244
1001,2025-09-01,32,18,5,18,45,641
1004,2025-09-01,11,12,29,9,28,1308
1022,2025-09-01,69,20,49,22,28,11166
1048,2025-09-01,52,20,38,27,28,9618
1054,2025-09-01,16,14,4,3,12,435
1061,2025-09-01,68,22,6,11,12,1879
1073,2025-09-01,55,22,2,43,45,67
1074,2025-09-01,8,9,5,4,12,1099
1092,2025-09-01,19,13,2,4,12,199
1107,2025-09-01,69,22,20,55,60,3876
1167,2025-09-01,3,5,1,6,28,114
1227,2025-09-01,52,22,11,11,12,2135
1237,2025-09-01,46,18,7,9,12,1667
1240,2025-09-01,43,18,8,28,45,734
1314,2025-09-01,35,18,7,15,28,761
1362,2025-09-01,13,15,2,9,45,264
1385,2025-09-01,81,22,2,27,28,410
1387,2025-09-01,6,8,2,7,28,370
1402,2025-09-01,35,18,21,11,60,6410
1406,2025-09-01,49,20,61,19,28,3495
1460,2025-09-01,5,9,1,4,12,41
1806,2025-09-01,8,8,24,7,45,1097
1807,2025-09-01,43,20,27,31,60,4118
1822,2025-09-01,28,16,3,9,12,183
1917,2025-09-01,39,19,38,26,60,6199
1974,2025-09-01,49,19,5,20,28,2574
1983,2025-09-01,48,21,53,25,45,1817
2044,2025-09-01,9,13,0,6,12,0
2082,2025-09-01,26,18,34,34,45,8406
2244,2025-09-01,9,10,3,7,12,310
2259,2025-09-01,12,11,2,5,12,192
2383,2025-09-01,20,13,7,6,12,1552
2529,2025-09-01,7,8,2,5,12,208
2554,2025-09-01,25,16,63,51,60,18006
2555,2025-09-01,48,19,47,26,45,6216
2575,2025-09-01,39,19,2,10,12,547
2608,2025-09-01,17,14,7,28,45,93
2620,2025-09-01,24,19,7,26,60,1011
2705,2025-09-01,58,21,31,54,60,7508
2713,2025-09-01,19,14,4,5,12,1899
2754,2025-09-01,56,22,3,26,28,1080
2761,2025-09-01,59,22,6,7,12,716
2768,2025-09-01,31,16,2,36,45,415
2803,2025-09-01,28,17,39,29,45,2486
2845,2025-09-01,16,13,43,22,60,9093
2899,2025-09-01,24,15,2,13,28,628
2939,2025-09-01,4,6,35,41,60,1878
3054,2025-09-01,66,22,4,11,12,591
3171,2025-09-01,21,14,39,44,60,3952
3225,2025-09-01,53,22,3,11,12,496
3262,2025-09-01,19,15,23,11,28,1628
3263,2025-09-01,8,7,3,3,28,152
3285,2025-09-01,69,21,65,56,60,20311
3295,2025-09-01,53,22,66,24,28,9357
3344,2025-09-01,68,21,9,25,28,4858
3421,2025-09-01,75,22,19,53,60,6163
3422,2025-09-01,39,19,14,21,28,562
3470,2025-09-01,14,14,7,1,12,1627
3583,2025-09-01,72,21,2,11,12,235
3656,2025-09-01,29,19,9,5,12,906
3669,2025-09-01,19,13,7,13,28,1682
3805,2025-09-01,23,17,26,33,60,3373
3835,2025-09-01,59,21,13,14,28,3945
3840,2025-09-01,45,20,4,11,12,113
3966,2025-09-01,37,18,8,11,12,975
4019,2025-09-01,3,4,48,5,45,3298
4049,2025-09-01,28,17,3,24,45,130
4281,2025-09-01,12,13,11,7,28,595
4306,2025-09-01,25,17,5,24,28,629
4376,2025-09-01,44,22,7,10,12,3392
4453,2025-09-01,40,17,33,36,45,3520
4520,2025-09-01,46,19,8,11,12,1271
4534,2025-09-01,19,13,2,26,45,185
4562,2025-09-01,27,17,9,4,12,637
4576,2025-09-01,37,22,6,22,28,915
4613,2025-09-01,5,6,5,8,28,429
4626,2025-09-01,5,6,25,10,45,1389
4654,2025-09-01,15,13,33,17,45,2902
4719,2025-09-01,27,15,64,21,60,5707
4759,2025-09-01,79,22,6,26,28,1132
4788,2025-09-01,55,21,24,38,45,346
4796,2025-09-01,43,18,4,9,12,1571
4810,2025-09-01,42,21,28,34,45,8855
4819,2025-09-01,13,15,133,12,60,11977
4922,2025-09-01,13,13,6,19,28,212
4953,2025-09-01,6,7,34,5,45,3864
4988,2025-09-01,6,8,13,11,45,3990
5023,2025-09-01,34,18,10,10,12,3193
5046,2025-09-01,16,13,22,36,45,1355
5161,2025-09-01,9,11,6,5,12,1942
5199,2025-09-01,13,12,4,14,28,121
5215,2025-09-01,4,5,12,22,60,3476
5217,2025-09-01,32,19,10,5,12,584
5255,2025-09-01,35,18,31,22,28,3196
5329,2025-09-01,18,15,79,18,60,6945
5367,2025-09-01,17,13,46,31,60,8464
5370,2025-09-01,5,8,32,13,60,4826
5398,2025-09-01,17,14,24,9,28,1835
5411,2025-09-01,59,22,70,43,45,15286
5428,2025-09-01,40,21,10,27,28,1000
5468,2025-09-01,60,22,7,22,28,1958
5513,2025-09-01,26,16,32,47,60,4648
5535,2025-09-01,3,6,17,17,60,3266
5566,2025-09-01,9,11,3,11,28,263
5589,2025-09-01,49,21,16,24,28,3247
5610,2025-09-01,3,4,20,29,60,989
5614,2025-09-01,22,15,23,7,45,8965
5657,2025-09-01,30,21,1,9,12,336
5659,2025-09-01,27,16,14,35,45,562
5678,2025-09-01,2,4,1,8,45,101
5717,2025-09-01,51,21,23,41,45,5509
5747,2025-09-01,3,3,8,4,45,416
5749,2025-09-01,44,20,4,24,28,419
5754,2025-09-01,17,15,2,10,12,93
5786,2025-09-01,66,21,4,25,28,737
5855,2025-09-01,15,12,7,7,12,1503
5985,2025-09-01,80,22,4,11,12,364
6051,2025-09-01,13,13,8,7,12,515
6058,2025-09-01,38,19,8,22,28,2059
6092,2025-09-01,19,13,38,23,45,3512
6096,2025-09-01,51,19,9,27,45,1279
6100,2025-09-01,59,21,27,41,45,3529
6117,2025-09-01,6,7,53,22,45,2732
6134,2025-09-01,23,16,3,7,12,443
6149,2025-09-01,19,15,58,11,45,4934
6209,2025-09-01,1,1,7,4,12,281
6250,2025-09-01,19,15,4,4,12,224
6293,2025-09-01,11,11,33,17,45,1911
6298,2025-09-01,25,13,10,12,28,677
6312,2025-09-01,40,21,9,9,12,890
6317,2025-09-01,11,13,2,4,12,131
6330,2025-09-01,13,10,2,7,12,404
6359,2025-09-01,14,17,1,5,12,370
6362,2025-09-01,52,22,5,11,12,583
6392,2025-09-01,4,6,8,14,60,366
6483,2025-09-01,6,8,6,1,12,248
6487,2025-09-01,21,16,3,6,12,130
6514,2025-09-01,4,7,3,1,28,261
6515,2025-09-01,7,10,1,6,28,27
6529,2025-09-01,72,22,70,47,60,28747
6545,2025-09-01,36,19,18,34,45,2969
6557,2025-09-01,19,14,68,30,60,4861
6653,2025-09-01,28,18,10,36,45,1230
6669,2025-09-01,35,17,7,11,12,1027
6670,2025-09-01,25,14,32,43,60,2255
6687,2025-09-01,34,16,2,7,12,155
6693,2025-09-01,14,13,29,42,60,1985
6744,2025-09-01,19,14,19,26,45,899
6786,2025-09-01,7,10,18,13,45,2730
6814,2025-09-01,72,22,8,8,12,740
6909,2025-09-01,9,12,3,4,28,98
6937,2025-09-01,55,22,9,11,12,1127
6981,2025-09-01,4,6,23,10,60,2601
6997,2025-09-01,25,15,3,4,12,200
7039,2025-09-01,54,21,10,24,28,437
7058,2025-09-01,45,20,44,24,28,1324
7071,2025-09-01,28,18,4,26,45,720
7225,2025-09-01,43,21,30,39,45,1659
7227,2025-09-01,26,20,14,20,28,4137
7319,2025-09-01,45,21,5,10,12,580
7342,2025-09-01,44,21,15,42,45,1701
7357,2025-09-01,21,15,6,6,28,621
7359,2025-09-01,77,21,2,25,28,475
7429,2025-09-01,16,14,163,13,60,19212
7430,2025-09-01,8,11,4,6,12,488
7486,2025-09-01,7,9,4,9,12,112
7497,2025-09-01,49,20,57,25,28,5255
7498,2025-09-01,11,12,18,8,28,2209
7526,2025-09-01,74,22,204,42,45,20342
7609,2025-09-01,49,22,52,37,45,6025
7663,2025-09-01,9,11,15,38,60,1285
7806,2025-09-01,39,18,11,22,28,1715
7979,2025-09-01,34,21,107,45,60,8582
8004,2025-09-01,13,13,28,23,60,3760
8013,2025-09-01,47,21,5,42,45,833
8039,2025-09-01,5,8,2,13,28,97
8085,2025-09-01,56,20,10,25,28,2608
8107,2025-09-01,14,12,18,16,28,2088
8179,2025-09-01,35,18,41,22,28,5609
8186,2025-09-01,31,19,41,22,45,2691
8236,2025-09-01,49,21,2,27,28,374
8339,2025-09-01,23,16,26,33,45,2905
8340,2025-09-01,37,18,9,7,12,1789
8359,2025-09-01,9,11,28,31,60,3644
8377,2025-09-01,60,22,6,11,12,192
8392,2025-09-01,69,22,8,11,12,3511
8400,2025-09-01,5,6,2,4,12,291
8424,2025-09-01,33,19,1,10,12,133
8642,2025-09-01,24,16,6,19,28,914
8646,2025-09-01,1,2,1,1,12,27
8712,2025-09-01,29,16,4,14,28,519
8727,2025-09-01,7,9,6,4,28,230
8775,2025-09-01,56,21,2,9,12,368
8799,2025-09-01,8,10,8,12,28,938
8844,2025-09-01,46,22,10,24,28,401
8874,2025-09-01,5,7,26,7,28,4558
8895,2025-09-01,28,16,124,31,60,3252
8982,2025-09-01,27,14,45,39,60,4540
9057,2025-09-01,15,13,4,3,12,283
9083,2025-09-01,41,16,4,10,12,525
9104,2025-09-01,24,14,3,19,28,313
9112,2025-09-01,45,19,67,25,28,2029
9141,2025-09-01,10,8,2,20,28,128
9157,2025-09-01,33,16,11,21,28,518
9229,2025-09-01,26,16,41,31,45,5887
9269,2025-09-01,4,8,4,3,12,556
9272,2025-09-01,35,20,2,10,12,266
9399,2025-09-01,34,20,4,10,12,307
9465,2025-09-01,39,17,9,10,12,3151
9477,2025-09-01,4,5,9,15,60,849
9505,2025-09-01,21,15,53,30,45,132
9557,2025-09-01,4,7,45,36,45,6455
9562,2025-09-01,18,15,38,23,45,10521
9565,2025-09-01,16,12,44,9,28,10024
9636,2025-09-01,30,18,18,13,28,5411
9703,2025-09-01,33,17,22,30,60,3298
9720,2025-09-01,10,9,9,10,12,660
9724,2025-09-01,58,21,42,25,28,9618
9768,2025-09-01,33,15,31,13,45,5539
9836,2025-09-01,27,17,41,21,45,1724
9855,2025-09-01,47,21,22,24,45,4189
9866,2025-09-01,19,13,10,7,12,2083
9913,2025-09-01,43,21,2,25,28,432
9947,2025-09-01,11,10,7,7,28,1443
9995,2025-09-01,29,20,40,18,45,5026
10006,2025-09-01,48,21,61,23,45,18530
10160,2025-09-01,16,15,2,5,12,114
10214,2025-09-01,32,20,2,9,12,715
10246,2025-09-01,29,19,3,8,12,322
10289,2025-09-01,28,19,27,26,45,4168
10299,2025-09-01,62,22,105,55,60,31402
10316,2025-09-01,41,19,54,16,45,28613
10322,2025-09-01,36,20,8,5,12,688
10330,2025-09-01,53,21,183,42,45,26247
10376,2025-09-01,28,19,4,23,28,700
10429,2025-09-01,42,18,67,22,45,12542
10457,2025-09-01,27,18,3,8,12,506
10490,2025-09-01,26,16,3,11,12,1932
10516,2025-09-01,40,21,7,19,28,1615
10529,2025-09-01,68,22,12,26,28,3720
10578,2025-09-01,46,21,44,42,45,26594
10591,2025-09-01,61,19,9,11,12,1954
10745,2025-09-01,24,15,5,9,12,1219
10771,2025-09-01,9,9,29,12,45,4700
10776,2025-09-01,3,4,1,5,12,105
10780,2025-09-01,27,18,5,17,28,755
10883,2025-09-01,14,13,59,30,60,2912
10941,2025-09-01,19,17,14,41,45,2927
10973,2025-09-01,3,5,23,7,28,1219
10974,2025-09-01,35,18,25,23,45,6037
11068,2025-09-01,8,10,5,4,28,303
11117,2025-09-01,43,22,182,29,45,18471
11225,2025-09-01,53,19,6,27,28,778
11261,2025-09-01,15,11,4,15,28,795
11277,2025-09-01,68,22,93,51,60,29768
11348,2025-09-01,26,16,3,9,12,410
11425,2025-09-01,12,13,10,33,45,724
11457,2025-09-01,73,21,8,27,28,693
11474,2025-09-01,74,21,13,11,12,1823
11496,2025-09-01,51,21,2,20,28,175
11527,2025-09-01,23,16,3,23,28,318
11650,2025-09-01,33,19,24,39,60,3399
11789,2025-09-01,21,16,51,57,60,3019
11861,2025-09-01,45,19,6,11,12,5396
11877,2025-09-01,16,12,6,7,12,338
11883,2025-09-01,49,18,55,35,45,5468
12008,2025-09-01,64,21,3,11,12,1025
12050,2025-09-01,79,22,5,25,28,356
12095,2025-09-01,33,18,36,34,45,755
12103,2025-09-01,28,17,49,22,45,2881
12136,2025-09-01,23,13,9,11,12,1952
12148,2025-09-01,7,9,1,1,12,44
12176,2025-09-01,46,21,47,41,45,11164
12218,2025-09-01,44,21,10,8,12,833
12239,2025-09-01,27,19,11,8,12,1259
12276,2025-09-01,59,20,5,11,12,2107
12321,2025-09-01,18,16,31,34,45,5064
12357,2025-09-01,75,22,44,43,45,7872
12358,2025-09-01,24,14,4,6,28,278
12375,2025-09-01,24,16,48,39,60,3136
12392,2025-09-01,8,8,3,2,12,184
12436,2025-09-01,24,15,5,24,28,748
12473,2025-09-01,33,19,1,20,28,83
12586,2025-09-01,40,19,2,21,28,311
12587,2025-09-01,44,18,46,16,45,2132
12588,2025-09-01,17,13,8,5,12,640
12590,2025-09-01,37,20,102,44,60,10972
12602,2025-09-01,15,11,1,3,12,220
12617,2025-09-01,39,21,65,49,60,4376
12673,2025-09-01,10,12,14,8,28,1300
12693,2025-09-01,2,3,0,1,12,0
12728,2025-09-01,51,21,53,43,45,15283
12734,2025-09-01,21,17,48,18,28,10079
12772,2025-09-01,40,20,2,18,28,714
12819,2025-09-01,31,20,2,23,28,456
12832,2025-09-01,11,13,7,2,12,1043
12867,2025-09-01,7,9,6,10,28,1190
12923,2025-09-01,16,14,22,9,45,2762
12931,2025-09-01,5,8,4,4,28,156
12951,2025-09-01,16,12,81,50,60,9174
12962,2025-09-01,32,16,38,17,28,5423
12990,2025-09-01,46,20,2,6,12,391
13010,2025-09-01,58,21,70,43,45,12380
13113,2025-09-01,34,20,2,16,28,44
13155,2025-09-01,56,21,2,11,12,636
13213,2025-09-01,14,14,21,19,45,2755
13215,2025-09-01,22,16,8,22,28,2048
13230,2025-09-01,37,18,2,21,28,112
13254,2025-09-01,54,22,10,27,28,1137
13308,2025-09-01,23,17,4,10,12,256
13412,2025-09-01,7,9,1,8,12,75
13422,2025-09-01,8,13,67,12,60,5357
13468,2025-09-01,51,18,4,22,28,379
13481,2025-09-01,23,18,8,6,28,1503
13552,2025-09-01,17,14,4,8,28,488
13562,2025-09-01,4,7,1,3,12,208
13575,2025-09-01,18,15,15,12,60,913
13618,2025-09-01,55,21,1,19,28,238
13637,2025-09-01,7,8,7,8,28,251
13647,2025-09-01,54,21,3,25,28,427
13704,2025-09-01,3,6,1,1,12,49
13766,2025-09-01,15,12,6,5,12,1010
13806,2025-09-01,19,14,6,23,60,378
13997,2025-09-01,6,8,3,4,12,307
14004,2025-09-01,46,21,39,26,28,8281
14020,2025-09-01,38,21,3,16,28,562
14225,2025-09-01,25,17,10,6,12,3295
14249,2025-09-01,54,21,2,19,28,487
14270,2025-09-01,9,12,37,12,60,2419
14271,2025-09-01,41,22,8,11,12,601
14279,2025-09-01,46,18,54,43,45,9391
14289,2025-09-01,43,21,35,42,60,4424
14309,2025-09-01,4,7,2,6,12,329
14362,2025-09-01,28,17,4,7,12,570
14388,2025-09-01,25,16,5,8,12,531
14532,2025-09-01,20,16,29,27,60,895
14549,2025-09-01,7,9,4,15,45,320
14642,2025-09-01,11,13,1,6,45,93
14690,2025-09-01,5,6,67,9,60,2479
14706,2025-09-01,63,21,27,26,28,505
14732,2025-09-01,43,19,6,22,28,760
14743,2025-09-01,42,18,4,22,28,1353
14778,2025-09-01,7,9,3,12,45,318
14803,2025-09-01,46,19,11,8,12,8981
14827,2025-09-01,35,18,5,25,28,468
14837,2025-09-01,53,22,22,35,45,5668
14970,2025-09-01,50,22,2,22,28,184
15049,2025-09-01,55,20,9,8,12,768
15186,2025-09-01,44,19,3,14,28,360
15189,2025-09-01,59,22,8,11,12,3157
15193,2025-09-01,22,16,23,6,28,5694
15256,2025-09-01,7,9,6,2,12,146
15315,2025-09-01,59,20,7,11,12,1089
15368,2025-09-01,33,18,2,8,12,225
15380,2025-09-01,69,22,4,43,45,1105
15389,2025-09-01,14,10,4,7,12,646
15412,2025-09-01,16,14,14,14,28,1181
15472,2025-09-01,14,12,3,4,28,684
15508,2025-09-01,1,2,2,13,45,113
15612,2025-09-01,39,19,8,3,12,2034
15628,2025-09-01,9,9,19,12,45,2286
15639,2025-09-01,66,21,9,10,12,2595
15642,2025-09-01,9,14,2,21,28,125
15694,2025-09-01,29,17,3,6,12,878
15791,2025-09-01,15,14,1,7,12,221
15909,2025-09-01,78,22,90,43,45,25714
16009,2025-09-01,64,22,49,42,45,27808
16036,2025-09-01,12,12,13,22,45,2707
16048,2025-09-01,25,18,4,8,12,130
16073,2025-09-01,48,19,49,40,45,5850
16131,2025-09-01,29,18,51,35,45,6285
16241,2025-09-01,21,13,4,8,12,240
16280,2025-09-01,64,20,11,27,28,1038
16348,2025-09-01,42,20,32,24,28,8221
16353,2025-09-01,74,22,6,10,12,2663
16381,2025-09-01,21,16,5,10,12,521
16405,2025-09-01,10,9,61,23,60,4676
16487,2025-09-01,15,13,95,28,60,12165
16664,2025-09-01,32,17,3,13,28,261
16705,2025-09-01,5,5,3,9,12,89
16712,2025-09-01,2,3,25,11,60,2831
16769,2025-09-01,10,11,16,5,45,3374
16799,2025-09-01,35,20,4,11,12,636
16832,2025-09-01,53,22,3,27,28,609
16996,2025-09-01,5,6,2,13,45,189
17072,2025-09-01,46,20,44,29,45,21198
17095,2025-09-01,23,14,26,27,60,2277
17147,2025-09-01,38,21,46,13,28,10865
17352,2025-09-01,50,21,8,9,12,487
17368,2025-09-01,37,21,6,17,28,534
17378,2025-09-01,3,5,54,11,60,4273
17430,2025-09-01,58,22,195,55,60,19696
17555,2025-09-01,34,18,35,23,28,5183
17606,2025-09-01,28,14,6,15,28,1677
17648,2025-09-01,6,8,3,8,12,80
17724,2025-09-01,30,17,1,20,28,95
17794,2025-09-01,14,17,12,10,28,1150
17800,2025-09-01,47,21,22,43,45,3110
17818,2025-09-01,38,20,9,14,28,1205
17838,2025-09-01,49,21,14,26,28,2971
17862,2025-09-01,8,12,10,19,28,1956
17920,2025-09-01,1,2,3,4,60,113
17974,2025-09-01,19,16,8,9,12,1321
17993,2025-09-01,57,21,42,50,60,12399
17998,2025-09-01,63,19,10,11,12,1236
18013,2025-09-01,23,18,3,5,12,39
18057,2025-09-01,53,21,6,24,28,483
18088,2025-09-01,11,12,6,7,28,564
18104,2025-09-01,11,13,12,5,45,909
18130,2025-09-01,70,22,60,20,45,14739
18148,2025-09-01,39,18,75,30,45,5415
18211,2025-09-01,13,14,4,17,28,263
18219,2025-09-01,50,21,25,43,45,4694
18303,2025-09-01,13,12,9,22,45,2890
18307,2025-09-01,49,22,54,32,45,8747
18606,2025-09-01,70,22,8,11,12,1260
18662,2025-09-01,61,22,9,7,12,293
18682,2025-09-01,18,14,32,7,28,8770
18710,2025-09-01,70,21,6,27,28,718
18720,2025-09-01,75,22,9,41,45,946
18732,2025-09-01,32,18,2,7,12,1050
18808,2025-09-01,41,19,5,11,12,711
18811,2025-09-01,44,20,2,31,45,310
18887,2025-09-01,69,21,71,36,60,16766
18901,2025-09-01,11,10,20,21,28,1137
18902,2025-09-01,39,20,47,24,28,5556
18914,2025-09-01,31,19,7,4,12,1442
18943,2025-09-01,3,5,2,1,12,117
18997,2025-09-01,25,17,7,20,28,1016
19002,2025-09-01,57,20,63,38,45,6123
19036,2025-09-01,29,16,35,49,60,2642
19079,2025-09-01,69,21,43,26,28,20772
19095,2025-09-01,21,14,8,21,28,512
19107,2025-09-01,5,8,4,8,12,486
19198,2025-09-01,9,12,5,8,28,477
19468,2025-09-01,13,12,6,5,12,565
19491,2025-09-01,7,8,4,2,12,364
19560,2025-09-01,39,21,11,7,12,1180
19563,2025-09-01,27,15,3,9,12,102
19676,2025-09-01,16,13,13,41,45,2112
19729,2025-09-01,20,14,10,15,28,1598
19777,2025-09-01,52,21,7,11,12,908
19794,2025-09-01,20,14,8,13,28,1017
19811,2025-09-01,74,22,4,26,28,847
19926,2025-09-01,7,9,1,14,45,100
19943,2025-09-01,55,19,132,41,45,29379
20071,2025-09-01,58,22,11,11,12,1308
20082,2025-09-01,5,8,55,9,45,7894
20131,2025-09-01,27,15,2,9,28,158
20162,2025-09-01,45,20,34,39,45,5572
20296,2025-09-01,75,21,13,10,12,5710
20335,2025-09-01,26,16,4,18,28,1074
20357,2025-09-01,72,22,77,47,60,33900
20391,2025-09-01,38,20,23,24,28,2887
20457,2025-09-01,51,22,4,27,28,110
20480,2025-09-01,21,17,3,23,28,704
20493,2025-09-01,49,21,7,27,28,572
20516,2025-09-01,63,22,7,26,28,275
20595,2025-09-01,32,18,5,7,12,632
20597,2025-09-01,8,10,3,5,12,435
20677,2025-09-01,31,19,44,39,45,3814
20686,2025-09-01,25,15,70,48,60,2720
20711,2025-09-01,55,20,76,56,60,34105
20797,2025-09-01,42,19,5,8,12,507
20821,2025-09-01,55,19,24,47,60,3094
20940,2025-09-01,53,20,8,10,12,2276
20947,2025-09-01,59,22,4,11,12,418
20987,2025-09-01,62,21,7,11,12,736
20992,2025-09-01,16,14,4,10,12,351
21026,2025-09-01,44,19,5,6,12,825
21126,2025-09-01,30,15,4,4,28,434
21146,2025-09-01,70,21,3,11,12,619
21156,2025-09-01,35,18,9,42,45,2503
21170,2025-09-01,11,13,3,10,12,472
21189,2025-09-01,35,20,3,11,12,1550
21288,2025-09-01,75,22,12,11,12,1509
21504,2025-09-01,35,19,5,23,28,336
21512,2025-09-01,29,17,1,9,12,52
21542,2025-09-01,19,16,6,6,12,706
21561,2025-09-01,21,15,6,6,12,557
21682,2025-09-01,23,18,47,37,45,9355
21751,2025-09-01,7,9,8,31,45,1098
21783,2025-09-01,39,19,4,22,28,484
21823,2025-09-01,53,21,8,11,12,2181
22031,2025-09-01,53,22,32,26,28,17974
22041,2025-09-01,44,21,3,22,28,377
22110,2025-09-01,57,21,4,6,12,596
22139,2025-09-01,22,18,3,6,12,290
22154,2025-09-01,36,18,9,11,12,2031
22215,2025-09-01,13,12,4,4,12,517
22217,2025-09-01,41,19,11,25,28,5159
22297,2025-09-01,52,20,10,33,45,2818
22340,2025-09-01,35,18,10,14,28,949
22343,2025-09-01,29,18,10,31,45,1746
22372,2025-09-01,10,11,5,4,12,183
22416,2025-09-01,51,19,11,25,28,2076
22475,2025-09-01,3,5,4,7,28,763
22485,2025-09-01,62,22,19,26,28,4645
22487,2025-09-01,25,19,1,14,28,147
22541,2025-09-01,13,11,4,4,12,299
22573,2025-09-01,49,21,12,27,28,1178
22603,2025-09-01,38,19,176,57,60,13616
22605,2025-09-01,13,12,3,6,12,157
22662,2025-09-01,70,22,6,42,45,292
22676,2025-09-01,27,18,3,11,28,198
22710,2025-09-01,40,17,3,7,12,116
22756,2025-09-01,54,21,2,10,12,307
22768,2025-09-01,53,20,10,19,28,1463
22825,2025-09-01,50,21,14,50,60,2569
22836,2025-09-01,56,21,6,25,28,1201
22914,2025-09-01,8,10,3,9,12,675
22915,2025-09-01,29,20,5,10,12,773
22949,2025-09-01,11,12,25,30,60,1173
22999,2025-09-01,74,21,58,43,45,26040
23108,2025-09-01,4,7,1,10,28,81
23130,2025-09-01,5,8,15,10,45,455
23169,2025-09-01,24,16,5,4,12,1443
23219,2025-09-01,5,7,3,7,28,187
23338,2025-09-01,2,3,50,24,60,4846
23467,2025-09-01,19,16,25,29,45,1332
23469,2025-09-01,59,22,153,57,60,33283
23484,2025-09-01,30,20,12,13,28,1593
23490,2025-09-01,43,20,9,6,12,3369
23508,2025-09-01,39,20,2,24,45,282
23512,2025-09-01,25,16,7,8,28,558
23518,2025-09-01,71,21,190,39,60,42566
23713,2025-09-01,18,12,23,5,45,6432
23757,2025-09-01,45,18,2,10,12,371
23892,2025-09-01,10,10,2,4,12,498
23931,2025-09-01,60,20,49,26,28,12720
23959,2025-09-01,33,19,4,11,12,501
24011,2025-09-01,59,22,4,16,28,834
24061,2025-09-01,9,13,1,17,28,127
24199,2025-09-01,36,18,13,38,45,4647
24244,2025-09-01,52,21,15,37,45,1806
24261,2025-09-01,18,17,40,14,45,3324
24298,2025-09-01,19,14,20,19,45,4712
24484,2025-09-01,74,22,2,25,28,412
24530,2025-09-01,64,21,9,10,12,389
24563,2025-09-01,37,16,5,10,12,488
24595,2025-09-01,36,16,10,5,12,2015
24630,2025-09-01,8,11,4,16,28,1183
24703,2025-09-01,29,18,3,7,28,105
24712,2025-09-01,62,21,38,43,45,3929
24733,2025-09-01,20,12,10,22,28,160
24772,2025-09-01,21,16,3,11,12,887
24829,2025-09-01,18,13,6,14,28,2014
24838,2025-09-01,8,10,2,3,12,274
24845,2025-09-01,47,22,5,8,12,494
24848,2025-09-01,29,20,10,7,12,997
24948,2025-09-01,64,21,12,11,12,966
24957,2025-09-01,18,12,39,10,28,5998
25035,2025-09-01,51,21,8,11,12,805
25075,2025-09-01,55,20,158,53,60,72999
25138,2025-09-01,20,16,39,14,28,10964
25145,2025-09-01,27,17,5,10,12,560
25235,2025-09-01,37,17,3,22,28,412
25247,2025-09-01,45,19,3,10,12,399
25256,2025-09-01,53,21,57,39,45,6444
25274,2025-09-01,22,17,33,48,60,5294
25308,2025-09-01,3,5,48,9,45,7044
25319,2025-09-01,55,21,3,8,12,225
25336,2025-09-01,26,15,4,6,12,270
25560,2025-09-01,23,15,3,23,28,383
25577,2025-09-01,3,4,36,44,60,8238
25613,2025-09-01,69,20,49,43,45,3677
25666,2025-09-01,30,17,28,40,60,2859
25679,2025-09-01,36,17,61,26,45,5518
25686,2025-09-01,4,7,3,4,12,472
25687,2025-09-01,44,19,4,22,28,559
25694,2025-09-01,33,19,20,24,28,404
25759,2025-09-01,6,8,2,6,12,115
25818,2025-09-01,14,15,32,18,45,5655
25909,2025-09-01,41,19,5,10,12,537
25919,2025-09-01,40,22,34,22,28,840
25920,2025-09-01,48,19,9,9,12,2329
25951,2025-09-01,36,19,1,27,28,52
25988,2025-09-01,56,21,4,10,12,497
26042,2025-09-01,32,18,11,10,12,1322
26147,2025-09-01,25,15,9,22,45,590
26260,2025-09-01,7,10,2,2,12,177
26277,2025-09-01,68,22,56,35,45,5708
26312,2025-09-01,13,13,25,6,28,1703
26445,2025-09-01,26,17,7,15,28,595
26507,2025-09-01,23,16,3,8,12,385
26521,2025-09-01,46,20,3,6,12,1011
26568,2025-09-01,21,14,120,33,45,21141
26592,2025-09-01,22,17,2,14,28,175
26664,2025-09-01,31,18,115,38,45,52358
26685,2025-09-01,48,19,3,6,12,1873
26714,2025-09-01,23,13,34,16,28,2723
26734,2025-09-01,2,3,17,3,28,3199
26744,2025-09-01,64,22,55,14,45,5606
26817,2025-09-01,24,15,58,11,28,4242
26835,2025-09-01,8,10,31,32,60,1564
26865,2025-09-01,26,17,40,53,60,9664
26878,2025-09-01,8,10,2,1,12,50
26911,2025-09-01,50,21,3,8,12,728
26965,2025-09-01,21,15,95,32,60,5493
27133,2025-09-01,66,22,12,23,28,2118
27248,2025-09-01,50,19,36,38,45,10008
27315,2025-09-01,20,17,5,6,12,1202
27337,2025-09-01,69,22,24,54,60,6725
27387,2025-09-01,42,19,40,50,60,7653
27392,2025-09-01,5,8,2,8,12,322
27489,2025-09-01,57,21,19,43,45,3860
27545,2025-09-01,53,20,4,11,12,486
27588,2025-09-01,33,15,2,21,45,258
27689,2025-09-01,69,20,11,24,28,4186
27708,2025-09-01,65,21,110,57,60,11504
27750,2025-09-01,11,13,2,4,12,928
27778,2025-09-01,54,21,24,24,45,1552
27791,2025-09-01,13,12,25,20,45,3551
27940,2025-09-01,30,18,4,22,28,408
27963,2025-09-01,45,19,2,20,28,536
27998,2025-09-01,63,21,19,34,45,2510
28017,2025-09-01,35,18,8,7,12,612
28082,2025-09-01,56,19,7,11,28,662
28136,2025-09-01,74,22,8,11,12,1083
28203,2025-09-01,29,17,10,21,28,1199
28234,2025-09-01,19,14,6,34,45,937
28239,2025-09-01,68,22,6,24,28,1847
28276,2025-09-01,26,18,6,24,28,147
28278,2025-09-01,20,17,16,32,45,313
28370,2025-09-01,11,11,13,28,45,1150
28382,2025-09-01,53,22,27,24,28,2308
28397,2025-09-01,55,20,63,20,45,18232
28412,2025-09-01,45,21,9,9,12,2409
28440,2025-09-01,41,19,3,7,12,662
28453,2025-09-01,27,17,8,11,12,548
28485,2025-09-01,1,2,44,7,60,5385
28572,2025-09-01,10,12,3,14,28,159
28641,2025-09-01,2,3,4,5,60,557
28746,2025-09-01,50,21,6,43,45,1469
28826,2025-09-01,8,9,14,7,28,908
28898,2025-09-01,8,10,4,18,60,142
28899,2025-09-01,46,19,4,24,45,485
28909,2025-09-01,4,6,1,3,12,52
28977,2025-09-01,51,22,8,25,28,348
28987,2025-09-01,19,17,45,13,28,2937
29074,2025-09-01,17,16,41,35,45,3074
29124,2025-09-01,22,15,128,31,60,26437
29155,2025-09-01,12,10,14,23,28,526
29218,2025-09-01,39,18,6,26,28,235
29251,2025-09-01,12,12,37,29,45,5171
29302,2025-09-01,20,15,100,25,45,20410
29303,2025-09-01,60,21,62,15,28,23168
29327,2025-09-01,38,19,2,7,12,153
29331,2025-09-01,2,3,2,4,12,199
29367,2025-09-01,50,22,18,23,28,6119
29499,2025-09-01,69,21,34,42,45,2167
29526,2025-09-01,4,6,3,3,12,69
29667,2025-09-01,45,22,84,42,45,21791
29679,2025-09-01,38,19,7,17,28,1590
29688,2025-09-01,75,22,8,11,12,1601
29721,2025-09-01,27,17,6,9,12,930
29723,2025-09-01,10,10,2,6,12,72
29769,2025-09-01,21,15,2,3,28,390
29805,2025-09-01,49,20,4,20,28,200
29832,2025-09-01,30,18,2,26,28,387
29841,2025-09-01,52,22,153,50,60,19521
29897,2025-09-01,8,10,1,7,28,23
29918,2025-09-01,9,11,4,4,12,690
29922,2025-09-01,46,20,49,50,60,5919
29926,2025-09-01,24,18,8,27,45,477
29939,2025-09-01,2,4,4,5,12,807
29986,2025-09-01,57,20,31,33,60,9027
30111,2025-09-01,33,20,102,42,60,9686
30229,2025-09-01,72,22,172,40,60,34191
30263,2025-09-01,61,21,2,10,12,296
30344,2025-09-01,60,22,4,6,12,135
30372,2025-09-01,17,15,75,47,60,9699
30382,2025-09-01,8,7,3,15,45,177
30410,2025-09-01,27,18,16,16,28,8899
30484,2025-09-01,39,19,1,25,28,56
30559,2025-09-01,39,20,6,25,45,1247
30593,2025-09-01,12,12,5,2,12,1365
30601,2025-09-01,48,20,200,39,60,28823
30607,2025-09-01,22,15,1,7,12,151
30716,2025-09-01,34,18,2,15,28,307
30738,2025-09-01,30,20,11,22,28,2588
30795,2025-09-01,44,20,7,11,12,1480
30798,2025-09-01,29,16,43,18,45,2793
30800,2025-09-01,16,12,7,7,12,629
30819,2025-09-01,75,22,111,55,60,28148
30820,2025-09-01,34,19,8,10,12,822
30839,2025-09-01,36,18,161,33,60,6330
30843,2025-09-01,34,18,2,19,28,303
30866,2025-09-01,16,13,4,4,12,1169
30867,2025-09-01,41,20,4,11,12,481
30905,2025-09-01,68,22,25,27,28,2175
31005,2025-09-01,13,13,1,5,28,29
31113,2025-09-01,33,20,9,13,28,1332
31125,2025-09-01,10,10,1,22,45,71
31126,2025-09-01,28,18,8,11,28,2111
31160,2025-09-01,23,16,7,5,12,1336
31179,2025-09-01,52,21,9,18,28,1054
31239,2025-09-01,10,10,29,27,60,5738
31267,2025-09-01,26,18,17,31,45,3476
31286,2025-09-01,1,2,26,11,60,1043
31324,2025-09-01,46,21,7,24,28,1949
31331,2025-09-01,32,16,7,11,12,608
31348,2025-09-01,46,22,2,7,12,113
31392,2025-09-01,21,19,7,3,12,1975
31459,2025-09-01,48,18,85,38,45,7413
31468,2025-09-01,32,19,5,26,28,922
31544,2025-09-01,39,19,58,32,45,24693
31563,2025-09-01,32,19,2,15,28,154
31595,2025-09-01,34,16,2,10,12,257
31623,2025-09-01,56,22,62,57,60,1667
31691,2025-09-01,62,21,6,8,12,419
31701,2025-09-01,18,14,7,11,12,164
31726,2025-09-01,20,14,3,7,28,243
31730,2025-09-01,48,21,12,8,12,308
31775,2025-09-01,27,17,16,16,28,2125
31786,2025-09-01,7,9,12,14,60,781
31811,2025-09-01,48,21,9,11,12,609
31852,2025-09-01,32,19,34,16,28,4053
31933,2025-09-01,38,21,14,49,60,396
31969,2025-09-01,24,14,5,10,12,1370
31977,2025-09-01,11,11,13,4,28,891
31983,2025-09-01,34,18,21,34,45,2406
32005,2025-09-01,11,11,5,31,45,725
32019,2025-09-01,19,15,6,12,28,93
32021,2025-09-01,20,14,2,4,12,313
32121,2025-09-01,21,15,50,25,28,3214
32137,2025-09-01,22,17,16,6,60,2925
32171,2025-09-01,32,19,16,24,28,2538
32211,2025-09-01,14,13,7,13,28,715
32302,2025-09-01,38,20,70,25,60,11746
32392,2025-09-01,33,19,6,8,12,995
32405,2025-09-01,19,16,4,24,28,289
32430,2025-09-01,49,21,52,27,28,8870
32453,2025-09-01,48,21,3,8,12,746
32521,2025-09-01,42,20,2,8,12,615
32529,2025-09-01,20,16,4,10,12,2394
32531,2025-09-01,46,20,105,36,45,14909
32536,2025-09-01,7,9,3,22,45,103
32601,2025-09-01,23,18,9,20,28,840
32628,2025-09-01,16,14,1,24,28,308
32670,2025-09-01,36,21,12,22,28,2014
32673,2025-09-01,48,21,10,11,12,1828
32811,2025-09-01,12,12,17,20,45,2173
32896,2025-09-01,68,22,138,37,60,23272
32903,2025-09-01,47,20,15,26,45,626
32920,2025-09-01,13,15,2,5,12,614
32926,2025-09-01,25,18,2,37,45,240
32935,2025-09-01,69,21,66,23,28,1656
32995,2025-09-01,78,22,13,57,60,1998
33018,2025-09-01,26,14,2,9,12,172
33021,2025-09-01,48,19,5,26,28,297
33130,2025-09-01,24,17,9,11,12,2357
33137,2025-09-01,12,10,28,28,45,1863
33202,2025-09-01,7,8,18,7,28,1102
33208,2025-09-01,19,17,13,28,60,545
33284,2025-09-01,42,20,2,11,12,433
33289,2025-09-01,5,8,3,4,12,22
33350,2025-09-01,36,21,3,16,28,225
33372,2025-09-01,9,11,11,7,45,639
33383,2025-09-01,38,20,45,22,28,5324
33400,2025-09-01,29,19,17,26,45,3769
33472,2025-09-01,64,22,81,37,45,18243
33774,2025-09-01,10,9,3,5,12,248
33776,2025-09-01,35,18,6,7,12,565
33778,2025-09-01,57,20,5,11,12,420
33794,2025-09-01,68,22,66,40,45,13015
33796,2025-09-01,39,16,12,32,45,796
33856,2025-09-01,1,2,1,11,28,28
33870,2025-09-01,5,6,39,26,60,1138
33871,2025-09-01,3,5,48,25,60,2456
33919,2025-09-01,35,20,40,36,45,12372
33925,2025-09-01,14,15,2,3,12,373
33931,2025-09-01,6,8,1,8,45,247
33945,2025-09-01,45,20,30,22,28,2740
33971,2025-09-01,62,20,16,43,45,1950
33975,2025-09-01,59,22,7,27,28,978
33986,2025-09-01,29,17,109,37,60,15278
34001,2025-09-01,16,13,10,6,12,2285
34013,2025-09-01,25,15,106,21,60,14322
34038,2025-09-01,26,16,25,13,45,1644
34048,2025-09-01,40,18,8,8,12,2711
34076,2025-09-01,8,10,3,4,12,51
34201,2025-09-01,17,12,3,19,28,369
34261,2025-09-01,11,9,4,19,28,820
34265,2025-09-01,71,22,3,24,28,573
34268,2025-09-01,12,10,1,15,28,44
34441,2025-09-01,1,2,13,3,28,1764
34482,2025-09-01,6,8,4,27,45,678
34499,2025-09-01,43,19,13,41,45,3399
34559,2025-09-01,72,21,72,24,28,3516
34615,2025-09-01,17,13,63,18,45,5101
34721,2025-09-01,53,21,39,26,28,8705
34735,2025-09-01,65,22,58,43,45,7337
34744,2025-09-01,5,6,1,13,28,27
34795,2025-09-01,30,15,12,9,12,4156
34863,2025-09-01,36,20,5,37,45,735
34879,2025-09-01,8,9,1,19,45,99
34889,2025-09-01,31,18,5,7,12,831
34969,2025-09-01,0,0,1,2,28,5
34988,2025-09-01,39,21,8,9,12,1834
35003,2025-09-01,53,22,34,35,45,5778
35046,2025-09-01,3,6,2,5,12,321
35057,2025-09-01,60,22,13,24,28,2114
35071,2025-09-01,35,17,40,20,28,14172
35118,2025-09-01,4,6,1,2,12,22
35136,2025-09-01,72,22,3,11,12,568
35266,2025-09-01,52,21,5,10,12,1880
35343,2025-09-01,25,13,6,13,28,1320
35346,2025-09-01,7,8,2,5,12,116
35411,2025-09-01,18,14,1,8,12,209
35412,2025-09-01,42,20,46,38,60,3163
35439,2025-09-01,15,13,3,9,28,695
35528,2025-09-01,32,19,2,8,12,180
35550,2025-09-01,70,22,3,11,12,779
35710,2025-09-01,39,18,4,26,28,192
35815,2025-09-01,25,17,2,6,12,568
35860,2025-09-01,23,17,1,17,28,182
35933,2025-09-01,31,18,108,15,60,5200
36017,2025-09-01,9,13,29,10,28,6297
36021,2025-09-01,33,19,2,8,12,393
36076,2025-09-01,4,7,4,15,28,486
36077,2025-09-01,7,9,3,21,28,211
36158,2025-09-01,58,21,1,9,12,130
36173,2025-09-01,51,22,3,11,12,767
36196,2025-09-01,75,21,50,52,60,10600
36197,2025-09-01,30,17,10,18,28,754
36206,2025-09-01,11,11,5,8,12,822
36413,2025-09-01,11,10,47,27,60,5216
36602,2025-09-01,20,18,56,40,60,6609
36773,2025-09-01,16,16,6,20,28,853
36791,2025-09-01,64,21,6,27,28,713
36815,2025-09-01,69,20,15,34,45,2728
36833,2025-09-01,23,17,25,30,45,3846
36886,2025-09-01,63,22,4,10,12,456
36906,2025-09-01,49,19,6,9,12,2186
36920,2025-09-01,44,19,6,23,28,1667
36980,2025-09-01,24,16,32,9,28,5062
36984,2025-09-01,3,5,6,11,45,372
36995,2025-09-01,63,22,147,52,60,2405
37105,2025-09-01,19,15,5,10,12,134
37109,2025-09-01,27,19,54,39,45,10152
37116,2025-09-01,47,20,150,56,60,33508
37134,2025-09-01,64,22,13,11,12,1553
37179,2025-09-01,27,18,8,9,12,128
37285,2025-09-01,30,19,35,19,45,5592
37335,2025-09-01,40,17,8,9,12,1302
37398,2025-09-01,17,16,8,21,28,228
37424,2025-09-01,7,11,37,15,60,1807
37460,2025-09-01,15,16,125,43,60,8549
37476,2025-09-01,30,17,3,21,28,403
37487,2025-09-01,53,21,109,35,45,25918
37500,2025-09-01,12,12,6,19,28,343
37563,2025-09-01,51,21,61,43,45,28573
37605,2025-09-01,61,22,67,26,28,19697
37672,2025-09-01,8,10,48,17,28,5852
37747,2025-09-01,25,19,2,23,28,408
37940,2025-09-01,80,22,10,27,28,2362
37982,2025-09-01,18,16,7,21,60,528
38022,2025-09-01,81,22,13,11,12,882
38086,2025-09-01,21,14,57,31,45,2948
38095,2025-09-01,64,20,5,24,28,441
38111,2025-09-01,63,22,5,11,12,1445
38197,2025-09-01,28,16,4,21,28,316
38198,2025-09-01,58,21,3,10,12,812
38211,2025-09-01,27,16,10,9,12,560
38227,2025-09-01,26,17,3,22,28,1409
38252,2025-09-01,5,9,7,9,45,327
38268,2025-09-01,30,17,4,5,12,557
38270,2025-09-01,14,13,8,15,45,364
38306,2025-09-01,66,21,10,10,12,983
38612,2025-09-01,17,16,11,21,45,1105
38664,2025-09-01,10,12,7,13,28,733
38728,2025-09-01,4,8,1,2,12,103
38766,2025-09-01,45,19,73,38,45,2339
38770,2025-09-01,69,20,174,57,60,27261
38812,2025-09-01,4,6,2,1,12,199
38823,2025-09-01,23,13,26,24,28,2548
38848,2025-09-01,41,19,93,23,60,15229
38906,2025-09-01,24,20,37,37,60,3221
38939,2025-09-01,22,15,50,36,45,8017
39017,2025-09-01,10,12,2,7,12,652
39037,2025-09-01,37,20,3,12,28,323
39062,2025-09-01,10,8,6,13,28,632
39190,2025-09-01,4,5,5,20,45,230
39196,2025-09-01,20,15,3,11,12,196
39248,2025-09-01,23,16,54,26,28,5376
39416,2025-09-01,15,13,42,39,60,14763
39515,2025-09-01,31,19,3,9,12,281
39541,2025-09-01,2,2,1,3,45,7
39666,2025-09-01,42,18,2,25,28,676
39715,2025-09-01,35,21,80,40,60,2225
39739,2025-09-01,44,20,10,7,12,2763
39810,2025-09-01,48,21,209,49,60,42260
39869,2025-09-01,29,18,8,4,12,774
39899,2025-09-01,8,10,3,7,12,71
39965,2025-09-01,58,21,56,39,45,3892
40017,2025-09-01,11,13,27,15,45,4136
40093,2025-09-01,54,21,2,25,28,513
40166,2025-09-01,23,17,2,37,45,388
40219,2025-09-01,57,22,5,24,28,757
40270,2025-09-01,12,11,4,10,28,879
40485,2025-09-01,62,20,9,11,12,2118
40555,2025-09-01,43,18,52,21,28,13472
40659,2025-09-01,49,19,2,10,12,138
40736,2025-09-01,27,14,23,38,60,4860
40757,2025-09-01,39,17,9,43,45,2255
40826,2025-09-01,80,22,12,26,28,614
40843,2025-09-01,33,22,4,6,12,118
40857,2025-09-01,12,13,3,5,12,699
40892,2025-09-01,34,20,22,25,45,1599
40936,2025-09-01,62,21,4,25,28,881
41021,2025-09-01,18,15,5,9,12,552
41112,2025-09-01,43,18,5,35,45,718
41124,2025-09-01,81,22,4,43,45,742
41128,2025-09-01,51,20,28,26,28,4860
41168,2025-09-01,26,17,4,24,28,252
41180,2025-09-01,61,21,9,8,12,662
41209,2025-09-01,17,12,14,37,45,6202
41289,2025-09-01,33,18,6,6,12,992
41296,2025-09-01,8,13,1,2,12,61
41324,2025-09-01,7,8,3,9,28,113
41404,2025-09-01,43,19,2,7,12,96
41475,2025-09-01,19,14,29,15,28,3145
41508,2025-09-01,30,18,4,8,12,1085
41531,2025-09-01,11,13,34,37,60,13907
41542,2025-09-01,6,10,18,6,45,1006
41554,2025-09-01,57,20,11,23,28,1324
41601,2025-09-01,8,8,1,4,12,46
41660,2025-09-01,14,12,4,19,28,1050
41686,2025-09-01,41,20,5,9,12,1289
41704,2025-09-01,47,17,1,25,28,151
41709,2025-09-01,21,13,47,16,45,3775
41717,2025-09-01,13,14,2,7,12,176
41724,2025-09-01,19,17,5,9,12,663
41740,2025-09-01,25,16,8,11,12,324
41776,2025-09-01,45,20,2,13,28,256
41834,2025-09-01,9,11,6,3,12,187
41853,2025-09-01,20,13,113,25,60,13592
41859,2025-09-01,32,15,8,19,28,2371
41868,2025-09-01,11,10,9,7,12,551
41869,2025-09-01,12,13,23,9,28,4578
41876,2025-09-01,38,17,77,53,60,24950
41888,2025-09-01,35,20,61,21,28,12580
41897,2025-09-01,10,12,17,36,45,1331
41946,2025-09-01,54,20,5,10,12,347
41955,2025-09-01,37,20,5,24,28,578
41956,2025-09-01,64,21,10,11,12,341
41961,2025-09-01,46,19,6,21,28,532
41970,2025-09-01,45,21,12,27,45,5287
41985,2025-09-01,8,8,1,3,12,41
42017,2025-09-01,12,13,2,15,28,50
42058,2025-09-01,26,18,8,11,28,1453
42060,2025-09-01,7,10,34,19,45,2945
42105,2025-09-01,21,17,10,10,12,588
42111,2025-09-01,9,11,2,5,28,399
42170,2025-09-01,73,22,9,11,12,1827
42176,2025-09-01,28,19,7,7,12,1978
42196,2025-09-01,11,13,1,2,12,53
42253,2025-09-01,8,9,5,2,12,670
42264,2025-09-01,60,19,8,40,45,3338
42269,2025-09-01,30,16,3,32,45,34
42398,2025-09-01,6,8,81,7,60,2423
42428,2025-09-01,39,18,4,16,28,370
42446,2025-09-01,10,10,1,6,12,96
42536,2025-09-01,27,17,5,9,12,283
42620,2025-09-01,56,21,8,10,12,2737
42635,2025-09-01,13,10,2,6,12,165
42704,2025-09-01,23,18,16,15,28,423
42719,2025-09-01,44,21,52,52,60,14456
42762,2025-09-01,61,21,13,10,12,2870
42868,2025-09-01,45,21,1,16,28,178
42914,2025-09-01,32,16,11,22,28,2666
42955,2025-09-01,47,19,7,19,28,2071
42960,2025-09-01,16,12,5,7,12,509
43041,2025-09-01,33,16,126,48,60,45582
43162,2025-09-01,17,14,3,7,12,427
43165,2025-09-01,5,7,27,8,28,3021
43194,2025-09-01,9,9,1,15,28,142
43202,2025-09-01,39,20,16,27,45,3997
43280,2025-09-01,2,3,11,3,28,294
43358,2025-09-01,16,13,28,24,45,685
43428,2025-09-01,18,13,2,11,28,318
43444,2025-09-01,9,11,5,14,28,880
43533,2025-09-01,17,16,21,10,28,1145
43540,2025-09-01,51,21,3,6,12,60
43556,2025-09-01,13,14,3,6,12,179
43624,2025-09-01,38,18,3,10,12,1495
43663,2025-09-01,40,18,53,19,28,2178
43665,2025-09-01,25,18,2,12,28,311
43687,2025-09-01,26,17,6,4,12,914
43702,2025-09-01,21,13,4,8,12,373
43777,2025-09-01,7,9,25,4,45,1823
43819,2025-09-01,15,13,2,25,45,337
43882,2025-09-01,36,18,4,3,12,1504
44058,2025-09-01,5,8,5,6,12,462
44132,2025-09-01,10,12,5,2,12,393
44211,2025-09-01,19,12,3,20,28,197
44258,2025-09-01,39,20,7,21,45,2400
44356,2025-09-01,11,13,5,16,28,652
44365,2025-09-01,21,19,9,8,28,1029
44430,2025-09-01,28,17,47,21,28,15595
44458,2025-09-01,26,14,24,36,60,3481
44474,2025-09-01,33,16,7,7,28,561
44476,2025-09-01,58,20,9,23,28,2009
44484,2025-09-01,30,18,1,11,28,112
44491,2025-09-01,15,12,13,9,60,2280
44541,2025-09-01,52,21,6,10,12,1499
44570,2025-09-01,3,4,17,2,60,881
44577,2025-09-01,5,8,0,9,12,0
44611,2025-09-01,46,21,5,9,12,1877
44620,2025-09-01,54,22,49,27,28,5378
44643,2025-09-01,60,22,11,11,12,6442
44670,2025-09-01,15,14,42,3,60,2606
44692,2025-09-01,46,19,58,19,45,4906
44722,2025-09-01,55,21,12,42,45,3484
44799,2025-09-01,23,16,8,17,28,2790
44851,2025-09-01,47,19,2,11,12,448
44979,2025-09-01,12,11,6,9,12,2014
45066,2025-09-01,26,19,4,7,12,129
45081,2025-09-01,9,10,1,4,12,80
45151,2025-09-01,21,15,1,17,28,5
45231,2025-09-01,38,17,43,24,45,6216
45232,2025-09-01,67,21,9,41,45,187
45236,2025-09-01,12,12,2,9,12,354
45290,2025-09-01,19,15,3,19,28,387
45332,2025-09-01,13,15,3,9,12,315
45344,2025-09-01,42,18,58,24,28,5362
45395,2025-09-01,21,13,11,9,12,613
45424,2025-09-01,38,20,3,15,28,628
45507,2025-09-01,64,21,4,21,28,1246
45541,2025-09-01,34,16,44,10,45,4465
45547,2025-09-01,40,18,4,12,28,685
45556,2025-09-01,49,19,6,42,45,1295
45588,2025-09-01,39,21,6,10,12,774
45606,2025-09-01,35,18,28,24,45,7230
45608,2025-09-01,9,12,1,3,12,27
45702,2025-09-01,17,13,3,4,12,167
45708,2025-09-01,11,11,5,6,12,163
45757,2025-09-01,47,19,7,35,45,291
45827,2025-09-01,40,18,14,21,28,4392
45831,2025-09-01,58,21,4,10,12,806
45909,2025-09-01,25,17,23,13,28,2399
45983,2025-09-01,36,17,80,46,60,7425
46011,2025-09-01,27,18,86,24,60,18824
46059,2025-09-01,34,17,4,15,28,190
46074,2025-09-01,36,21,45,56,60,7638
46088,2025-09-01,16,15,7,19,28,1477
46114,2025-09-01,6,11,2,7,28,70
46158,2025-09-01,64,20,36,21,28,8931
46227,2025-09-01,0,0,1,1,12,38
46302,2025-09-01,57,22,26,43,45,7977
46382,2025-09-01,51,21,9,24,28,1119
46452,2025-09-01,9,8,15,12,28,891
46487,2025-09-01,13,11,5,8,12,1512
46503,2025-09-01,12,10,54,47,60,6248
46607,2025-09-01,74,22,11,11,12,1034
46659,2025-09-01,25,16,4,9,12,769
46708,2025-09-01,50,20,7,21,28,1168
46731,2025-09-01,15,12,4,10,28,320
46734,2025-09-01,13,13,19,26,45,1085
46740,2025-09-01,20,14,41,14,45,13491
46829,2025-09-01,53,21,136,38,45,20837
46847,2025-09-01,43,20,56,45,60,2496
46887,2025-09-01,12,14,1,13,28,79
46898,2025-09-01,60,20,14,11,12,10516
46903,2025-09-01,53,22,11,28,45,722
46968,2025-09-01,51,22,12,27,28,1628
47036,2025-09-01,37,21,11,5,12,3947
47046,2025-09-01,46,18,56,23,28,8330
47074,2025-09-01,6,10,96,7,45,9230
47208,2025-09-01,15,14,1,7,12,222
47280,2025-09-01,7,9,2,3,28,780
47297,2025-09-01,5,8,29,6,60,2529
47413,2025-09-01,53,19,3,6,12,716
47460,2025-09-01,35,20,8,19,28,1737
47517,2025-09-01,40,20,38,21,28,5191
47522,2025-09-01,11,12,4,4,12,872
47527,2025-09-01,24,19,6,7,28,1092
47666,2025-09-01,30,18,5,8,12,289
47675,2025-09-01,23,14,34,19,45,3715
47676,2025-09-01,28,16,21,11,28,2616
47771,2025-09-01,53,21,5,24,28,717
47832,2025-09-01,8,8,42,5,28,6215
47858,2025-09-01,26,16,128,28,60,9766
47863,2025-09-01,5,5,3,3,12,335
47874,2025-09-01,13,17,93,26,45,9275
47879,2025-09-01,5,6,21,20,45,2748
47889,2025-09-01,45,20,135,53,60,24416
47913,2025-09-01,40,21,9,4,12,805
47922,2025-09-01,54,20,4,10,12,105
47989,2025-09-01,7,10,4,14,28,479
48050,2025-09-01,56,22,2,11,12,378
48107,2025-09-01,56,21,61,34,45,4541
48123,2025-09-01,23,18,7,7,12,1933
48159,2025-09-01,55,20,7,18,28,1728
48223,2025-09-01,24,18,4,35,45,104
48299,2025-09-01,1,2,2,1,12,209
48337,2025-09-01,27,14,6,6,12,1056
48355,2025-09-01,38,18,7,27,28,939
48427,2025-09-01,26,19,7,10,12,588
48428,2025-09-01,10,10,1,23,28,48
48538,2025-09-01,72,21,3,11,12,282
48567,2025-09-01,37,21,4,9,12,322
48593,2025-09-01,13,11,85,21,60,14471
48639,2025-09-01,47,22,5,22,28,442
48644,2025-09-01,61,21,11,11,12,1129
48808,2025-09-01,45,20,56,36,45,3594
48925,2025-09-01,7,9,16,8,28,1996
48989,2025-09-01,48,20,9,11,12,526
49009,2025-09-01,38,20,12,19,28,581
49099,2025-09-01,61,20,24,27,28,2481
49130,2025-09-01,37,19,5,19,28,2236
49144,2025-09-01,12,12,4,13,28,194
49168,2025-09-01,47,19,37,26,28,1278
49176,2025-09-01,32,22,6,7,12,1583
49214,2025-09-01,6,8,3,6,12,229
49249,2025-09-01,74,21,76,33,45,19616
49313,2025-09-01,65,22,3,27,28,317
49323,2025-09-01,18,14,39,21,28,4869
49489,2025-09-01,25,15,8,4,12,457
49517,2025-09-01,5,8,27,17,45,1905
49598,2025-09-01,3,6,49,13,60,2086
49606,2025-09-01,28,19,3,3,12,481
49617,2025-09-01,14,12,11,13,28,2182
49642,2025-09-01,31,17,7,10,12,2436
49707,2025-09-01,51,22,76,42,45,7427
49714,2025-09-01,30,16,3,20,28,1368
49783,2025-09-01,47,19,4,11,12,1327
49791,2025-09-01,7,9,32,9,60,5179
49808,2025-09-01,60,21,2,7,12,319
49872,2025-09-01,5,8,4,17,28,270
49884,2025-09-01,58,22,93,43,45,12560
49913,2025-09-01,49,20,5,12,28,441
49931,2025-09-01,48,22,164,57,60,50858
49980,2025-09-01,13,14,14,33,60,3593
18,2025-10-01,13,12,1,7,28,138
19,2025-10-01,61,22,9,18,28,2878
23,2025-10-01,52,21,8,24,28,512
43,2025-10-01,27,16,58,34,45,24170
48,2025-10-01,50,21,7,11,12,1483
50,2025-10-01,16,15,5,4,12,338
58,2025-10-01,24,16,5,22,28,534
119,2025-10-01,34,19,53,35,45,6422
155,2025-10-01,20,14,10,20,28,306
222,2025-10-01,72,21,2,11,12,128
247,2025-10-01,60,22,9,43,45,586
259,2025-10-01,64,22,194,49,60,13818
283,2025-10-01,43,21,70,37,45,10133
300,2025-10-01,10,11,64,14,60,3834
319,2025-10-01,46,19,13,48,60,2995
334,2025-10-01,71,22,68,27,28,28341
335,2025-10-01,77,22,4,10,12,1208
341,2025-10-01,26,14,35,31,45,5552
356,2025-10-01,34,20,8,5,12,758
379,2025-10-01,52,21,13,34,45,812
508,2025-10-01,3,6,32,11,60,681
531,2025-10-01,41,22,11,7,12,2823
575,2025-10-01,50,20,34,40,45,5658
668,2025-10-01,27,18,1,4,12,195
685,2025-10-01,9,9,2,5,12,166
689,2025-10-01,27,18,3,25,28,581
738,2025-10-01,48,22,119,16,45,19382
855,2025-10-01,32,17,5,23,28,573
895,2025-10-01,10,12,3,5,12,309
1001,2025-10-01,23,16,4,21,45,525
1004,2025-10-01,7,10,29,9,28,4538
1022,2025-10-01,64,19,52,24,28,8628
1048,2025-10-01,77,22,35,27,28,13503
1054,2025-10-01,32,17,4,4,12,193
1061,2025-10-01,44,21,6,11,12,895
1073,2025-10-01,55,22,2,43,45,350
1074,2025-10-01,23,18,7,5,12,177
1092,2025-10-01,28,18,3,4,12,1122
1107,2025-10-01,57,22,21,54,60,2800
1167,2025-10-01,4,8,1,7,28,57
1227,2025-10-01,63,22,10,11,12,299
1237,2025-10-01,58,21,7,9,12,951
1240,2025-10-01,44,22,7,31,45,336
1275,2025-10-01,28,16,27,12,28,5105
1314,2025-10-01,23,15,6,16,28,1468
1362,2025-10-01,9,12,1,7,45,181
1385,2025-10-01,69,21,2,27,28,1140
1387,2025-10-01,4,7,3,9,28,199
1402,2025-10-01,37,20,19,20,60,6393
1406,2025-10-01,32,18,54,15,28,2565
1460,2025-10-01,5,7,1,3,12,461
1806,2025-10-01,8,9,26,9,45,4617
1807,2025-10-01,35,19,24,31,60,10027
1822,2025-10-01,24,17,3,9,12,451
1917,2025-10-01,42,18,39,34,60,578
1974,2025-10-01,31,18,4,24,28,1819
1983,2025-10-01,38,21,54,28,45,11654
2044,2025-10-01,2,3,0,5,12,0
2060,2025-10-01,41,19,10,8,12,2719
2082,2025-10-01,38,20,30,36,45,2527
2244,2025-10-01,7,9,3,7,12,120
2259,2025-10-01,14,15,2,4,12,71
2383,2025-10-01,25,14,7,5,12,591
2529,2025-10-01,5,6,2,4,12,310
2554,2025-10-01,27,19,73,50,60,2572
2555,2025-10-01,38,17,45,28,45,2708
2575,2025-10-01,37,20,3,8,12,217
2608,2025-10-01,17,17,7,23,45,2911
2620,2025-10-01,21,14,7,35,60,1004
2705,2025-10-01,66,21,30,52,60,4282
2713,2025-10-01,23,15,4,4,12,163
2754,2025-10-01,64,21,3,26,28,142
2761,2025-10-01,58,21,6,9,12,1031
2768,2025-10-01,32,19,2,35,45,577
2803,2025-10-01,23,14,39,24,45,5495
2845,2025-10-01,26,15,44,26,60,3948
2899,2025-10-01,17,14,2,8,28,311
2939,2025-10-01,6,7,25,36,60,426
3054,2025-10-01,74,22,4,11,12,178
3171,2025-10-01,18,16,46,43,60,23422
3225,2025-10-01,78,22,4,11,12,650
3262,2025-10-01,16,14,18,10,28,4300
3263,2025-10-01,21,18,3,3,28,1231
3285,2025-10-01,67,21,60,57,60,11235
3295,2025-10-01,49,20,62,25,28,14200
3344,2025-10-01,56,22,9,25,28,2674
3421,2025-10-01,58,22,17,54,60,3866
3422,2025-10-01,22,15,14,21,28,1799
3470,2025-10-01,10,12,7,2,12,1055
3583,2025-10-01,71,22,2,11,12,244
3656,2025-10-01,31,20,8,5,12,491
3669,2025-10-01,17,12,7,16,28,1593
3805,2025-10-01,27,17,27,32,60,11816
3835,2025-10-01,50,19,13,15,28,1334
3840,2025-10-01,57,22,4,10,12,445
3966,2025-10-01,36,19,8,9,12,1869
4019,2025-10-01,4,5,45,6,45,2555
4049,2025-10-01,31,16,4,23,45,367
4281,2025-10-01,18,17,12,7,28,2384
4306,2025-10-01,28,18,5,22,28,1284
4376,2025-10-01,31,14,8,10,12,163
4453,2025-10-01,37,21,29,31,45,432
4520,2025-10-01,65,21,8,11,12,1962
4534,2025-10-01,26,18,2,32,45,296
4562,2025-10-01,34,20,9,3,12,1117
4576,2025-10-01,40,21,5,23,28,855
4613,2025-10-01,5,8,5,7,28,520
4626,2025-10-01,2,3,22,16,45,1688
4654,2025-10-01,7,8,34,16,45,7330
4719,2025-10-01,17,13,62,18,60,2107
4759,2025-10-01,81,22,6,26,28,387
4788,2025-10-01,53,22,26,35,45,5008
4796,2025-10-01,25,17,4,8,12,133
4810,2025-10-01,38,19,32,37,45,5883
4819,2025-10-01,14,13,119,9,60,50653
4922,2025-10-01,14,12,5,18,28,1298
4953,2025-10-01,7,9,28,5,45,2262
4988,2025-10-01,6,10,16,10,45,1579
5023,2025-10-01,36,20,10,11,12,1166
5046,2025-10-01,24,19,22,30,45,2805
5161,2025-10-01,21,16,8,6,12,1480
5199,2025-10-01,18,14,5,13,28,1309
5215,2025-10-01,6,11,12,23,60,854
5217,2025-10-01,25,16,12,6,12,1538
5255,2025-10-01,22,15,25,18,28,3881
5329,2025-10-01,31,16,82,28,60,27097
5367,2025-10-01,33,20,42,34,60,12749
5370,2025-10-01,9,14,32,22,60,6451
5398,2025-10-01,15,13,20,7,28,3264
5411,2025-10-01,51,21,74,43,45,5809
5428,2025-10-01,46,18,10,26,28,168
5468,2025-10-01,59,22,7,22,28,268
5513,2025-10-01,27,15,32,51,60,9227
5535,2025-10-01,6,7,19,10,60,657
5566,2025-10-01,13,11,4,9,28,493
5589,2025-10-01,61,21,17,24,28,2570
5610,2025-10-01,3,5,15,27,60,3834
5614,2025-10-01,20,15,21,6,45,4508
5657,2025-10-01,34,20,1,9,12,128
5659,2025-10-01,15,13,14,39,45,319
5678,2025-10-01,4,5,1,9,45,196
5717,2025-10-01,43,21,25,41,45,4444
5747,2025-10-01,1,2,6,2,45,205
5749,2025-10-01,62,21,4,25,28,252
5754,2025-10-01,7,8,2,10,12,363
5786,2025-10-01,57,21,4,25,28,358
5855,2025-10-01,11,12,7,8,12,202
5985,2025-10-01,56,21,4,11,12,608
6051,2025-10-01,12,12,8,7,12,984
6058,2025-10-01,45,19,8,22,28,1877
6092,2025-10-01,14,12,40,25,45,3780
6096,2025-10-01,47,20,8,26,45,1949
6100,2025-10-01,63,21,25,42,45,4637
6117,2025-10-01,6,11,50,17,45,6672
6134,2025-10-01,24,16,4,8,12,673
6149,2025-10-01,22,14,52,12,45,5333
6209,2025-10-01,4,6,7,3,12,772
6250,2025-10-01,16,11,4,5,12,2415
6293,2025-10-01,11,13,37,20,45,9031
6298,2025-10-01,45,21,11,11,28,2585
6312,2025-10-01,49,20,9,10,12,1184
6317,2025-10-01,19,13,2,4,12,194
6330,2025-10-01,8,9,2,7,12,116
6359,2025-10-01,11,10,1,5,12,28
6362,2025-10-01,51,22,5,11,12,2134
6392,2025-10-01,1,2,8,20,60,840
6483,2025-10-01,6,9,5,1,12,555
6487,2025-10-01,34,19,3,8,12,721
6514,2025-10-01,4,7,4,1,28,504
6515,2025-10-01,4,6,1,8,28,46
6529,2025-10-01,62,21,78,54,60,7050
6545,2025-10-01,29,21,18,31,45,2607
6557,2025-10-01,11,12,52,32,60,11215
6653,2025-10-01,20,15,11,31,45,1130
6669,2025-10-01,28,18,6,11,12,295
6670,2025-10-01,33,17,32,45,60,1291
6687,2025-10-01,31,16,2,6,12,168
6693,2025-10-01,10,13,23,46,60,2962
6744,2025-10-01,22,14,18,31,45,2511
6786,2025-10-01,8,10,21,17,45,1365
6814,2025-10-01,49,22,9,7,12,1937
6909,2025-10-01,12,13,3,6,28,109
6937,2025-10-01,54,21,8,11,12,1785
6981,2025-10-01,5,7,21,11,60,1350
6997,2025-10-01,22,13,3,3,12,338
7039,2025-10-01,71,22,10,25,28,1288
7058,2025-10-01,40,18,44,24,28,1772
7071,2025-10-01,40,20,4,23,45,487
7225,2025-10-01,34,19,30,39,45,2689
7227,2025-10-01,26,18,15,16,28,3599
7319,2025-10-01,47,19,6,9,12,2400
7342,2025-10-01,41,20,14,43,45,2966
7357,2025-10-01,21,14,6,8,28,463
7359,2025-10-01,76,21,2,25,28,653
7429,2025-10-01,13,11,148,14,60,3104
7430,2025-10-01,8,10,3,5,12,365
7486,2025-10-01,12,13,5,9,12,306
7497,2025-10-01,37,19,62,26,28,5159
7498,2025-10-01,11,9,17,8,28,651
7526,2025-10-01,54,21,203,43,45,6498
7609,2025-10-01,63,21,57,36,45,13719
7663,2025-10-01,19,17,19,39,60,5404
7806,2025-10-01,42,19,11,21,28,734
7979,2025-10-01,29,18,102,41,60,6549
8004,2025-10-01,15,15,25,24,60,2312
8013,2025-10-01,36,19,6,43,45,421
8039,2025-10-01,6,10,2,12,28,513
8085,2025-10-01,51,19,10,26,28,2879
8107,2025-10-01,23,15,20,16,28,1521
8179,2025-10-01,39,22,42,21,28,4792
8186,2025-10-01,35,20,43,25,45,3115
8236,2025-10-01,65,22,2,26,28,337
8339,2025-10-01,14,16,27,29,45,4545
8340,2025-10-01,28,18,10,7,12,2205
8359,2025-10-01,7,8,31,23,60,636
8377,2025-10-01,68,21,6,11,12,3265
8392,2025-10-01,50,22,8,11,12,1111
8400,2025-10-01,5,10,2,3,12,405
8424,2025-10-01,26,19,1,10,12,160
8642,2025-10-01,28,15,7,22,28,1828
8646,2025-10-01,2,3,1,1,12,99
8712,2025-10-01,37,18,4,18,28,941
8727,2025-10-01,2,3,6,4,28,160
8775,2025-10-01,39,19,2,10,12,532
8799,2025-10-01,12,12,8,19,28,487
8844,2025-10-01,34,18,11,24,28,460
8874,2025-10-01,4,6,29,8,28,799
8895,2025-10-01,50,19,145,32,60,32439
8982,2025-10-01,14,12,47,37,60,3424
9057,2025-10-01,15,14,4,4,12,283
9083,2025-10-01,42,20,3,10,12,523
9104,2025-10-01,26,17,3,20,28,8
9112,2025-10-01,56,20,64,25,28,17569
9141,2025-10-01,20,18,2,21,28,172
9157,2025-10-01,30,19,10,22,28,234
9229,2025-10-01,36,19,44,36,45,1719
9269,2025-10-01,7,8,3,2,12,261
9272,2025-10-01,41,20,2,11,12,976
9313,2025-10-01,12,13,1,7,28,44
9365,2025-10-01,13,11,23,14,45,1204
9399,2025-10-01,26,17,4,10,12,297
9465,2025-10-01,42,20,9,10,12,1130
9477,2025-10-01,7,8,10,16,60,965
9505,2025-10-01,14,14,45,25,45,2915
9557,2025-10-01,5,7,40,37,45,652
9562,2025-10-01,12,12,29,24,45,885
9565,2025-10-01,18,16,45,8,28,3951
9636,2025-10-01,32,18,18,15,28,866
9694,2025-10-01,35,16,42,29,45,6419
9703,2025-10-01,35,17,21,34,60,7836
9720,2025-10-01,10,11,8,9,12,620
9724,2025-10-01,53,20,39,25,28,5420
9768,2025-10-01,24,18,32,15,45,2558
9836,2025-10-01,22,14,44,27,45,8577
9855,2025-10-01,40,18,23,27,45,6386
9866,2025-10-01,18,16,8,7,12,28
9913,2025-10-01,52,20,2,25,28,392
9947,2025-10-01,11,11,7,5,28,849
9995,2025-10-01,36,20,37,17,45,8240
10006,2025-10-01,61,21,66,21,45,10582
10160,2025-10-01,9,11,2,4,12,111
10214,2025-10-01,33,16,2,10,12,392
10246,2025-10-01,34,19,3,8,12,207
10268,2025-10-01,53,22,18,43,45,3233
10289,2025-10-01,20,16,33,23,45,2377
10299,2025-10-01,76,22,101,57,60,24494
10304,2025-10-01,74,21,11,10,12,3905
10316,2025-10-01,32,18,54,19,45,4673
10322,2025-10-01,44,19,9,5,12,1598
10330,2025-10-01,70,20,180,43,45,29144
10376,2025-10-01,27,15,4,23,28,828
10429,2025-10-01,44,18,64,27,45,4164
10432,2025-10-01,44,17,2,5,12,250
10457,2025-10-01,26,16,3,6,12,444
10490,2025-10-01,45,19,4,11,12,762
10516,2025-10-01,37,21,7,20,28,2324
10529,2025-10-01,53,22,13,27,28,1225
10578,2025-10-01,45,20,45,42,45,16069
10591,2025-10-01,48,19,7,11,12,2467
10745,2025-10-01,26,17,4,10,12,1032
10771,2025-10-01,18,15,29,14,45,1832
10776,2025-10-01,3,4,0,4,12,0
10780,2025-10-01,23,17,6,22,28,713
10883,2025-10-01,16,15,66,33,60,24520
10941,2025-10-01,15,14,15,41,45,7637
10973,2025-10-01,5,8,23,6,28,3909
10974,2025-10-01,18,11,22,30,45,2873
11068,2025-10-01,8,12,5,3,28,492
11117,2025-10-01,33,16,193,33,45,44007
11188,2025-10-01,8,10,3,12,28,103
11225,2025-10-01,76,22,5,27,28,683
11261,2025-10-01,14,12,3,13,28,544
11277,2025-10-01,80,22,101,55,60,12262
11348,2025-10-01,38,21,3,9,12,451
11425,2025-10-01,12,13,11,29,45,1656
11457,2025-10-01,57,22,9,27,28,3005
11474,2025-10-01,53,21,13,11,12,1132
11496,2025-10-01,46,18,2,17,28,67
11527,2025-10-01,33,19,3,20,28,137
11650,2025-10-01,40,20,21,35,60,626
11789,2025-10-01,21,13,53,57,60,3537
11861,2025-10-01,48,19,6,11,12,956
11877,2025-10-01,15,13,6,6,12,665
11883,2025-10-01,48,20,53,35,45,8823
12008,2025-10-01,53,21,3,11,12,794
12050,2025-10-01,65,21,5,25,28,990
12095,2025-10-01,26,15,32,26,45,11306
12103,2025-10-01,36,21,43,19,45,6153
12136,2025-10-01,38,20,10,11,12,3001
12148,2025-10-01,2,4,1,2,12,118
12176,2025-10-01,71,22,41,39,45,8292
12218,2025-10-01,35,18,12,9,12,2635
12239,2025-10-01,36,18,10,8,12,1959
12244,2025-10-01,43,21,7,26,28,1814
12276,2025-10-01,62,21,6,11,12,1816
12321,2025-10-01,20,15,33,32,45,1703
12357,2025-10-01,64,20,52,43,45,15324
12358,2025-10-01,17,11,5,8,28,620
12375,2025-10-01,19,15,39,36,60,9186
12392,2025-10-01,15,12,3,2,12,402
12436,2025-10-01,20,14,5,24,28,50
12473,2025-10-01,31,20,1,18,28,29
12586,2025-10-01,49,21,2,21,28,42
12587,2025-10-01,36,21,46,15,45,6978
12588,2025-10-01,17,13,9,7,12,1723
12590,2025-10-01,31,19,101,46,60,28225
12592,2025-10-01,39,18,11,9,12,2051
12602,2025-10-01,21,17,1,5,12,161
12617,2025-10-01,48,19,57,48,60,23411
12673,2025-10-01,15,10,15,5,28,596
12693,2025-10-01,1,2,0,1,12,0
12728,2025-10-01,50,20,55,43,45,5818
12734,2025-10-01,24,15,49,22,28,15725
12772,2025-10-01,42,20,2,17,28,693
12819,2025-10-01,38,18,2,22,28,674
12832,2025-10-01,7,10,8,2,12,1272
12867,2025-10-01,10,12,6,16,28,154
12923,2025-10-01,17,13,22,10,45,2644
12931,2025-10-01,6,7,5,3,28,101
12951,2025-10-01,14,12,73,47,60,2277
12962,2025-10-01,32,18,36,15,28,4516
12990,2025-10-01,43,19,2,4,12,377
13010,2025-10-01,50,21,84,43,45,5558
13113,2025-10-01,36,17,3,16,28,471
13155,2025-10-01,79,22,2,11,12,287
13213,2025-10-01,21,17,19,20,45,1653
13215,2025-10-01,37,17,9,22,28,477
13230,2025-10-01,33,17,2,21,28,270
13254,2025-10-01,77,21,10,27,28,830
13308,2025-10-01,26,20,4,10,12,275
13412,2025-10-01,13,9,1,8,12,104
13422,2025-10-01,6,8,53,6,60,11571
13468,2025-10-01,55,21,4,24,28,1347
13481,2025-10-01,20,16,7,7,28,1173
13552,2025-10-01,13,13,5,9,28,194
13562,2025-10-01,5,8,1,3,12,22
13575,2025-10-01,28,17,15,12,60,2652
13618,2025-10-01,45,20,1,18,28,430
13637,2025-10-01,13,13,8,13,28,894
13647,2025-10-01,62,21,3,25,28,137
13704,2025-10-01,2,3,1,1,12,29
13766,2025-10-01,12,12,5,7,12,829
13806,2025-10-01,19,15,8,21,60,328
13997,2025-10-01,11,13,3,3,12,279
14004,2025-10-01,52,18,40,25,28,2400
14020,2025-10-01,40,20,2,16,28,309
14225,2025-10-01,22,14,10,6,12,354
14249,2025-10-01,42,20,2,18,28,125
14270,2025-10-01,12,13,36,13,60,4732
14271,2025-10-01,39,18,8,11,12,1046
14279,2025-10-01,47,20,59,42,45,7546
14289,2025-10-01,31,17,35,29,60,5333
14309,2025-10-01,5,8,2,6,12,203
14362,2025-10-01,22,15,4,8,12,91
14388,2025-10-01,34,16,6,9,12,1663
14532,2025-10-01,19,15,35,27,60,1587
14549,2025-10-01,11,11,3,17,45,183
14642,2025-10-01,6,8,1,6,45,12
14690,2025-10-01,4,6,64,8,60,4185
14706,2025-10-01,58,22,28,27,28,1884
14732,2025-10-01,36,17,5,21,28,1336
14743,2025-10-01,41,21,4,22,28,2248
14778,2025-10-01,4,6,3,11,45,162
14803,2025-10-01,48,21,12,9,12,960
14827,2025-10-01,56,22,5,25,28,1475
14837,2025-10-01,73,21,20,37,45,3831
14970,2025-10-01,41,21,2,22,28,677
15049,2025-10-01,56,19,10,7,12,2688
15186,2025-10-01,64,21,2,16,28,387
15189,2025-10-01,67,22,9,11,12,458
15193,2025-10-01,11,9,19,7,28,3781
15256,2025-10-01,8,11,5,1,12,264
15315,2025-10-01,50,21,8,11,12,2395
15368,2025-10-01,28,17,2,7,12,223
15380,2025-10-01,64,20,5,43,45,1046
15389,2025-10-01,19,14,3,7,12,900
15412,2025-10-01,14,16,14,12,28,908
15472,2025-10-01,20,17,4,8,28,906
15508,2025-10-01,2,3,2,7,45,97
15612,2025-10-01,31,20,9,2,12,778
15628,2025-10-01,6,9,17,8,45,868
15639,2025-10-01,60,22,10,10,12,2459
15642,2025-10-01,8,10,2,18,28,276
15694,2025-10-01,28,17,4,6,12,1083
15791,2025-10-01,14,13,1,9,12,73
15909,2025-10-01,59,21,75,43,45,2144
16009,2025-10-01,68,22,51,43,45,12076
16036,2025-10-01,9,9,9,19,45,718
16048,2025-10-01,24,16,5,9,12,263
16073,2025-10-01,34,18,60,42,45,10919
16131,2025-10-01,35,20,57,32,45,2256
16241,2025-10-01,29,18,4,7,12,399
16280,2025-10-01,78,22,11,27,28,2013
16284,2025-10-01,10,13,38,17,45,1681
16348,2025-10-01,22,13,35,25,28,7328
16353,2025-10-01,52,22,6,10,12,72
16381,2025-10-01,12,13,4,9,12,952
16405,2025-10-01,11,10,60,22,60,4645
16487,2025-10-01,18,13,83,28,60,13245
16664,2025-10-01,38,19,4,12,28,287
16705,2025-10-01,19,16,4,10,12,462
16712,2025-10-01,2,2,23,13,60,2271
16769,2025-10-01,13,13,22,10,45,2799
16799,2025-10-01,44,20,3,11,12,478
16832,2025-10-01,72,22,3,27,28,697
16963,2025-10-01,28,15,23,40,45,2150
16996,2025-10-01,4,8,2,14,45,151
17072,2025-10-01,45,19,37,27,45,3476
17095,2025-10-01,27,15,27,23,60,4025
17147,2025-10-01,39,21,47,11,28,15142
17352,2025-10-01,55,21,8,9,12,1083
17368,2025-10-01,33,17,7,15,28,1090
17378,2025-10-01,2,3,48,14,60,707
17430,2025-10-01,65,21,166,56,60,78046
17432,2025-10-01,38,17,21,30,45,4494
17555,2025-10-01,39,20,39,20,28,7686
17606,2025-10-01,32,18,6,12,28,975
17648,2025-10-01,4,6,3,9,12,707
17724,2025-10-01,29,16,1,17,28,103
17774,2025-10-01,14,10,104,40,60,23133
17794,2025-10-01,10,10,13,9,28,386
17800,2025-10-01,44,18,24,43,45,2948
17818,2025-10-01,64,20,9,18,28,3019
17819,2025-10-01,28,17,4,13,28,1818
17838,2025-10-01,66,22,13,26,28,1839
17862,2025-10-01,10,14,11,18,28,2629
17920,2025-10-01,2,3,3,4,60,795
17929,2025-10-01,8,8,10,26,60,905
17974,2025-10-01,19,18,9,9,12,1722
17993,2025-10-01,56,22,38,52,60,3077
17998,2025-10-01,81,22,9,11,12,2048
18013,2025-10-01,18,15,3,5,12,121
18057,2025-10-01,32,19,7,25,28,1485
18088,2025-10-01,14,14,6,7,28,1833
18104,2025-10-01,7,11,11,6,45,3318
18130,2025-10-01,63,22,70,26,45,5340
18148,2025-10-01,53,20,90,35,45,10984
18211,2025-10-01,20,14,4,18,28,684
18219,2025-10-01,71,22,27,43,45,13516
18303,2025-10-01,21,14,9,31,45,927
18307,2025-10-01,50,20,50,26,45,2626
18605,2025-10-01,11,12,3,13,45,412
18606,2025-10-01,53,22,8,11,12,2656
18662,2025-10-01,67,22,9,8,12,2043
18682,2025-10-01,22,17,35,9,28,4493
18710,2025-10-01,73,21,7,27,28,1517
18720,2025-10-01,75,22,10,39,45,2993
18732,2025-10-01,21,16,1,7,12,12
18808,2025-10-01,35,19,5,11,12,371
18811,2025-10-01,47,21,2,30,45,68
18887,2025-10-01,61,21,67,34,60,7595
18901,2025-10-01,20,16,17,18,28,427
18902,2025-10-01,21,14,39,22,28,8000
18914,2025-10-01,26,15,8,3,12,1624
18943,2025-10-01,1,2,2,3,12,57
18997,2025-10-01,13,12,7,22,28,789
19002,2025-10-01,56,21,57,37,45,21600
19036,2025-10-01,31,18,33,42,60,5058
19079,2025-10-01,57,20,44,26,28,9908
19095,2025-10-01,25,18,7,16,28,359
19107,2025-10-01,8,9,5,8,12,397
19198,2025-10-01,3,5,4,9,28,217
19468,2025-10-01,8,7,7,5,12,653
19491,2025-10-01,2,3,4,1,12,587
19560,2025-10-01,52,20,13,8,12,8040
19563,2025-10-01,25,18,3,9,12,620
19676,2025-10-01,25,16,15,41,45,2395
19729,2025-10-01,16,15,10,18,28,2330
19769,2025-10-01,60,21,13,11,12,1006
19777,2025-10-01,49,19,6,10,12,794
19794,2025-10-01,27,18,8,12,28,830
19811,2025-10-01,52,22,5,26,28,891
19926,2025-10-01,3,5,1,12,45,209
19943,2025-10-01,70,21,130,40,45,13643
20071,2025-10-01,80,22,12,11,12,1910
20082,2025-10-01,4,5,48,9,45,1478
20131,2025-10-01,32,18,2,13,28,135
20162,2025-10-01,36,20,41,35,45,1947
20296,2025-10-01,70,22,13,10,12,786
20335,2025-10-01,22,16,3,13,28,344
20357,2025-10-01,76,22,66,52,60,3581
20391,2025-10-01,45,19,24,25,28,11222
20457,2025-10-01,57,22,3,27,28,484
20480,2025-10-01,27,17,3,20,28,959
20493,2025-10-01,54,20,7,27,28,3991
20516,2025-10-01,77,22,7,26,28,2703
20595,2025-10-01,54,20,5,7,12,854
20597,2025-10-01,6,9,3,5,12,210
20677,2025-10-01,27,15,44,40,45,3141
20686,2025-10-01,19,14,76,52,60,14342
20711,2025-10-01,53,21,79,55,60,23146
20797,2025-10-01,31,16,5,8,12,1418
20821,2025-10-01,41,19,24,50,60,2220
20940,2025-10-01,66,22,7,10,12,305
20947,2025-10-01,54,22,3,11,12,539
20987,2025-10-01,61,22,7,11,12,805
20992,2025-10-01,14,15,4,8,12,398
21026,2025-10-01,35,17,4,6,12,1079
21126,2025-10-01,25,18,4,7,28,534
21146,2025-10-01,76,22,2,11,12,327
21156,2025-10-01,19,16,8,42,45,312
21170,2025-10-01,13,13,2,9,12,156
21189,2025-10-01,45,17,3,11,12,1080
21287,2025-10-01,21,17,2,23,28,505
21288,2025-10-01,51,21,12,11,12,6648
21504,2025-10-01,17,15,5,22,28,1475
21512,2025-10-01,30,18,1,9,12,168
21542,2025-10-01,24,15,6,6,12,777
21561,2025-10-01,25,15,5,6,12,817
21682,2025-10-01,30,17,45,36,45,3557
21751,2025-10-01,12,13,8,37,45,1448
21783,2025-10-01,26,18,4,23,28,343
21823,2025-10-01,74,22,8,11,12,1058
22031,2025-10-01,45,20,31,26,28,2968
22041,2025-10-01,45,20,3,24,28,1179
22110,2025-10-01,39,21,4,4,12,265
22139,2025-10-01,32,20,3,6,12,230
22154,2025-10-01,53,21,9,11,12,652
22215,2025-10-01,10,9,4,5,12,304
22217,2025-10-01,59,20,11,25,28,1372
22297,2025-10-01,55,19,13,30,45,1510
22340,2025-10-01,48,20,11,16,28,2182
22343,2025-10-01,50,22,9,33,45,1265
22350,2025-10-01,19,15,16,30,60,509
22372,2025-10-01,15,17,6,6,12,833
22416,2025-10-01,51,21,11,25,28,637
22475,2025-10-01,2,4,5,8,28,162
22485,2025-10-01,56,21,20,25,28,4424
22487,2025-10-01,34,18,2,18,28,181
22492,2025-10-01,2,3,11,4,45,609
22541,2025-10-01,12,14,3,5,12,425
22573,2025-10-01,43,21,12,27,28,2426
22593,2025-10-01,1,2,0,1,12,0
22603,2025-10-01,55,20,155,56,60,48079
22605,2025-10-01,14,13,3,7,12,424
22662,2025-10-01,81,22,7,40,45,2734
22676,2025-10-01,19,13,3,8,28,180
22710,2025-10-01,39,20,2,6,12,140
22756,2025-10-01,35,20,2,9,12,73
22768,2025-10-01,34,21,8,18,28,1136
22825,2025-10-01,32,18,14,47,60,1774
22836,2025-10-01,66,21,6,25,28,1347
22914,2025-10-01,5,8,3,8,12,161
22915,2025-10-01,19,14,4,10,12,193
22949,2025-10-01,5,9,22,35,60,584
22999,2025-10-01,66,22,56,43,45,4420
23108,2025-10-01,4,7,1,11,28,115
23130,2025-10-01,6,9,16,12,45,3480
23169,2025-10-01,30,17,5,5,12,248
23219,2025-10-01,7,12,3,5,28,253
23338,2025-10-01,1,2,45,21,60,3532
23467,2025-10-01,18,13,22,26,45,1724
23469,2025-10-01,51,21,131,56,60,79609
23484,2025-10-01,17,14,12,11,28,3243
23490,2025-10-01,33,19,9,9,12,2552
23508,2025-10-01,22,16,3,33,45,690
23512,2025-10-01,29,18,8,11,28,2460
23518,2025-10-01,76,22,189,45,60,33277
23713,2025-10-01,23,17,24,10,45,3893
23757,2025-10-01,66,20,2,11,12,666
23892,2025-10-01,6,9,2,3,12,102
23931,2025-10-01,53,20,47,26,28,16362
23959,2025-10-01,26,19,5,11,12,1003
24011,2025-10-01,41,19,5,11,28,554
24061,2025-10-01,7,8,1,16,28,106
24117,2025-10-01,61,22,7,25,28,1766
24199,2025-10-01,43,21,15,39,45,1610
24244,2025-10-01,30,18,13,39,45,1050
24261,2025-10-01,16,13,33,11,45,2638
24298,2025-10-01,15,11,22,18,45,1721
24484,2025-10-01,69,20,3,26,28,708
24530,2025-10-01,58,19,11,10,12,2322
24563,2025-10-01,48,20,6,10,12,1813
24595,2025-10-01,31,18,11,6,12,1966
24630,2025-10-01,6,9,4,18,28,623
24703,2025-10-01,24,17,3,10,28,432
24712,2025-10-01,50,18,31,42,45,22014
24733,2025-10-01,17,14,10,21,28,3617
24772,2025-10-01,18,13,3,11,12,440
24829,2025-10-01,17,14,6,16,28,1291
24838,2025-10-01,6,8,2,2,12,73
24845,2025-10-01,48,21,5,9,12,561
24848,2025-10-01,42,21,11,7,12,2430
24948,2025-10-01,57,22,12,11,12,2945
24957,2025-10-01,23,15,46,14,28,5238
24976,2025-10-01,10,12,1,7,12,133
25035,2025-10-01,33,19,7,10,12,1418
25075,2025-10-01,42,20,150,55,60,33231
25138,2025-10-01,20,14,46,15,28,7053
25145,2025-10-01,29,19,6,11,12,258
25235,2025-10-01,28,19,3,22,28,535
25247,2025-10-01,37,21,4,11,12,228
25256,2025-10-01,56,20,52,37,45,1419
25274,2025-10-01,14,13,40,48,60,6337
25308,2025-10-01,3,4,63,10,45,4035
25319,2025-10-01,58,22,3,10,12,449
25336,2025-10-01,18,11,4,5,12,743
25560,2025-10-01,29,19,4,25,28,899
25577,2025-10-01,8,8,31,50,60,4315
25613,2025-10-01,55,19,57,43,45,7448
25666,2025-10-01,34,20,31,37,60,6093
25679,2025-10-01,31,20,55,27,45,5080
25686,2025-10-01,6,7,3,6,12,439
25687,2025-10-01,43,18,4,22,28,394
25694,2025-10-01,25,18,20,23,28,3100
25759,2025-10-01,2,3,1,5,12,68
25818,2025-10-01,13,15,34,21,45,994
25909,2025-10-01,40,21,4,9,12,427
25919,2025-10-01,32,19,27,23,28,7105
25920,2025-10-01,59,22,9,9,12,628
25951,2025-10-01,22,13,1,26,28,107
25988,2025-10-01,38,18,4,10,12,657
26042,2025-10-01,41,21,11,10,12,2022
26147,2025-10-01,29,17,8,20,45,2570
26260,2025-10-01,4,7,2,1,12,361
26277,2025-10-01,65,21,64,34,45,14975
26312,2025-10-01,16,16,22,5,28,2469
26445,2025-10-01,43,22,8,17,28,3190
26507,2025-10-01,21,17,3,6,12,464
26521,2025-10-01,46,20,3,7,12,271
26568,2025-10-01,19,14,127,34,45,4508
26592,2025-10-01,22,13,2,16,28,474
26664,2025-10-01,57,21,114,40,45,12169
26685,2025-10-01,43,20,3,4,12,233
26714,2025-10-01,32,19,32,18,28,3225
26734,2025-10-01,2,3,15,3,28,1713
26744,2025-10-01,42,19,59,12,45,11127
26817,2025-10-01,29,16,47,12,28,7479
26835,2025-10-01,5,8,27,29,60,607
26865,2025-10-01,18,12,37,52,60,802
26878,2025-10-01,5,8,2,1,12,211
26911,2025-10-01,38,19,2,8,12,340
26965,2025-10-01,32,18,111,22,60,22676
27133,2025-10-01,73,21,12,24,28,4166
27248,2025-10-01,49,20,35,40,45,10349
27315,2025-10-01,24,16,6,8,12,1410
27322,2025-10-01,17,12,28,17,45,4324
27337,2025-10-01,51,22,26,55,60,2022
27387,2025-10-01,34,20,40,51,60,9124
27392,2025-10-01,8,10,2,6,12,294
27489,2025-10-01,70,21,18,43,45,8323
27545,2025-10-01,66,21,4,11,12,462
27588,2025-10-01,32,20,2,19,45,35
27689,2025-10-01,66,22,10,24,28,1442
27708,2025-10-01,76,21,111,57,60,8253
27750,2025-10-01,13,13,2,4,12,90
27778,2025-10-01,54,21,23,28,45,2237
27791,2025-10-01,24,14,26,28,45,2531
27940,2025-10-01,39,21,4,21,28,791
27963,2025-10-01,31,15,2,20,28,123
27998,2025-10-01,46,20,20,35,45,2818
28017,2025-10-01,22,15,8,7,12,1243
28082,2025-10-01,52,21,7,14,28,2310
28136,2025-10-01,56,22,7,11,12,851
28203,2025-10-01,40,20,11,18,28,1044
28234,2025-10-01,27,18,6,29,45,942
28239,2025-10-01,69,22,6,24,28,1525
28276,2025-10-01,30,15,6,25,28,1953
28278,2025-10-01,23,18,14,32,45,1217
28284,2025-10-01,27,15,46,18,60,1852
28370,2025-10-01,13,11,14,27,45,541
28382,2025-10-01,61,22,26,22,28,6055
28397,2025-10-01,81,22,74,24,45,4417
28412,2025-10-01,55,20,7,10,12,1363
28440,2025-10-01,54,21,3,7,12,319
28453,2025-10-01,16,16,6,10,12,790
28485,2025-10-01,1,2,40,7,60,1172
28508,2025-10-01,72,21,11,10,12,3014
28572,2025-10-01,4,7,3,12,28,386
28641,2025-10-01,3,4,4,4,60,248
28689,2025-10-01,19,15,1,8,45,103
28746,2025-10-01,56,21,5,43,45,5181
28826,2025-10-01,11,13,17,8,28,2357
28898,2025-10-01,2,2,3,14,60,241
28899,2025-10-01,51,18,4,28,45,1462
28909,2025-10-01,3,6,1,3,12,15
28977,2025-10-01,59,22,8,25,28,3098
28987,2025-10-01,14,14,45,12,28,8895
29074,2025-10-01,14,15,43,33,45,5124
29124,2025-10-01,18,14,116,31,60,23939
29155,2025-10-01,20,16,14,24,28,631
29175,2025-10-01,17,13,3,24,28,194
29218,2025-10-01,27,17,6,26,28,2609
29251,2025-10-01,23,17,34,36,45,8834
29302,2025-10-01,21,15,102,24,45,31114
29303,2025-10-01,45,20,69,13,28,18914
29327,2025-10-01,19,12,2,7,12,319
29331,2025-10-01,8,10,2,6,12,78
29367,2025-10-01,62,22,20,21,28,1680
29499,2025-10-01,66,22,35,41,45,5767
29526,2025-10-01,3,6,3,3,12,210
29546,2025-10-01,70,19,22,42,45,3121
29667,2025-10-01,60,21,80,42,45,5730
29679,2025-10-01,43,18,7,19,28,2428
29688,2025-10-01,66,21,8,11,12,2639
29721,2025-10-01,35,19,7,8,12,223
29723,2025-10-01,10,12,1,6,12,201
29769,2025-10-01,8,9,2,2,28,214
29805,2025-10-01,54,20,3,21,28,280
29832,2025-10-01,27,16,3,26,28,808
29841,2025-10-01,52,22,163,52,60,55073
29897,2025-10-01,9,11,1,9,28,57
29918,2025-10-01,5,8,4,4,12,500
29922,2025-10-01,40,20,49,51,60,10028
29926,2025-10-01,33,17,9,25,45,883
29939,2025-10-01,7,9,4,5,12,482
29986,2025-10-01,60,19,27,37,60,5696
30111,2025-10-01,31,17,90,40,60,9523
30229,2025-10-01,69,21,162,43,60,19048
30263,2025-10-01,54,21,2,10,12,419
30344,2025-10-01,52,20,4,7,12,695
30372,2025-10-01,18,15,92,45,60,23854
30382,2025-10-01,10,12,4,13,45,409
30410,2025-10-01,28,17,16,11,28,3425
30484,2025-10-01,31,19,1,25,28,125
30559,2025-10-01,38,20,6,22,45,945
30593,2025-10-01,20,15,6,3,12,482
30601,2025-10-01,78,22,209,38,60,44950
30607,2025-10-01,17,17,1,9,12,49
30716,2025-10-01,36,19,2,16,28,475
30738,2025-10-01,31,16,10,24,28,1323
30795,2025-10-01,48,22,9,11,12,1129
30798,2025-10-01,29,19,43,24,45,2295
30800,2025-10-01,21,16,7,8,12,1015
30819,2025-10-01,76,22,106,56,60,12232
30820,2025-10-01,35,17,6,9,12,129
30839,2025-10-01,29,18,169,30,60,43077
30843,2025-10-01,31,16,2,18,28,271
30866,2025-10-01,9,10,4,3,12,374
30867,2025-10-01,42,19,4,11,12,1093
30905,2025-10-01,62,22,26,27,28,8038
30920,2025-10-01,81,22,6,10,12,1986
31005,2025-10-01,14,11,1,8,28,440
31113,2025-10-01,30,21,9,5,28,2787
31125,2025-10-01,8,9,1,19,45,276
31126,2025-10-01,32,17,7,13,28,2148
31160,2025-10-01,24,15,7,6,12,2812
31179,2025-10-01,53,22,8,19,28,1324
31239,2025-10-01,15,15,31,28,60,3471
31267,2025-10-01,37,18,19,31,45,303
31286,2025-10-01,3,5,31,12,60,821
31324,2025-10-01,69,21,6,24,28,715
31331,2025-10-01,29,15,5,11,12,430
31348,2025-10-01,49,22,2,5,12,339
31392,2025-10-01,18,13,7,3,12,847
31417,2025-10-01,21,14,4,6,12,286
31459,2025-10-01,37,19,83,26,45,1833
31468,2025-10-01,28,18,5,23,28,542
31544,2025-10-01,35,18,49,29,45,7722
31563,2025-10-01,33,15,3,14,28,258
31595,2025-10-01,30,19,2,10,12,135
31623,2025-10-01,38,19,58,57,60,4312
31691,2025-10-01,48,22,7,7,12,3780
31701,2025-10-01,28,19,7,11,12,1798
31726,2025-10-01,26,15,3,11,28,563
31730,2025-10-01,41,19,11,7,12,1805
31775,2025-10-01,28,17,19,21,28,6449
31786,2025-10-01,8,12,13,21,60,837
31811,2025-10-01,52,22,9,11,12,7740
31852,2025-10-01,36,20,40,16,28,6575
31933,2025-10-01,50,21,14,51,60,995
31969,2025-10-01,25,17,5,10,12,744
31977,2025-10-01,10,11,12,6,28,1229
31983,2025-10-01,37,18,21,29,45,1436
32005,2025-10-01,11,11,5,36,45,155
32019,2025-10-01,25,17,6,13,28,699
32021,2025-10-01,15,14,2,3,12,372
32121,2025-10-01,22,18,40,24,28,3202
32137,2025-10-01,20,15,17,5,60,747
32171,2025-10-01,57,22,15,23,28,4337
32211,2025-10-01,21,14,8,14,28,2862
32302,2025-10-01,32,20,68,27,60,3770
32392,2025-10-01,27,15,6,9,12,242
32405,2025-10-01,22,17,3,22,28,943
32422,2025-10-01,47,19,54,40,60,3369
32430,2025-10-01,59,22,50,27,28,5809
32453,2025-10-01,51,20,3,9,12,1862
32521,2025-10-01,35,18,3,7,12,971
32529,2025-10-01,21,14,5,10,12,309
32531,2025-10-01,49,20,99,35,45,21176
32536,2025-10-01,10,13,4,24,45,984
32601,2025-10-01,37,17,8,21,28,1526
32617,2025-10-01,0,0,2,1,28,163
32628,2025-10-01,10,10,1,22,28,116
32670,2025-10-01,57,21,13,24,28,1094
32673,2025-10-01,38,20,9,11,12,1731
32811,2025-10-01,14,11,17,24,45,2819
32896,2025-10-01,71,21,154,41,60,31859
32903,2025-10-01,51,22,17,33,45,2162
32920,2025-10-01,14,11,2,6,12,190
32926,2025-10-01,23,15,2,37,45,543
32935,2025-10-01,72,22,76,23,28,28609
32995,2025-10-01,69,22,15,56,60,1003
33018,2025-10-01,37,17,1,9,12,199
33021,2025-10-01,57,20,5,24,28,101
33130,2025-10-01,28,18,8,11,12,908
33137,2025-10-01,9,11,26,26,45,3758
33138,2025-10-01,58,21,6,10,12,980
33202,2025-10-01,13,12,20,9,28,2706
33208,2025-10-01,7,7,10,23,60,1745
33284,2025-10-01,43,20,2,11,12,153
33289,2025-10-01,4,5,3,4,12,706
33350,2025-10-01,27,19,3,20,28,253
33351,2025-10-01,38,20,5,13,28,1156
33372,2025-10-01,7,9,10,8,45,885
33383,2025-10-01,33,17,44,23,28,9523
33400,2025-10-01,33,17,18,29,45,1906
33472,2025-10-01,62,22,84,37,45,14490
33774,2025-10-01,13,16,3,6,12,270
33776,2025-10-01,18,13,5,6,12,1136
33778,2025-10-01,56,20,5,11,12,607
33794,2025-10-01,71,22,72,39,45,7795
33796,2025-10-01,32,18,14,33,45,4693
33856,2025-10-01,5,7,1,9,28,72
33870,2025-10-01,8,9,41,40,60,1731
33871,2025-10-01,3,5,36,17,60,1726
33919,2025-10-01,28,13,39,37,45,7389
33925,2025-10-01,15,11,2,3,12,225
33931,2025-10-01,2,4,1,5,45,148
33945,2025-10-01,41,19,28,22,28,4295
33971,2025-10-01,56,21,15,43,45,4281
33975,2025-10-01,60,22,8,27,28,2085
33986,2025-10-01,22,16,123,30,60,11502
34001,2025-10-01,12,12,12,5,12,2240
34013,2025-10-01,13,13,117,20,60,13604
34038,2025-10-01,23,18,27,11,45,3484
34048,2025-10-01,33,17,7,7,12,244
34076,2025-10-01,5,8,3,3,12,151
34201,2025-10-01,18,15,4,12,28,204
34261,2025-10-01,10,14,3,13,28,253
34265,2025-10-01,65,21,3,25,28,368
34268,2025-10-01,14,12,1,15,28,200
34441,2025-10-01,2,4,10,3,28,232
34482,2025-10-01,11,12,4,32,45,460
34499,2025-10-01,49,20,16,42,45,4812
34559,2025-10-01,58,22,71,23,28,19567
34615,2025-10-01,16,12,52,22,45,5884
34721,2025-10-01,42,21,44,25,28,3989
34735,2025-10-01,69,21,59,43,45,9006
34744,2025-10-01,7,9,1,11,28,124
34795,2025-10-01,34,17,13,7,12,9810
34863,2025-10-01,30,14,5,39,45,185
34879,2025-10-01,10,14,1,16,45,50
34889,2025-10-01,28,17,5,7,12,458
34969,2025-10-01,0,0,1,3,28,37
34988,2025-10-01,38,19,9,9,12,1092
35003,2025-10-01,81,22,37,39,45,19529
35046,2025-10-01,7,9,3,4,12,69
35057,2025-10-01,69,20,14,25,28,5311
35071,2025-10-01,55,22,45,21,28,5956
35118,2025-10-01,3,6,1,3,12,51
35136,2025-10-01,71,21,3,11,12,873
35266,2025-10-01,28,15,5,9,12,214
35343,2025-10-01,35,18,6,10,28,571
35346,2025-10-01,10,14,2,7,12,138
35411,2025-10-01,9,8,1,9,12,145
35412,2025-10-01,37,20,39,38,60,11018
35439,2025-10-01,33,19,4,13,28,169
35528,2025-10-01,32,20,2,8,12,432
35550,2025-10-01,56,22,3,11,12,335
35710,2025-10-01,41,21,4,26,28,76
35815,2025-10-01,33,19,2,6,12,356
35860,2025-10-01,22,14,1,21,28,361
35912,2025-10-01,42,19,8,8,12,852
35933,2025-10-01,18,14,90,14,60,9798
36017,2025-10-01,5,7,27,10,28,343
36021,2025-10-01,37,17,2,8,12,211
36076,2025-10-01,7,9,6,18,28,340
36077,2025-10-01,7,8,3,22,28,303
36158,2025-10-01,54,21,1,9,12,315
36173,2025-10-01,66,22,3,11,12,96
36196,2025-10-01,66,22,50,56,60,12484
36197,2025-10-01,41,17,11,22,28,2386
36206,2025-10-01,11,10,5,6,12,1289
36413,2025-10-01,13,10,57,25,60,9487
36602,2025-10-01,18,15,56,40,60,4437
36773,2025-10-01,13,14,6,20,28,120
36783,2025-10-01,58,20,11,11,12,2501
36791,2025-10-01,71,21,6,27,28,1024
36815,2025-10-01,71,21,16,30,45,3794
36833,2025-10-01,13,13,23,18,45,8723
36886,2025-10-01,47,19,4,10,12,403
36906,2025-10-01,62,19,5,8,12,2406
36920,2025-10-01,46,21,6,25,28,341
36980,2025-10-01,27,16,37,9,28,2507
36984,2025-10-01,2,3,8,11,45,851
36995,2025-10-01,57,21,137,54,60,63064
37105,2025-10-01,12,11,5,10,12,1385
37109,2025-10-01,33,16,48,39,45,4617
37116,2025-10-01,34,19,143,56,60,23790
37134,2025-10-01,54,22,12,11,12,2674
37179,2025-10-01,43,19,8,9,12,937
37285,2025-10-01,15,14,30,19,45,6016
37335,2025-10-01,36,18,8,10,12,1735
37398,2025-10-01,14,11,7,20,28,505
37424,2025-10-01,11,11,36,18,60,2860
37460,2025-10-01,20,16,124,49,60,14889
37476,2025-10-01,22,15,3,20,28,861
37487,2025-10-01,33,18,102,36,45,17474
37500,2025-10-01,14,16,5,17,28,1240
37545,2025-10-01,54,21,2,16,28,204
37563,2025-10-01,52,21,68,42,45,9590
37605,2025-10-01,45,19,68,25,28,12478
37672,2025-10-01,12,13,47,20,28,3950
37747,2025-10-01,28,18,2,23,28,117
37940,2025-10-01,73,22,9,27,28,2099
37982,2025-10-01,16,17,6,27,60,1007
38022,2025-10-01,56,22,11,11,12,4797
38086,2025-10-01,20,15,48,30,45,6603
38095,2025-10-01,62,22,6,26,28,1475
38111,2025-10-01,77,21,4,11,12,682
38197,2025-10-01,22,16,6,22,28,1111
38198,2025-10-01,63,22,3,10,12,1121
38211,2025-10-01,29,18,10,9,12,972
38227,2025-10-01,22,14,3,22,28,75
38252,2025-10-01,5,8,5,10,45,337
38268,2025-10-01,34,19,5,5,12,738
38270,2025-10-01,14,14,6,14,45,328
38306,2025-10-01,67,22,10,9,12,3568
38423,2025-10-01,57,22,11,21,28,1586
38485,2025-10-01,3,5,14,2,28,2306
38612,2025-10-01,17,13,11,20,45,971
38664,2025-10-01,10,13,6,13,28,408
38700,2025-10-01,23,15,2,5,12,20
38728,2025-10-01,2,3,1,1,12,13
38766,2025-10-01,64,21,73,40,45,5233
38770,2025-10-01,62,22,198,57,60,17020
38775,2025-10-01,24,16,4,8,12,969
38812,2025-10-01,5,8,2,1,12,177
38823,2025-10-01,24,15,27,22,28,8447
38848,2025-10-01,73,22,97,34,60,9824
38906,2025-10-01,21,13,38,30,60,6640
38939,2025-10-01,27,19,58,32,45,10766
39017,2025-10-01,15,10,3,8,12,32
39037,2025-10-01,44,20,3,14,28,509
39062,2025-10-01,13,14,6,13,28,760
39190,2025-10-01,10,11,5,22,45,424
39196,2025-10-01,17,16,3,10,12,1062
39248,2025-10-01,27,16,58,26,28,10611
39346,2025-10-01,11,12,18,37,45,2300
39375,2025-10-01,9,12,40,16,28,6214
39416,2025-10-01,15,12,36,31,60,3014
39515,2025-10-01,27,16,3,8,12,212
39541,2025-10-01,5,9,2,5,45,200
39666,2025-10-01,55,21,2,25,28,345
39715,2025-10-01,45,20,93,45,60,3589
39739,2025-10-01,50,20,12,7,12,1199
39810,2025-10-01,47,21,203,50,60,21747
39869,2025-10-01,16,14,7,4,12,2857
39899,2025-10-01,8,9,4,8,12,312
39965,2025-10-01,70,22,62,40,45,7753
40017,2025-10-01,10,11,32,19,45,1176
40093,2025-10-01,46,21,2,22,28,286
40166,2025-10-01,31,20,2,39,45,210
40219,2025-10-01,67,22,5,23,28,168
40270,2025-10-01,24,20,5,13,28,399
40485,2025-10-01,62,20,9,11,12,4697
40555,2025-10-01,46,19,48,19,28,3509
40659,2025-10-01,60,20,3,9,12,79
40736,2025-10-01,30,18,21,43,60,3241
40757,2025-10-01,41,20,9,43,45,1368
40809,2025-10-01,14,12,68,6,60,7735
40826,2025-10-01,59,22,12,27,28,864
40843,2025-10-01,23,14,4,6,12,985
40849,2025-10-01,7,7,9,3,12,655
40857,2025-10-01,8,8,3,4,12,94
40892,2025-10-01,40,20,24,22,45,10639
40936,2025-10-01,48,20,4,26,28,1255
41021,2025-10-01,16,13,5,8,12,124
41112,2025-10-01,42,22,5,37,45,1867
41124,2025-10-01,45,19,5,43,45,119
41128,2025-10-01,76,21,28,26,28,13492
41168,2025-10-01,29,18,4,25,28,744
41180,2025-10-01,46,20,10,9,12,3240
41209,2025-10-01,23,16,15,37,45,4387
41212,2025-10-01,63,22,5,34,45,72
41289,2025-10-01,36,18,6,6,12,482
41296,2025-10-01,7,14,1,4,12,27
41324,2025-10-01,6,8,3,8,28,170
41404,2025-10-01,30,18,1,8,12,127
41475,2025-10-01,24,16,24,15,28,8771
41508,2025-10-01,28,16,4,9,12,1359
41531,2025-10-01,13,13,35,39,60,1243
41542,2025-10-01,4,6,15,6,45,2403
41554,2025-10-01,48,20,10,23,28,451
41601,2025-10-01,20,16,1,3,12,143
41660,2025-10-01,15,15,4,19,28,152
41686,2025-10-01,40,18,4,10,12,537
41704,2025-10-01,41,22,1,24,28,143
41709,2025-10-01,15,13,43,12,45,1326
41717,2025-10-01,18,15,2,7,12,118
41724,2025-10-01,22,13,7,9,12,737
41740,2025-10-01,19,14,6,11,12,1689
41776,2025-10-01,42,18,2,15,28,287
41834,2025-10-01,15,13,6,4,12,1587
41853,2025-10-01,23,17,124,30,60,26304
41859,2025-10-01,42,19,9,21,28,693
41868,2025-10-01,12,9,10,8,12,1359
41869,2025-10-01,10,13,21,14,28,972
41876,2025-10-01,44,19,67,45,60,3175
41888,2025-10-01,48,22,61,23,28,3747
41897,2025-10-01,12,14,19,28,45,709
41946,2025-10-01,44,20,5,10,12,521
41955,2025-10-01,41,17,5,24,28,2121
41956,2025-10-01,72,22,11,10,12,1121
41961,2025-10-01,56,21,7,24,28,1281
41970,2025-10-01,53,22,13,33,45,813
41985,2025-10-01,14,15,1,3,12,193
42017,2025-10-01,6,10,3,12,28,155
42058,2025-10-01,23,16,8,11,28,1365
42060,2025-10-01,8,10,28,20,45,858
42105,2025-10-01,20,15,9,10,12,1707
42111,2025-10-01,3,4,2,6,28,203
42170,2025-10-01,55,22,9,11,12,870
42176,2025-10-01,36,18,9,7,12,1803
42196,2025-10-01,8,7,1,2,12,32
42253,2025-10-01,10,12,5,2,12,662
42264,2025-10-01,65,21,9,41,45,949
42269,2025-10-01,26,16,3,38,45,1163
42398,2025-10-01,8,12,75,6,60,6867
42428,2025-10-01,25,16,4,16,28,1385
42446,2025-10-01,11,16,2,5,12,240
42484,2025-10-01,14,9,2,4,12,583
42536,2025-10-01,32,17,6,8,12,1456
42620,2025-10-01,37,17,8,10,12,2897
42635,2025-10-01,9,12,1,6,12,208
42704,2025-10-01,27,15,14,19,28,1306
42719,2025-10-01,46,21,55,53,60,10363
42762,2025-10-01,77,22,12,11,12,6926
42832,2025-10-01,27,16,40,43,45,4375
42868,2025-10-01,52,18,1,20,28,17
42914,2025-10-01,28,18,9,22,28,846
42955,2025-10-01,40,19,6,20,28,381
42960,2025-10-01,15,14,6,6,12,1101
43041,2025-10-01,52,21,125,48,60,12259
43162,2025-10-01,21,15,3,8,12,1637
43165,2025-10-01,6,9,25,8,28,2726
43194,2025-10-01,11,12,1,14,28,69
43202,2025-10-01,53,20,16,33,45,2817
43280,2025-10-01,1,2,8,4,28,346
43358,2025-10-01,19,14,26,25,45,1049
43428,2025-10-01,18,14,2,12,28,208
43444,2025-10-01,10,9,6,11,28,1201
43533,2025-10-01,26,16,19,12,28,1087
43540,2025-10-01,36,18,3,5,12,328
43556,2025-10-01,9,10,3,7,12,260
43624,2025-10-01,26,17,3,10,12,128
43645,2025-10-01,3,5,1,1,12,253
43663,2025-10-01,30,21,54,16,28,11162
43665,2025-10-01,29,18,3,18,28,402
43687,2025-10-01,27,17,7,5,12,1113
43702,2025-10-01,16,14,4,8,12,595
43777,2025-10-01,5,6,20,6,45,5594
43819,2025-10-01,25,18,2,29,45,178
43882,2025-10-01,26,18,4,3,12,856
44058,2025-10-01,13,13,6,4,12,1153
44132,2025-10-01,4,8,5,2,12,422
44211,2025-10-01,22,14,3,21,28,744
44258,2025-10-01,51,19,7,16,45,2146
44356,2025-10-01,12,14,5,13,28,1124
44365,2025-10-01,17,11,8,12,28,1307
44430,2025-10-01,47,21,42,23,28,9455
44458,2025-10-01,29,16,23,37,60,2455
44474,2025-10-01,29,16,7,5,28,1617
44476,2025-10-01,52,22,9,24,28,1993
44484,2025-10-01,24,18,1,13,28,63
44491,2025-10-01,24,14,14,16,60,507
44541,2025-10-01,64,22,6,10,12,1759
44570,2025-10-01,2,3,16,1,60,1329
44577,2025-10-01,10,13,0,10,12,0
44611,2025-10-01,46,20,6,8,12,787
44620,2025-10-01,78,22,50,27,28,2295
44643,2025-10-01,43,19,9,11,12,475
44670,2025-10-01,21,16,46,4,60,6424
44692,2025-10-01,33,19,65,23,45,5236
44722,2025-10-01,67,21,13,42,45,1795
44799,2025-10-01,42,21,8,19,28,1407
44851,2025-10-01,38,19,1,11,12,40
44979,2025-10-01,24,15,6,8,12,382
45066,2025-10-01,30,19,4,10,12,1081
45081,2025-10-01,8,9,1,5,12,241
45151,2025-10-01,23,18,1,14,28,295
45231,2025-10-01,43,20,43,27,45,4508
45232,2025-10-01,47,21,9,39,45,232
45236,2025-10-01,5,7,2,6,12,188
45290,2025-10-01,11,14,3,18,28,155
45332,2025-10-01,20,17,3,9,12,266
45344,2025-10-01,37,19,53,24,28,6344
45395,2025-10-01,39,17,10,9,12,1414
45424,2025-10-01,31,18,3,18,28,548
45507,2025-10-01,51,20,3,22,28,471
45541,2025-10-01,22,12,42,10,45,1759
45547,2025-10-01,29,19,3,12,28,375
45556,2025-10-01,48,21,6,43,45,1592
45588,2025-10-01,51,20,7,10,12,878
45606,2025-10-01,24,11,24,25,45,585
45608,2025-10-01,5,7,1,4,12,285
45702,2025-10-01,28,18,3,4,12,16
45708,2025-10-01,9,10,5,5,12,275
45757,2025-10-01,48,20,7,34,45,551
45827,2025-10-01,34,18,13,23,28,5399
45831,2025-10-01,59,22,4,10,12,1266
45909,2025-10-01,12,8,22,11,28,3188
45983,2025-10-01,30,17,74,48,60,738
46011,2025-10-01,12,12,66,24,60,16826
46059,2025-10-01,44,21,3,10,28,436
46063,2025-10-01,58,21,46,54,60,26787
46074,2025-10-01,34,19,50,56,60,4047
46088,2025-10-01,27,18,7,20,28,499
46114,2025-10-01,5,6,2,7,28,34
46158,2025-10-01,60,21,38,23,28,5982
46227,2025-10-01,0,0,1,1,12,133
46302,2025-10-01,55,21,27,43,45,2903
46382,2025-10-01,61,22,8,24,28,1542
46452,2025-10-01,10,11,15,10,28,1314
46487,2025-10-01,10,9,5,8,12,1012
46503,2025-10-01,20,13,54,42,60,4972
46607,2025-10-01,76,22,11,11,12,1395
46659,2025-10-01,28,16,4,8,12,1247
46708,2025-10-01,52,21,8,23,28,319
46731,2025-10-01,12,11,4,8,28,524
46734,2025-10-01,10,11,17,26,45,2900
46740,2025-10-01,43,21,41,19,45,2632
46829,2025-10-01,39,18,154,37,45,6916
46847,2025-10-01,70,22,58,43,60,30791
46887,2025-10-01,2,4,1,14,28,56
46898,2025-10-01,65,20,12,11,12,2561
46903,2025-10-01,51,20,11,31,45,2609
46968,2025-10-01,54,22,11,27,28,3859
47036,2025-10-01,57,22,12,5,12,396
47046,2025-10-01,51,19,63,21,28,17954
47074,2025-10-01,6,8,100,6,45,6188
47208,2025-10-01,26,15,2,4,12,405
47280,2025-10-01,5,7,2,3,28,245
47297,2025-10-01,4,7,28,6,60,867
47413,2025-10-01,55,20,3,5,12,199
47460,2025-10-01,34,18,10,20,28,1472
47517,2025-10-01,31,16,34,20,28,7349
47522,2025-10-01,5,8,3,4,12,234
47527,2025-10-01,28,18,6,7,28,290
47666,2025-10-01,41,20,5,9,12,540
47675,2025-10-01,13,12,28,19,45,6431
47676,2025-10-01,30,19,25,16,28,12339
47771,2025-10-01,37,21,5,22,28,861
47832,2025-10-01,15,13,47,7,28,2983
47858,2025-10-01,41,21,142,37,60,26827
47863,2025-10-01,13,13,3,3,12,135
47874,2025-10-01,10,12,75,20,45,1381
47879,2025-10-01,3,4,22,13,45,1861
47889,2025-10-01,52,21,118,49,60,7753
47913,2025-10-01,26,16,10,3,12,1095
47922,2025-10-01,46,21,4,10,12,496
47989,2025-10-01,7,9,3,16,28,488
48050,2025-10-01,53,21,2,11,12,156
48107,2025-10-01,56,18,67,33,45,40494
48123,2025-10-01,28,16,7,7,12,2213
48159,2025-10-01,65,20,7,17,28,2058
48223,2025-10-01,28,17,6,37,45,1063
48299,2025-10-01,1,2,1,1,12,67
48337,2025-10-01,22,14,6,4,12,185
48355,2025-10-01,64,21,6,26,28,2509
48427,2025-10-01,22,17,6,10,12,335
48428,2025-10-01,6,9,1,21,28,63
48538,2025-10-01,73,20,3,11,12,46
48567,2025-10-01,28,17,4,9,12,522
48593,2025-10-01,16,13,101,26,60,4904
48639,2025-10-01,57,20,5,20,28,552
48644,2025-10-01,64,22,11,11,12,4361
48808,2025-10-01,48,21,60,37,45,9027
48925,2025-10-01,7,12,13,5,28,1212
48989,2025-10-01,48,19,9,11,12,778
49009,2025-10-01,44,22,12,22,28,3875
49099,2025-10-01,56,22,26,27,28,1310
49130,2025-10-01,41,18,5,18,28,232
49144,2025-10-01,20,15,4,12,28,595
49168,2025-10-01,45,18,37,27,28,10074
49176,2025-10-01,36,20,8,6,12,2115
49214,2025-10-01,5,9,4,6,12,666
49249,2025-10-01,38,18,66,30,45,2925
49313,2025-10-01,49,22,4,27,28,1123
49323,2025-10-01,17,14,46,21,28,10222
49489,2025-10-01,29,18,7,4,12,1275
49517,2025-10-01,4,7,25,11,45,845
49598,2025-10-01,6,7,46,11,60,3159
49606,2025-10-01,28,15,2,3,12,124
49617,2025-10-01,9,10,12,14,28,1986
49639,2025-10-01,61,22,38,42,45,10218
49642,2025-10-01,41,19,7,10,12,146
49707,2025-10-01,68,22,79,42,45,5030
49714,2025-10-01,34,17,3,22,28,223
49783,2025-10-01,48,21,6,11,12,562
49791,2025-10-01,2,2,26,4,60,890
49808,2025-10-01,58,22,2,9,12,169
49872,2025-10-01,5,6,4,16,28,199
49884,2025-10-01,66,22,104,42,45,12002
49913,2025-10-01,39,21,5,15,28,247
49931,2025-10-01,46,18,157,57,60,22649
49980,2025-10-01,23,17,17,41,60,1845
18,2025-11-01,7,11,0,6,28,0
19,2025-11-01,59,21,9,18,28,1580
23,2025-11-01,34,18,9,24,28,921
43,2025-11-01,22,15,65,39,45,9846
48,2025-11-01,71,20,7,11,12,992
50,2025-11-01,26,18,5,6,12,919
58,2025-11-01,18,12,4,20,28,399
119,2025-11-01,39,20,58,37,45,17987
155,2025-11-01,30,20,11,22,28,412
222,2025-11-01,60,20,3,11,12,430
247,2025-11-01,74,22,9,43,45,392
259,2025-11-01,54,22,208,53,60,21180
283,2025-11-01,55,20,67,39,45,1200
291,2025-11-01,45,20,5,9,12,1365
300,2025-11-01,17,13,65,16,60,13901
308,2025-11-01,14,15,5,10,28,457
319,2025-11-01,50,19,14,53,60,1305
334,2025-11-01,74,22,62,27,28,9273
335,2025-11-01,59,22,4,10,12,1216
341,2025-11-01,34,17,30,32,45,7855
356,2025-11-01,28,18,6,4,12,1344
379,2025-11-01,52,21,11,32,45,647
508,2025-11-01,3,5,40,13,60,1637
531,2025-11-01,55,20,12,9,12,5126
575,2025-11-01,43,21,31,38,45,205
668,2025-11-01,15,14,1,3,12,136
685,2025-11-01,14,16,3,3,12,254
689,2025-11-01,37,21,3,24,28,822
738,2025-11-01,31,17,111,14,45,10775
855,2025-11-01,38,18,5,19,28,372
895,2025-11-01,17,15,4,6,12,844
1001,2025-11-01,20,15,4,14,45,134
1004,2025-11-01,7,7,32,8,28,527
1022,2025-11-01,75,22,58,26,28,10259
1048,2025-11-01,74,22,36,27,28,25237
1054,2025-11-01,17,15,4,3,12,370
1061,2025-11-01,61,21,5,11,12,817
1073,2025-11-01,71,22,2,43,45,308
1074,2025-11-01,19,16,7,5,12,947
1092,2025-11-01,19,12,2,4,12,158
1107,2025-11-01,72,22,21,55,60,1309
1167,2025-11-01,4,7,1,7,28,67
1227,2025-11-01,71,21,10,11,12,566
1237,2025-11-01,57,22,8,10,12,723
1240,2025-11-01,30,20,8,29,45,1170
1275,2025-11-01,43,19,29,18,28,1023
1314,2025-11-01,23,16,7,17,28,1480
1345,2025-11-01,29,15,117,52,60,45681
1362,2025-11-01,7,8,1,9,45,60
1385,2025-11-01,52,22,2,27,28,536
1387,2025-11-01,6,7,2,6,28,60
1402,2025-11-01,59,21,23,28,60,7140
1406,2025-11-01,46,21,64,15,28,9075
1460,2025-11-01,4,6,1,2,12,143
1806,2025-11-01,15,15,29,11,45,3941
1807,2025-11-01,53,20,29,31,60,11526
1822,2025-11-01,16,15,3,10,12,1382
1917,2025-11-01,42,21,36,36,60,7829
1974,2025-11-01,39,20,4,23,28,583
1983,2025-11-01,51,22,64,32,45,12203
2044,2025-11-01,9,8,1,7,12,9
2060,2025-11-01,31,18,11,9,12,702
2082,2025-11-01,31,17,35,37,45,8264
2244,2025-11-01,8,11,3,6,12,117
2259,2025-11-01,11,10,2,4,12,127
2383,2025-11-01,16,10,7,5,12,619
2529,2025-11-01,7,10,2,5,12,527
2554,2025-11-01,32,17,75,48,60,34839
2555,2025-11-01,56,20,42,27,45,11309
2575,2025-11-01,36,21,3,9,12,667
2608,2025-11-01,23,18,8,26,45,1361
2620,2025-11-01,35,17,8,37,60,2861
2705,2025-11-01,62,20,33,55,60,3117
2713,2025-11-01,26,17,3,3,12,493
2754,2025-11-01,57,22,3,27,28,141
2761,2025-11-01,46,20,6,8,12,955
2768,2025-11-01,30,17,2,37,45,246
2803,2025-11-01,14,12,37,23,45,4957
2845,2025-11-01,22,17,44,31,60,4114
2899,2025-11-01,11,13,2,8,28,272
2939,2025-11-01,6,9,29,39,60,5202
3054,2025-11-01,55,21,4,11,12,984
3171,2025-11-01,10,10,38,40,60,3832
3225,2025-11-01,80,22,3,11,12,405
3262,2025-11-01,14,13,18,11,28,958
3263,2025-11-01,21,15,4,2,28,363
3285,2025-11-01,63,21,70,57,60,8056
3295,2025-11-01,48,21,62,23,28,33840
3344,2025-11-01,47,22,9,25,28,1172
3421,2025-11-01,60,22,17,51,60,2607
3422,2025-11-01,24,17,16,21,28,1708
3470,2025-11-01,8,9,6,1,12,584
3583,2025-11-01,59,21,2,10,12,99
3656,2025-11-01,21,15,7,5,12,561
3669,2025-11-01,14,14,6,14,28,578
3805,2025-11-01,29,18,24,30,60,2851
3835,2025-11-01,64,22,12,14,28,3872
3840,2025-11-01,56,22,4,10,12,216
3966,2025-11-01,25,16,7,10,12,1507
4019,2025-11-01,5,9,44,3,45,4632
4049,2025-11-01,27,19,3,29,45,276
4108,2025-11-01,56,21,40,52,60,8743
4281,2025-11-01,17,16,12,11,28,2700
4306,2025-11-01,27,15,5,22,28,418
4376,2025-11-01,41,18,7,9,12,1768
4453,2025-11-01,45,18,30,33,45,16295
4520,2025-11-01,67,22,8,11,12,673
4534,2025-11-01,32,18,3,34,45,781
4562,2025-11-01,29,17,8,4,12,716
4576,2025-11-01,38,22,5,21,28,1522
4613,2025-11-01,4,8,5,7,28,95
4626,2025-11-01,3,4,22,13,45,2126
4654,2025-11-01,5,6,25,23,45,2280
4719,2025-11-01,24,17,62,15,60,6874
4759,2025-11-01,65,22,6,25,28,424
4788,2025-11-01,61,22,26,36,45,1587
4796,2025-11-01,39,19,4,7,12,812
4810,2025-11-01,39,18,31,39,45,974
4819,2025-11-01,15,12,132,13,60,35563
4858,2025-11-01,10,10,3,6,12,357
4922,2025-11-01,14,11,6,20,28,1124
4953,2025-11-01,3,5,36,8,45,1769
4988,2025-11-01,9,10,15,11,45,3254
5009,2025-11-01,19,13,6,4,12,352
5023,2025-11-01,29,18,10,10,12,405
5046,2025-11-01,22,19,25,35,45,3280
5161,2025-11-01,22,17,7,7,12,1964
5199,2025-11-01,15,13,4,12,28,351
5215,2025-11-01,4,7,10,23,60,603
5217,2025-11-01,30,18,11,4,12,340
5255,2025-11-01,35,19,26,22,28,2796
5329,2025-11-01,24,17,87,28,60,24863
5367,2025-11-01,34,19,48,38,60,5542
5370,2025-11-01,12,15,35,22,60,3111
5398,2025-11-01,9,9,21,7,28,7443
5411,2025-11-01,59,22,62,43,45,12542
5428,2025-11-01,65,21,11,27,28,3741
5468,2025-11-01,49,21,8,21,28,5709
5513,2025-11-01,25,17,33,46,60,2085
5535,2025-11-01,8,13,19,17,60,565
5566,2025-11-01,14,10,4,6,28,212
5589,2025-11-01,62,20,17,26,28,1243
5610,2025-11-01,7,9,17,22,60,1291
5614,2025-11-01,15,13,19,7,45,1302
5657,2025-11-01,18,15,1,10,12,62
5659,2025-11-01,16,14,12,31,45,1969
5678,2025-11-01,2,3,0,8,45,0
5717,2025-11-01,37,19,24,41,45,834
5747,2025-11-01,0,0,5,2,45,476
5749,2025-11-01,50,22,3,25,28,613
5754,2025-11-01,6,8,2,9,12,123
5786,2025-11-01,60,22,4,25,28,386
5855,2025-11-01,13,11,8,6,12,1613
5985,2025-11-01,53,21,4,11,12,1251
6051,2025-11-01,17,14,8,5,12,792
6058,2025-11-01,36,18,9,21,28,3629
6092,2025-11-01,18,14,48,29,45,19436
6096,2025-11-01,49,19,9,27,45,926
6100,2025-11-01,51,18,25,41,45,3146
6117,2025-11-01,7,10,56,22,45,8465
6134,2025-11-01,32,17,4,8,12,363
6149,2025-11-01,19,14,56,12,45,5218
6209,2025-11-01,5,7,7,3,12,855
6250,2025-11-01,19,15,4,6,12,497
6293,2025-11-01,12,14,34,17,45,3191
6298,2025-11-01,29,17,9,11,28,1802
6312,2025-11-01,55,19,10,10,12,907
6317,2025-11-01,18,13,2,4,12,157
6330,2025-11-01,13,13,2,6,12,198
6359,2025-11-01,12,13,1,4,12,253
6362,2025-11-01,65,22,5,11,12,1855
6392,2025-11-01,5,8,8,12,60,142
6483,2025-11-01,3,4,6,1,12,65
6487,2025-11-01,31,18,3,6,12,513
6514,2025-11-01,2,4,3,1,28,163
6515,2025-11-01,7,11,1,7,28,63
6529,2025-11-01,60,22,79,52,60,5619
6545,2025-11-01,35,18,16,32,45,2039
6557,2025-11-01,7,11,54,24,60,4447
6653,2025-11-01,23,15,11,38,45,734
6669,2025-11-01,24,16,5,10,12,263
6670,2025-11-01,29,17,30,38,60,867
6687,2025-11-01,15,11,1,6,12,176
6693,2025-11-01,10,11,23,44,60,1944
6744,2025-11-01,21,16,17,29,45,3865
6786,2025-11-01,5,7,16,15,45,2085
6814,2025-11-01,66,22,9,8,12,271
6909,2025-11-01,7,8,4,7,28,233
6937,2025-11-01,80,22,8,11,12,329
6981,2025-11-01,4,6,25,14,60,2060
6997,2025-11-01,36,17,4,5,12,430
7039,2025-11-01,59,22,11,24,28,2136
7058,2025-11-01,33,14,46,24,28,14575
7071,2025-11-01,50,20,4,25,45,640
7225,2025-11-01,37,20,26,39,45,3072
7227,2025-11-01,19,13,16,22,28,84
7280,2025-11-01,7,7,15,21,60,1876
7319,2025-11-01,33,17,5,10,12,562
7342,2025-11-01,65,20,14,39,45,1280
7357,2025-11-01,21,15,5,7,28,153
7359,2025-11-01,68,22,2,25,28,1163
7407,2025-11-01,9,13,41,24,60,1375
7429,2025-11-01,11,12,150,10,60,18439
7430,2025-11-01,8,10,3,4,12,375
7486,2025-11-01,11,15,5,9,12,276
7497,2025-11-01,40,18,53,26,28,1955
7498,2025-11-01,14,11,17,10,28,1678
7526,2025-11-01,72,21,174,43,45,24951
7609,2025-11-01,48,22,54,38,45,10122
7663,2025-11-01,27,18,19,39,60,1011
7806,2025-11-01,34,17,12,22,28,2773
7979,2025-11-01,31,20,110,42,60,17248
8004,2025-11-01,13,12,25,22,60,1543
8013,2025-11-01,51,20,5,41,45,2354
8039,2025-11-01,8,11,2,13,28,159
8085,2025-11-01,42,19,11,26,28,789
8107,2025-11-01,16,13,21,17,28,4921
8179,2025-11-01,30,19,38,22,28,3840
8186,2025-11-01,30,18,44,25,45,1631
8236,2025-11-01,57,22,2,26,28,440
8339,2025-11-01,13,15,30,26,45,3929
8340,2025-11-01,36,19,9,7,12,1860
8359,2025-11-01,7,7,37,34,60,7114
8377,2025-11-01,50,21,7,11,12,1246
8392,2025-11-01,61,20,8,11,12,1731
8400,2025-11-01,4,5,2,4,12,76
8424,2025-11-01,26,13,1,9,12,62
8642,2025-11-01,33,17,7,23,28,264
8646,2025-11-01,5,9,1,2,12,44
8712,2025-11-01,45,20,4,17,28,719
8727,2025-11-01,3,5,7,4,28,418
8775,2025-11-01,36,19,1,8,12,229
8799,2025-11-01,14,18,8,12,28,2524
8844,2025-11-01,51,20,11,22,28,851
8874,2025-11-01,7,8,29,8,28,2264
8895,2025-11-01,36,20,142,38,60,10710
8982,2025-11-01,23,15,42,30,60,6302
9057,2025-11-01,15,15,4,3,12,221
9083,2025-11-01,42,21,4,10,12,1356
9104,2025-11-01,14,13,2,14,28,175
9112,2025-11-01,65,21,58,24,28,16341
9141,2025-11-01,21,16,3,21,28,194
9157,2025-11-01,29,18,11,22,28,2621
9229,2025-11-01,41,19,47,36,45,7550
9269,2025-11-01,4,8,4,3,12,367
9272,2025-11-01,43,18,2,10,12,551
9313,2025-11-01,19,15,1,9,28,67
9365,2025-11-01,18,15,22,18,45,2987
9399,2025-11-01,39,19,3,9,12,142
9465,2025-11-01,62,22,9,10,12,1206
9477,2025-11-01,6,9,10,18,60,343
9505,2025-11-01,11,11,41,21,45,3682
9557,2025-11-01,5,6,39,35,45,1239
9562,2025-11-01,9,8,29,18,45,2009
9565,2025-11-01,16,11,44,13,28,3164
9636,2025-11-01,41,20,19,14,28,2975
9694,2025-11-01,33,16,36,29,45,10075
9703,2025-11-01,19,15,23,27,60,5555
9720,2025-11-01,10,13,6,9,12,720
9724,2025-11-01,43,19,44,24,28,3308
9768,2025-11-01,33,18,37,15,45,3372
9836,2025-11-01,32,16,45,31,45,1452
9855,2025-11-01,61,22,23,35,45,842
9866,2025-11-01,17,13,8,6,12,2538
9913,2025-11-01,46,21,2,25,28,351
9947,2025-11-01,18,13,8,5,28,2660
9995,2025-11-01,27,18,39,16,45,6307
10006,2025-11-01,68,22,65,27,45,26320
10160,2025-11-01,14,13,2,5,12,122
10214,2025-11-01,35,19,2,9,12,289
10246,2025-11-01,19,12,3,8,12,605
10268,2025-11-01,74,22,16,42,45,7033
10289,2025-11-01,26,17,34,30,45,866
10299,2025-11-01,71,22,119,55,60,44492
10304,2025-11-01,56,21,12,10,12,1226
10316,2025-11-01,48,20,54,17,45,4015
10322,2025-11-01,33,20,8,5,12,282
10330,2025-11-01,77,22,167,43,45,27964
10376,2025-11-01,44,19,4,22,28,1145
10429,2025-11-01,40,17,67,27,45,7808
10432,2025-11-01,37,19,2,6,12,392
10457,2025-11-01,29,18,3,8,12,667
10490,2025-11-01,48,21,4,11,12,491
10516,2025-11-01,42,20,6,18,28,574
10529,2025-11-01,63,20,12,27,28,430
10578,2025-11-01,46,20,46,42,45,11456
10591,2025-11-01,72,21,9,11,12,975
10745,2025-11-01,35,18,4,9,12,549
10771,2025-11-01,21,19,30,9,45,5953
10776,2025-11-01,5,7,0,4,12,0
10780,2025-11-01,25,16,5,19,28,1058
10883,2025-11-01,17,11,69,39,60,4579
10941,2025-11-01,21,14,14,39,45,5412
10973,2025-11-01,4,5,21,6,28,1779
10974,2025-11-01,19,16,21,27,45,4675
11068,2025-11-01,9,12,4,3,28,79
11117,2025-11-01,25,13,180,34,45,31352
11188,2025-11-01,3,5,3,14,28,744
11225,2025-11-01,55,22,6,27,28,149
11261,2025-11-01,7,12,3,10,28,354
11277,2025-11-01,75,21,102,55,60,54317
11348,2025-11-01,45,19,3,11,12,281
11425,2025-11-01,12,14,11,32,45,3537
11457,2025-11-01,50,22,9,27,28,1262
11474,2025-11-01,58,22,12,11,12,1913
11496,2025-11-01,59,22,2,20,28,61
11527,2025-11-01,26,18,2,22,28,134
11650,2025-11-01,35,18,22,37,60,1975
11662,2025-11-01,4,6,0,12,28,0
11789,2025-11-01,23,16,47,56,60,5676
11861,2025-11-01,44,20,6,11,12,1006
11877,2025-11-01,14,14,6,5,12,221
11883,2025-11-01,40,18,50,30,45,5286
11941,2025-11-01,39,21,41,25,28,5131
12008,2025-11-01,60,22,3,11,12,64
12050,2025-11-01,68,22,4,26,28,931
12095,2025-11-01,21,16,32,33,45,7657
12103,2025-11-01,33,17,48,25,45,6428
12136,2025-11-01,40,21,11,11,12,2497
12148,2025-11-01,3,4,1,2,12,72
12176,2025-11-01,71,21,47,37,45,6059
12218,2025-11-01,42,17,11,8,12,2885
12239,2025-11-01,29,16,12,6,12,2168
12244,2025-11-01,61,22,8,24,28,1155
12276,2025-11-01,52,22,5,11,12,126
12321,2025-11-01,35,20,31,27,45,1928
12357,2025-11-01,52,20,46,43,45,7423
12358,2025-11-01,23,14,5,8,28,531
12375,2025-11-01,29,16,44,46,60,9237
12392,2025-11-01,14,12,3,3,12,472
12436,2025-11-01,26,15,5,26,28,633
12473,2025-11-01,35,17,1,22,28,24
12586,2025-11-01,33,19,2,22,28,271
12587,2025-11-01,35,20,46,13,45,1517
12588,2025-11-01,26,16,7,6,12,274
12590,2025-11-01,34,19,105,46,60,7649
12592,2025-11-01,42,19,9,9,12,541
12602,2025-11-01,23,15,1,4,12,120
12617,2025-11-01,51,19,65,41,60,5219
12673,2025-11-01,27,18,21,10,28,9060
12693,2025-11-01,2,2,0,1,12,0
12728,2025-11-01,50,20,59,43,45,13088
12734,2025-11-01,41,19,55,23,28,7349
12772,2025-11-01,35,19,2,19,28,513
12819,2025-11-01,30,19,3,20,28,500
12832,2025-11-01,7,8,7,2,12,235
12867,2025-11-01,10,13,6,9,28,288
12923,2025-11-01,19,17,20,15,45,4405
12931,2025-11-01,4,6,5,4,28,634
12951,2025-11-01,19,14,87,50,60,13767
12962,2025-11-01,23,15,30,16,28,4186
12990,2025-11-01,34,17,2,6,12,377
13010,2025-11-01,62,22,71,43,45,11130
13113,2025-11-01,24,16,2,16,28,196
13155,2025-11-01,80,22,2,11,12,509
13213,2025-11-01,10,11,18,23,45,3613
13215,2025-11-01,45,18,10,22,28,774
13230,2025-11-01,37,20,2,23,28,309
13254,2025-11-01,72,22,10,27,28,2710
13308,2025-11-01,19,14,3,9,12,185
13412,2025-11-01,13,11,1,7,12,81
13422,2025-11-01,9,11,49,7,60,6005
13468,2025-11-01,42,20,4,22,28,347
13481,2025-11-01,23,15,7,6,28,705
13539,2025-11-01,12,12,16,17,60,288
13552,2025-11-01,12,12,5,12,28,412
13562,2025-11-01,7,9,1,1,12,139
13575,2025-11-01,35,18,16,12,60,1108
13592,2025-11-01,22,15,85,51,60,3030
13618,2025-11-01,48,19,1,16,28,82
13637,2025-11-01,9,11,7,8,28,994
13647,2025-11-01,75,21,3,24,28,1094
13704,2025-11-01,3,5,1,1,12,33
13766,2025-11-01,14,14,6,5,12,365
13806,2025-11-01,25,18,10,22,60,1781
13997,2025-11-01,12,12,3,3,12,358
14004,2025-11-01,60,22,34,26,28,9882
14020,2025-11-01,42,18,2,14,28,660
14225,2025-11-01,36,19,11,6,12,2515
14249,2025-11-01,55,21,2,18,28,102
14270,2025-11-01,18,15,35,10,60,8335
14271,2025-11-01,49,19,7,11,12,1138
14279,2025-11-01,35,20,60,42,45,10279
14289,2025-11-01,45,21,36,30,60,9677
14309,2025-11-01,6,7,2,8,12,90
14362,2025-11-01,33,17,4,7,12,984
14388,2025-11-01,52,22,6,9,12,963
14532,2025-11-01,16,10,33,35,60,5569
14549,2025-11-01,8,9,4,15,45,83
14642,2025-11-01,7,9,1,9,45,54
14674,2025-11-01,19,13,83,36,60,2965
14690,2025-11-01,2,3,64,9,60,504
14706,2025-11-01,70,22,28,27,28,2424
14732,2025-11-01,37,18,6,23,28,124
14743,2025-11-01,39,21,4,24,28,603
14778,2025-11-01,4,6,3,12,45,292
14803,2025-11-01,64,21,11,8,12,1914
14827,2025-11-01,54,20,5,26,28,815
14837,2025-11-01,65,21,24,38,45,2072
14970,2025-11-01,31,14,2,20,28,231
15049,2025-11-01,44,20,8,9,12,954
15186,2025-11-01,60,22,3,19,28,251
15189,2025-11-01,57,22,7,11,12,1679
15193,2025-11-01,11,14,20,7,28,1698
15256,2025-11-01,7,10,5,2,12,1061
15315,2025-11-01,69,21,8,11,12,1184
15368,2025-11-01,39,21,2,7,12,303
15380,2025-11-01,49,21,5,43,45,774
15389,2025-11-01,27,16,4,9,12,363
15412,2025-11-01,10,12,12,13,28,380
15472,2025-11-01,20,17,4,5,28,419
15508,2025-11-01,4,5,2,8,45,99
15612,2025-11-01,32,19,8,3,12,375
15628,2025-11-01,7,12,15,9,45,1835
15639,2025-11-01,59,20,10,10,12,2539
15642,2025-11-01,5,10,2,20,28,286
15694,2025-11-01,32,19,4,7,12,237
15774,2025-11-01,18,14,8,32,45,122
15791,2025-11-01,15,13,1,8,12,215
15909,2025-11-01,56,19,81,43,45,11205
16009,2025-11-01,67,21,52,43,45,1323
16036,2025-11-01,13,15,9,15,45,766
16048,2025-11-01,30,16,6,9,12,993
16073,2025-11-01,28,18,58,42,45,9601
16131,2025-11-01,35,19,49,36,45,5683
16241,2025-11-01,29,19,4,8,12,187
16280,2025-11-01,55,21,13,27,28,1388
16284,2025-11-01,9,11,37,29,45,3141
16348,2025-11-01,31,18,31,26,28,3036
16353,2025-11-01,74,22,6,10,12,692
16381,2025-11-01,26,16,5,10,12,806
16405,2025-11-01,23,16,75,22,60,6771
16487,2025-11-01,27,19,79,30,60,5471
16664,2025-11-01,43,19,3,17,28,41
16705,2025-11-01,22,18,4,10,12,361
16712,2025-11-01,1,2,23,10,60,3673
16769,2025-11-01,9,10,20,6,45,1439
16799,2025-11-01,34,18,3,11,12,522
16832,2025-11-01,71,22,3,27,28,1087
16963,2025-11-01,20,15,23,39,45,3231
16996,2025-11-01,5,7,1,13,45,140
17072,2025-11-01,46,20,38,28,45,1515
17095,2025-11-01,19,15,28,24,60,4785
17147,2025-11-01,44,21,44,18,28,12266
17352,2025-11-01,78,22,9,9,12,840
17368,2025-11-01,39,19,6,21,28,525
17378,2025-11-01,5,9,49,14,60,2534
17430,2025-11-01,65,22,189,55,60,9825
17432,2025-11-01,19,14,20,33,45,1285
17555,2025-11-01,47,21,37,23,28,4166
17565,2025-11-01,60,21,45,28,45,12652
17606,2025-11-01,30,17,6,15,28,795
17648,2025-11-01,4,6,3,8,12,56
17724,2025-11-01,28,20,1,19,28,253
17774,2025-11-01,21,14,97,44,60,9092
17794,2025-11-01,15,15,13,10,28,3996
17800,2025-11-01,52,22,25,43,45,1226
17818,2025-11-01,42,21,9,14,28,1223
17819,2025-11-01,33,17,3,13,28,377
17838,2025-11-01,55,22,12,26,28,2708
17862,2025-11-01,10,12,10,15,28,720
17920,2025-11-01,1,2,3,4,60,385
17929,2025-11-01,13,12,11,23,60,252
17974,2025-11-01,20,14,8,9,12,572
17993,2025-11-01,80,22,40,49,60,12771
17998,2025-11-01,76,22,10,11,12,591
18009,2025-11-01,15,12,43,37,45,3201
18013,2025-11-01,18,16,3,4,12,665
18050,2025-11-01,10,13,1,13,28,47
18057,2025-11-01,45,20,6,25,28,976
18088,2025-11-01,11,12,6,11,28,955
18104,2025-11-01,10,10,12,6,45,913
18130,2025-11-01,58,21,60,27,45,6601
18148,2025-11-01,44,17,90,34,45,48612
18211,2025-11-01,11,11,3,15,28,312
18219,2025-11-01,76,22,24,43,45,3216
18303,2025-11-01,38,20,8,28,45,1274
18307,2025-11-01,39,19,48,28,45,2789
18605,2025-11-01,10,11,3,11,45,592
18606,2025-11-01,53,22,9,11,12,1412
18662,2025-11-01,45,21,9,9,12,2588
18682,2025-11-01,15,12,35,11,28,3970
18710,2025-11-01,80,22,7,27,28,751
18720,2025-11-01,59,21,10,41,45,3201
18732,2025-11-01,25,15,2,9,12,116
18752,2025-11-01,2,2,12,6,60,1036
18808,2025-11-01,30,18,5,11,12,568
18811,2025-11-01,49,21,2,36,45,831
18861,2025-11-01,35,18,4,5,12,345
18887,2025-11-01,55,22,68,40,60,8163
18901,2025-11-01,22,15,18,19,28,3461
18902,2025-11-01,32,22,46,22,28,3614
18914,2025-11-01,35,17,7,2,12,1429
18943,2025-11-01,3,4,2,2,12,99
18997,2025-11-01,27,18,7,22,28,1632
19002,2025-11-01,61,20,62,40,45,18332
19036,2025-11-01,20,16,33,46,60,9689
19079,2025-11-01,55,21,39,26,28,7726
19095,2025-11-01,24,17,7,17,28,595
19107,2025-11-01,4,6,4,6,12,260
19198,2025-11-01,5,8,4,10,28,763
19468,2025-11-01,15,14,7,6,12,549
19491,2025-11-01,2,3,4,2,12,263
19560,2025-11-01,43,20,13,9,12,2928
19563,2025-11-01,30,17,3,9,12,814
19676,2025-11-01,33,17,17,42,45,1787
19729,2025-11-01,21,16,9,15,28,1697
19769,2025-11-01,51,20,12,11,12,3744
19777,2025-11-01,38,20,7,10,12,172
19794,2025-11-01,23,17,8,6,28,213
19811,2025-11-01,45,19,5,27,28,1739
19926,2025-11-01,5,9,1,12,45,46
19943,2025-11-01,59,21,128,42,45,13026
20071,2025-11-01,79,22,12,11,12,4724
20082,2025-11-01,2,3,52,7,45,5707
20131,2025-11-01,30,20,2,11,28,138
20162,2025-11-01,28,17,38,40,45,2256
20296,2025-11-01,59,22,14,9,12,4680
20335,2025-11-01,30,19,3,15,28,488
20357,2025-11-01,65,22,63,46,60,14127
20391,2025-11-01,47,20,23,24,28,2908
20457,2025-11-01,53,22,4,27,28,691
20480,2025-11-01,32,17,3,22,28,340
20493,2025-11-01,62,21,8,27,28,707
20516,2025-11-01,73,22,7,27,28,282
20595,2025-11-01,50,20,6,7,12,1576
20597,2025-11-01,6,7,3,4,12,235
20677,2025-11-01,29,17,44,33,45,12426
20686,2025-11-01,39,20,83,47,60,4131
20711,2025-11-01,60,21,81,57,60,25736
20797,2025-11-01,27,16,4,6,12,333
20821,2025-11-01,42,20,26,47,60,3400
20940,2025-11-01,81,22,8,10,12,3342
20947,2025-11-01,72,22,4,11,12,669
20987,2025-11-01,77,22,7,11,12,517
20992,2025-11-01,17,16,3,9,12,126
21026,2025-11-01,34,19,5,6,12,1014
21126,2025-11-01,24,16,4,7,28,722
21146,2025-11-01,59,22,3,11,12,602
21156,2025-11-01,36,17,9,42,45,1334
21170,2025-11-01,13,13,2,9,12,132
21189,2025-11-01,41,19,3,11,12,468
21287,2025-11-01,29,17,2,23,28,222
21288,2025-11-01,66,22,14,11,12,1008
21504,2025-11-01,23,17,5,22,28,602
21512,2025-11-01,38,18,1,8,12,246
21542,2025-11-01,15,13,6,6,12,268
21561,2025-11-01,29,20,4,7,12,1081
21682,2025-11-01,32,18,49,37,45,8779
21751,2025-11-01,7,9,9,31,45,194
21783,2025-11-01,45,19,5,22,28,605
21823,2025-11-01,49,20,6,11,12,2069
22031,2025-11-01,32,17,30,27,28,6068
22041,2025-11-01,48,22,3,24,28,211
22110,2025-11-01,54,20,4,6,12,718
22139,2025-11-01,28,17,3,5,12,129
22154,2025-11-01,39,20,9,11,12,3924
22215,2025-11-01,12,9,4,3,12,1355
22217,2025-11-01,75,22,10,26,28,929
22297,2025-11-01,64,21,12,36,45,1223
22340,2025-11-01,56,20,11,21,28,939
22343,2025-11-01,36,18,10,33,45,3708
22350,2025-11-01,26,17,16,34,60,1497
22372,2025-11-01,11,15,5,4,12,717
22416,2025-11-01,54,18,11,24,28,1100
22475,2025-11-01,1,2,4,8,28,121
22485,2025-11-01,53,20,22,26,28,2266
22487,2025-11-01,32,17,2,17,28,348
22492,2025-11-01,2,3,12,5,45,910
22541,2025-11-01,15,14,3,4,12,767
22573,2025-11-01,54,18,11,27,28,3878
22593,2025-11-01,1,1,0,1,12,0
22603,2025-11-01,48,19,165,56,60,10687
22605,2025-11-01,18,14,3,6,12,239
22662,2025-11-01,64,21,7,40,45,1789
22676,2025-11-01,12,12,3,8,28,283
22710,2025-11-01,42,21,2,6,12,739
22756,2025-11-01,45,21,2,9,12,114
22768,2025-11-01,50,20,10,23,28,1253
22825,2025-11-01,45,19,13,49,60,2291
22836,2025-11-01,59,18,7,25,28,902
22914,2025-11-01,5,7,3,9,12,335
22915,2025-11-01,33,18,5,10,12,1512
22949,2025-11-01,8,14,25,35,60,3193
22999,2025-11-01,60,22,56,43,45,12492
23108,2025-11-01,6,8,0,8,28,0
23130,2025-11-01,6,9,18,9,45,70
23169,2025-11-01,34,18,5,6,12,688
23219,2025-11-01,6,7,3,7,28,57
23338,2025-11-01,5,8,37,15,60,899
23467,2025-11-01,18,13,25,21,45,1547
23469,2025-11-01,54,22,148,57,60,2766
23484,2025-11-01,12,11,11,9,28,436
23490,2025-11-01,39,19,10,7,12,1474
23508,2025-11-01,37,17,3,32,45,233
23512,2025-11-01,27,14,8,12,28,1602
23518,2025-11-01,52,19,190,47,60,26289
23713,2025-11-01,29,16,29,12,45,2211
23757,2025-11-01,59,22,2,11,12,636
23892,2025-11-01,13,12,1,5,12,142
23931,2025-11-01,55,22,56,26,28,4764
23959,2025-11-01,36,17,5,11,12,1490
24011,2025-11-01,54,21,5,15,28,366
24061,2025-11-01,6,10,1,18,28,166
24087,2025-11-01,21,15,2,30,45,39
24117,2025-11-01,45,21,9,26,28,3932
24199,2025-11-01,44,17,14,39,45,1558
24244,2025-11-01,44,19,12,40,45,2235
24261,2025-11-01,10,11,29,12,45,1577
24298,2025-11-01,13,13,22,13,45,4988
24484,2025-11-01,69,21,2,24,28,59
24530,2025-11-01,57,21,10,11,12,2131
24563,2025-11-01,33,18,6,9,12,1153
24595,2025-11-01,49,20,10,6,12,3267
24630,2025-11-01,4,8,5,18,28,124
24703,2025-11-01,23,18,3,15,28,789
24712,2025-11-01,49,21,31,43,45,2683
24733,2025-11-01,22,17,10,22,28,670
24772,2025-11-01,16,14,3,10,12,112
24829,2025-11-01,16,13,6,18,28,914
24838,2025-11-01,6,9,2,4,12,130
24845,2025-11-01,51,21,6,8,12,734
24848,2025-11-01,29,18,11,8,12,532
24948,2025-11-01,81,22,11,11,12,555
24957,2025-11-01,43,20,43,15,28,10417
24976,2025-11-01,5,6,1,5,12,61
25035,2025-11-01,27,19,7,10,12,653
25075,2025-11-01,38,20,143,53,60,38144
25138,2025-11-01,30,17,44,14,28,7382
25145,2025-11-01,33,17,6,10,12,264
25235,2025-11-01,37,20,3,23,28,622
25247,2025-11-01,58,20,3,11,12,509
25256,2025-11-01,54,21,55,39,45,6858
25274,2025-11-01,14,13,37,49,60,8194
25308,2025-11-01,4,5,57,9,45,4926
25319,2025-11-01,56,20,3,10,12,1324
25336,2025-11-01,28,14,4,6,12,706
25380,2025-11-01,34,19,1,23,28,25
25560,2025-11-01,27,18,4,25,28,245
25577,2025-11-01,13,13,34,47,60,5255
25613,2025-11-01,58,20,54,42,45,27790
25666,2025-11-01,36,18,33,39,60,7872
25679,2025-11-01,49,20,59,31,45,8774
25686,2025-11-01,6,9,4,5,12,415
25687,2025-11-01,33,19,5,21,28,597
25694,2025-11-01,22,16,18,24,28,843
25759,2025-11-01,6,9,1,4,12,56
25818,2025-11-01,17,13,32,21,45,2395
25909,2025-11-01,31,20,5,11,12,442
25919,2025-11-01,41,17,29,23,28,7304
25920,2025-11-01,32,18,8,9,12,130
25951,2025-11-01,42,20,1,26,28,85
25988,2025-11-01,38,19,4,11,12,1188
26035,2025-11-01,5,8,9,11,45,941
26042,2025-11-01,30,19,10,10,12,4739
26147,2025-11-01,32,18,8,19,45,790
26243,2025-11-01,56,21,5,17,28,304
26260,2025-11-01,4,6,2,2,12,126
26277,2025-11-01,51,19,58,33,45,16733
26312,2025-11-01,15,13,24,7,28,560
26445,2025-11-01,28,17,8,16,28,2252
26507,2025-11-01,19,13,3,7,12,623
26521,2025-11-01,46,18,4,6,12,1643
26568,2025-11-01,37,17,124,38,45,12501
26592,2025-11-01,28,18,2,19,28,71
26664,2025-11-01,47,19,97,40,45,15707
26685,2025-11-01,52,21,3,6,12,877
26714,2025-11-01,28,17,36,15,28,8194
26734,2025-11-01,1,2,13,2,28,610
26744,2025-11-01,46,19,58,15,45,7378
26817,2025-11-01,35,19,51,8,28,6573
26835,2025-11-01,5,9,31,25,60,2026
26865,2025-11-01,22,18,40,50,60,3793
26878,2025-11-01,5,8,3,1,12,111
26911,2025-11-01,33,19,3,10,12,364
26965,2025-11-01,21,17,94,32,60,19358
27133,2025-11-01,58,22,11,24,28,2688
27248,2025-11-01,58,22,36,39,45,4206
27277,2025-11-01,38,18,2,5,12,201
27315,2025-11-01,36,21,6,6,12,840
27322,2025-11-01,21,16,27,17,45,5850
27337,2025-11-01,75,22,23,57,60,1185
27381,2025-11-01,77,22,9,11,12,2460
27387,2025-11-01,46,19,36,50,60,21246
27392,2025-11-01,7,10,2,6,12,79
27489,2025-11-01,53,22,20,43,45,6531
27545,2025-11-01,69,21,4,11,12,461
27588,2025-11-01,27,17,2,24,45,319
27689,2025-11-01,42,19,11,23,28,693
27708,2025-11-01,67,22,96,57,60,26228
27750,2025-11-01,13,14,2,4,12,82
27778,2025-11-01,39,20,22,26,45,673
27791,2025-11-01,28,17,32,29,45,6435
27940,2025-11-01,36,17,4,20,28,57
27963,2025-11-01,29,19,2,16,28,239
27998,2025-11-01,65,22,22,33,45,6649
28017,2025-11-01,35,19,8,6,12,2211
28082,2025-11-01,50,19,7,18,28,2249
28136,2025-11-01,77,22,8,11,12,608
28203,2025-11-01,30,18,11,22,28,897
28234,2025-11-01,14,10,6,33,45,913
28239,2025-11-01,65,21,5,25,28,660
28276,2025-11-01,33,17,6,23,28,722
28278,2025-11-01,25,16,18,34,45,686
28284,2025-11-01,35,19,50,27,60,10509
28370,2025-11-01,8,8,14,25,45,597
28382,2025-11-01,60,22,25,24,28,2916
28397,2025-11-01,76,22,75,28,45,12862
28412,2025-11-01,50,20,7,8,12,1607
28440,2025-11-01,39,21,3,7,12,867
28453,2025-11-01,16,14,6,9,12,1394
28485,2025-11-01,2,3,35,6,60,3819
28508,2025-11-01,70,22,10,10,12,542
28572,2025-11-01,9,11,4,15,28,1006
28641,2025-11-01,1,2,5,9,60,248
28689,2025-11-01,16,12,1,8,45,123
28746,2025-11-01,63,19,6,43,45,1536
28826,2025-11-01,14,17,18,8,28,3744
28898,2025-11-01,3,4,3,15,60,40
28899,2025-11-01,37,17,4,25,45,2203
28909,2025-11-01,4,5,1,2,12,190
28977,2025-11-01,76,22,9,24,28,3613
28987,2025-11-01,18,17,39,12,28,2919
29074,2025-11-01,17,14,41,32,45,3353
29124,2025-11-01,24,20,124,42,60,19415
29141,2025-11-01,34,18,75,43,60,8450
29155,2025-11-01,17,13,16,24,28,694
29175,2025-11-01,34,21,3,25,28,708
29218,2025-11-01,27,18,5,24,28,305
29251,2025-11-01,19,17,35,37,45,3219
29302,2025-11-01,14,16,99,20,45,12581
29303,2025-11-01,45,21,63,12,28,19965
29327,2025-11-01,25,18,2,6,12,64
29331,2025-11-01,4,5,1,4,12,80
29367,2025-11-01,57,21,18,22,28,3577
29499,2025-11-01,64,22,33,42,45,1878
29526,2025-11-01,7,10,4,4,12,403
29546,2025-11-01,71,21,22,43,45,757
29667,2025-11-01,70,20,87,42,45,28254
29679,2025-11-01,39,18,6,20,28,495
29688,2025-11-01,58,22,9,11,12,1087
29721,2025-11-01,36,18,7,10,12,2079
29723,2025-11-01,7,9,1,7,12,40
29769,2025-11-01,20,15,2,3,28,52
29805,2025-11-01,52,19,3,22,28,267
29832,2025-11-01,33,20,3,26,28,514
29841,2025-11-01,64,22,163,50,60,31745
29897,2025-11-01,9,10,1,7,28,77
29918,2025-11-01,5,8,4,5,12,842
29922,2025-11-01,42,18,50,51,60,2381
29926,2025-11-01,20,14,9,20,45,1284
29939,2025-11-01,10,16,4,5,12,412
29986,2025-11-01,73,21,27,37,60,3783
30111,2025-11-01,47,19,90,44,60,22225
30229,2025-11-01,71,21,168,46,60,98847
30263,2025-11-01,65,22,2,11,12,265
30344,2025-11-01,54,20,5,7,12,304
30372,2025-11-01,17,14,86,50,60,4821
30382,2025-11-01,16,14,4,21,45,315
30410,2025-11-01,38,19,16,15,28,1673
30484,2025-11-01,40,21,1,24,28,94
30559,2025-11-01,26,15,5,23,45,124
30593,2025-11-01,16,13,5,3,12,425
30601,2025-11-01,64,22,193,42,60,76760
30607,2025-11-01,13,10,1,8,12,32
30716,2025-11-01,35,18,3,17,28,497
30738,2025-11-01,31,19,10,21,28,2094
30795,2025-11-01,72,21,7,11,12,1506
30798,2025-11-01,28,18,49,18,45,3596
30800,2025-11-01,19,14,8,9,12,811
30819,2025-11-01,68,22,101,56,60,7770
30820,2025-11-01,44,19,8,10,12,1790
30839,2025-11-01,29,16,160,30,60,51715
30843,2025-11-01,30,17,2,16,28,9
30866,2025-11-01,6,9,4,3,12,325
30867,2025-11-01,25,18,4,10,12,561
30905,2025-11-01,71,22,26,27,28,8191
30920,2025-11-01,63,21,6,10,12,1585
31005,2025-11-01,12,12,1,8,28,186
31113,2025-11-01,30,18,8,9,28,859
31125,2025-11-01,8,8,1,14,45,49
31126,2025-11-01,24,16,7,11,28,811
31160,2025-11-01,45,20,7,6,12,1779
31179,2025-11-01,46,19,8,20,28,550
31201,2025-11-01,5,7,6,13,28,628
31239,2025-11-01,15,12,33,20,60,1121
31267,2025-11-01,28,14,16,34,45,5472
31286,2025-11-01,1,1,24,8,60,1690
31324,2025-11-01,56,21,7,24,28,2868
31331,2025-11-01,28,14,6,10,12,459
31348,2025-11-01,51,20,2,6,12,149
31359,2025-11-01,14,12,1,5,12,141
31392,2025-11-01,18,15,7,3,12,2733
31417,2025-11-01,18,13,5,6,12,204
31459,2025-11-01,31,19,67,29,45,4298
31468,2025-11-01,44,22,5,22,28,879
31544,2025-11-01,45,21,57,28,45,12586
31563,2025-11-01,35,18,2,12,28,337
31595,2025-11-01,34,16,2,9,12,672
31623,2025-11-01,43,20,54,57,60,14309
31691,2025-11-01,74,21,7,9,12,2248
31701,2025-11-01,23,15,7,11,12,1467
31726,2025-11-01,23,15,3,9,28,483
31730,2025-11-01,53,22,11,7,12,1194
31775,2025-11-01,36,16,19,21,28,2171
31786,2025-11-01,7,9,11,26,60,688
31811,2025-11-01,51,22,9,11,12,568
31852,2025-11-01,34,22,36,13,28,5832
31933,2025-11-01,45,20,15,47,60,1071
31969,2025-11-01,28,16,5,11,12,1184
31977,2025-11-01,13,14,12,4,28,594
31983,2025-11-01,32,16,20,27,45,3932
32005,2025-11-01,10,11,5,32,45,437
32019,2025-11-01,29,17,5,15,28,686
32021,2025-11-01,14,14,2,4,12,56
32121,2025-11-01,24,17,38,24,28,5745
32137,2025-11-01,12,13,15,6,60,2239
32171,2025-11-01,55,19,21,23,28,6313
32211,2025-11-01,9,10,6,12,28,163
32302,2025-11-01,32,17,62,29,60,11303
32392,2025-11-01,35,19,6,9,12,226
32405,2025-11-01,14,13,3,19,28,310
32422,2025-11-01,48,22,61,30,60,9255
32430,2025-11-01,65,20,46,27,28,23416
32453,2025-11-01,38,21,3,8,12,1025
32521,2025-11-01,53,20,2,7,12,244
32529,2025-11-01,28,14,5,10,12,327
32531,2025-11-01,40,19,104,34,45,27942
32536,2025-11-01,12,14,5,27,45,125
32601,2025-11-01,41,18,9,19,28,928
32617,2025-11-01,2,3,2,1,28,176
32628,2025-11-01,11,10,1,20,28,104
32670,2025-11-01,48,21,14,24,28,877
32673,2025-11-01,50,22,9,10,12,2708
32775,2025-11-01,45,21,6,25,45,647
32811,2025-11-01,15,13,17,21,45,1857
32896,2025-11-01,55,22,150,41,60,60990
32903,2025-11-01,45,18,18,30,45,2586
32920,2025-11-01,15,15,3,7,12,510
32926,2025-11-01,28,16,2,37,45,127
32935,2025-11-01,51,22,67,22,28,2001
32995,2025-11-01,77,22,15,57,60,1646
33018,2025-11-01,31,17,1,10,12,8
33021,2025-11-01,63,22,5,26,28,1799
33086,2025-11-01,11,14,1,5,12,230
33130,2025-11-01,27,16,8,11,12,3451
33137,2025-11-01,6,11,22,20,45,1272
33138,2025-11-01,53,22,6,10,12,1070
33202,2025-11-01,10,13,21,10,28,920
33208,2025-11-01,9,9,10,24,60,327
33284,2025-11-01,29,18,2,11,12,264
33289,2025-11-01,6,9,2,4,12,350
33350,2025-11-01,29,19,2,17,28,550
33351,2025-11-01,32,19,4,11,28,228
33372,2025-11-01,8,10,11,8,45,1401
33383,2025-11-01,39,19,44,22,28,9547
33400,2025-11-01,47,21,20,23,45,586
33450,2025-11-01,61,22,3,26,28,1106
33472,2025-11-01,78,22,93,37,45,9185
33774,2025-11-01,11,12,2,5,12,485
33776,2025-11-01,21,15,5,5,12,185
33778,2025-11-01,41,18,6,11,12,424
33794,2025-11-01,78,22,72,41,45,12092
33796,2025-11-01,40,20,16,36,45,2344
33856,2025-11-01,2,4,1,10,28,20
33870,2025-11-01,1,2,35,31,60,1362
33871,2025-11-01,2,3,32,25,60,4192
33919,2025-11-01,42,18,39,37,45,11684
33925,2025-11-01,13,14,2,2,12,91
33931,2025-11-01,8,10,1,11,45,106
33945,2025-11-01,41,21,26,21,28,1300
33971,2025-11-01,74,22,16,43,45,2779
33975,2025-11-01,69,21,8,27,28,1323
33986,2025-11-01,16,14,102,28,60,6355
34001,2025-11-01,22,16,11,7,12,83
34013,2025-11-01,22,17,120,18,60,18364
34038,2025-11-01,27,19,26,11,45,2432
34048,2025-11-01,46,22,8,7,12,496
34076,2025-11-01,8,11,3,4,12,952
34201,2025-11-01,13,11,3,19,28,257
34261,2025-11-01,15,12,3,14,28,127
34265,2025-11-01,66,22,3,25,28,751
34268,2025-11-01,9,9,1,15,28,33
34291,2025-11-01,8,12,2,17,28,429
34441,2025-11-01,4,6,11,3,28,399
34482,2025-11-01,14,14,4,27,45,278
34499,2025-11-01,54,19,14,42,45,3278
34559,2025-11-01,51,21,65,25,28,7819
34615,2025-11-01,15,12,58,15,45,9167
34721,2025-11-01,39,21,38,25,28,10011
34735,2025-11-01,59,21,54,43,45,17269
34744,2025-11-01,5,8,1,12,28,91
34795,2025-11-01,34,21,11,8,12,235
34863,2025-11-01,31,17,5,37,45,1276
34879,2025-11-01,9,11,1,16,45,95
34889,2025-11-01,44,20,5,7,12,464
34969,2025-11-01,1,1,1,2,28,36
34988,2025-11-01,71,21,8,11,12,2831
35003,2025-11-01,50,22,37,36,45,2925
35042,2025-11-01,26,20,7,9,12,846
35046,2025-11-01,14,15,3,5,12,265
35057,2025-11-01,62,21,12,25,28,1184
35071,2025-11-01,37,20,43,21,28,3809
35096,2025-11-01,12,13,2,21,28,216
35118,2025-11-01,2,3,1,4,12,61
35136,2025-11-01,74,22,2,11,12,621
35266,2025-11-01,38,18,4,8,12,796
35343,2025-11-01,26,18,7,11,28,1160
35346,2025-11-01,9,9,2,7,12,389
35411,2025-11-01,10,11,1,8,12,100
35412,2025-11-01,36,21,45,38,60,2485
35439,2025-11-01,25,17,4,12,28,976
35528,2025-11-01,33,18,2,9,12,158
35550,2025-11-01,48,22,3,11,12,991
35710,2025-11-01,43,20,4,26,28,176
35815,2025-11-01,20,16,2,5,12,489
35860,2025-11-01,20,17,1,20,28,18
35912,2025-11-01,31,19,8,7,12,373
35933,2025-11-01,27,17,84,18,60,11351
36017,2025-11-01,7,11,25,9,28,1781
36021,2025-11-01,40,22,3,8,12,187
36076,2025-11-01,2,4,4,14,28,180
36077,2025-11-01,5,7,5,24,28,562
36081,2025-11-01,2,4,3,6,28,491
36158,2025-11-01,50,20,1,9,12,373
36173,2025-11-01,65,21,2,11,12,341
36196,2025-11-01,63,22,58,53,60,8931
36197,2025-11-01,46,21,10,21,28,1772
36206,2025-11-01,9,11,5,7,12,153
36413,2025-11-01,18,15,64,27,60,4480
36599,2025-11-01,25,16,11,18,28,2973
36602,2025-11-01,26,18,58,35,60,4927
36773,2025-11-01,21,16,6,22,28,468
36783,2025-11-01,72,22,11,11,12,2149
36791,2025-11-01,72,20,6,27,28,826
36815,2025-11-01,65,19,16,33,45,4108
36833,2025-11-01,15,14,28,21,45,1316
36886,2025-11-01,29,17,4,9,12,3072
36906,2025-11-01,66,20,6,9,12,562
36920,2025-11-01,44,20,6,26,28,802
36980,2025-11-01,25,17,32,10,28,4911
36984,2025-11-01,2,3,9,11,45,1038
36995,2025-11-01,72,21,137,54,60,11285
37105,2025-11-01,23,15,5,11,12,1523
37109,2025-11-01,36,17,48,39,45,11878
37116,2025-11-01,33,19,127,55,60,61118
37134,2025-11-01,61,20,12,11,12,2794
37179,2025-11-01,31,16,8,8,12,1462
37285,2025-11-01,19,17,28,14,45,3579
37335,2025-11-01,54,21,8,10,12,574
37398,2025-11-01,13,13,8,25,28,3503
37419,2025-11-01,11,13,3,30,45,112
37424,2025-11-01,13,12,41,21,60,8415
37460,2025-11-01,16,12,106,44,60,11422
37476,2025-11-01,23,16,3,24,28,896
37487,2025-11-01,40,20,116,37,45,19281
37500,2025-11-01,10,11,4,17,28,576
37545,2025-11-01,37,18,2,16,28,301
37563,2025-11-01,66,21,65,43,45,21728
37605,2025-11-01,56,21,60,26,28,9583
37672,2025-11-01,6,8,47,17,28,927
37747,2025-11-01,20,15,2,23,28,234
37748,2025-11-01,7,10,3,8,28,349
37940,2025-11-01,66,21,11,27,28,315
37982,2025-11-01,9,9,6,21,60,482
38022,2025-11-01,65,22,12,11,12,1522
38086,2025-11-01,24,17,53,29,45,5613
38095,2025-11-01,70,21,5,25,28,677
38111,2025-11-01,66,22,5,11,12,398
38189,2025-11-01,22,15,3,16,28,547
38197,2025-11-01,30,17,6,24,28,3924
38198,2025-11-01,71,21,3,10,12,286
38211,2025-11-01,32,15,11,10,12,3224
38227,2025-11-01,30,18,4,21,28,84
38252,2025-11-01,3,6,5,7,45,543
38268,2025-11-01,35,18,4,5,12,403
38270,2025-11-01,8,10,7,20,45,568
38306,2025-11-01,69,22,11,10,12,2438
38373,2025-11-01,10,14,2,5,28,87
38423,2025-11-01,46,19,12,22,28,2004
38485,2025-11-01,1,1,13,1,28,580
38612,2025-11-01,11,13,10,17,45,789
38664,2025-11-01,11,12,7,15,28,491
38700,2025-11-01,30,16,2,7,12,178
38728,2025-11-01,3,4,1,1,12,142
38766,2025-11-01,44,22,76,40,45,11755
38770,2025-11-01,48,20,206,57,60,15893
38775,2025-11-01,16,14,4,8,12,122
38812,2025-11-01,3,5,3,1,12,146
38823,2025-11-01,36,17,26,22,28,1543
38848,2025-11-01,53,18,97,28,60,13044
38906,2025-11-01,30,20,44,38,60,2718
38939,2025-11-01,22,15,55,38,45,776
39017,2025-11-01,10,11,3,7,12,594
39037,2025-11-01,45,21,2,16,28,186
39040,2025-11-01,20,16,17,46,60,4408
39062,2025-11-01,17,13,7,10,28,968
39190,2025-11-01,10,12,6,19,45,150
39196,2025-11-01,21,16,3,11,12,364
39248,2025-11-01,35,17,58,27,28,6035
39346,2025-11-01,20,16,18,36,45,6320
39375,2025-11-01,10,12,40,16,28,5093
39416,2025-11-01,21,17,41,32,60,2921
39486,2025-11-01,42,19,4,10,12,1235
39515,2025-11-01,16,13,3,8,12,418
39541,2025-11-01,5,7,2,5,45,65
39666,2025-11-01,27,17,2,24,28,509
39715,2025-11-01,48,19,92,45,60,17328
39739,2025-11-01,53,18,12,9,12,1978
39810,2025-11-01,74,21,177,50,60,18803
39869,2025-11-01,18,17,6,4,12,1125
39899,2025-11-01,13,14,3,7,12,332
39965,2025-11-01,71,22,63,37,45,21835
40017,2025-11-01,13,14,30,17,45,1822
40093,2025-11-01,41,18,2,21,28,410
40166,2025-11-01,26,20,2,38,45,88
40219,2025-11-01,79,22,5,21,28,602
40270,2025-11-01,17,15,5,13,28,1120
40485,2025-11-01,56,22,10,11,12,2137
40555,2025-11-01,49,21,54,22,28,2715
40595,2025-11-01,55,21,28,19,28,5836
40659,2025-11-01,51,22,3,9,12,584
40736,2025-11-01,33,17,21,44,60,5760
40757,2025-11-01,46,20,9,43,45,5178
40809,2025-11-01,10,11,70,4,60,7064
40826,2025-11-01,60,22,13,27,28,3545
40843,2025-11-01,37,18,4,7,12,125
40849,2025-11-01,13,15,8,4,12,693
40857,2025-11-01,9,9,2,6,12,253
40892,2025-11-01,30,20,27,24,45,3285
40936,2025-11-01,79,22,4,26,28,564
41021,2025-11-01,9,11,5,8,12,308
41112,2025-11-01,34,19,6,41,45,255
41124,2025-11-01,68,21,5,43,45,454
41128,2025-11-01,54,22,27,26,28,1411
41168,2025-11-01,24,17,4,24,28,221
41180,2025-11-01,56,22,9,9,12,1846
41209,2025-11-01,28,16,17,37,45,3836
41212,2025-11-01,52,22,6,38,45,1498
41289,2025-11-01,44,21,6,8,12,1210
41296,2025-11-01,4,5,1,4,12,231
41324,2025-11-01,5,6,3,13,28,513
41404,2025-11-01,26,17,1,5,12,127
41475,2025-11-01,10,12,21,7,28,6018
41508,2025-11-01,34,17,5,8,12,382
41531,2025-11-01,13,13,35,45,60,4269
41542,2025-11-01,4,7,14,5,45,210
41554,2025-11-01,45,19,11,24,28,2934
41601,2025-11-01,19,17,1,3,12,37
41660,2025-11-01,13,11,4,18,28,783
41686,2025-11-01,34,19,4,9,12,716
41704,2025-11-01,47,20,1,25,28,68
41709,2025-11-01,10,12,38,8,45,3314
41717,2025-11-01,12,10,2,7,12,204
41724,2025-11-01,27,18,7,10,12,1422
41740,2025-11-01,14,11,6,10,12,450
41776,2025-11-01,31,16,2,10,28,332
41834,2025-11-01,6,7,6,4,12,1547
41853,2025-11-01,19,15,118,33,60,22267
41859,2025-11-01,41,20,8,19,28,2177
41868,2025-11-01,23,14,10,7,12,571
41869,2025-11-01,7,9,20,10,28,1004
41876,2025-11-01,42,22,76,48,60,1745
41888,2025-11-01,45,21,70,21,28,3297
41897,2025-11-01,11,13,19,29,45,2086
41946,2025-11-01,39,22,5,11,12,905
41955,2025-11-01,30,15,4,24,28,627
41956,2025-11-01,69,22,10,11,12,150
41961,2025-11-01,50,19,6,23,28,1077
41970,2025-11-01,54,19,13,33,45,460
41985,2025-11-01,13,15,1,2,12,622
42017,2025-11-01,6,8,2,14,28,191
42058,2025-11-01,26,18,7,11,28,1768
42060,2025-11-01,8,10,28,12,45,1149
42105,2025-11-01,21,16,9,9,12,735
42111,2025-11-01,9,12,2,6,28,114
42170,2025-11-01,64,21,9,11,12,1288
42176,2025-11-01,23,15,8,8,12,898
42196,2025-11-01,19,16,1,2,12,255
42253,2025-11-01,8,11,5,2,12,224
42264,2025-11-01,70,21,8,41,45,1580
42269,2025-11-01,33,18,3,34,45,483
42398,2025-11-01,5,7,90,9,60,11920
42428,2025-11-01,27,18,4,14,28,1132
42446,2025-11-01,17,13,2,6,12,459
42484,2025-11-01,10,7,3,6,12,363
42536,2025-11-01,33,18,7,9,12,922
42560,2025-11-01,9,12,87,14,60,4490
42620,2025-11-01,38,21,9,8,12,834
42635,2025-11-01,8,9,1,6,12,71
42704,2025-11-01,21,15,16,15,28,1245
42719,2025-11-01,43,19,61,56,60,4253
42762,2025-11-01,59,22,12,11,12,338
42805,2025-11-01,35,18,2,22,28,402
42832,2025-11-01,32,19,39,40,45,2437
42868,2025-11-01,52,20,1,18,28,78
42914,2025-11-01,35,20,11,21,28,4342
42955,2025-11-01,33,15,7,21,28,990
42960,2025-11-01,10,9,5,6,12,405
43041,2025-11-01,37,19,126,41,60,7434
43162,2025-11-01,36,20,3,7,12,259
43165,2025-11-01,8,9,25,11,28,2344
43194,2025-11-01,9,12,1,13,28,141
43202,2025-11-01,52,21,15,33,45,2286
43280,2025-11-01,3,4,7,2,28,1647
43358,2025-11-01,14,13,32,23,45,6876
43428,2025-11-01,16,13,2,15,28,12
43444,2025-11-01,13,13,6,16,28,1049
43533,2025-11-01,30,19,22,9,28,3094
43540,2025-11-01,41,18,3,6,12,284
43556,2025-11-01,7,8,3,7,12,207
43624,2025-11-01,33,18,3,11,12,823
43645,2025-11-01,4,7,1,2,12,248
43663,2025-11-01,25,17,56,21,28,4208
43665,2025-11-01,28,17,3,19,28,688
43687,2025-11-01,10,10,7,3,12,180
43702,2025-11-01,16,12,4,8,12,265
43777,2025-11-01,1,1,18,3,45,36
43819,2025-11-01,20,17,2,28,45,360
43882,2025-11-01,27,18,4,3,12,408
44058,2025-11-01,6,11,6,3,12,101
44132,2025-11-01,3,4,5,2,12,283
44211,2025-11-01,21,16,4,22,28,433
44258,2025-11-01,40,20,8,24,45,4775
44356,2025-11-01,12,15,5,13,28,327
44365,2025-11-01,17,13,10,12,28,198
44430,2025-11-01,29,19,45,18,28,11169
44458,2025-11-01,29,19,23,39,60,3551
44474,2025-11-01,30,18,7,7,28,1655
44476,2025-11-01,64,22,9,24,28,3511
44484,2025-11-01,16,13,1,12,28,182
44491,2025-11-01,23,16,14,14,60,811
44541,2025-11-01,57,21,7,11,12,1446
44570,2025-11-01,3,5,14,1,60,2757
44577,2025-11-01,9,10,1,10,12,142
44611,2025-11-01,31,14,5,8,12,1814
44620,2025-11-01,73,22,54,27,28,4186
44643,2025-11-01,67,21,10,11,12,2129
44670,2025-11-01,32,19,49,7,60,8086
44692,2025-11-01,28,16,57,21,45,3686
44722,2025-11-01,53,21,13,40,45,940
44799,2025-11-01,33,17,8,19,28,496
44851,2025-11-01,32,14,2,11,12,537
44979,2025-11-01,18,15,5,8,12,393
45066,2025-11-01,23,16,4,8,12,1565
45081,2025-11-01,8,9,1,4,12,34
45151,2025-11-01,17,14,1,13,28,79
45231,2025-11-01,41,16,43,26,45,891
45232,2025-11-01,61,22,9,41,45,1298
45236,2025-11-01,5,8,1,6,12,50
45290,2025-11-01,8,10,3,16,28,328
45332,2025-11-01,13,13,3,9,12,361
45344,2025-11-01,29,18,60,24,28,12468
45395,2025-11-01,31,19,12,9,12,2094
45424,2025-11-01,25,17,3,13,28,230
45507,2025-11-01,54,22,4,24,28,696
45541,2025-11-01,39,18,45,15,45,11041
45547,2025-11-01,43,19,3,13,28,769
45556,2025-11-01,54,22,7,43,45,1149
45588,2025-11-01,59,22,6,10,12,1161
45606,2025-11-01,38,22,27,27,45,752
45608,2025-11-01,4,6,1,3,12,279
45702,2025-11-01,26,17,3,4,12,130
45708,2025-11-01,10,11,6,7,12,171
45757,2025-11-01,42,18,9,36,45,882
45827,2025-11-01,64,22,14,23,28,3307
45831,2025-11-01,46,20,4,9,12,238
45909,2025-11-01,16,13,23,10,28,9180
45983,2025-11-01,33,20,70,45,60,16255
46011,2025-11-01,13,14,61,18,60,9949
46059,2025-11-01,41,19,3,8,28,264
46063,2025-11-01,50,20,56,55,60,17120
46074,2025-11-01,60,21,44,56,60,5491
46088,2025-11-01,16,13,7,21,28,97
46114,2025-11-01,8,11,2,8,28,231
46158,2025-11-01,38,20,39,23,28,1550
46227,2025-11-01,2,3,1,1,12,86
46302,2025-11-01,50,19,26,42,45,6859
46382,2025-11-01,77,21,9,25,28,2457
46452,2025-11-01,8,10,15,13,28,550
46487,2025-11-01,13,10,5,9,12,774
46503,2025-11-01,18,15,56,40,60,14283
46607,2025-11-01,77,22,11,11,12,1254
46659,2025-11-01,31,19,3,9,12,230
46708,2025-11-01,76,22,7,25,28,1328
46731,2025-11-01,10,9,4,7,28,169
46734,2025-11-01,17,14,19,25,45,2719
46740,2025-11-01,35,16,42,19,45,15677
46829,2025-11-01,46,18,138,39,45,16373
46847,2025-11-01,68,22,64,45,60,22604
46887,2025-11-01,10,12,1,13,28,39
46898,2025-11-01,68,21,14,10,12,2048
46903,2025-11-01,53,20,10,27,45,2153
46968,2025-11-01,77,22,12,27,28,2278
47036,2025-11-01,59,21,11,6,12,1138
47046,2025-11-01,49,21,64,22,28,10111
47074,2025-11-01,6,10,112,6,45,14016
47208,2025-11-01,26,15,2,6,12,168
47280,2025-11-01,12,12,2,3,28,333
47297,2025-11-01,2,3,23,7,60,4341
47413,2025-11-01,45,22,3,6,12,324
47460,2025-11-01,48,20,9,20,28,550
47517,2025-11-01,38,16,41,22,28,891
47522,2025-11-01,9,12,3,4,12,410
47527,2025-11-01,29,17,6,8,28,620
47666,2025-11-01,33,20,5,8,12,202
47675,2025-11-01,12,11,32,14,45,6068
47676,2025-11-01,32,16,25,12,28,2114
47771,2025-11-01,42,21,6,23,28,53
47832,2025-11-01,12,10,40,7,28,2720
47858,2025-11-01,45,19,147,34,60,12471
47863,2025-11-01,17,15,3,5,12,628
47874,2025-11-01,11,12,81,20,45,9407
47879,2025-11-01,3,4,19,13,45,1343
47889,2025-11-01,52,21,120,54,60,25768
47913,2025-11-01,34,19,8,3,12,580
47922,2025-11-01,54,21,4,11,12,2079
47989,2025-11-01,6,7,4,14,28,266
48050,2025-11-01,48,21,2,11,12,656
48107,2025-11-01,56,20,68,36,45,20287
48123,2025-11-01,25,15,7,8,12,145
48159,2025-11-01,60,20,7,19,28,1219
48223,2025-11-01,25,15,5,37,45,138
48299,2025-11-01,1,2,2,1,12,91
48337,2025-11-01,18,13,5,5,12,475
48355,2025-11-01,61,21,7,26,28,2352
48427,2025-11-01,19,14,6,10,12,1364
48428,2025-11-01,7,7,1,20,28,144
48442,2025-11-01,26,17,4,28,45,1258
48538,2025-11-01,67,20,3,11,12,1100
48567,2025-11-01,48,20,4,8,12,378
48593,2025-11-01,22,17,102,31,60,3438
48639,2025-11-01,60,20,6,20,28,751
48644,2025-11-01,81,22,11,11,12,4192
48808,2025-11-01,50,21,58,37,45,10617
48925,2025-11-01,6,8,14,6,28,623
48989,2025-11-01,42,19,10,11,12,2279
49009,2025-11-01,56,21,10,20,28,1605
49099,2025-11-01,60,22,25,27,28,1468
49130,2025-11-01,44,20,4,17,28,567
49144,2025-11-01,14,12,4,15,28,1066
49168,2025-11-01,58,21,37,27,28,8181
49176,2025-11-01,28,16,7,8,12,482
49214,2025-11-01,5,9,4,8,12,585
49249,2025-11-01,53,21,73,29,45,23463
49313,2025-11-01,64,22,3,27,28,396
49323,2025-11-01,16,14,42,15,28,2126
49489,2025-11-01,33,18,8,4,12,2569
49517,2025-11-01,5,7,27,15,45,3251
49598,2025-11-01,2,4,60,9,60,7902
49606,2025-11-01,28,15,2,3,12,704
49617,2025-11-01,26,15,14,15,28,2006
49639,2025-11-01,63,21,37,42,45,3618
49642,2025-11-01,35,18,7,10,12,874
49707,2025-11-01,76,21,71,41,45,17409
49714,2025-11-01,39,17,2,20,28,449
49720,2025-11-01,53,21,10,11,12,2176
49783,2025-11-01,38,19,5,11,12,378
49791,2025-11-01,3,4,24,5,60,676
49808,2025-11-01,57,22,3,9,12,133
49872,2025-11-01,6,8,4,16,28,1054
49884,2025-11-01,65,22,101,42,45,3279
49913,2025-11-01,34,19,5,12,28,650
49931,2025-11-01,62,21,154,57,60,41369
49980,2025-11-01,12,11,16,38,60,522
18,2025-12-01,10,13,0,5,28,0
19,2025-12-01,58,21,9,19,28,900
23,2025-12-01,46,18,10,24,28,1969
43,2025-12-01,27,18,68,38,45,4743
48,2025-12-01,58,22,7,11,12,429
50,2025-12-01,22,14,6,5,12,1144
58,2025-12-01,18,14,4,20,28,1332
119,2025-12-01,51,19,57,39,45,12401
155,2025-12-01,30,15,11,21,28,380
222,2025-12-01,53,21,3,11,12,199
247,2025-12-01,63,22,10,43,45,660
259,2025-12-01,69,22,198,54,60,28896
283,2025-12-01,52,20,78,37,45,5190
290,2025-12-01,37,19,1,9,12,158
291,2025-12-01,46,20,4,9,12,623
300,2025-12-01,13,13,69,18,60,9103
308,2025-12-01,10,12,5,10,28,864
319,2025-12-01,45,19,13,55,60,1569
334,2025-12-01,60,22,66,27,28,25131
335,2025-12-01,70,22,5,9,12,1390
341,2025-12-01,31,18,26,29,45,1647
356,2025-12-01,32,18,6,4,12,37
379,2025-12-01,54,22,13,35,45,256
508,2025-12-01,4,6,46,11,60,10974
531,2025-12-01,56,21,11,8,12,1605
575,2025-12-01,34,18,32,36,45,17775
668,2025-12-01,23,14,1,4,12,66
685,2025-12-01,8,11,2,4,12,455
689,2025-12-01,28,16,2,24,28,436
738,2025-12-01,34,20,116,17,45,24664
855,2025-12-01,30,17,5,20,28,356
895,2025-12-01,18,15,4,8,12,232
1001,2025-12-01,8,9,3,13,45,360
1004,2025-12-01,13,14,28,11,28,2518
1022,2025-12-01,74,21,59,26,28,17325
1048,2025-12-01,50,21,36,27,28,16962
1054,2025-12-01,18,15,3,3,12,1212
1061,2025-12-01,61,22,5,11,12,947
1073,2025-12-01,74,22,2,43,45,935
1074,2025-12-01,16,15,7,6,12,189
1092,2025-12-01,28,18,3,4,12,798
1107,2025-12-01,61,21,19,56,60,3814
1167,2025-12-01,8,10,2,7,28,26
1227,2025-12-01,51,21,11,11,12,1973
1237,2025-12-01,43,21,7,10,12,1325
1240,2025-12-01,37,20,8,29,45,450
1275,2025-12-01,26,18,28,16,28,772
1314,2025-12-01,26,18,8,18,28,1646
1345,2025-12-01,31,17,132,49,60,61324
1362,2025-12-01,5,7,1,7,45,311
1385,2025-12-01,61,21,2,27,28,147
1387,2025-12-01,3,4,2,7,28,519
1402,2025-12-01,54,21,23,25,60,2072
1406,2025-12-01,29,17,58,17,28,8549
1460,2025-12-01,2,3,1,2,12,54
1806,2025-12-01,7,8,26,8,45,4239
1807,2025-12-01,42,20,23,27,60,1668
1822,2025-12-01,13,13,2,8,12,181
1917,2025-12-01,50,20,44,39,60,5723
1937,2025-12-01,3,3,8,7,45,534
1974,2025-12-01,50,20,5,23,28,395
1983,2025-12-01,50,18,55,34,45,9440
2044,2025-12-01,8,10,0,5,12,0
2060,2025-12-01,48,19,10,9,12,2221
2082,2025-12-01,28,18,35,35,45,4097
2244,2025-12-01,7,8,3,6,12,11
2259,2025-12-01,12,15,1,4,12,144
2383,2025-12-01,7,7,7,5,12,734
2529,2025-12-01,12,14,2,7,12,259
2554,2025-12-01,27,13,63,47,60,26229
2555,2025-12-01,53,20,46,29,45,12475
2575,2025-12-01,39,18,2,9,12,130
2608,2025-12-01,23,18,8,25,45,825
2620,2025-12-01,33,16,10,35,60,1511
2705,2025-12-01,57,22,37,55,60,4522
2713,2025-12-01,22,15,3,3,12,427
2754,2025-12-01,73,22,3,27,28,270
2761,2025-12-01,68,22,6,9,12,934
2768,2025-12-01,36,20,2,38,45,51
2803,2025-12-01,17,12,38,29,45,6906
2845,2025-12-01,35,18,48,32,60,9260
2899,2025-12-01,10,11,2,7,28,125
2939,2025-12-01,5,9,29,38,60,2044
3054,2025-12-01,58,22,3,11,12,519
3171,2025-12-01,8,7,39,36,60,2136
3225,2025-12-01,57,22,3,11,12,633
3262,2025-12-01,22,16,19,11,28,1809
3263,2025-12-01,15,11,3,4,28,44
3285,2025-12-01,71,21,56,57,60,19737
3295,2025-12-01,74,22,56,25,28,2307
3344,2025-12-01,66,22,9,26,28,855
3421,2025-12-01,77,22,20,52,60,686
3422,2025-12-01,33,17,17,21,28,2942
3470,2025-12-01,11,12,7,1,12,1161
3583,2025-12-01,48,19,2,10,12,1161
3656,2025-12-01,23,17,8,5,12,1106
3669,2025-12-01,9,10,7,13,28,295
3805,2025-12-01,13,11,24,29,60,1830
3835,2025-12-01,45,22,14,13,28,1583
3840,2025-12-01,48,20,5,10,12,306
3966,2025-12-01,36,21,9,9,12,679
4019,2025-12-01,2,3,37,2,45,2288
4049,2025-12-01,37,19,3,22,45,631
4108,2025-12-01,35,19,43,53,60,12026
4281,2025-12-01,21,16,11,9,28,1738
4306,2025-12-01,13,12,4,20,28,631
4376,2025-12-01,29,18,8,9,12,310
4453,2025-12-01,34,18,27,32,45,800
4520,2025-12-01,54,21,9,11,12,1205
4534,2025-12-01,35,20,3,34,45,612
4562,2025-12-01,32,18,8,5,12,571
4576,2025-12-01,34,18,5,22,28,408
4613,2025-12-01,2,3,4,3,28,199
4626,2025-12-01,10,11,25,9,45,1658
4654,2025-12-01,10,11,29,16,45,955
4719,2025-12-01,6,7,54,14,60,4941
4759,2025-12-01,68,21,6,26,28,1265
4788,2025-12-01,57,22,24,35,45,3038
4796,2025-12-01,47,21,4,6,12,897
4810,2025-12-01,41,21,33,37,45,2366
4819,2025-12-01,19,12,136,14,60,16337
4858,2025-12-01,8,9,3,3,12,169
4922,2025-12-01,24,16,7,21,28,1999
4953,2025-12-01,5,8,33,6,45,909
4988,2025-12-01,6,9,17,14,45,1804
5009,2025-12-01,22,16,6,5,12,847
5023,2025-12-01,27,18,10,10,12,3978
5046,2025-12-01,22,13,26,37,45,3939
5161,2025-12-01,19,14,9,7,12,647
5199,2025-12-01,9,14,3,13,28,526
5215,2025-12-01,4,7,9,22,60,593
5217,2025-12-01,17,17,11,4,12,633
5255,2025-12-01,30,17,27,18,28,5340
5329,2025-12-01,20,16,84,33,60,21372
5367,2025-12-01,26,19,52,34,60,9388
5370,2025-12-01,11,14,33,21,60,2325
5398,2025-12-01,13,15,23,8,28,3568
5411,2025-12-01,53,22,69,43,45,4320
5428,2025-12-01,47,21,11,27,28,2902
5468,2025-12-01,54,22,7,23,28,351
5513,2025-12-01,30,16,35,48,60,10546
5535,2025-12-01,8,12,19,9,60,4245
5566,2025-12-01,17,16,4,7,28,409
5589,2025-12-01,58,22,18,24,28,2143
5610,2025-12-01,6,10,15,20,60,1080
5614,2025-12-01,8,10,19,5,45,1174
5657,2025-12-01,20,14,1,9,12,384
5659,2025-12-01,11,11,13,36,45,232
5678,2025-12-01,3,4,0,6,45,0
5717,2025-12-01,64,22,26,41,45,4853
5747,2025-12-01,0,0,5,2,45,534
5749,2025-12-01,46,21,4,24,28,1683
5754,2025-12-01,9,11,2,10,12,99
5786,2025-12-01,58,22,5,25,28,1305
5855,2025-12-01,17,12,9,8,12,841
5985,2025-12-01,63,22,5,11,12,1710
6051,2025-12-01,16,16,8,7,12,985
6058,2025-12-01,60,22,9,21,28,1526
6092,2025-12-01,32,17,55,31,45,7557
6096,2025-12-01,46,18,11,25,45,2072
6100,2025-12-01,60,21,27,42,45,4115
6117,2025-12-01,7,8,50,25,45,4427
6134,2025-12-01,39,19,3,8,12,363
6149,2025-12-01,14,14,47,9,45,6326
6209,2025-12-01,5,7,8,4,12,686
6250,2025-12-01,15,11,5,4,12,874
6293,2025-12-01,9,11,35,17,45,3274
6298,2025-12-01,39,19,10,15,28,2507
6312,2025-12-01,55,21,10,11,12,446
6317,2025-12-01,17,14,2,5,12,495
6330,2025-12-01,13,11,2,7,12,249
6359,2025-12-01,7,9,1,6,12,78
6362,2025-12-01,49,21,5,11,12,2939
6392,2025-12-01,2,4,8,14,60,178
6483,2025-12-01,7,9,5,1,12,790
6487,2025-12-01,20,17,3,5,12,396
6514,2025-12-01,5,8,3,1,28,152
6515,2025-12-01,2,3,1,5,28,203
6529,2025-12-01,51,22,78,53,60,1273
6545,2025-12-01,35,19,19,38,45,818
6557,2025-12-01,6,8,49,30,60,7186
6653,2025-12-01,30,18,11,38,45,1783
6669,2025-12-01,19,13,6,11,12,789
6670,2025-12-01,14,14,25,35,60,1608
6687,2025-12-01,29,15,2,7,12,462
6693,2025-12-01,10,10,22,45,60,2589
6744,2025-12-01,14,12,15,20,45,3035
6781,2025-12-01,6,8,2,6,28,124
6786,2025-12-01,7,11,19,13,45,4650
6814,2025-12-01,62,20,8,7,12,1423
6909,2025-12-01,10,12,3,5,28,673
6937,2025-12-01,62,21,9,11,12,2882
6981,2025-12-01,5,9,29,18,60,2868
6997,2025-12-01,32,16,4,4,12,234
7039,2025-12-01,73,22,12,24,28,1592
7058,2025-12-01,41,19,48,24,28,5355
7071,2025-12-01,32,19,5,23,45,1339
7225,2025-12-01,44,22,29,39,45,1825
7227,2025-12-01,25,16,15,20,28,1478
7280,2025-12-01,12,13,15,28,60,1756
7319,2025-12-01,42,19,5,10,12,2641
7342,2025-12-01,47,20,14,41,45,1081
7357,2025-12-01,11,12,5,5,28,1024
7359,2025-12-01,75,21,2,25,28,612
7407,2025-12-01,11,12,39,33,60,8034
7429,2025-12-01,16,12,162,11,60,7339
7430,2025-12-01,9,11,3,4,12,18
7486,2025-12-01,6,9,5,9,12,644
7497,2025-12-01,51,20,54,27,28,16168
7498,2025-12-01,16,14,19,6,28,293
7526,2025-12-01,73,22,190,43,45,32225
7609,2025-12-01,65,22,58,36,45,25057
7663,2025-12-01,17,16,19,45,60,879
7806,2025-12-01,30,15,11,23,28,663
7979,2025-12-01,31,19,99,44,60,3876
8004,2025-12-01,5,8,25,26,60,3799
8013,2025-12-01,39,21,5,43,45,1669
8039,2025-12-01,12,14,3,14,28,281
8085,2025-12-01,51,21,11,26,28,2038
8107,2025-12-01,22,17,25,19,28,3553
8179,2025-12-01,36,18,40,22,28,3929
8186,2025-12-01,41,20,50,28,45,3577
8236,2025-12-01,50,21,2,25,28,294
8339,2025-12-01,12,16,28,26,45,4134
8340,2025-12-01,43,17,11,7,12,3597
8359,2025-12-01,12,10,38,32,60,7865
8377,2025-12-01,58,22,6,11,12,196
8392,2025-12-01,79,22,7,11,12,2957
8400,2025-12-01,3,4,2,4,12,130
8424,2025-12-01,32,18,1,11,12,200
8642,2025-12-01,23,15,7,23,28,1432
8646,2025-12-01,2,3,1,1,12,164
8712,2025-12-01,34,20,5,21,28,1589
8727,2025-12-01,2,3,5,4,28,260
8775,2025-12-01,47,19,1,8,12,104
8799,2025-12-01,7,9,7,10,28,185
8844,2025-12-01,49,18,11,21,28,200
8874,2025-12-01,6,10,29,9,28,1103
8895,2025-12-01,44,20,126,39,60,9266
8982,2025-12-01,22,13,44,31,60,11939
9057,2025-12-01,8,10,4,4,12,619
9083,2025-12-01,50,20,5,11,12,1248
9104,2025-12-01,17,16,2,15,28,166
9112,2025-12-01,38,18,63,25,28,13823
9141,2025-12-01,10,10,2,19,28,447
9157,2025-12-01,33,19,12,22,28,820
9229,2025-12-01,21,16,42,35,45,3769
9269,2025-12-01,6,7,3,3,12,140
9272,2025-12-01,35,20,2,9,12,397
9313,2025-12-01,15,13,1,11,28,55
9365,2025-12-01,23,16,24,18,45,2693
9399,2025-12-01,29,18,3,10,12,1375
9465,2025-12-01,53,20,10,10,12,655
9477,2025-12-01,3,4,10,11,60,449
9505,2025-12-01,18,16,46,27,45,5480
9518,2025-12-01,2,4,7,3,28,525
9557,2025-12-01,2,3,40,31,45,1028
9562,2025-12-01,10,12,29,17,45,2575
9565,2025-12-01,16,15,40,9,28,4309
9636,2025-12-01,42,22,17,15,28,1683
9694,2025-12-01,25,15,39,28,45,4194
9703,2025-12-01,26,17,18,27,60,622
9720,2025-12-01,6,8,8,9,12,558
9724,2025-12-01,46,19,44,22,28,9618
9768,2025-12-01,41,20,30,13,45,4901
9836,2025-12-01,25,16,50,28,45,7705
9855,2025-12-01,45,20,23,32,45,3646
9866,2025-12-01,23,16,10,8,12,414
9913,2025-12-01,37,17,1,26,28,72
9947,2025-12-01,30,22,9,9,28,414
9995,2025-12-01,40,20,41,17,45,6869
10006,2025-12-01,77,22,72,27,45,4730
10160,2025-12-01,22,16,2,6,12,389
10214,2025-12-01,22,16,2,9,12,410
10246,2025-12-01,21,14,3,9,12,444
10268,2025-12-01,59,22,17,42,45,506
10289,2025-12-01,16,15,32,25,45,4062
10299,2025-12-01,76,21,103,57,60,14405
10304,2025-12-01,79,22,11,11,12,1461
10316,2025-12-01,31,19,54,21,45,8420
10322,2025-12-01,46,19,9,6,12,1884
10330,2025-12-01,70,22,167,43,45,21775
10376,2025-12-01,34,16,3,22,28,809
10429,2025-12-01,57,21,63,30,45,18860
10432,2025-12-01,39,15,2,6,12,354
10457,2025-12-01,29,18,4,7,12,997
10490,2025-12-01,33,19,4,11,12,1378
10516,2025-12-01,35,19,7,21,28,897
10529,2025-12-01,74,21,12,27,28,2321
10578,2025-12-01,53,21,44,42,45,5586
10591,2025-12-01,57,22,9,11,12,1872
10606,2025-12-01,2,3,4,7,45,472
10704,2025-12-01,10,13,4,1,12,589
10745,2025-12-01,46,20,5,9,12,1297
10771,2025-12-01,21,14,28,15,45,2847
10776,2025-12-01,4,7,0,5,12,0
10780,2025-12-01,30,17,5,20,28,524
10808,2025-12-01,34,17,4,6,12,2417
10883,2025-12-01,16,12,72,38,60,2109
10941,2025-12-01,16,12,15,42,45,2132
10973,2025-12-01,8,10,20,6,28,1285
10974,2025-12-01,25,15,20,23,45,1000
11021,2025-12-01,43,20,2,9,12,444
11068,2025-12-01,7,10,5,3,28,204
11117,2025-12-01,36,20,200,32,45,13531
11188,2025-12-01,3,5,3,16,28,313
11225,2025-12-01,67,22,6,27,28,230
11261,2025-12-01,8,10,2,12,28,46
11277,2025-12-01,54,21,91,57,60,8565
11348,2025-12-01,28,16,3,8,12,254
11425,2025-12-01,14,12,10,31,45,573
11457,2025-12-01,49,21,9,27,28,1098
11474,2025-12-01,71,22,12,11,12,784
11496,2025-12-01,56,21,2,19,28,405
11499,2025-12-01,39,22,3,19,28,253
11527,2025-12-01,26,16,2,19,28,771
11639,2025-12-01,42,21,5,7,12,206
11650,2025-12-01,31,17,20,35,60,1956
11662,2025-12-01,3,4,0,8,28,0
11789,2025-12-01,28,17,51,55,60,9116
11861,2025-12-01,40,18,6,11,12,1293
11877,2025-12-01,12,10,6,7,12,1152
11883,2025-12-01,36,19,55,35,45,16767
11941,2025-12-01,33,20,43,25,28,3836
12008,2025-12-01,56,21,3,11,12,307
12050,2025-12-01,68,21,4,25,28,892
12095,2025-12-01,44,21,39,35,45,8866
12103,2025-12-01,27,17,48,20,45,12638
12136,2025-12-01,35,19,10,11,12,1519
12148,2025-12-01,3,4,1,1,12,85
12176,2025-12-01,63,22,44,40,45,10567
12218,2025-12-01,43,18,10,9,12,2196
12239,2025-12-01,29,17,11,7,12,4286
12244,2025-12-01,55,21,7,25,28,1042
12276,2025-12-01,64,21,6,11,12,584
12321,2025-12-01,15,13,35,31,45,3000
12357,2025-12-01,78,22,51,43,45,3272
12358,2025-12-01,32,17,6,11,28,1289
12375,2025-12-01,28,19,43,47,60,753
12392,2025-12-01,14,14,3,3,12,143
12436,2025-12-01,11,10,5,25,28,177
12473,2025-12-01,43,19,1,19,28,191
12586,2025-12-01,56,22,2,21,28,262
12587,2025-12-01,37,20,45,13,45,6333
12588,2025-12-01,30,18,8,7,12,1323
12590,2025-12-01,45,22,104,47,60,9648
12592,2025-12-01,50,22,11,9,12,4628
12602,2025-12-01,25,17,1,4,12,142
12617,2025-12-01,38,19,57,46,60,7851
12673,2025-12-01,31,18,20,7,28,159
12693,2025-12-01,1,1,0,1,12,0
12728,2025-12-01,67,22,53,43,45,3060
12734,2025-12-01,33,20,54,22,28,6294
12772,2025-12-01,32,19,2,15,28,145
12819,2025-12-01,59,20,3,22,28,193
12832,2025-12-01,9,13,9,3,12,1384
12867,2025-12-01,11,11,6,8,28,379
12923,2025-12-01,21,13,21,14,45,3088
12931,2025-12-01,7,9,4,5,28,230
12951,2025-12-01,23,15,82,51,60,10793
12962,2025-12-01,34,20,36,13,28,10137
12990,2025-12-01,52,21,2,6,12,1041
13010,2025-12-01,73,22,81,43,45,13558
13113,2025-12-01,19,16,2,15,28,158
13155,2025-12-01,77,21,2,11,12,820
13213,2025-12-01,15,16,17,18,45,4416
13215,2025-12-01,39,21,9,25,28,1821
13230,2025-12-01,28,16,2,22,28,280
13240,2025-12-01,54,22,41,24,28,1773
13254,2025-12-01,54,22,10,27,28,4664
13308,2025-12-01,24,14,4,10,12,541
13325,2025-12-01,1,1,0,3,12,0
13412,2025-12-01,15,15,1,8,12,38
13422,2025-12-01,7,8,47,7,60,3325
13468,2025-12-01,54,19,4,22,28,957
13481,2025-12-01,11,11,7,8,28,555
13513,2025-12-01,5,8,3,10,28,373
13539,2025-12-01,19,17,18,17,60,6667
13552,2025-12-01,10,10,3,6,28,86
13562,2025-12-01,1,2,1,2,12,8
13575,2025-12-01,28,19,15,16,60,3522
13592,2025-12-01,24,20,84,49,60,40032
13618,2025-12-01,34,16,1,18,28,68
13637,2025-12-01,5,9,6,7,28,300
13647,2025-12-01,54,22,2,26,28,304
13704,2025-12-01,4,5,1,1,12,41
13766,2025-12-01,17,15,6,6,12,599
13806,2025-12-01,25,16,11,24,60,1121
13997,2025-12-01,11,9,3,4,12,90
14004,2025-12-01,61,20,40,26,28,4883
14020,2025-12-01,38,20,2,15,28,331
14225,2025-12-01,37,19,11,8,12,1526
14249,2025-12-01,42,21,2,21,28,815
14270,2025-12-01,4,5,41,13,60,3563
14271,2025-12-01,64,22,8,11,12,1776
14279,2025-12-01,38,22,57,42,45,20336
14289,2025-12-01,32,15,31,28,60,7836
14309,2025-12-01,6,8,2,7,12,90
14362,2025-12-01,23,15,5,8,12,750
14388,2025-12-01,36,21,5,8,12,1632
14532,2025-12-01,20,18,34,32,60,964
14549,2025-12-01,13,12,4,23,45,235
14642,2025-12-01,12,12,1,11,45,68
14674,2025-12-01,21,17,96,36,60,18296
14690,2025-12-01,2,4,68,13,60,6051
14706,2025-12-01,75,22,26,26,28,3214
14732,2025-12-01,36,20,5,23,28,819
14743,2025-12-01,38,21,4,24,28,1387
14778,2025-12-01,6,8,3,16,45,380
14803,2025-12-01,51,20,12,8,12,3715
14827,2025-12-01,30,17,5,25,28,103
14837,2025-12-01,69,22,22,38,45,4324
14970,2025-12-01,34,20,2,21,28,405
15049,2025-12-01,38,19,9,8,12,1918
15186,2025-12-01,46,20,3,19,28,281
15189,2025-12-01,79,22,8,11,12,2446
15193,2025-12-01,8,10,17,5,28,2078
15195,2025-12-01,1,2,1,6,45,43
15256,2025-12-01,6,8,5,1,12,531
15315,2025-12-01,42,18,8,11,12,386
15368,2025-12-01,51,21,2,7,12,216
15380,2025-12-01,61,22,5,43,45,227
15389,2025-12-01,29,16,4,8,12,444
15412,2025-12-01,11,10,13,17,28,304
15472,2025-12-01,14,13,3,6,28,599
15508,2025-12-01,1,2,2,6,45,117
15612,2025-12-01,24,15,6,2,12,778
15628,2025-12-01,9,12,15,10,45,1691
15639,2025-12-01,57,21,9,11,12,1137
15642,2025-12-01,4,6,2,22,28,173
15694,2025-12-01,34,17,3,6,12,254
15774,2025-12-01,17,15,9,32,45,1028
15791,2025-12-01,15,15,1,8,12,229
15909,2025-12-01,63,21,76,43,45,6176
16009,2025-12-01,78,22,50,43,45,7326
16036,2025-12-01,12,14,10,16,45,469
16048,2025-12-01,29,15,5,10,12,529
16073,2025-12-01,53,22,57,43,45,7384
16131,2025-12-01,32,15,53,31,45,5252
16241,2025-12-01,17,14,4,7,12,616
16280,2025-12-01,77,22,12,27,28,468
16284,2025-12-01,5,6,33,19,45,848
16348,2025-12-01,21,17,30,25,28,5427
16353,2025-12-01,58,21,5,11,12,634
16381,2025-12-01,20,17,5,11,12,710
16405,2025-12-01,16,16,70,25,60,428
16487,2025-12-01,30,19,92,30,60,13233
16664,2025-12-01,42,19,3,15,28,249
16705,2025-12-01,15,13,3,10,12,430
16712,2025-12-01,1,2,17,7,60,800
16769,2025-12-01,28,20,26,9,45,6383
16799,2025-12-01,41,18,3,10,12,488
16832,2025-12-01,61,22,3,27,28,943
16963,2025-12-01,41,18,22,39,45,1606
16996,2025-12-01,10,14,2,19,45,118
17072,2025-12-01,24,13,43,21,45,4930
17095,2025-12-01,25,21,27,27,60,3722
17147,2025-12-01,47,19,45,19,28,3144
17352,2025-12-01,59,22,9,8,12,742
17368,2025-12-01,32,19,7,19,28,145
17378,2025-12-01,3,6,50,12,60,1646
17430,2025-12-01,52,22,185,55,60,9887
17432,2025-12-01,37,16,21,31,45,1114
17555,2025-12-01,26,16,37,22,28,1237
17565,2025-12-01,37,20,42,24,45,10606
17606,2025-12-01,24,14,6,14,28,512
17648,2025-12-01,7,10,4,8,12,258
17724,2025-12-01,40,19,1,19,28,86
17745,2025-12-01,75,21,159,57,60,77522
17774,2025-12-01,18,15,91,40,60,8811
17794,2025-12-01,14,15,13,13,28,3497
17800,2025-12-01,41,21,25,43,45,3756
17818,2025-12-01,42,20,10,15,28,1519
17819,2025-12-01,32,16,3,10,28,418
17838,2025-12-01,60,22,13,26,28,1689
17862,2025-12-01,10,13,12,17,28,638
17920,2025-12-01,3,4,3,5,60,407
17929,2025-12-01,7,8,11,22,60,2364
17974,2025-12-01,16,15,8,9,12,683
17993,2025-12-01,56,19,40,48,60,7851
17998,2025-12-01,78,22,10,11,12,3718
18009,2025-12-01,23,17,49,41,45,4508
18013,2025-12-01,15,13,3,4,12,303
18050,2025-12-01,8,9,1,11,28,164
18057,2025-12-01,47,22,6,26,28,910
18088,2025-12-01,10,11,6,10,28,471
18104,2025-12-01,3,5,11,4,45,524
18130,2025-12-01,71,21,65,22,45,5576
18148,2025-12-01,62,20,78,35,45,32331
18211,2025-12-01,14,12,3,17,28,695
18219,2025-12-01,69,22,27,43,45,6457
18303,2025-12-01,15,12,10,28,45,740
18307,2025-12-01,41,18,51,20,45,10677
18605,2025-12-01,17,13,3,13,45,798
18606,2025-12-01,58,21,9,11,12,784
18662,2025-12-01,47,20,9,9,12,1500
18682,2025-12-01,19,15,32,9,28,946
18710,2025-12-01,72,22,7,27,28,3452
18720,2025-12-01,66,22,8,39,45,2664
18732,2025-12-01,29,18,2,7,12,138
18752,2025-12-01,3,6,13,4,60,1205
18783,2025-12-01,12,12,1,10,28,26
18808,2025-12-01,33,19,5,11,12,362
18811,2025-12-01,73,22,2,38,45,268
18861,2025-12-01,38,17,4,5,12,577
18887,2025-12-01,52,22,71,38,60,10007
18901,2025-12-01,14,11,16,19,28,1168
18902,2025-12-01,30,16,43,25,28,1091
18914,2025-12-01,24,15,7,3,12,1422
18943,2025-12-01,3,4,2,2,12,68
18997,2025-12-01,21,16,7,23,28,2135
19002,2025-12-01,52,20,56,38,45,16801
19036,2025-12-01,10,11,33,40,60,1485
19079,2025-12-01,50,21,43,26,28,8316
19095,2025-12-01,16,13,8,17,28,910
19107,2025-12-01,7,8,4,7,12,286
19198,2025-12-01,5,7,5,8,28,478
19468,2025-12-01,9,11,7,5,12,843
19491,2025-12-01,3,5,4,1,12,124
19508,2025-12-01,23,14,5,21,28,783
19560,2025-12-01,62,22,13,9,12,887
19563,2025-12-01,20,15,2,9,12,383
19676,2025-12-01,31,16,17,42,45,1168
19729,2025-12-01,17,13,11,17,28,2084
19746,2025-12-01,59,22,17,27,28,10180
19769,2025-12-01,72,22,12,11,12,6371
19777,2025-12-01,39,20,7,10,12,1126
19794,2025-12-01,22,16,7,11,28,1352
19811,2025-12-01,52,22,5,26,28,938
19926,2025-12-01,3,5,1,10,45,71
19943,2025-12-01,61,22,146,43,45,21517
20071,2025-12-01,67,21,11,11,12,392
20082,2025-12-01,4,5,50,5,45,7939
20131,2025-12-01,20,12,2,9,28,185
20162,2025-12-01,36,20,37,40,45,3759
20296,2025-12-01,57,22,12,10,12,2054
20335,2025-12-01,25,18,4,16,28,584
20357,2025-12-01,80,22,72,50,60,9215
20391,2025-12-01,42,18,24,24,28,4645
20457,2025-12-01,52,22,4,27,28,759
20480,2025-12-01,22,14,3,23,28,622
20493,2025-12-01,62,22,8,27,28,2603
20516,2025-12-01,76,22,7,27,28,1991
20574,2025-12-01,26,18,1,22,28,135
20595,2025-12-01,56,21,6,7,12,2349
20597,2025-12-01,8,10,3,3,12,440
20677,2025-12-01,26,18,39,37,45,1938
20686,2025-12-01,30,14,76,48,60,22850
20711,2025-12-01,75,22,93,57,60,12055
20797,2025-12-01,13,12,4,7,12,648
20821,2025-12-01,55,21,25,44,60,8327
20940,2025-12-01,50,22,8,10,12,2312
20947,2025-12-01,58,20,4,11,12,563
20987,2025-12-01,59,22,7,11,12,1050
20992,2025-12-01,15,13,3,8,12,596
21026,2025-12-01,30,19,5,7,12,569
21126,2025-12-01,30,20,4,6,28,583
21146,2025-12-01,59,21,3,11,12,276
21156,2025-12-01,28,17,9,43,45,1260
21170,2025-12-01,9,10,3,10,12,216
21189,2025-12-01,41,20,3,10,12,256
21277,2025-12-01,57,21,11,23,28,375
21287,2025-12-01,22,15,2,23,28,287
21288,2025-12-01,60,22,12,11,12,2550
21504,2025-12-01,10,9,4,20,28,74
21512,2025-12-01,42,19,2,10,12,668
21526,2025-12-01,19,11,9,17,28,1475
21542,2025-12-01,13,10,5,6,12,515
21561,2025-12-01,19,13,4,6,12,897
21682,2025-12-01,31,19,53,35,45,8515
21751,2025-12-01,7,10,9,33,45,963
21783,2025-12-01,40,17,5,22,28,259
21823,2025-12-01,79,22,7,11,12,1236
22031,2025-12-01,48,20,31,27,28,4665
22041,2025-12-01,68,20,2,25,28,563
22106,2025-12-01,24,14,3,10,28,799
22110,2025-12-01,58,20,4,4,12,1035
22139,2025-12-01,26,16,2,5,12,148
22154,2025-12-01,44,21,9,11,12,2520
22215,2025-12-01,15,16,4,5,12,916
22217,2025-12-01,54,21,10,26,28,3194
22291,2025-12-01,6,7,0,3,28,0
22293,2025-12-01,65,22,68,40,45,31507
22297,2025-12-01,63,20,14,32,45,373
22340,2025-12-01,53,17,12,21,28,404
22343,2025-12-01,47,20,9,33,45,928
22350,2025-12-01,30,19,16,30,60,1248
22372,2025-12-01,4,6,5,5,12,370
22416,2025-12-01,57,22,12,26,28,858
22475,2025-12-01,2,4,5,6,28,66
22485,2025-12-01,54,21,21,26,28,522
22487,2025-12-01,22,16,1,13,28,79
22492,2025-12-01,2,3,10,5,45,860
22541,2025-12-01,13,15,3,6,12,391
22573,2025-12-01,65,21,12,27,28,1094
22593,2025-12-01,1,1,0,2,12,0
22603,2025-12-01,53,20,150,57,60,11204
22605,2025-12-01,17,16,2,5,12,263
22662,2025-12-01,76,22,7,42,45,205
22676,2025-12-01,32,19,3,9,28,469
22710,2025-12-01,37,17,2,5,12,195
22756,2025-12-01,49,20,2,9,12,178
22768,2025-12-01,41,21,9,18,28,2997
22825,2025-12-01,41,19,14,50,60,3077
22836,2025-12-01,73,21,6,25,28,223
22914,2025-12-01,6,9,3,8,12,191
22915,2025-12-01,47,19,5,11,12,417
22949,2025-12-01,4,8,19,31,60,2556
22999,2025-12-01,54,22,51,43,45,22273
23108,2025-12-01,4,7,1,7,28,176
23130,2025-12-01,8,12,19,14,45,1902
23169,2025-12-01,22,15,5,4,12,609
23219,2025-12-01,3,5,3,5,28,270
23338,2025-12-01,3,6,35,18,60,1495
23467,2025-12-01,19,18,23,25,45,1383
23469,2025-12-01,64,22,157,56,60,16233
23484,2025-12-01,17,16,10,10,28,1296
23490,2025-12-01,51,22,10,9,12,4499
23508,2025-12-01,44,20,2,31,45,455
23512,2025-12-01,24,13,7,9,28,1291
23518,2025-12-01,49,20,186,46,60,33012
23713,2025-12-01,42,20,29,11,45,5398
23757,2025-12-01,69,21,2,11,12,207
23892,2025-12-01,8,9,2,4,12,259
23931,2025-12-01,44,21,47,27,28,25536
23959,2025-12-01,29,18,5,11,12,193
24011,2025-12-01,65,19,4,19,28,371
24061,2025-12-01,4,7,1,19,28,55
24087,2025-12-01,15,15,2,30,45,53
24117,2025-12-01,47,21,7,24,28,1859
24199,2025-12-01,39,20,16,42,45,1461
24244,2025-12-01,24,13,13,35,45,1886
24261,2025-12-01,10,9,29,11,45,7384
24298,2025-12-01,11,12,20,17,45,1140
24484,2025-12-01,72,22,2,25,28,442
24530,2025-12-01,77,22,11,11,12,844
24563,2025-12-01,43,18,6,10,12,1142
24595,2025-12-01,35,22,11,5,12,581
24630,2025-12-01,4,6,4,17,28,849
24703,2025-12-01,35,19,3,10,28,950
24712,2025-12-01,63,20,31,42,45,2766
24733,2025-12-01,29,15,11,22,28,1224
24772,2025-12-01,24,19,3,11,12,343
24829,2025-12-01,9,10,6,16,28,978
24838,2025-12-01,6,7,2,3,12,118
24845,2025-12-01,41,20,6,8,12,339
24848,2025-12-01,41,20,12,9,12,4241
24880,2025-12-01,65,22,2,10,12,143
24948,2025-12-01,72,22,12,11,12,2726
24957,2025-12-01,23,14,44,14,28,988
24976,2025-12-01,6,11,1,6,12,185
25035,2025-12-01,25,15,6,10,12,477
25075,2025-12-01,50,20,145,55,60,13343
25138,2025-12-01,39,20,47,16,28,5282
25145,2025-12-01,28,19,6,11,12,2018
25235,2025-12-01,20,15,3,19,28,321
25247,2025-12-01,48,22,3,11,12,916
25256,2025-12-01,63,22,61,40,45,28224
25274,2025-12-01,23,15,32,48,60,4484
25308,2025-12-01,3,4,41,7,45,1970
25319,2025-12-01,65,20,3,9,12,1926
25336,2025-12-01,24,17,4,6,12,1311
25380,2025-12-01,23,16,1,23,28,335
25560,2025-12-01,37,18,4,24,28,361
25577,2025-12-01,16,15,43,48,60,3197
25586,2025-12-01,7,8,2,5,12,95
25613,2025-12-01,59,21,56,43,45,4294
25666,2025-12-01,45,20,34,40,60,17490
25679,2025-12-01,43,17,60,26,45,1531
25686,2025-12-01,3,5,3,5,12,301
25687,2025-12-01,43,20,5,19,28,979
25694,2025-12-01,20,13,19,23,28,2563
25759,2025-12-01,6,9,1,5,12,122
25818,2025-12-01,18,14,36,19,45,773
25909,2025-12-01,39,20,5,11,12,118
25919,2025-12-01,46,21,30,22,28,2900
25920,2025-12-01,47,20,9,10,12,2572
25951,2025-12-01,27,18,1,26,28,21
25988,2025-12-01,40,20,4,11,12,906
26035,2025-12-01,3,4,8,7,45,714
26042,2025-12-01,49,20,11,10,12,1316
26147,2025-12-01,27,18,8,17,45,884
26243,2025-12-01,49,19,5,16,28,265
26260,2025-12-01,2,3,2,1,12,267
26277,2025-12-01,48,18,60,30,45,17281
26312,2025-12-01,10,12,19,6,28,4413
26445,2025-12-01,42,19,8,19,28,787
26507,2025-12-01,28,18,3,7,12,523
26521,2025-12-01,42,18,3,5,12,432
26568,2025-12-01,39,20,133,40,45,14616
26592,2025-12-01,25,15,3,21,28,654
26659,2025-12-01,30,19,7,20,28,713
26664,2025-12-01,36,20,102,38,45,21077
26685,2025-12-01,57,21,2,5,12,410
26714,2025-12-01,37,18,34,21,28,4945
26734,2025-12-01,1,1,14,3,28,1241
26744,2025-12-01,43,21,52,17,45,4707
26817,2025-12-01,20,17,52,14,28,4010
26835,2025-12-01,6,8,39,25,60,10640
26865,2025-12-01,24,17,40,53,60,1564
26878,2025-12-01,4,7,3,1,12,127
26911,2025-12-01,37,19,3,9,12,606
26965,2025-12-01,29,17,101,22,60,15235
27087,2025-12-01,13,11,5,2,12,100
27133,2025-12-01,46,19,13,21,28,1857
27248,2025-12-01,35,19,39,39,45,7630
27277,2025-12-01,41,18,2,4,12,410
27315,2025-12-01,28,18,6,5,12,916
27322,2025-12-01,19,17,28,16,45,6997
27337,2025-12-01,68,21,25,57,60,7227
27381,2025-12-01,60,22,8,11,12,2703
27387,2025-12-01,42,18,43,51,60,3059
27392,2025-12-01,7,9,2,6,12,272
27489,2025-12-01,76,21,19,43,45,6417
27545,2025-12-01,66,22,4,11,12,533
27588,2025-12-01,31,19,2,18,45,302
27689,2025-12-01,43,19,10,21,28,4042
27708,2025-12-01,56,22,100,57,60,15277
27750,2025-12-01,10,14,2,4,12,442
27778,2025-12-01,39,18,24,25,45,5410
27791,2025-12-01,30,16,33,29,45,5090
27940,2025-12-01,37,18,3,22,28,402
27963,2025-12-01,45,19,2,21,28,113
27998,2025-12-01,51,22,18,37,45,13341
28017,2025-12-01,31,20,8,7,12,228
28082,2025-12-01,43,22,7,13,28,1190
28136,2025-12-01,56,22,8,11,12,1389
28203,2025-12-01,33,16,11,20,28,2200
28234,2025-12-01,43,21,7,35,45,291
28239,2025-12-01,80,22,6,26,28,1306
28276,2025-12-01,35,20,6,24,28,1508
28278,2025-12-01,26,18,19,39,45,920
28284,2025-12-01,30,18,59,26,60,7595
28370,2025-12-01,16,14,15,26,45,3497
28382,2025-12-01,81,22,29,25,28,2470
28397,2025-12-01,72,22,70,25,45,25532
28412,2025-12-01,39,21,8,8,12,427
28440,2025-12-01,41,18,3,8,12,652
28453,2025-12-01,17,13,5,8,12,770
28485,2025-12-01,5,6,29,8,60,4957
28508,2025-12-01,71,22,10,10,12,1011
28572,2025-12-01,6,9,3,14,28,364
28585,2025-12-01,40,21,59,45,60,2574
28641,2025-12-01,3,6,5,6,60,1341
28689,2025-12-01,21,18,1,11,45,142
28746,2025-12-01,66,22,6,43,45,1552
28826,2025-12-01,4,6,16,8,28,2239
28898,2025-12-01,1,2,3,18,60,84
28899,2025-12-01,32,18,4,23,45,201
28909,2025-12-01,1,1,1,3,12,83
28977,2025-12-01,68,21,7,23,28,692
28987,2025-12-01,18,13,40,13,28,2083
29074,2025-12-01,22,17,46,35,45,9418
29124,2025-12-01,14,14,107,33,60,2869
29141,2025-12-01,26,19,74,40,60,16973
29155,2025-12-01,20,16,18,25,28,3888
29175,2025-12-01,49,19,4,25,28,413
29218,2025-12-01,35,18,6,26,28,795
29251,2025-12-01,17,13,36,35,45,2779
29261,2025-12-01,1,2,0,2,28,0
29302,2025-12-01,15,13,93,22,45,1565
29303,2025-12-01,50,21,64,15,28,6702
29327,2025-12-01,29,16,2,7,12,52
29331,2025-12-01,4,6,1,4,12,83
29367,2025-12-01,44,20,19,24,28,2946
29499,2025-12-01,58,22,34,43,45,2429
29526,2025-12-01,7,9,4,3,12,394
29546,2025-12-01,52,22,21,43,45,6245
29667,2025-12-01,75,22,90,43,45,8077
29679,2025-12-01,44,20,7,21,28,614
29688,2025-12-01,63,22,9,11,12,997
29721,2025-12-01,38,18,8,10,12,2343
29723,2025-12-01,7,9,1,7,12,75
29769,2025-12-01,24,19,3,3,28,274
29805,2025-12-01,56,22,3,21,28,1041
29832,2025-12-01,46,19,3,27,28,1137
29835,2025-12-01,48,21,10,25,28,1145
29841,2025-12-01,65,22,151,52,60,45264
29897,2025-12-01,10,12,1,8,28,76
29918,2025-12-01,9,10,4,5,12,933
29922,2025-12-01,41,20,49,44,60,1140
29926,2025-12-01,34,18,9,28,45,2665
29939,2025-12-01,9,12,4,6,12,161
29986,2025-12-01,52,21,27,37,60,3062
30111,2025-12-01,50,19,108,42,60,29896
30229,2025-12-01,55,21,151,46,60,19163
30263,2025-12-01,71,21,2,11,12,58
30344,2025-12-01,56,21,4,7,12,136
30372,2025-12-01,8,9,74,45,60,19427
30382,2025-12-01,10,9,4,14,45,318
30410,2025-12-01,29,15,16,16,28,1416
30484,2025-12-01,57,21,1,26,28,167
30489,2025-12-01,2,2,3,2,12,212
30559,2025-12-01,20,16,6,22,45,721
30593,2025-12-01,17,16,6,3,12,324
30601,2025-12-01,65,20,208,52,60,83654
30607,2025-12-01,20,15,1,7,12,111
30716,2025-12-01,39,19,2,16,28,203
30736,2025-12-01,65,21,54,39,45,2614
30738,2025-12-01,27,14,11,23,28,1062
30795,2025-12-01,64,21,8,11,12,1225
30798,2025-12-01,22,15,42,24,45,9761
30800,2025-12-01,21,16,7,8,12,250
30819,2025-12-01,67,21,108,54,60,5506
30820,2025-12-01,24,15,8,10,12,970
30839,2025-12-01,38,20,169,30,60,11911
30843,2025-12-01,33,18,2,20,28,67
30866,2025-12-01,11,11,4,3,12,64
30867,2025-12-01,33,17,5,11,12,696
30905,2025-12-01,73,20,23,27,28,4991
30920,2025-12-01,53,22,6,10,12,1504
31005,2025-12-01,15,12,1,6,28,134
31113,2025-12-01,16,13,8,8,28,494
31125,2025-12-01,8,10,1,22,45,57
31126,2025-12-01,28,19,8,17,28,264
31160,2025-12-01,46,20,7,7,12,1341
31179,2025-12-01,80,22,9,23,28,4374
31201,2025-12-01,6,9,7,10,28,440
31239,2025-12-01,13,11,28,22,60,1111
31267,2025-12-01,26,16,17,35,45,1858
31286,2025-12-01,1,2,27,14,60,1646
31324,2025-12-01,43,21,7,24,28,649
31331,2025-12-01,27,18,7,10,12,1399
31348,2025-12-01,57,22,2,7,12,344
31359,2025-12-01,12,12,1,5,12,212
31392,2025-12-01,18,13,8,3,12,1007
31417,2025-12-01,29,17,6,6,12,586
31459,2025-12-01,29,18,74,31,45,8489
31468,2025-12-01,34,14,6,25,28,1836
31544,2025-12-01,48,22,48,31,45,10135
31551,2025-12-01,61,20,6,26,28,375
31563,2025-12-01,30,17,2,13,28,303
31595,2025-12-01,30,17,2,9,12,143
31623,2025-12-01,45,21,62,57,60,11761
31691,2025-12-01,75,22,7,8,12,720
31701,2025-12-01,25,17,7,10,12,1369
31726,2025-12-01,29,19,3,13,28,625
31730,2025-12-01,62,21,12,8,12,1220
31775,2025-12-01,32,17,18,17,28,542
31786,2025-12-01,3,4,9,15,60,332
31811,2025-12-01,48,19,8,11,12,746
31852,2025-12-01,40,19,41,18,28,4424
31933,2025-12-01,54,22,15,53,60,904
31969,2025-12-01,22,18,5,10,12,64
31977,2025-12-01,9,9,11,4,28,1079
31983,2025-12-01,32,18,19,29,45,3319
32003,2025-12-01,52,21,42,37,45,6018
32005,2025-12-01,8,10,4,34,45,842
32019,2025-12-01,20,16,5,12,28,478
32021,2025-12-01,9,11,2,3,12,339
32121,2025-12-01,22,16,38,23,28,3871
32137,2025-12-01,10,13,15,4,60,4163
32171,2025-12-01,42,19,19,22,28,7047
32211,2025-12-01,6,9,6,12,28,575
32302,2025-12-01,36,19,71,27,60,8630
32392,2025-12-01,38,18,6,9,12,1729
32405,2025-12-01,17,15,4,21,28,509
32422,2025-12-01,60,22,62,41,60,4453
32430,2025-12-01,60,22,47,27,28,12302
32453,2025-12-01,55,20,3,10,12,520
32521,2025-12-01,32,21,2,6,12,269
32529,2025-12-01,21,16,4,10,12,381
32531,2025-12-01,57,19,113,37,45,18890
32536,2025-12-01,15,14,4,20,45,615
32601,2025-12-01,36,17,8,21,28,990
32617,2025-12-01,1,1,2,1,28,89
32628,2025-12-01,9,11,1,20,28,137
32670,2025-12-01,60,21,15,24,28,883
32673,2025-12-01,35,16,10,10,12,5124
32775,2025-12-01,45,20,7,29,45,1223
32811,2025-12-01,9,10,16,19,45,3977
32896,2025-12-01,66,22,146,32,60,16756
32903,2025-12-01,46,22,18,28,45,2028
32920,2025-12-01,14,13,2,5,12,200
32926,2025-12-01,31,18,2,36,45,235
32935,2025-12-01,55,20,71,24,28,12944
32995,2025-12-01,68,21,13,56,60,2034
33018,2025-12-01,38,17,2,10,12,168
33021,2025-12-01,59,21,5,26,28,759
33086,2025-12-01,11,15,1,5,12,110
33130,2025-12-01,42,18,8,11,12,124
33137,2025-12-01,4,8,23,24,45,2031
33138,2025-12-01,78,22,5,11,12,1432
33202,2025-12-01,20,15,25,8,28,3698
33208,2025-12-01,4,6,8,21,60,235
33284,2025-12-01,43,20,2,11,12,350
33289,2025-12-01,2,4,2,3,12,215
33350,2025-12-01,44,21,2,17,28,102
33351,2025-12-01,32,19,4,14,28,418
33372,2025-12-01,10,10,12,7,45,2416
33383,2025-12-01,25,17,46,20,28,5400
33400,2025-12-01,31,15,17,25,45,4792
33450,2025-12-01,64,20,3,27,28,449
33472,2025-12-01,73,22,78,37,45,8828
33774,2025-12-01,7,9,2,7,12,226
33776,2025-12-01,15,14,6,5,12,92
33778,2025-12-01,47,20,6,11,12,889
33794,2025-12-01,75,21,72,42,45,5688
33796,2025-12-01,44,22,13,34,45,4831
33856,2025-12-01,6,8,1,8,28,66
33870,2025-12-01,3,4,34,29,60,1296
33871,2025-12-01,5,7,35,27,60,1898
33919,2025-12-01,34,18,40,37,45,4568
33925,2025-12-01,19,15,2,3,12,411
33931,2025-12-01,7,11,1,6,45,219
33945,2025-12-01,44,20,26,20,28,5911
33971,2025-12-01,67,21,16,43,45,1436
33975,2025-12-01,77,21,7,27,28,155
33986,2025-12-01,14,13,96,29,60,8820
34001,2025-12-01,18,15,11,6,12,2927
34013,2025-12-01,25,13,109,17,60,35835
34038,2025-12-01,36,20,33,19,45,1852
34048,2025-12-01,29,18,8,7,12,166
34076,2025-12-01,6,8,3,4,12,321
34092,2025-12-01,6,9,2,5,28,114
34201,2025-12-01,11,10,2,15,28,266
34261,2025-12-01,13,10,3,16,28,670
34265,2025-12-01,62,22,3,25,28,790
34268,2025-12-01,8,8,1,16,28,158
34291,2025-12-01,7,9,2,18,28,139
34441,2025-12-01,5,6,11,4,28,483
34482,2025-12-01,7,9,4,34,45,481
34499,2025-12-01,50,20,15,43,45,2319
34534,2025-12-01,45,22,4,11,12,1293
34559,2025-12-01,58,21,61,25,28,17006
34615,2025-12-01,8,12,54,14,45,7203
34721,2025-12-01,55,20,44,25,28,18311
34735,2025-12-01,53,21,60,42,45,4027
34744,2025-12-01,4,6,1,13,28,28
34795,2025-12-01,32,18,12,6,12,2862
34863,2025-12-01,36,18,4,36,45,648
34879,2025-12-01,6,10,1,19,45,43
34889,2025-12-01,44,20,6,7,12,1019
34969,2025-12-01,0,0,1,2,28,87
34988,2025-12-01,53,21,8,11,12,909
35003,2025-12-01,66,22,39,40,45,4186
35042,2025-12-01,18,15,7,9,12,434
35046,2025-12-01,8,11,3,5,12,129
35057,2025-12-01,67,22,14,25,28,1819
35071,2025-12-01,57,20,45,22,28,16734
35096,2025-12-01,8,10,2,21,28,198
35118,2025-12-01,5,7,2,3,12,314
35136,2025-12-01,78,22,3,11,12,81
35266,2025-12-01,34,17,5,8,12,797
35343,2025-12-01,43,19,6,11,28,991
35346,2025-12-01,11,10,3,7,12,122
35411,2025-12-01,15,13,1,8,12,90
35412,2025-12-01,30,15,41,34,60,2628
35439,2025-12-01,27,19,4,12,28,471
35528,2025-12-01,40,21,2,9,12,458
35550,2025-12-01,77,21,3,11,12,268
35710,2025-12-01,45,22,4,25,28,492
35815,2025-12-01,17,17,2,5,12,108
35860,2025-12-01,17,12,1,20,28,369
35912,2025-12-01,52,22,9,8,12,2430
35933,2025-12-01,17,14,92,13,60,16129
36017,2025-12-01,5,7,18,5,28,1413
36021,2025-12-01,31,18,2,8,12,178
36072,2025-12-01,5,7,1,4,12,35
36076,2025-12-01,5,6,5,18,28,407
36077,2025-12-01,5,9,4,22,28,178
36081,2025-12-01,2,3,3,5,28,19
36158,2025-12-01,41,20,1,11,12,124
36173,2025-12-01,62,22,3,11,12,821
36196,2025-12-01,57,22,53,55,60,17698
36197,2025-12-01,32,18,9,22,28,492
36206,2025-12-01,14,13,5,6,12,1482
36413,2025-12-01,17,14,55,33,60,5235
36599,2025-12-01,28,16,11,21,28,1757
36602,2025-12-01,13,11,57,39,60,7322
36773,2025-12-01,10,11,6,21,28,98
36783,2025-12-01,48,21,10,11,12,2253
36791,2025-12-01,53,21,6,27,28,1434
36815,2025-12-01,56,21,17,31,45,8734
36833,2025-12-01,14,14,27,19,45,3173
36886,2025-12-01,44,18,4,10,12,763
36906,2025-12-01,76,22,6,9,12,784
36920,2025-12-01,60,21,6,25,28,2158
36980,2025-12-01,42,19,38,15,28,4713
36984,2025-12-01,6,10,11,15,45,1307
36995,2025-12-01,74,21,160,51,60,20293
37105,2025-12-01,24,16,5,10,12,697
37109,2025-12-01,34,17,51,38,45,6410
37116,2025-12-01,34,21,146,57,60,24370
37134,2025-12-01,61,19,12,11,12,2279
37179,2025-12-01,27,18,7,8,12,928
37285,2025-12-01,22,15,29,16,45,5410
37335,2025-12-01,62,21,8,11,12,1887
37398,2025-12-01,16,13,7,21,28,826
37419,2025-12-01,11,12,2,29,45,199
37424,2025-12-01,5,6,34,14,60,898
37460,2025-12-01,17,17,98,40,60,2431
37476,2025-12-01,37,17,3,22,28,401
37487,2025-12-01,36,19,113,35,45,15278
37500,2025-12-01,15,15,5,19,28,596
37545,2025-12-01,53,20,2,17,28,278
37563,2025-12-01,76,22,60,43,45,12110
37605,2025-12-01,63,21,57,26,28,17553
37672,2025-12-01,4,6,40,17,28,2019
37747,2025-12-01,23,14,2,22,28,277
37748,2025-12-01,5,9,4,8,28,350
37767,2025-12-01,37,19,18,23,28,2538
37940,2025-12-01,49,19,10,27,28,935
37982,2025-12-01,22,18,6,20,60,324
38022,2025-12-01,55,21,11,11,12,2483
38086,2025-12-01,37,17,59,34,45,8616
38095,2025-12-01,57,20,5,26,28,937
38111,2025-12-01,74,21,4,11,12,532
38189,2025-12-01,16,15,3,15,28,244
38197,2025-12-01,37,17,6,24,28,744
38198,2025-12-01,71,21,3,10,12,981
38211,2025-12-01,39,21,10,9,12,2101
38227,2025-12-01,15,14,3,20,28,459
38252,2025-12-01,8,11,6,10,45,356
38268,2025-12-01,28,16,5,4,12,37
38270,2025-12-01,10,10,8,16,45,34
38306,2025-12-01,62,22,10,10,12,3808
38326,2025-12-01,18,15,1,10,12,171
38373,2025-12-01,8,12,3,4,28,258
38423,2025-12-01,69,22,13,24,28,2377
38485,2025-12-01,2,3,9,1,28,360
38612,2025-12-01,12,9,11,19,45,818
38664,2025-12-01,7,12,7,10,28,1367
38700,2025-12-01,29,16,2,7,12,559
38728,2025-12-01,2,3,1,2,12,93
38766,2025-12-01,34,16,72,40,45,6228
38770,2025-12-01,65,20,187,57,60,28013
38775,2025-12-01,16,15,4,7,12,560
38812,2025-12-01,5,8,2,1,12,351
38823,2025-12-01,32,21,25,23,28,1524
38848,2025-12-01,58,22,101,33,60,8209
38868,2025-12-01,23,15,76,51,60,16534
38906,2025-12-01,25,18,35,33,60,3975
38939,2025-12-01,34,15,52,38,45,7807
39017,2025-12-01,18,14,3,8,12,317
39037,2025-12-01,58,20,2,17,28,478
39040,2025-12-01,16,14,15,46,60,873
39062,2025-12-01,16,14,6,11,28,405
39190,2025-12-01,13,11,6,27,45,1059
39196,2025-12-01,16,16,3,10,12,566
39248,2025-12-01,32,16,62,26,28,7986
39346,2025-12-01,22,19,22,39,45,223
39375,2025-12-01,13,16,40,12,28,3151
39416,2025-12-01,19,13,38,39,60,2130
39486,2025-12-01,44,21,4,11,12,646
39515,2025-12-01,25,15,3,9,12,335
39535,2025-12-01,62,21,1,20,28,190
39541,2025-12-01,2,3,1,3,45,91
39666,2025-12-01,38,18,2,23,28,99
39685,2025-12-01,1,2,4,8,60,89
39715,2025-12-01,51,22,99,49,60,15418
39739,2025-12-01,53,20,11,7,12,2288
39810,2025-12-01,72,22,192,54,60,71285
39869,2025-12-01,22,18,7,3,12,594
39899,2025-12-01,8,10,4,6,12,306
39965,2025-12-01,72,22,59,39,45,12161
40017,2025-12-01,12,11,25,15,45,5808
40093,2025-12-01,35,19,2,18,28,334
40166,2025-12-01,25,14,2,37,45,320
40219,2025-12-01,65,21,5,22,28,761
40270,2025-12-01,27,19,5,12,28,250
40485,2025-12-01,63,22,11,11,12,410
40555,2025-12-01,53,22,49,17,28,14607
40595,2025-12-01,59,20,28,20,28,4605
40659,2025-12-01,48,20,3,9,12,466
40736,2025-12-01,34,18,25,39,60,1731
40757,2025-12-01,38,20,9,42,45,1975
40809,2025-12-01,9,11,53,6,60,7509
40826,2025-12-01,64,21,13,27,28,3178
40843,2025-12-01,21,15,3,7,12,446
40849,2025-12-01,10,10,9,3,12,421
40857,2025-12-01,9,9,3,4,12,31
40892,2025-12-01,29,17,25,27,45,1696
40936,2025-12-01,79,22,4,27,28,507
41021,2025-12-01,16,16,6,9,12,1714
41112,2025-12-01,33,19,5,39,45,1484
41124,2025-12-01,71,21,4,42,45,1472
41128,2025-12-01,55,21,28,26,28,477
41168,2025-12-01,25,15,4,24,28,249
41180,2025-12-01,57,22,9,7,12,1762
41209,2025-12-01,26,15,16,34,45,796
41212,2025-12-01,58,21,5,39,45,201
41289,2025-12-01,24,16,5,6,12,172
41296,2025-12-01,9,12,1,4,12,142
41324,2025-12-01,3,6,2,6,28,506
41404,2025-12-01,39,20,1,7,12,89
41475,2025-12-01,15,13,23,13,28,1714
41508,2025-12-01,32,15,5,9,12,1233
41531,2025-12-01,13,14,39,46,60,2296
41542,2025-12-01,6,8,15,6,45,220
41554,2025-12-01,59,21,10,25,28,2053
41601,2025-12-01,15,15,1,4,12,156
41660,2025-12-01,12,12,4,21,28,286
41686,2025-12-01,43,19,4,9,12,193
41704,2025-12-01,44,19,1,24,28,85
41709,2025-12-01,3,5,37,10,45,651
41717,2025-12-01,21,18,2,8,12,531
41724,2025-12-01,37,18,7,9,12,800
41740,2025-12-01,19,17,6,10,12,148
41776,2025-12-01,37,17,2,15,28,359
41834,2025-12-01,6,7,6,4,12,483
41845,2025-12-01,50,21,32,53,60,29408
41853,2025-12-01,28,17,109,27,60,640
41859,2025-12-01,25,16,9,21,28,2080
41868,2025-12-01,17,11,11,7,12,834
41869,2025-12-01,6,9,18,8,28,996
41876,2025-12-01,44,21,66,51,60,6851
41888,2025-12-01,34,19,68,22,28,21573
41897,2025-12-01,14,13,15,26,45,440
41946,2025-12-01,36,20,5,10,12,606
41955,2025-12-01,41,21,4,24,28,1014
41956,2025-12-01,47,19,12,11,12,1499
41961,2025-12-01,45,21,7,22,28,732
41970,2025-12-01,55,21,13,28,45,1048
41985,2025-12-01,12,13,1,3,12,57
42017,2025-12-01,7,12,2,11,28,283
42058,2025-12-01,33,18,8,11,28,140
42060,2025-12-01,6,9,29,18,45,4365
42105,2025-12-01,10,9,9,9,12,815
42111,2025-12-01,6,10,2,5,28,631
42170,2025-12-01,60,22,8,11,12,771
42176,2025-12-01,22,16,6,6,12,397
42196,2025-12-01,16,15,1,3,12,116
42253,2025-12-01,5,7,4,3,12,359
42264,2025-12-01,64,20,7,42,45,1553
42269,2025-12-01,37,20,3,35,45,453
42382,2025-12-01,18,13,47,13,45,7299
42398,2025-12-01,13,14,95,5,60,3814
42428,2025-12-01,35,15,5,17,28,107
42446,2025-12-01,11,13,2,5,12,158
42484,2025-12-01,14,15,2,5,12,331
42536,2025-12-01,40,18,7,8,12,304
42560,2025-12-01,7,10,98,14,60,14775
42620,2025-12-01,41,16,10,9,12,1253
42635,2025-12-01,11,12,1,5,12,247
42704,2025-12-01,21,15,16,19,28,3542
42719,2025-12-01,61,20,62,53,60,2470
42762,2025-12-01,55,22,14,11,12,7311
42805,2025-12-01,46,21,3,25,28,585
42832,2025-12-01,43,22,39,43,45,2238
42868,2025-12-01,66,20,2,16,28,402
42914,2025-12-01,24,16,10,19,28,1977
42955,2025-12-01,32,15,7,18,28,264
42960,2025-12-01,10,12,5,6,12,306
43041,2025-12-01,29,16,117,44,60,30172
43162,2025-12-01,20,15,3,8,12,986
43165,2025-12-01,9,10,32,10,28,3855
43194,2025-12-01,8,10,2,17,28,187
43202,2025-12-01,53,20,16,34,45,1489
43280,2025-12-01,0,0,5,1,28,227
43358,2025-12-01,24,15,33,24,45,4819
43428,2025-12-01,19,17,2,15,28,87
43444,2025-12-01,13,11,7,17,28,1102
43533,2025-12-01,25,15,23,12,28,2717
43540,2025-12-01,43,21,3,6,12,481
43556,2025-12-01,9,13,3,6,12,344
43624,2025-12-01,29,17,3,10,12,248
43645,2025-12-01,6,9,1,2,12,53
43663,2025-12-01,26,18,54,16,28,11921
43665,2025-12-01,35,21,3,17,28,207
43687,2025-12-01,17,16,7,5,12,390
43702,2025-12-01,26,18,4,8,12,848
43777,2025-12-01,2,3,16,3,45,1864
43819,2025-12-01,23,16,2,29,45,147
43882,2025-12-01,36,18,4,3,12,616
44058,2025-12-01,7,10,6,6,12,773
44132,2025-12-01,2,4,4,1,12,385
44211,2025-12-01,28,16,4,23,28,461
44258,2025-12-01,49,21,7,17,45,482
44356,2025-12-01,8,11,6,17,28,466
44365,2025-12-01,23,18,9,10,28,311
44430,2025-12-01,31,16,45,23,28,11532
44458,2025-12-01,44,18,25,42,60,872
44474,2025-12-01,32,17,7,7,28,873
44476,2025-12-01,61,22,10,23,28,699
44484,2025-12-01,9,13,1,11,28,54
44491,2025-12-01,18,16,14,14,60,192
44541,2025-12-01,59,21,7,11,12,1645
44570,2025-12-01,5,6,14,1,60,784
44577,2025-12-01,11,13,0,10,12,0
44611,2025-12-01,42,19,5,9,12,1286
44620,2025-12-01,51,22,45,27,28,6483
44643,2025-12-01,59,19,9,11,12,3132
44670,2025-12-01,18,14,46,4,60,8867
44692,2025-12-01,28,20,58,17,45,8213
44722,2025-12-01,60,22,14,42,45,1336
44799,2025-12-01,31,19,7,21,28,806
44851,2025-12-01,23,15,2,11,12,523
44979,2025-12-01,17,16,5,9,12,202
45066,2025-12-01,23,17,4,9,12,255
45081,2025-12-01,7,8,1,5,12,142
45151,2025-12-01,16,12,1,13,28,271
45231,2025-12-01,48,20,44,29,45,13493
45232,2025-12-01,46,20,8,41,45,1709
45236,2025-12-01,3,5,1,6,12,100
45290,2025-12-01,12,15,3,18,28,497
45332,2025-12-01,11,13,3,8,12,443
45344,2025-12-01,41,21,54,25,28,5289
45395,2025-12-01,37,18,11,8,12,1598
45424,2025-12-01,30,18,3,16,28,269
45507,2025-12-01,56,19,3,24,28,195
45541,2025-12-01,29,15,53,14,45,7749
45547,2025-12-01,50,21,4,14,28,1985
45556,2025-12-01,62,21,6,42,45,495
45588,2025-12-01,53,20,7,10,12,2241
45606,2025-12-01,32,17,25,29,45,2542
45607,2025-12-01,5,9,21,8,45,443
45608,2025-12-01,5,6,1,3,12,57
45702,2025-12-01,17,11,3,5,12,131
45708,2025-12-01,12,11,7,7,12,769
45757,2025-12-01,51,21,8,34,45,3059
45827,2025-12-01,39,18,12,23,28,661
45831,2025-12-01,44,19,5,9,12,632
45909,2025-12-01,24,18,25,11,28,1397
45983,2025-12-01,27,19,84,46,60,25560
46011,2025-12-01,13,13,77,26,60,19537
46059,2025-12-01,36,17,3,9,28,200
46063,2025-12-01,55,21,58,57,60,7138
46074,2025-12-01,34,18,43,56,60,15803
46088,2025-12-01,31,17,9,20,28,1047
46114,2025-12-01,11,15,2,6,28,87
46158,2025-12-01,73,22,41,21,28,2512
46227,2025-12-01,1,2,1,1,12,48
46302,2025-12-01,67,21,27,43,45,11443
46382,2025-12-01,70,22,9,25,28,1141
46452,2025-12-01,18,15,16,14,28,1579
46487,2025-12-01,16,13,6,9,12,318
46503,2025-12-01,18,13,53,46,60,3725
46607,2025-12-01,76,22,12,11,12,1441
46659,2025-12-01,31,19,4,9,12,117
46708,2025-12-01,80,22,8,22,28,3976
46731,2025-12-01,5,6,4,11,28,242
46734,2025-12-01,14,15,14,24,45,3110
46740,2025-12-01,35,20,45,17,45,17372
46772,2025-12-01,72,22,50,43,45,32581
46791,2025-12-01,8,11,1,10,28,59
46829,2025-12-01,42,20,137,38,45,21823
46847,2025-12-01,48,22,59,42,60,34197
46887,2025-12-01,7,9,1,14,28,52
46898,2025-12-01,68,21,13,10,12,2788
46903,2025-12-01,36,19,11,22,45,1502
46968,2025-12-01,75,22,12,27,28,5314
47036,2025-12-01,46,18,12,6,12,5869
47046,2025-12-01,59,21,64,21,28,6186
47074,2025-12-01,4,8,108,4,45,13675
47208,2025-12-01,35,21,2,7,12,369
47280,2025-12-01,5,7,2,3,28,94
47297,2025-12-01,3,5,26,5,60,605
47413,2025-12-01,46,21,3,5,12,1666
47460,2025-12-01,42,21,10,22,28,171
47517,2025-12-01,48,19,38,21,28,3395
47522,2025-12-01,5,8,3,2,12,356
47527,2025-12-01,30,21,6,5,28,1057
47666,2025-12-01,37,17,5,9,12,1640
47675,2025-12-01,17,14,29,17,45,13632
47676,2025-12-01,20,14,20,13,28,526
47771,2025-12-01,37,19,5,24,28,776
47832,2025-12-01,8,12,40,5,28,1621
47858,2025-12-01,55,22,138,43,60,46280
47863,2025-12-01,11,12,3,5,12,209
47874,2025-12-01,13,14,90,23,45,13321
47879,2025-12-01,1,2,16,12,45,547
47889,2025-12-01,60,22,125,48,60,7981
47913,2025-12-01,20,15,10,5,12,1547
47922,2025-12-01,71,22,5,11,12,2524
47989,2025-12-01,10,15,3,11,28,373
48050,2025-12-01,77,21,2,11,12,319
48107,2025-12-01,65,21,69,36,45,5754
48123,2025-12-01,27,15,7,9,12,1540
48159,2025-12-01,44,21,6,15,28,1660
48223,2025-12-01,20,16,5,34,45,151
48299,2025-12-01,3,4,1,1,12,9
48337,2025-12-01,21,14,5,5,12,1387
48355,2025-12-01,63,22,7,27,28,1368
48427,2025-12-01,22,17,7,9,12,1324
48428,2025-12-01,6,8,1,19,28,128
48442,2025-12-01,14,13,3,18,45,165
48538,2025-12-01,58,22,2,11,12,138
48567,2025-12-01,28,15,5,9,12,1060
48591,2025-12-01,12,11,1,5,12,12
48593,2025-12-01,28,17,101,22,60,24768
48639,2025-12-01,54,19,6,20,28,2260
48644,2025-12-01,61,22,10,11,12,256
48808,2025-12-01,50,21,62,38,45,10894
48925,2025-12-01,6,7,13,4,28,2911
48989,2025-12-01,43,20,9,10,12,734
49009,2025-12-01,41,17,10,20,28,802
49099,2025-12-01,41,20,23,27,28,3892
49130,2025-12-01,27,18,5,21,28,573
49144,2025-12-01,19,13,4,15,28,328
49168,2025-12-01,46,20,41,27,28,6535
49176,2025-12-01,35,19,6,8,12,1204
49214,2025-12-01,7,8,4,7,12,446
49249,2025-12-01,51,22,74,31,45,30066
49313,2025-12-01,70,20,4,27,28,1854
49323,2025-12-01,14,14,39,13,28,6126
49454,2025-12-01,18,15,5,2,12,447
49489,2025-12-01,16,12,7,4,12,771
49517,2025-12-01,6,8,28,14,45,2089
49598,2025-12-01,7,9,46,12,60,4903
49606,2025-12-01,20,17,2,2,12,451
49617,2025-12-01,27,17,15,15,28,3705
49639,2025-12-01,52,20,40,42,45,1980
49642,2025-12-01,42,20,7,11,12,505
49707,2025-12-01,60,22,76,42,45,14239
49714,2025-12-01,35,18,2,21,28,42
49720,2025-12-01,46,19,12,10,12,2385
49783,2025-12-01,57,22,5,11,12,201
49791,2025-12-01,3,4,21,3,60,3216
49808,2025-12-01,65,22,3,9,12,487
49872,2025-12-01,6,9,3,15,28,563
49884,2025-12-01,60,21,104,43,45,21795
49913,2025-12-01,46,19,6,14,28,630
49931,2025-12-01,63,22,144,57,60,57117
49980,2025-12-01,16,12,21,35,60,2344
18,2026-01-01,7,9,0,5,28,0
19,2026-01-01,35,19,8,19,28,3587
23,2026-01-01,44,21,10,25,28,1364
43,2026-01-01,30,15,75,37,45,18079
48,2026-01-01,52,22,7,11,12,290
50,2026-01-01,33,21,8,7,12,2646
58,2026-01-01,13,14,4,20,28,381
119,2026-01-01,34,21,52,33,45,7857
155,2026-01-01,32,19,10,22,28,1413
222,2026-01-01,80,22,3,11,12,206
247,2026-01-01,75,22,10,43,45,4452
259,2026-01-01,63,22,206,55,60,34011
283,2026-01-01,53,20,72,37,45,7469
290,2026-01-01,24,16,1,9,12,194
291,2026-01-01,70,21,5,8,12,167
300,2026-01-01,9,10,64,15,60,3996
308,2026-01-01,12,14,6,10,28,277
319,2026-01-01,49,19,13,54,60,1196
334,2026-01-01,76,22,61,27,28,26481
335,2026-01-01,80,22,4,9,12,2106
341,2026-01-01,23,13,31,31,45,8664
356,2026-01-01,29,20,6,5,12,1489
379,2026-01-01,71,22,13,33,45,3224
460,2026-01-01,27,15,22,28,45,2760
508,2026-01-01,3,5,47,13,60,1962
531,2026-01-01,54,20,12,9,12,3452
575,2026-01-01,42,22,33,39,45,6759
668,2026-01-01,14,14,1,3,12,49
685,2026-01-01,13,14,2,4,12,228
689,2026-01-01,22,16,3,25,28,156
738,2026-01-01,41,18,107,17,45,16102
855,2026-01-01,36,19,5,20,28,1579
895,2026-01-01,13,13,4,7,12,198
1001,2026-01-01,14,14,3,15,45,530
1004,2026-01-01,9,9,35,11,28,6073
1022,2026-01-01,73,22,50,26,28,8993
1048,2026-01-01,55,22,43,27,28,2562
1054,2026-01-01,20,15,3,3,12,503
1061,2026-01-01,52,19,5,11,12,2580
1073,2026-01-01,69,21,2,43,45,266
1074,2026-01-01,25,15,8,5,12,445
1092,2026-01-01,28,20,3,4,12,586
1107,2026-01-01,74,22,18,55,60,3206
1167,2026-01-01,5,9,1,6,28,120
1188,2026-01-01,3,6,1,2,12,49
1227,2026-01-01,61,22,11,11,12,1690
1237,2026-01-01,56,20,7,10,12,114
1240,2026-01-01,27,18,7,21,45,543
1275,2026-01-01,27,18,23,11,28,2315
1314,2026-01-01,30,19,8,18,28,1154
1345,2026-01-01,37,19,136,54,60,18693
1362,2026-01-01,6,11,1,10,45,144
1385,2026-01-01,53,21,2,27,28,629
1387,2026-01-01,4,5,2,8,28,224
1402,2026-01-01,64,22,21,26,60,6451
1406,2026-01-01,34,20,56,14,28,1650
1460,2026-01-01,3,4,1,3,12,205
1806,2026-01-01,7,9,22,10,45,944
1807,2026-01-01,54,21,27,29,60,7144
1822,2026-01-01,6,10,2,8,12,77
1917,2026-01-01,59,19,42,35,60,11064
1937,2026-01-01,3,4,8,9,45,181
1974,2026-01-01,49,20,5,23,28,440
1983,2026-01-01,45,22,55,36,45,3235
2044,2026-01-01,6,10,0,4,12,0
2060,2026-01-01,48,22,11,10,12,865
2082,2026-01-01,29,19,35,34,45,8065
2244,2026-01-01,13,16,3,6,12,269
2259,2026-01-01,10,13,1,3,12,97
2383,2026-01-01,15,14,7,4,12,585
2529,2026-01-01,7,12,2,4,12,93
2554,2026-01-01,40,17,71,46,60,7248
2555,2026-01-01,43,20,41,29,45,1237
2575,2026-01-01,23,15,2,7,12,390
2608,2026-01-01,24,17,9,28,45,3402
2620,2026-01-01,45,19,10,44,60,3581
2698,2026-01-01,5,7,31,17,45,6421
2705,2026-01-01,60,22,36,53,60,4031
2713,2026-01-01,16,13,3,3,12,278
2754,2026-01-01,47,19,3,26,28,658
2761,2026-01-01,62,22,6,9,12,662
2768,2026-01-01,38,19,3,38,45,160
2803,2026-01-01,22,13,40,31,45,8376
2845,2026-01-01,28,17,58,32,60,15449
2899,2026-01-01,9,13,1,6,28,162
2939,2026-01-01,4,6,30,36,60,414
3054,2026-01-01,64,22,3,11,12,402
3171,2026-01-01,14,12,29,40,60,4409
3225,2026-01-01,59,22,3,11,12,890
3262,2026-01-01,19,14,23,11,28,10297
3263,2026-01-01,11,11,4,3,28,608
3285,2026-01-01,76,21,69,55,60,10239
3295,2026-01-01,56,22,61,25,28,18368
3344,2026-01-01,62,22,9,25,28,680
3421,2026-01-01,71,22,16,54,60,2892
3422,2026-01-01,27,18,17,21,28,1518
3470,2026-01-01,11,12,7,2,12,263
3583,2026-01-01,65,22,2,11,12,1227
3656,2026-01-01,22,16,7,6,12,1320
3669,2026-01-01,9,9,7,16,28,1346
3805,2026-01-01,18,14,22,22,60,6726
3835,2026-01-01,50,21,13,11,28,1646
3840,2026-01-01,46,20,5,9,12,308
3966,2026-01-01,37,21,7,10,12,1131
4019,2026-01-01,1,2,42,3,45,383
4049,2026-01-01,28,20,3,26,45,633
4108,2026-01-01,52,20,39,52,60,6005
4197,2026-01-01,4,5,17,19,60,886
4281,2026-01-01,13,13,12,7,28,1165
4306,2026-01-01,14,15,4,19,28,437
4376,2026-01-01,28,18,7,10,12,1192
4453,2026-01-01,31,17,25,32,45,1223
4520,2026-01-01,53,21,9,11,12,1136
4534,2026-01-01,49,20,3,39,45,645
4562,2026-01-01,33,20,9,4,12,433
4576,2026-01-01,29,19,5,20,28,166
4613,2026-01-01,4,5,3,7,28,216
4626,2026-01-01,6,10,25,12,45,2694
4654,2026-01-01,4,6,27,15,45,1510
4719,2026-01-01,19,14,54,14,60,5226
4759,2026-01-01,66,22,5,26,28,2252
4788,2026-01-01,54,22,26,39,45,2385
4796,2026-01-01,27,16,4,8,12,898
4810,2026-01-01,40,20,33,40,45,8977
4819,2026-01-01,16,16,136,16,60,16282
4858,2026-01-01,4,6,3,4,12,232
4922,2026-01-01,16,12,7,21,28,320
4953,2026-01-01,7,11,35,9,45,1548
4988,2026-01-01,5,7,15,8,45,3132
5009,2026-01-01,23,16,6,3,12,384
5023,2026-01-01,35,22,12,9,12,1519
5036,2026-01-01,2,3,14,11,60,1692
5046,2026-01-01,16,14,30,39,45,5053
5161,2026-01-01,19,14,8,6,12,907
5199,2026-01-01,8,11,3,9,28,187
5215,2026-01-01,6,9,8,16,60,206
5217,2026-01-01,14,11,11,5,12,2476
5255,2026-01-01,37,16,28,23,28,2529
5329,2026-01-01,22,15,88,23,60,12613
5367,2026-01-01,29,21,55,39,60,22352
5370,2026-01-01,3,6,32,20,60,4589
5398,2026-01-01,22,15,25,8,28,3587
5411,2026-01-01,50,22,69,43,45,16520
5428,2026-01-01,57,21,10,27,28,1046
5468,2026-01-01,66,22,7,24,28,753
5513,2026-01-01,48,19,36,53,60,6503
5535,2026-01-01,5,6,14,11,60,590
5566,2026-01-01,16,14,3,7,28,907
5589,2026-01-01,65,22,16,25,28,2972
5610,2026-01-01,4,7,18,28,60,737
5614,2026-01-01,10,12,19,4,45,2880
5657,2026-01-01,18,12,0,10,12,0
5659,2026-01-01,18,13,12,34,45,2395
5678,2026-01-01,0,0,0,5,45,0
5717,2026-01-01,48,22,25,40,45,3818
5747,2026-01-01,1,1,6,3,45,316
5749,2026-01-01,62,21,4,25,28,619
5754,2026-01-01,12,13,2,10,12,251
5786,2026-01-01,51,22,4,25,28,393
5855,2026-01-01,15,16,8,8,12,262
5985,2026-01-01,68,21,4,11,12,635
6051,2026-01-01,22,18,7,7,12,1750
6058,2026-01-01,57,22,9,22,28,1218
6092,2026-01-01,30,16,51,31,45,14216
6096,2026-01-01,60,21,10,29,45,3141
6100,2026-01-01,59,21,27,41,45,8173
6117,2026-01-01,6,9,43,16,45,805
6134,2026-01-01,25,17,4,9,12,276
6149,2026-01-01,12,13,49,9,45,9565
6209,2026-01-01,3,5,7,3,12,667
6250,2026-01-01,15,11,5,6,12,149
6293,2026-01-01,16,15,35,18,45,2523
6298,2026-01-01,36,20,10,9,28,229
6312,2026-01-01,52,20,9,10,12,297
6317,2026-01-01,22,16,2,4,12,107
6330,2026-01-01,18,15,1,5,12,149
6359,2026-01-01,14,12,1,4,12,164
6362,2026-01-01,74,22,4,11,12,398
6392,2026-01-01,6,7,11,19,60,400
6483,2026-01-01,4,5,4,1,12,419
6487,2026-01-01,32,17,4,8,12,633
6514,2026-01-01,2,3,2,1,28,127
6515,2026-01-01,2,3,1,4,28,116
6529,2026-01-01,52,22,72,54,60,16079
6545,2026-01-01,25,13,16,31,45,1838
6557,2026-01-01,4,7,41,22,60,1029
6633,2026-01-01,18,15,7,7,12,437
6653,2026-01-01,33,20,11,39,45,252
6669,2026-01-01,25,16,6,11,12,448
6670,2026-01-01,14,10,22,36,60,1252
6687,2026-01-01,28,18,2,5,12,499
6693,2026-01-01,11,14,22,44,60,2729
6744,2026-01-01,9,9,15,22,45,1728
6781,2026-01-01,13,14,3,8,28,125
6786,2026-01-01,6,8,20,14,45,396
6814,2026-01-01,46,21,9,8,12,2533
6909,2026-01-01,14,13,4,8,28,51
6937,2026-01-01,76,22,8,11,12,2278
6981,2026-01-01,9,10,39,19,60,10454
6997,2026-01-01,26,18,4,4,12,606
7039,2026-01-01,74,21,12,25,28,452
7058,2026-01-01,36,18,42,22,28,4513
7071,2026-01-01,37,18,5,33,45,571
7225,2026-01-01,45,22,27,41,45,4137
7227,2026-01-01,37,19,14,17,28,1319
7280,2026-01-01,13,11,17,21,60,1327
7319,2026-01-01,45,21,5,10,12,186
7342,2026-01-01,72,22,15,42,45,2699
7357,2026-01-01,14,15,6,6,28,468
7359,2026-01-01,75,22,2,26,28,506
7407,2026-01-01,7,10,44,21,60,7080
7429,2026-01-01,16,10,177,17,60,2474
7430,2026-01-01,8,9,3,3,12,277
7486,2026-01-01,8,9,5,9,12,246
7497,2026-01-01,59,21,60,27,28,11719
7498,2026-01-01,7,10,16,7,28,1704
7526,2026-01-01,57,21,214,43,45,44303
7609,2026-01-01,60,20,57,38,45,12725
7663,2026-01-01,24,18,21,50,60,1202
7710,2026-01-01,9,11,14,15,45,1733
7806,2026-01-01,25,17,11,22,28,857
7979,2026-01-01,26,18,95,42,60,6110
8004,2026-01-01,7,8,26,26,60,517
8013,2026-01-01,23,14,6,40,45,542
8039,2026-01-01,12,12,2,19,28,207
8085,2026-01-01,49,19,10,25,28,940
8107,2026-01-01,23,17,24,19,28,2333
8179,2026-01-01,25,13,35,20,28,7839
8186,2026-01-01,51,22,48,23,45,1540
8236,2026-01-01,68,22,2,26,28,393
8339,2026-01-01,11,13,26,27,45,2598
8340,2026-01-01,44,21,10,7,12,1227
8359,2026-01-01,10,12,26,29,60,1934
8377,2026-01-01,77,21,6,11,12,244
8392,2026-01-01,52,22,8,11,12,1155
8400,2026-01-01,7,10,2,4,12,129
8424,2026-01-01,42,18,1,11,12,128
8642,2026-01-01,39,21,7,22,28,211
8646,2026-01-01,3,4,2,2,12,150
8712,2026-01-01,32,19,4,17,28,647
8727,2026-01-01,4,5,6,4,28,587
8775,2026-01-01,28,17,1,7,12,88
8799,2026-01-01,13,15,8,11,28,727
8844,2026-01-01,57,21,10,25,28,3300
8874,2026-01-01,6,12,30,7,28,1804
8895,2026-01-01,40,21,126,41,60,12758
8924,2026-01-01,51,21,3,22,28,213
8982,2026-01-01,23,18,41,30,60,1393
9050,2026-01-01,64,20,10,10,12,1515
9057,2026-01-01,6,8,3,2,12,420
9083,2026-01-01,40,22,4,11,12,1434
9104,2026-01-01,10,12,2,18,28,148
9112,2026-01-01,41,20,57,26,28,2036
9141,2026-01-01,11,11,2,18,28,17
9157,2026-01-01,48,21,12,23,28,1996
9229,2026-01-01,29,16,44,31,45,4899
9269,2026-01-01,4,6,3,4,12,372
9272,2026-01-01,40,20,2,9,12,91
9313,2026-01-01,22,18,1,11,28,58
9365,2026-01-01,25,18,25,27,45,2066
9399,2026-01-01,20,14,3,8,12,1392
9434,2026-01-01,25,17,3,22,28,506
9465,2026-01-01,54,20,10,10,12,2841
9477,2026-01-01,2,3,7,8,60,919
9505,2026-01-01,10,12,45,26,45,7689
9518,2026-01-01,2,2,6,2,28,680
9557,2026-01-01,6,9,34,30,45,1004
9562,2026-01-01,15,17,29,22,45,1342
9565,2026-01-01,11,10,40,11,28,7436
9636,2026-01-01,35,19,20,14,28,2857
9694,2026-01-01,33,19,35,29,45,4896
9703,2026-01-01,18,14,20,32,60,1984
9720,2026-01-01,11,11,7,8,12,2370
9724,2026-01-01,60,20,40,25,28,1664
9768,2026-01-01,28,18,35,15,45,6067
9836,2026-01-01,28,19,55,31,45,10340
9855,2026-01-01,51,21,22,34,45,2904
9866,2026-01-01,21,17,10,6,12,420
9913,2026-01-01,37,17,2,24,28,394
9947,2026-01-01,33,18,9,9,28,949
9995,2026-01-01,26,15,40,20,45,4424
10006,2026-01-01,54,21,69,24,45,14638
10160,2026-01-01,15,16,2,5,12,312
10214,2026-01-01,23,17,2,10,12,273
10246,2026-01-01,24,17,4,8,12,1259
10268,2026-01-01,65,22,16,41,45,5531
10289,2026-01-01,23,15,39,26,45,1853
10299,2026-01-01,63,21,108,56,60,16919
10304,2026-01-01,69,20,11,10,12,2099
10316,2026-01-01,31,19,52,18,45,3931
10322,2026-01-01,41,19,9,5,12,2090
10330,2026-01-01,70,22,169,43,45,102827
10376,2026-01-01,24,17,4,22,28,228
10429,2026-01-01,45,22,62,22,45,14651
10432,2026-01-01,46,19,2,5,12,421
10457,2026-01-01,37,19,3,8,12,403
10490,2026-01-01,29,16,3,11,12,226
10516,2026-01-01,44,17,7,19,28,1862
10529,2026-01-01,50,21,14,27,28,5293
10578,2026-01-01,47,18,52,43,45,4171
10591,2026-01-01,48,19,8,11,12,369
10606,2026-01-01,1,1,4,5,45,227
10704,2026-01-01,2,2,3,1,12,83
10745,2026-01-01,25,17,5,8,12,791
10771,2026-01-01,21,14,32,14,45,4842
10776,2026-01-01,2,3,0,3,12,0
10780,2026-01-01,29,16,5,17,28,1163
10808,2026-01-01,30,19,4,5,12,278
10855,2026-01-01,3,6,1,16,28,91
10883,2026-01-01,17,13,73,44,60,7286
10941,2026-01-01,33,18,15,42,45,484
10973,2026-01-01,2,3,20,5,28,286
10974,2026-01-01,21,13,22,22,45,3949
11021,2026-01-01,45,21,3,8,12,252
11068,2026-01-01,7,8,5,4,28,207
11117,2026-01-01,39,18,206,34,45,20428
11188,2026-01-01,5,7,3,12,28,414
11225,2026-01-01,72,21,6,27,28,1066
11261,2026-01-01,7,9,3,11,28,370
11277,2026-01-01,53,22,100,57,60,31265
11348,2026-01-01,22,16,3,8,12,338
11410,2026-01-01,16,12,9,4,12,905
11425,2026-01-01,16,14,11,31,45,1158
11457,2026-01-01,52,22,8,27,28,1536
11474,2026-01-01,54,21,12,11,12,4084
11496,2026-01-01,44,21,2,16,28,173
11499,2026-01-01,43,18,3,19,28,359
11527,2026-01-01,21,14,2,20,28,313
11639,2026-01-01,31,17,5,6,12,525
11650,2026-01-01,54,21,22,29,60,2557
11662,2026-01-01,2,4,0,8,28,0
11789,2026-01-01,20,17,47,56,60,7423
11833,2026-01-01,49,20,4,11,12,499
11861,2026-01-01,38,21,6,11,12,652
11877,2026-01-01,27,17,8,6,12,1510
11883,2026-01-01,30,18,56,34,45,2471
11941,2026-01-01,38,17,40,24,28,1950
12008,2026-01-01,79,22,3,11,12,747
12050,2026-01-01,75,22,4,24,28,445
12095,2026-01-01,41,19,36,39,45,3436
12103,2026-01-01,34,20,46,24,45,14982
12136,2026-01-01,30,18,9,11,12,1907
12148,2026-01-01,2,3,1,1,12,21
12176,2026-01-01,57,22,47,41,45,6737
12218,2026-01-01,31,20,11,7,12,1985
12239,2026-01-01,31,16,10,7,12,850
12244,2026-01-01,60,21,7,25,28,1254
12276,2026-01-01,60,22,6,11,12,620
12321,2026-01-01,11,12,33,30,45,5393
12357,2026-01-01,55,22,53,43,45,628
12358,2026-01-01,27,14,6,8,28,1067
12375,2026-01-01,17,13,43,45,60,6422
12392,2026-01-01,8,9,3,2,12,1042
12436,2026-01-01,11,16,3,25,28,164
12473,2026-01-01,31,21,1,19,28,124
12586,2026-01-01,60,21,2,20,28,454
12587,2026-01-01,28,17,38,15,45,8947
12588,2026-01-01,25,17,9,7,12,1999
12590,2026-01-01,54,21,112,52,60,1341
12592,2026-01-01,43,18,10,10,12,2095
12602,2026-01-01,16,16,1,4,12,167
12617,2026-01-01,59,21,65,42,60,10032
12673,2026-01-01,21,14,20,9,28,1131
12693,2026-01-01,0,0,0,1,12,0
12728,2026-01-01,41,20,53,43,45,7874
12734,2026-01-01,39,18,57,20,28,1408
12772,2026-01-01,42,20,2,15,28,403
12819,2026-01-01,45,21,2,24,28,283
12832,2026-01-01,7,9,8,3,12,529
12867,2026-01-01,5,8,6,10,28,323
12923,2026-01-01,27,18,21,14,45,1715
12931,2026-01-01,6,8,5,4,28,441
12951,2026-01-01,26,16,101,53,60,28540
12962,2026-01-01,22,15,28,12,28,1932
12990,2026-01-01,47,20,2,6,12,66
13010,2026-01-01,67,22,79,43,45,5533
13113,2026-01-01,19,12,2,14,28,356
13155,2026-01-01,52,21,2,11,12,624
13213,2026-01-01,14,12,19,15,45,3876
13215,2026-01-01,35,19,11,24,28,3419
13230,2026-01-01,38,19,2,22,28,251
13240,2026-01-01,72,22,38,25,28,8534
13254,2026-01-01,77,22,9,27,28,2781
13308,2026-01-01,30,18,4,10,12,1022
13325,2026-01-01,2,3,0,3,12,0
13412,2026-01-01,24,18,1,6,12,166
13422,2026-01-01,7,8,43,8,60,2494
13468,2026-01-01,60,22,4,24,28,359
13481,2026-01-01,21,14,7,9,28,659
13513,2026-01-01,5,7,4,7,28,141
13539,2026-01-01,14,15,20,17,60,1173
13552,2026-01-01,7,9,3,5,28,88
13562,2026-01-01,1,2,1,1,12,53
13575,2026-01-01,35,20,17,17,60,1397
13592,2026-01-01,40,19,81,51,60,20864
13618,2026-01-01,37,18,1,21,28,265
13637,2026-01-01,7,10,5,7,28,714
13647,2026-01-01,71,21,3,25,28,1023
13704,2026-01-01,1,1,1,1,12,169
13766,2026-01-01,10,10,6,6,12,779
13806,2026-01-01,19,17,9,25,60,1402
13885,2026-01-01,53,22,56,24,28,3859
13892,2026-01-01,35,17,143,26,45,22883
13997,2026-01-01,9,8,3,2,12,39
14004,2026-01-01,42,21,35,25,28,3378
14020,2026-01-01,40,17,2,18,28,40
14225,2026-01-01,22,15,10,9,12,1825
14249,2026-01-01,46,21,2,22,28,215
14270,2026-01-01,14,12,45,15,60,2032
14271,2026-01-01,54,22,8,11,12,1375
14279,2026-01-01,30,16,54,41,45,2404
14289,2026-01-01,31,20,28,36,60,671
14309,2026-01-01,2,3,1,4,12,89
14362,2026-01-01,27,16,5,9,12,291
14388,2026-01-01,47,21,5,9,12,851
14532,2026-01-01,23,16,30,30,60,207
14549,2026-01-01,12,12,3,15,45,216
14642,2026-01-01,14,15,1,9,45,74
14674,2026-01-01,11,10,94,42,60,8659
14690,2026-01-01,3,4,66,10,60,2570
14706,2026-01-01,66,20,24,26,28,5730
14732,2026-01-01,57,22,6,21,28,1475
14743,2026-01-01,48,19,5,23,28,832
14778,2026-01-01,3,4,3,11,45,363
14803,2026-01-01,40,20,12,9,12,2902
14827,2026-01-01,43,20,4,26,28,915
14837,2026-01-01,54,21,22,36,45,11553
14970,2026-01-01,36,18,2,21,28,259
15049,2026-01-01,54,21,10,8,12,2657
15186,2026-01-01,50,20,3,15,28,297
15189,2026-01-01,56,22,8,11,12,1061
15193,2026-01-01,12,14,17,8,28,1265
15195,2026-01-01,2,3,1,7,45,22
15207,2026-01-01,22,16,6,21,28,2008
15256,2026-01-01,3,4,4,1,12,277
15315,2026-01-01,74,22,7,11,12,1075
15368,2026-01-01,27,19,2,7,12,1053
15380,2026-01-01,58,21,4,43,45,1157
15389,2026-01-01,34,20,5,7,12,1690
15412,2026-01-01,18,15,14,16,28,2739
15472,2026-01-01,13,12,3,5,28,196
15508,2026-01-01,3,5,2,6,45,55
15612,2026-01-01,26,19,7,1,12,1078
15628,2026-01-01,3,5,12,8,45,108
15639,2026-01-01,67,21,10,10,12,1136
15642,2026-01-01,8,10,2,15,28,253
15694,2026-01-01,39,18,4,6,12,309
15774,2026-01-01,11,13,9,33,45,513
15791,2026-01-01,16,12,1,7,12,72
15858,2026-01-01,47,20,12,10,12,2027
15909,2026-01-01,47,20,89,43,45,25206
16009,2026-01-01,57,22,43,43,45,1270
16036,2026-01-01,14,13,11,25,45,1106
16048,2026-01-01,24,17,5,9,12,625
16073,2026-01-01,40,22,53,43,45,9172
16131,2026-01-01,30,21,59,32,45,6572
16241,2026-01-01,19,15,4,8,12,596
16280,2026-01-01,67,22,13,27,28,1369
16284,2026-01-01,4,5,29,20,45,2710
16348,2026-01-01,21,14,34,26,28,6577
16353,2026-01-01,69,22,5,9,12,228
16381,2026-01-01,23,18,5,11,12,701
16405,2026-01-01,20,17,86,32,60,18459
16487,2026-01-01,24,16,79,34,60,5501
16664,2026-01-01,49,19,3,18,28,419
16705,2026-01-01,16,13,3,9,12,753
16712,2026-01-01,2,3,18,7,60,1847
16769,2026-01-01,22,14,28,10,45,5696
16799,2026-01-01,52,21,4,11,12,569
16832,2026-01-01,52,22,2,27,28,356
16883,2026-01-01,60,21,6,10,12,1246
16963,2026-01-01,39,20,23,41,45,1778
16996,2026-01-01,7,11,2,23,45,143
17072,2026-01-01,34,15,41,19,45,5233
17095,2026-01-01,23,18,31,23,60,2953
17147,2026-01-01,53,22,45,16,28,9264
17352,2026-01-01,72,22,8,7,12,1021
17368,2026-01-01,36,18,6,17,28,285
17378,2026-01-01,5,6,40,11,60,697
17430,2026-01-01,66,21,187,55,60,67886
17432,2026-01-01,34,17,22,28,45,1600
17555,2026-01-01,23,13,35,23,28,3305
17565,2026-01-01,49,18,40,32,45,6693
17606,2026-01-01,34,18,7,14,28,683
17648,2026-01-01,7,9,3,8,12,409
17724,2026-01-01,37,21,1,16,28,251
17745,2026-01-01,53,22,172,57,60,33967
17774,2026-01-01,14,11,103,44,60,8108
17794,2026-01-01,14,16,12,14,28,813
17800,2026-01-01,62,21,26,43,45,3544
17818,2026-01-01,60,22,9,16,28,196
17819,2026-01-01,36,17,3,15,28,163
17838,2026-01-01,78,22,14,25,28,945
17862,2026-01-01,6,9,10,14,28,1524
17920,2026-01-01,3,5,3,4,60,342
17923,2026-01-01,63,21,12,11,12,1529
17929,2026-01-01,11,11,10,22,60,1090
17960,2026-01-01,31,16,7,8,12,697
17974,2026-01-01,17,12,8,9,12,752
17993,2026-01-01,81,22,44,53,60,3838
17998,2026-01-01,65,21,10,11,12,1686
18009,2026-01-01,25,20,43,41,45,16425
18013,2026-01-01,17,13,3,6,12,517
18050,2026-01-01,9,9,1,13,28,202
18057,2026-01-01,50,20,7,25,28,775
18088,2026-01-01,12,10,5,10,28,287
18104,2026-01-01,8,11,12,7,45,1124
18130,2026-01-01,59,20,64,23,45,10457
18148,2026-01-01,39,19,78,37,45,16738
18211,2026-01-01,11,11,3,17,28,381
18219,2026-01-01,58,20,24,43,45,1494
18303,2026-01-01,34,18,9,30,45,1232
18307,2026-01-01,23,13,48,26,45,486
18605,2026-01-01,16,13,3,8,45,405
18606,2026-01-01,51,21,9,11,12,1058
18662,2026-01-01,66,21,9,9,12,3761
18682,2026-01-01,8,9,32,13,28,4032
18710,2026-01-01,56,22,6,27,28,2142
18720,2026-01-01,77,22,9,39,45,1379
18732,2026-01-01,24,17,2,9,12,260
18752,2026-01-01,5,8,16,6,60,536
18783,2026-01-01,6,6,1,10,28,121
18808,2026-01-01,50,21,5,11,12,1252
18811,2026-01-01,65,21,2,36,45,662
18861,2026-01-01,31,19,4,5,12,290
18887,2026-01-01,52,22,71,40,60,7277
18901,2026-01-01,10,11,16,19,28,3801
18902,2026-01-01,46,20,47,24,28,6959
18914,2026-01-01,36,19,7,3,12,1254
18943,2026-01-01,3,5,2,3,12,111
18997,2026-01-01,24,18,6,22,28,591
19002,2026-01-01,53,20,62,39,45,9210
19036,2026-01-01,21,14,31,48,60,2451
19079,2026-01-01,51,22,38,27,28,7632
19095,2026-01-01,10,9,7,17,28,465
19107,2026-01-01,5,8,3,6,12,147
19198,2026-01-01,3,4,5,9,28,685
19468,2026-01-01,10,14,7,6,12,313
19491,2026-01-01,2,3,4,2,12,142
19508,2026-01-01,16,11,4,17,28,221
19560,2026-01-01,44,21,13,9,12,876
19563,2026-01-01,20,16,3,10,12,352
19676,2026-01-01,26,16,16,42,45,6702
19729,2026-01-01,22,14,10,19,28,397
19746,2026-01-01,58,22,19,26,28,2630
19769,2026-01-01,73,22,12,11,12,5215
19777,2026-01-01,41,18,7,10,12,1527
19794,2026-01-01,19,15,6,8,28,357
19811,2026-01-01,61,21,5,26,28,1486
19926,2026-01-01,3,5,1,12,45,35
19943,2026-01-01,81,22,163,43,45,41992
20071,2026-01-01,73,21,11,11,12,1261
20082,2026-01-01,1,1,52,7,45,2832
20131,2026-01-01,37,20,2,12,28,223
20162,2026-01-01,29,15,34,41,45,8269
20218,2026-01-01,0,0,0,1,12,0
20296,2026-01-01,62,22,12,10,12,676
20335,2026-01-01,25,15,4,17,28,115
20357,2026-01-01,53,22,67,52,60,12334
20391,2026-01-01,52,22,23,23,28,2876
20457,2026-01-01,76,21,4,27,28,612
20480,2026-01-01,31,21,4,23,28,589
20493,2026-01-01,65,22,8,27,28,4579
20516,2026-01-01,71,22,7,26,28,1721
20574,2026-01-01,25,16,2,23,28,475
20595,2026-01-01,44,20,6,8,12,994
20597,2026-01-01,4,6,3,4,12,716
20677,2026-01-01,23,13,42,39,45,5766
20686,2026-01-01,27,15,70,48,60,1189
20711,2026-01-01,79,22,90,57,60,39320
20797,2026-01-01,19,17,4,5,12,176
20821,2026-01-01,54,19,28,50,60,4530
20940,2026-01-01,59,20,7,10,12,2450
20947,2026-01-01,69,21,3,11,12,174
20987,2026-01-01,63,22,7,11,12,929
20992,2026-01-01,9,8,4,8,12,91
21026,2026-01-01,33,18,5,6,12,1380
21126,2026-01-01,47,20,4,5,28,100
21146,2026-01-01,63,21,3,11,12,296
21156,2026-01-01,40,21,10,42,45,958
21170,2026-01-01,11,13,3,8,12,581
21189,2026-01-01,27,17,3,10,12,596
21277,2026-01-01,78,22,10,24,28,96
21287,2026-01-01,24,15,2,23,28,669
21288,2026-01-01,65,21,13,10,12,495
21504,2026-01-01,9,10,4,22,28,332
21512,2026-01-01,42,19,2,10,12,11
21526,2026-01-01,14,12,9,13,28,3067
21542,2026-01-01,15,15,5,5,12,310
21561,2026-01-01,22,16,4,7,12,435
21682,2026-01-01,32,20,49,38,45,9436
21751,2026-01-01,11,13,8,31,45,1105
21783,2026-01-01,42,18,5,22,28,783
21823,2026-01-01,70,22,7,11,12,2113
22031,2026-01-01,38,20,34,27,28,3384
22041,2026-01-01,75,22,3,26,28,967
22106,2026-01-01,20,16,2,8,28,379
22110,2026-01-01,50,18,4,5,12,302
22139,2026-01-01,23,15,3,6,12,399
22154,2026-01-01,60,22,9,11,12,1531
22215,2026-01-01,15,14,4,4,12,1107
22217,2026-01-01,65,21,11,26,28,3817
22290,2026-01-01,60,22,18,40,45,4831
22291,2026-01-01,6,9,0,2,28,0
22293,2026-01-01,51,22,73,37,45,7149
22297,2026-01-01,70,22,12,33,45,2031
22340,2026-01-01,62,22,11,22,28,1470
22343,2026-01-01,39,19,10,34,45,4528
22350,2026-01-01,22,19,15,26,60,2276
22372,2026-01-01,7,10,5,6,12,938
22416,2026-01-01,50,22,13,25,28,2074
22475,2026-01-01,2,4,5,8,28,596
22485,2026-01-01,49,19,21,25,28,3606
22487,2026-01-01,23,16,2,20,28,293
22492,2026-01-01,1,2,7,3,45,269
22541,2026-01-01,16,15,3,4,12,212
22573,2026-01-01,57,20,13,26,28,1724
22593,2026-01-01,1,1,0,2,12,0
22603,2026-01-01,51,21,148,57,60,17776
22605,2026-01-01,7,11,2,4,12,156
22662,2026-01-01,80,22,7,41,45,707
22676,2026-01-01,25,16,3,9,28,637
22710,2026-01-01,39,21,2,6,12,640
22756,2026-01-01,48,20,2,8,12,101
22768,2026-01-01,54,21,9,18,28,1630
22825,2026-01-01,32,21,13,48,60,2893
22836,2026-01-01,60,22,7,26,28,580
22914,2026-01-01,11,11,3,9,12,928
22915,2026-01-01,52,21,6,11,12,454
22949,2026-01-01,8,8,24,36,60,1367
22999,2026-01-01,63,22,59,43,45,13093
23108,2026-01-01,2,4,1,11,28,139
23130,2026-01-01,9,11,20,13,45,1578
23169,2026-01-01,28,18,5,5,12,2018
23219,2026-01-01,4,5,2,6,28,183
23338,2026-01-01,3,4,33,12,60,2477
23467,2026-01-01,19,12,21,27,45,2224
23469,2026-01-01,72,22,158,57,60,17799
23484,2026-01-01,15,11,11,8,28,385
23490,2026-01-01,39,20,10,7,12,520
23508,2026-01-01,32,17,3,38,45,600
23512,2026-01-01,22,13,7,10,28,415
23518,2026-01-01,48,21,169,47,60,30219
23713,2026-01-01,34,19,31,12,45,4282
23757,2026-01-01,77,21,2,11,12,736
23892,2026-01-01,15,13,2,4,12,130
23931,2026-01-01,74,22,56,27,28,13454
23959,2026-01-01,42,19,5,11,12,963
24011,2026-01-01,69,20,4,20,28,2182
24061,2026-01-01,4,6,1,14,28,128
24087,2026-01-01,11,12,1,26,45,131
24117,2026-01-01,53,21,7,25,28,1502
24199,2026-01-01,56,21,15,41,45,2527
24244,2026-01-01,26,17,12,35,45,1517
24261,2026-01-01,6,8,26,11,45,537
24298,2026-01-01,8,10,17,12,45,835
24468,2026-01-01,18,13,30,18,28,12009
24484,2026-01-01,68,21,3,26,28,246
24530,2026-01-01,77,22,9,11,12,2286
24563,2026-01-01,44,21,5,9,12,1051
24595,2026-01-01,22,14,9,5,12,1291
24630,2026-01-01,5,8,3,13,28,303
24703,2026-01-01,40,19,3,11,28,512
24712,2026-01-01,38,19,34,43,45,2751
24733,2026-01-01,35,18,10,23,28,271
24772,2026-01-01,26,18,4,11,12,474
24829,2026-01-01,11,11,6,16,28,138
24838,2026-01-01,7,8,2,4,12,61
24845,2026-01-01,38,19,6,9,12,1276
24848,2026-01-01,42,20,12,8,12,4200
24880,2026-01-01,53,22,2,10,12,328
24948,2026-01-01,77,21,13,11,12,5086
24957,2026-01-01,19,13,43,15,28,2098
24976,2026-01-01,7,12,1,5,12,158
25035,2026-01-01,17,15,7,8,12,231
25075,2026-01-01,54,22,161,56,60,4390
25138,2026-01-01,32,18,51,18,28,21307
25145,2026-01-01,35,16,6,10,12,1828
25235,2026-01-01,26,16,3,21,28,629
25247,2026-01-01,57,21,4,11,12,325
25256,2026-01-01,65,20,57,40,45,17571
25274,2026-01-01,19,13,35,47,60,2207
25308,2026-01-01,3,5,39,6,45,2126
25319,2026-01-01,50,20,3,9,12,1228
25336,2026-01-01,37,17,4,8,12,280
25380,2026-01-01,30,21,1,22,28,84
25560,2026-01-01,25,17,4,25,28,976
25577,2026-01-01,14,14,41,52,60,2223
25586,2026-01-01,3,5,2,5,12,145
25613,2026-01-01,81,22,54,43,45,5739
25666,2026-01-01,45,20,38,47,60,5775
25679,2026-01-01,32,19,60,29,45,4878
25686,2026-01-01,6,9,3,6,12,193
25687,2026-01-01,40,17,4,21,28,1453
25694,2026-01-01,11,9,15,23,28,4306
25759,2026-01-01,2,2,1,6,12,67
25818,2026-01-01,13,15,33,21,45,4845
25858,2026-01-01,16,16,7,6,12,517
25909,2026-01-01,41,21,5,11,12,887
25919,2026-01-01,34,16,33,23,28,2178
25920,2026-01-01,51,21,8,9,12,320
25951,2026-01-01,40,20,1,27,28,29
25988,2026-01-01,36,20,4,11,12,569
26035,2026-01-01,6,9,11,11,45,650
26042,2026-01-01,41,19,12,11,12,2700
26147,2026-01-01,37,20,9,20,45,1318
26243,2026-01-01,45,18,5,17,28,718
26260,2026-01-01,6,8,2,1,12,78
26277,2026-01-01,52,22,57,32,45,8913
26312,2026-01-01,7,9,19,2,28,815
26445,2026-01-01,42,21,7,19,28,551
26507,2026-01-01,14,11,3,7,12,156
26521,2026-01-01,43,19,3,4,12,748
26568,2026-01-01,38,19,139,37,45,1300
26592,2026-01-01,45,18,3,18,28,562
26659,2026-01-01,30,17,7,17,28,1029
26664,2026-01-01,31,18,110,41,45,19018
26685,2026-01-01,52,21,2,5,12,506
26714,2026-01-01,30,21,33,15,28,4651
26734,2026-01-01,2,2,13,2,28,305
26744,2026-01-01,63,21,51,13,45,2160
26817,2026-01-01,20,12,46,13,28,3019
26835,2026-01-01,7,10,42,35,60,6391
26865,2026-01-01,17,14,39,50,60,5505
26878,2026-01-01,4,8,2,1,12,166
26911,2026-01-01,50,19,3,10,12,104
26965,2026-01-01,15,15,92,28,60,6457
27087,2026-01-01,11,10,5,2,12,119
27133,2026-01-01,50,21,11,19,28,4693
27248,2026-01-01,46,17,38,38,45,4303
27277,2026-01-01,26,17,2,4,12,156
27315,2026-01-01,31,19,6,7,12,1534
27322,2026-01-01,19,15,26,18,45,5619
27337,2026-01-01,59,22,24,56,60,4429
27381,2026-01-01,75,22,9,11,12,6735
27387,2026-01-01,33,19,37,54,60,19228
27392,2026-01-01,2,3,1,7,12,13
27422,2026-01-01,5,6,2,6,12,232
27489,2026-01-01,70,20,19,43,45,2970
27545,2026-01-01,67,22,3,11,12,129
27558,2026-01-01,81,22,8,11,12,434
27588,2026-01-01,46,20,2,19,45,114
27689,2026-01-01,55,22,10,23,28,4344
27708,2026-01-01,71,21,102,57,60,5943
27750,2026-01-01,8,10,1,3,12,186
27778,2026-01-01,46,19,26,29,45,2950
27791,2026-01-01,28,18,32,33,45,7484
27834,2026-01-01,35,20,34,38,45,2286
27940,2026-01-01,36,19,4,24,28,945
27963,2026-01-01,36,17,3,19,28,390
27998,2026-01-01,59,22,22,38,45,3747
28017,2026-01-01,29,16,8,6,12,648
28082,2026-01-01,67,21,7,15,28,759
28136,2026-01-01,47,19,8,11,12,1829
28203,2026-01-01,34,20,11,19,28,3982
28234,2026-01-01,26,15,6,34,45,956
28239,2026-01-01,65,21,6,25,28,2362
28276,2026-01-01,34,17,5,25,28,424
28278,2026-01-01,16,11,19,34,45,2451
28284,2026-01-01,32,18,54,26,60,1402
28370,2026-01-01,12,14,13,30,45,1742
28382,2026-01-01,60,22,29,26,28,2650
28397,2026-01-01,74,22,75,22,45,8808
28412,2026-01-01,45,18,9,9,12,690
28440,2026-01-01,49,22,3,6,12,291
28453,2026-01-01,12,13,6,9,12,419
28485,2026-01-01,1,2,32,7,60,4148
28508,2026-01-01,80,22,11,10,12,4022
28572,2026-01-01,10,12,3,15,28,375
28585,2026-01-01,38,21,53,50,60,2642
28641,2026-01-01,1,2,4,8,60,457
28689,2026-01-01,26,15,1,12,45,206
28746,2026-01-01,64,21,5,42,45,1066
28826,2026-01-01,6,8,14,8,28,736
28898,2026-01-01,2,4,3,17,60,184
28899,2026-01-01,59,21,4,23,45,132
28909,2026-01-01,1,2,1,2,12,113
28977,2026-01-01,72,21,9,25,28,1129
28987,2026-01-01,19,15,44,12,28,3766
29074,2026-01-01,20,14,45,32,45,4635
29124,2026-01-01,13,13,113,33,60,24592
29141,2026-01-01,49,22,70,48,60,19244
29155,2026-01-01,23,15,19,25,28,2687
29175,2026-01-01,36,19,4,26,28,441
29218,2026-01-01,20,17,6,25,28,2167
29251,2026-01-01,6,8,30,30,45,2001
29261,2026-01-01,1,2,0,3,28,0
29302,2026-01-01,12,11,94,22,45,5641
29303,2026-01-01,46,22,67,18,28,18328
29327,2026-01-01,26,19,2,6,12,131
29331,2026-01-01,4,5,1,4,12,205
29367,2026-01-01,54,21,21,23,28,8844
29499,2026-01-01,65,21,36,41,45,5941
29526,2026-01-01,5,7,4,2,12,198
29546,2026-01-01,72,22,22,43,45,4778
29667,2026-01-01,56,21,83,43,45,30854
29679,2026-01-01,37,20,7,23,28,1087
29688,2026-01-01,55,22,9,11,12,2323
29721,2026-01-01,54,22,7,9,12,2099
29723,2026-01-01,9,12,2,9,12,38
29769,2026-01-01,17,14,3,4,28,785
29805,2026-01-01,45,20,3,20,28,594
29832,2026-01-01,37,18,3,27,28,114
29835,2026-01-01,59,22,10,26,28,418
29841,2026-01-01,48,19,174,52,60,17957
29897,2026-01-01,11,13,1,7,28,260
29918,2026-01-01,17,15,5,6,12,218
29922,2026-01-01,39,20,52,53,60,10002
29926,2026-01-01,46,18,11,22,45,1173
29939,2026-01-01,6,7,4,5,12,699
29986,2026-01-01,74,21,33,33,60,12371
30111,2026-01-01,37,17,95,43,60,31273
30229,2026-01-01,52,21,158,47,60,65659
30263,2026-01-01,56,20,2,10,12,342
30344,2026-01-01,57,21,5,6,12,1658
30372,2026-01-01,6,8,45,39,60,7486
30382,2026-01-01,9,10,4,16,45,442
30410,2026-01-01,35,20,16,16,28,728
30484,2026-01-01,42,20,1,25,28,277
30489,2026-01-01,1,2,3,1,12,375
30559,2026-01-01,23,18,6,23,45,778
30593,2026-01-01,9,11,6,4,12,743
30601,2026-01-01,52,22,188,47,60,61012
30607,2026-01-01,13,11,1,7,12,302
30716,2026-01-01,39,19,2,16,28,325
30736,2026-01-01,81,22,56,42,45,20387
30738,2026-01-01,25,18,11,20,28,638
30795,2026-01-01,79,22,9,11,12,2308
30798,2026-01-01,28,16,41,16,45,3056
30800,2026-01-01,23,15,8,8,12,549
30819,2026-01-01,58,22,113,56,60,7840
30820,2026-01-01,41,22,7,10,12,83
30839,2026-01-01,23,15,193,28,60,73489
30843,2026-01-01,27,16,2,16,28,255
30866,2026-01-01,7,9,3,3,12,204
30867,2026-01-01,31,20,4,11,12,532
30905,2026-01-01,81,22,23,27,28,5905
30920,2026-01-01,70,21,5,10,12,1922
31005,2026-01-01,12,13,1,5,28,26
31113,2026-01-01,14,14,7,6,28,1950
31125,2026-01-01,8,10,1,19,45,58
31126,2026-01-01,30,17,8,18,28,791
31160,2026-01-01,38,19,7,8,12,4271
31179,2026-01-01,68,22,9,19,28,4225
31201,2026-01-01,5,7,6,12,28,151
31239,2026-01-01,8,10,32,16,60,2477
31245,2026-01-01,15,15,32,22,60,1608
31267,2026-01-01,25,16,17,30,45,3362
31286,2026-01-01,3,5,35,14,60,6570
31324,2026-01-01,62,20,7,25,28,676
31331,2026-01-01,29,18,5,10,12,678
31348,2026-01-01,41,21,2,6,12,546
31359,2026-01-01,8,10,1,5,12,5
31392,2026-01-01,12,9,7,3,12,1170
31417,2026-01-01,21,17,6,6,12,443
31459,2026-01-01,35,18,70,33,45,4519
31468,2026-01-01,24,17,5,24,28,417
31544,2026-01-01,46,21,48,30,45,7215
31551,2026-01-01,69,22,7,25,28,2137
31563,2026-01-01,29,19,2,8,28,457
31595,2026-01-01,34,18,2,10,12,385
31623,2026-01-01,36,18,64,57,60,10589
31691,2026-01-01,68,22,7,9,12,632
31701,2026-01-01,28,16,7,10,12,1108
31726,2026-01-01,31,19,3,13,28,384
31730,2026-01-01,64,20,13,9,12,1000
31775,2026-01-01,37,17,18,22,28,4491
31786,2026-01-01,5,8,9,13,60,166
31811,2026-01-01,50,19,9,11,12,1912
31852,2026-01-01,35,19,33,11,28,3647
31933,2026-01-01,51,22,16,50,60,4545
31969,2026-01-01,13,13,4,9,12,464
31977,2026-01-01,3,4,10,5,28,368
31983,2026-01-01,25,14,17,28,45,1855
32003,2026-01-01,46,22,44,30,45,3128
32005,2026-01-01,11,10,5,36,45,346
32019,2026-01-01,20,19,6,9,28,227
32021,2026-01-01,7,10,2,3,12,213
32121,2026-01-01,13,12,39,25,28,765
32137,2026-01-01,7,9,13,3,60,238
32171,2026-01-01,55,22,20,23,28,7061
32211,2026-01-01,15,14,8,12,28,466
32258,2026-01-01,3,4,9,22,45,152
32302,2026-01-01,35,18,58,22,60,3598
32392,2026-01-01,26,19,5,9,12,1850
32405,2026-01-01,17,16,3,21,28,215
32422,2026-01-01,54,19,65,39,60,28581
32430,2026-01-01,57,22,46,27,28,4646
32453,2026-01-01,41,20,3,9,12,242
32521,2026-01-01,26,17,2,7,12,334
32529,2026-01-01,20,16,5,10,12,889
32531,2026-01-01,66,21,115,38,45,6156
32536,2026-01-01,7,7,3,19,45,248
32601,2026-01-01,29,18,8,21,28,2023
32617,2026-01-01,1,2,2,1,28,108
32628,2026-01-01,6,8,1,21,28,39
32670,2026-01-01,53,21,15,23,28,212
32673,2026-01-01,41,20,10,10,12,3749
32775,2026-01-01,31,15,6,25,45,2204
32811,2026-01-01,11,9,17,24,45,468
32896,2026-01-01,65,19,161,39,60,15560
32903,2026-01-01,58,21,19,34,45,2732
32920,2026-01-01,11,9,2,4,12,222
32926,2026-01-01,19,13,2,35,45,134
32935,2026-01-01,56,21,69,24,28,10725
32995,2026-01-01,71,22,13,57,60,1324
33018,2026-01-01,29,20,1,10,12,89
33021,2026-01-01,72,22,5,26,28,532
33086,2026-01-01,7,8,1,5,12,83
33130,2026-01-01,45,19,8,11,12,2090
33137,2026-01-01,7,9,24,25,45,3093
33138,2026-01-01,53,22,6,11,12,727
33202,2026-01-01,20,13,28,10,28,2707
33208,2026-01-01,4,7,8,17,60,904
33231,2026-01-01,22,15,1,22,45,134
33284,2026-01-01,42,17,2,11,12,163
33289,2026-01-01,3,5,2,3,12,308
33350,2026-01-01,39,18,2,18,28,181
33351,2026-01-01,27,12,5,11,28,614
33372,2026-01-01,8,10,11,10,45,464
33383,2026-01-01,30,18,38,16,28,6931
33400,2026-01-01,37,22,16,20,45,1955
33450,2026-01-01,60,22,3,27,28,831
33472,2026-01-01,71,21,83,38,45,7718
33729,2026-01-01,35,20,11,28,45,1444
33774,2026-01-01,11,10,2,4,12,104
33776,2026-01-01,25,15,5,4,12,1296
33778,2026-01-01,35,20,5,11,12,978
33794,2026-01-01,53,22,62,42,45,7965
33796,2026-01-01,60,21,13,36,45,2093
33856,2026-01-01,3,4,1,13,28,68
33870,2026-01-01,3,5,28,28,60,4805
33871,2026-01-01,4,7,41,15,60,3450
33919,2026-01-01,34,18,41,35,45,12807
33925,2026-01-01,19,14,2,2,12,143
33931,2026-01-01,10,12,1,6,45,72
33945,2026-01-01,27,16,26,19,28,4202
33971,2026-01-01,66,22,13,43,45,3915
33975,2026-01-01,61,22,7,27,28,560
33986,2026-01-01,17,15,99,29,60,13117
34001,2026-01-01,14,11,11,8,12,472
34013,2026-01-01,23,17,111,23,60,44949
34038,2026-01-01,35,18,31,20,45,1906
34048,2026-01-01,36,19,7,6,12,714
34076,2026-01-01,17,17,5,7,12,184
34092,2026-01-01,3,4,2,7,28,146
34201,2026-01-01,16,14,3,14,28,356
34261,2026-01-01,14,11,4,19,28,690
34265,2026-01-01,63,22,3,25,28,474
34268,2026-01-01,9,11,1,15,28,207
34291,2026-01-01,6,8,2,16,28,242
34441,2026-01-01,6,7,11,3,28,403
34482,2026-01-01,10,14,4,30,45,192
34499,2026-01-01,48,22,14,43,45,2112
34534,2026-01-01,39,19,3,11,12,261
34559,2026-01-01,76,22,72,25,28,22830
34615,2026-01-01,9,9,59,22,45,7333
34721,2026-01-01,41,19,39,25,28,1862
34735,2026-01-01,67,22,55,43,45,5726
34744,2026-01-01,7,10,1,13,28,31
34795,2026-01-01,31,18,13,7,12,494
34863,2026-01-01,25,16,5,38,45,1354
34879,2026-01-01,6,9,1,16,45,18
34889,2026-01-01,43,20,6,6,12,556
34969,2026-01-01,1,2,1,2,28,113
34988,2026-01-01,56,22,8,11,12,2799
35003,2026-01-01,81,22,35,41,45,8299
35042,2026-01-01,27,17,7,8,12,556
35046,2026-01-01,9,10,3,5,12,555
35057,2026-01-01,64,21,13,23,28,4856
35071,2026-01-01,46,20,46,18,28,1643
35096,2026-01-01,7,9,2,20,28,241
35118,2026-01-01,4,7,2,2,12,101
35136,2026-01-01,60,22,3,11,12,342
35266,2026-01-01,30,19,4,9,12,90
35343,2026-01-01,39,19,6,12,28,735
35346,2026-01-01,9,12,2,6,12,66
35411,2026-01-01,14,10,1,9,12,100
35412,2026-01-01,28,19,37,33,60,6864
35439,2026-01-01,20,15,4,10,28,356
35528,2026-01-01,39,21,2,9,12,75
35550,2026-01-01,70,21,3,11,12,1384
35710,2026-01-01,48,19,4,26,28,324
35763,2026-01-01,57,20,136,39,45,16463
35815,2026-01-01,16,14,2,5,12,77
35860,2026-01-01,15,13,1,20,28,184
35912,2026-01-01,47,21,7,7,12,812
35933,2026-01-01,21,13,89,14,60,10743
36017,2026-01-01,2,2,18,7,28,2899
36021,2026-01-01,35,19,3,9,12,462
36072,2026-01-01,6,8,1,4,12,227
36076,2026-01-01,6,10,5,18,28,760
36077,2026-01-01,2,3,3,20,28,199
36081,2026-01-01,1,1,2,5,28,83
36158,2026-01-01,52,22,2,10,12,895
36173,2026-01-01,67,22,3,11,12,1195
36196,2026-01-01,54,22,50,54,60,15502
36197,2026-01-01,45,20,9,18,28,1740
36206,2026-01-01,11,13,4,6,12,807
36413,2026-01-01,17,12,54,28,60,5643
36587,2026-01-01,5,7,3,15,28,487
36599,2026-01-01,22,17,10,14,28,373
36602,2026-01-01,30,17,65,36,60,2218
36773,2026-01-01,13,13,6,17,28,545
36783,2026-01-01,74,22,11,11,12,1339
36791,2026-01-01,80,22,6,27,28,284
36815,2026-01-01,76,21,17,37,45,2868
36833,2026-01-01,16,14,26,24,45,190
36886,2026-01-01,39,21,4,10,12,370
36906,2026-01-01,62,20,5,8,12,210
36920,2026-01-01,71,21,7,25,28,1131
36980,2026-01-01,35,18,40,15,28,12988
36984,2026-01-01,8,13,10,15,45,605
36995,2026-01-01,52,21,156,52,60,19770
37105,2026-01-01,21,13,6,10,12,353
37109,2026-01-01,18,15,40,34,45,4078
37116,2026-01-01,51,21,155,57,60,59633
37134,2026-01-01,74,22,13,11,12,209
37179,2026-01-01,21,16,8,8,12,498
37285,2026-01-01,16,15,31,17,45,3092
37335,2026-01-01,46,19,10,10,12,1904
37398,2026-01-01,10,11,7,22,28,1267
37419,2026-01-01,11,12,2,33,45,240
37424,2026-01-01,9,11,36,13,60,4636
37460,2026-01-01,10,11,88,44,60,11417
37476,2026-01-01,34,19,4,22,28,824
37487,2026-01-01,52,21,100,29,45,16439
37500,2026-01-01,13,16,5,19,28,145
37545,2026-01-01,28,18,2,14,28,278
37563,2026-01-01,59,21,63,42,45,7067
37605,2026-01-01,60,22,65,26,28,4596
37672,2026-01-01,8,11,39,19,28,2620
37747,2026-01-01,25,17,2,22,28,209
37748,2026-01-01,5,9,4,8,28,378
37767,2026-01-01,28,15,18,23,28,4860
37940,2026-01-01,62,21,9,27,28,2840
37982,2026-01-01,11,12,5,13,60,837
38022,2026-01-01,56,22,11,11,12,3274
38086,2026-01-01,21,16,49,34,45,5822
38095,2026-01-01,67,22,6,25,28,954
38111,2026-01-01,67,22,4,11,12,312
38189,2026-01-01,21,17,3,17,28,688
38197,2026-01-01,43,18,7,24,28,771
38198,2026-01-01,48,21,3,10,12,676
38211,2026-01-01,36,17,11,10,12,1561
38227,2026-01-01,19,13,3,22,28,773
38252,2026-01-01,5,8,5,8,45,587
38268,2026-01-01,32,15,4,5,12,692
38270,2026-01-01,7,7,8,17,45,2750
38306,2026-01-01,62,20,10,9,12,3961
38326,2026-01-01,19,15,1,10,12,72
38373,2026-01-01,6,6,3,5,28,277
38423,2026-01-01,51,21,13,24,28,1460
38452,2026-01-01,27,15,2,35,45,724
38485,2026-01-01,0,0,8,1,28,1096
38612,2026-01-01,13,13,11,17,45,900
38661,2026-01-01,24,18,6,30,45,1917
38664,2026-01-01,7,10,5,8,28,240
38700,2026-01-01,35,16,2,8,12,184
38728,2026-01-01,4,5,1,2,12,195
38766,2026-01-01,37,17,68,36,45,21220
38770,2026-01-01,73,22,178,57,60,31663
38775,2026-01-01,21,15,3,7,12,232
38812,2026-01-01,3,5,2,1,12,97
38823,2026-01-01,43,18,29,24,28,6481
38848,2026-01-01,54,21,101,44,60,18000
38868,2026-01-01,26,17,68,52,60,1520
38906,2026-01-01,25,19,37,36,60,9225
38939,2026-01-01,46,21,63,41,45,3933
39017,2026-01-01,28,19,2,8,12,319
39037,2026-01-01,50,21,3,19,28,494
39040,2026-01-01,10,10,13,45,60,703
39062,2026-01-01,19,16,5,14,28,783
39190,2026-01-01,13,14,7,30,45,676
39196,2026-01-01,11,10,2,9,12,361
39248,2026-01-01,48,21,64,26,28,27970
39346,2026-01-01,16,12,15,36,45,4275
39375,2026-01-01,8,8,39,16,28,1420
39416,2026-01-01,19,17,42,32,60,2480
39486,2026-01-01,44,20,4,11,12,507
39515,2026-01-01,28,14,3,9,12,971
39535,2026-01-01,45,20,1,23,28,241
39541,2026-01-01,3,4,2,4,45,89
39666,2026-01-01,28,16,2,22,28,308
39685,2026-01-01,1,1,3,5,60,211
39715,2026-01-01,38,19,96,43,60,17597
39739,2026-01-01,56,20,11,9,12,944
39810,2026-01-01,76,22,207,52,60,93597
39869,2026-01-01,15,10,6,3,12,716
39899,2026-01-01,4,6,3,8,12,295
39965,2026-01-01,72,21,66,39,45,5532
40017,2026-01-01,8,10,24,17,45,3229
40093,2026-01-01,33,19,2,20,28,294
40154,2026-01-01,3,4,11,10,60,378
40163,2026-01-01,29,18,8,35,60,721
40166,2026-01-01,25,13,2,39,45,194
40219,2026-01-01,56,22,5,19,28,1052
40270,2026-01-01,24,16,5,12,28,697
40485,2026-01-01,67,22,9,11,12,1645
40555,2026-01-01,38,22,59,20,28,15279
40595,2026-01-01,64,20,30,20,28,4717
40659,2026-01-01,54,22,3,9,12,367
40736,2026-01-01,23,19,23,42,60,4125
40757,2026-01-01,36,15,9,43,45,1617
40809,2026-01-01,8,12,47,2,60,712
40826,2026-01-01,64,22,13,27,28,1824
40843,2026-01-01,28,17,4,6,12,1159
40849,2026-01-01,12,10,10,4,12,276
40857,2026-01-01,12,11,3,5,12,224
40892,2026-01-01,47,19,24,27,45,3457
40936,2026-01-01,59,22,4,27,28,580
41021,2026-01-01,23,15,6,9,12,530
41112,2026-01-01,46,20,5,36,45,740
41124,2026-01-01,63,20,4,43,45,806
41128,2026-01-01,71,21,25,26,28,1950
41168,2026-01-01,29,19,4,25,28,517
41180,2026-01-01,59,20,9,8,12,809
41209,2026-01-01,35,18,15,41,45,2924
41212,2026-01-01,47,22,5,37,45,903
41289,2026-01-01,32,17,6,6,12,893
41296,2026-01-01,8,10,1,3,12,123
41324,2026-01-01,2,2,2,7,28,159
41404,2026-01-01,22,13,1,6,12,110
41475,2026-01-01,10,12,22,12,28,1688
41508,2026-01-01,26,18,4,8,12,133
41531,2026-01-01,19,16,39,50,60,3748
41542,2026-01-01,2,4,12,4,45,743
41554,2026-01-01,52,22,11,24,28,1837
41601,2026-01-01,11,12,1,2,12,41
41660,2026-01-01,15,12,4,18,28,1170
41686,2026-01-01,31,16,4,10,12,109
41704,2026-01-01,43,19,1,24,28,215
41709,2026-01-01,6,9,34,9,45,1119
41717,2026-01-01,18,15,2,6,12,446
41724,2026-01-01,20,13,5,9,12,541
41740,2026-01-01,12,12,5,11,12,1505
41776,2026-01-01,34,15,2,16,28,200
41834,2026-01-01,5,7,5,5,12,160
41845,2026-01-01,52,21,31,53,60,3647
41853,2026-01-01,25,18,125,32,60,16448
41859,2026-01-01,32,17,8,20,28,1658
41868,2026-01-01,41,20,10,10,12,915
41869,2026-01-01,10,13,17,13,28,612
41876,2026-01-01,56,22,75,47,60,14124
41888,2026-01-01,56,20,63,22,28,16992
41897,2026-01-01,7,8,15,29,45,1540
41946,2026-01-01,39,20,5,10,12,1154
41955,2026-01-01,51,21,4,24,28,1391
41956,2026-01-01,61,22,10,11,12,178
41961,2026-01-01,71,21,8,25,28,1029
41970,2026-01-01,39,19,10,19,45,1101
41985,2026-01-01,8,11,1,3,12,82
42017,2026-01-01,8,11,3,12,28,248
42058,2026-01-01,35,19,7,15,28,833
42060,2026-01-01,7,12,28,18,45,4121
42105,2026-01-01,11,11,9,9,12,1757
42111,2026-01-01,3,5,2,4,28,297
42170,2026-01-01,57,22,9,11,12,920
42176,2026-01-01,37,19,7,6,12,1102
42196,2026-01-01,14,14,1,3,12,34
42253,2026-01-01,5,8,4,2,12,304
42264,2026-01-01,59,21,9,43,45,3723
42269,2026-01-01,17,13,3,38,45,480
42382,2026-01-01,12,9,48,17,45,629
42398,2026-01-01,9,12,83,8,60,13301
42428,2026-01-01,39,19,4,15,28,153
42446,2026-01-01,12,11,1,6,12,46
42484,2026-01-01,13,12,2,5,12,423
42536,2026-01-01,40,18,7,8,12,1267
42560,2026-01-01,6,11,83,11,60,3597
42620,2026-01-01,68,22,10,10,12,1238
42635,2026-01-01,19,15,1,6,12,95
42704,2026-01-01,20,16,16,16,28,389
42719,2026-01-01,65,21,57,53,60,6197
42762,2026-01-01,59,22,12,11,12,2160
42805,2026-01-01,45,18,3,25,28,172
42832,2026-01-01,45,19,43,41,45,9731
42868,2026-01-01,61,22,1,17,28,139
42914,2026-01-01,16,13,9,20,28,2517
42955,2026-01-01,46,18,8,21,28,1247
42960,2026-01-01,4,6,4,4,12,170
43041,2026-01-01,39,18,105,44,60,18376
43162,2026-01-01,36,19,3,7,12,657
43165,2026-01-01,8,9,34,12,28,3685
43194,2026-01-01,8,10,2,14,28,208
43202,2026-01-01,41,20,14,30,45,1978
43280,2026-01-01,0,0,4,2,28,95
43358,2026-01-01,32,21,34,30,45,2091
43428,2026-01-01,20,15,2,16,28,306
43444,2026-01-01,17,14,6,16,28,532
43477,2026-01-01,36,19,17,19,28,3086
43533,2026-01-01,27,15,24,12,28,4443
43540,2026-01-01,33,22,2,6,12,143
43556,2026-01-01,9,10,2,6,12,401
43624,2026-01-01,27,19,3,10,12,793
43645,2026-01-01,8,10,1,3,12,132
43663,2026-01-01,35,19,51,16,28,6494
43665,2026-01-01,35,17,3,20,28,274
43687,2026-01-01,14,12,7,5,12,1009
43702,2026-01-01,19,19,4,7,12,1150
43777,2026-01-01,6,8,16,2,45,323
43819,2026-01-01,28,16,2,27,45,490
43882,2026-01-01,27,17,4,2,12,551
44058,2026-01-01,9,12,6,5,12,102
44132,2026-01-01,3,6,4,1,12,97
44211,2026-01-01,36,18,4,23,28,168
44258,2026-01-01,45,19,8,20,45,2001
44356,2026-01-01,12,11,6,15,28,1766
44365,2026-01-01,22,12,9,8,28,1297
44430,2026-01-01,37,21,48,19,28,10087
44458,2026-01-01,45,22,25,43,60,5509
44474,2026-01-01,34,19,8,8,28,108
44476,2026-01-01,67,22,9,24,28,1390
44484,2026-01-01,13,13,1,9,28,48
44491,2026-01-01,25,16,15,19,60,1161
44541,2026-01-01,65,21,6,11,12,1685
44570,2026-01-01,3,4,18,1,60,847
44577,2026-01-01,16,15,1,10,12,157
44611,2026-01-01,47,20,6,8,12,801
44620,2026-01-01,71,21,51,27,28,12931
44643,2026-01-01,70,21,11,11,12,3156
44670,2026-01-01,41,20,56,8,60,18738
44692,2026-01-01,37,19,58,15,45,6390
44722,2026-01-01,73,21,12,43,45,2203
44799,2026-01-01,23,15,8,20,28,2044
44851,2026-01-01,28,18,1,11,12,53
44979,2026-01-01,20,17,6,7,12,516
45066,2026-01-01,34,17,5,10,12,1801
45081,2026-01-01,13,14,1,4,12,53
45151,2026-01-01,21,17,1,14,28,59
45231,2026-01-01,33,17,45,23,45,12492
45232,2026-01-01,63,20,10,41,45,4126
45236,2026-01-01,2,3,1,6,12,48
45290,2026-01-01,7,8,3,16,28,117
45332,2026-01-01,7,9,3,8,12,67
45344,2026-01-01,39,20,63,24,28,4378
45395,2026-01-01,23,15,10,8,12,1275
45424,2026-01-01,39,20,2,13,28,529
45507,2026-01-01,59,20,4,22,28,199
45541,2026-01-01,59,21,50,13,45,9610
45547,2026-01-01,36,18,3,10,28,855
45556,2026-01-01,68,22,6,43,45,1878
45588,2026-01-01,41,20,7,10,12,1655
45606,2026-01-01,26,16,23,22,45,1936
45607,2026-01-01,4,6,17,6,45,549
45608,2026-01-01,5,9,1,2,12,31
45702,2026-01-01,25,16,3,6,12,298
45708,2026-01-01,16,14,5,8,12,199
45757,2026-01-01,59,21,10,35,45,1618
45827,2026-01-01,46,21,12,21,28,1868
45831,2026-01-01,49,20,4,9,12,379
45909,2026-01-01,23,16,23,13,28,6334
45983,2026-01-01,25,18,89,50,60,2606
46011,2026-01-01,22,19,98,23,60,9781
46059,2026-01-01,29,17,3,7,28,162
46063,2026-01-01,47,20,49,57,60,6453
46074,2026-01-01,55,21,46,56,60,7426
46088,2026-01-01,24,15,7,22,28,933
46114,2026-01-01,10,11,3,9,28,666
46158,2026-01-01,63,21,35,23,28,4333
46227,2026-01-01,0,0,1,1,12,64
46302,2026-01-01,59,21,27,43,45,5185
46382,2026-01-01,64,22,9,24,28,404
46452,2026-01-01,15,12,17,15,28,666
46487,2026-01-01,12,12,5,8,12,355
46503,2026-01-01,21,16,56,50,60,5741
46607,2026-01-01,59,22,11,11,12,4657
46659,2026-01-01,43,22,4,10,12,1042
46708,2026-01-01,67,21,7,24,28,1742
46731,2026-01-01,6,9,3,10,28,528
46734,2026-01-01,9,10,13,21,45,1977
46740,2026-01-01,28,14,48,19,45,3821
46772,2026-01-01,61,22,47,43,45,3275
46791,2026-01-01,7,10,1,11,28,154
46829,2026-01-01,45,20,161,42,45,6050
46847,2026-01-01,65,21,64,44,60,9825
46887,2026-01-01,3,5,1,14,28,139
46898,2026-01-01,76,22,12,11,12,834
46903,2026-01-01,41,20,11,22,45,893
46968,2026-01-01,73,21,12,27,28,1103
47036,2026-01-01,69,21,12,8,12,3018
47046,2026-01-01,54,20,61,21,28,19901
47074,2026-01-01,7,11,108,8,45,11455
47100,2026-01-01,47,22,44,6,28,7614
47208,2026-01-01,19,12,1,7,12,175
47280,2026-01-01,4,7,2,2,28,484
47297,2026-01-01,2,2,22,7,60,1799
47413,2026-01-01,68,21,3,7,12,404
47460,2026-01-01,55,20,9,22,28,1067
47514,2026-01-01,18,16,1,9,28,180
47517,2026-01-01,58,22,43,24,28,6746
47522,2026-01-01,6,7,3,3,12,266
47527,2026-01-01,20,16,6,5,28,1420
47666,2026-01-01,42,20,6,9,12,1364
47675,2026-01-01,14,11,31,12,45,1840
47676,2026-01-01,19,17,21,12,28,890
47771,2026-01-01,47,22,6,24,28,1711
47832,2026-01-01,7,9,32,4,28,1861
47858,2026-01-01,54,21,163,40,60,31821
47863,2026-01-01,12,10,3,5,12,334
47874,2026-01-01,9,10,77,18,45,2726
47879,2026-01-01,3,5,16,11,45,453
47889,2026-01-01,51,19,125,54,60,14769
47913,2026-01-01,22,15,9,4,12,1549
47922,2026-01-01,49,22,5,10,12,2207
47989,2026-01-01,8,11,4,12,28,283
48050,2026-01-01,79,22,2,11,12,617
48107,2026-01-01,70,22,69,31,45,20907
48123,2026-01-01,23,17,7,8,12,540
48159,2026-01-01,63,22,7,16,28,2697
48223,2026-01-01,20,15,5,30,45,114
48299,2026-01-01,1,1,2,1,12,222
48337,2026-01-01,8,7,4,4,12,644
48355,2026-01-01,55,21,7,27,28,1207
48427,2026-01-01,19,13,6,9,12,991
48428,2026-01-01,5,9,1,20,28,119
48442,2026-01-01,25,16,4,18,45,245
48538,2026-01-01,79,22,3,11,12,113
48567,2026-01-01,20,14,4,8,12,418
48591,2026-01-01,10,12,1,5,12,109
48593,2026-01-01,27,19,116,24,60,22072
48639,2026-01-01,40,20,6,19,28,4659
48644,2026-01-01,68,22,9,11,12,2577
48808,2026-01-01,59,21,55,36,45,6030
48925,2026-01-01,3,5,12,4,28,1487
48989,2026-01-01,57,19,9,11,12,690
49009,2026-01-01,36,20,11,20,28,186
49099,2026-01-01,64,22,24,27,28,5955
49104,2026-01-01,52,21,8,11,12,2066
49130,2026-01-01,50,22,5,20,28,457
49144,2026-01-01,12,10,4,16,28,810
49168,2026-01-01,54,21,38,27,28,3341
49176,2026-01-01,39,18,8,8,12,690
49214,2026-01-01,12,15,4,7,12,810
49249,2026-01-01,70,22,66,35,45,16936
49313,2026-01-01,56,20,3,27,28,200
49323,2026-01-01,8,10,33,16,28,5721
49353,2026-01-01,66,22,46,27,28,12135
49454,2026-01-01,13,11,5,2,12,119
49489,2026-01-01,22,17,7,4,12,22
49517,2026-01-01,3,6,24,15,45,1236
49598,2026-01-01,2,3,44,9,60,2874
49606,2026-01-01,16,13,2,2,12,268
49617,2026-01-01,21,17,13,16,28,880
49639,2026-01-01,55,21,37,41,45,2962
49642,2026-01-01,31,18,8,10,12,2940
49707,2026-01-01,56,21,83,43,45,30652
49714,2026-01-01,26,18,2,19,28,168
49720,2026-01-01,56,21,11,11,12,3041
49783,2026-01-01,41,20,6,11,12,624
49791,2026-01-01,1,2,19,4,60,808
49808,2026-01-01,72,22,2,9,12,43
49872,2026-01-01,4,5,4,13,28,456
49884,2026-01-01,51,22,104,43,45,20495
49913,2026-01-01,46,21,5,13,28,1360
49931,2026-01-01,63,22,158,57,60,3982
49980,2026-01-01,31,20,22,45,60,4149
18,2026-02-01,4,6,0,7,28,0
19,2026-02-01,49,19,9,16,28,212
23,2026-02-01,27,17,9,22,28,3238
43,2026-02-01,33,20,72,40,45,7623
48,2026-02-01,77,22,8,11,12,361
50,2026-02-01,41,20,8,7,12,1081
58,2026-02-01,17,16,4,19,28,226
119,2026-02-01,50,19,53,37,45,1432
155,2026-02-01,30,18,11,22,28,4012
222,2026-02-01,53,22,3,11,12,567
247,2026-02-01,67,22,10,43,45,1043
259,2026-02-01,51,21,205,57,60,8476
283,2026-02-01,38,20,64,38,45,1662
290,2026-02-01,20,16,1,9,12,66
291,2026-02-01,60,20,4,8,12,557
300,2026-02-01,14,12,68,17,60,14620
308,2026-02-01,7,11,5,6,28,118
319,2026-02-01,50,22,13,52,60,3103
334,2026-02-01,62,22,64,27,28,9912
335,2026-02-01,67,22,4,10,12,294
341,2026-02-01,19,16,26,28,45,1489
356,2026-02-01,25,17,7,5,12,733
379,2026-02-01,60,21,13,40,45,1599
460,2026-02-01,25,17,21,31,45,405
508,2026-02-01,4,8,41,12,60,4603
531,2026-02-01,54,22,11,10,12,2064
575,2026-02-01,40,18,28,36,45,282
668,2026-02-01,27,17,1,3,12,130
685,2026-02-01,15,15,3,4,12,250
689,2026-02-01,25,15,3,25,28,162
738,2026-02-01,38,20,102,11,45,16770
855,2026-02-01,18,14,5,22,28,788
895,2026-02-01,18,14,3,7,12,144
999,2026-02-01,22,15,6,14,28,802
1001,2026-02-01,13,14,3,11,45,213
1004,2026-02-01,16,14,35,12,28,7690
1022,2026-02-01,50,21,61,26,28,39032
1048,2026-02-01,70,19,36,27,28,1384
1054,2026-02-01,22,15,3,4,12,224
1061,2026-02-01,51,22,5,11,12,1368
1073,2026-02-01,78,22,2,43,45,462
1074,2026-02-01,25,17,7,5,12,3544
1092,2026-02-01,32,18,3,4,12,1168
1107,2026-02-01,52,22,18,54,60,3096
1167,2026-02-01,2,3,1,5,28,59
1188,2026-02-01,3,5,1,2,12,17
1227,2026-02-01,53,20,11,11,12,1214
1237,2026-02-01,61,21,7,10,12,165
1240,2026-02-01,42,19,7,27,45,1925
1275,2026-02-01,34,20,26,10,28,2370
1314,2026-02-01,31,17,8,19,28,1097
1345,2026-02-01,29,18,148,51,60,25390
1362,2026-02-01,10,11,2,10,45,152
1385,2026-02-01,61,22,2,27,28,117
1387,2026-02-01,5,6,2,8,28,170
1402,2026-02-01,45,19,21,20,60,5875
1406,2026-02-01,40,18,63,15,28,9964
1460,2026-02-01,2,4,0,2,12,0
1806,2026-02-01,6,7,23,9,45,3427
1807,2026-02-01,41,18,28,27,60,2594
1822,2026-02-01,4,6,2,6,12,46
1917,2026-02-01,51,21,38,35,60,6567
1937,2026-02-01,1,1,5,8,45,352
1974,2026-02-01,45,21,5,22,28,576
1983,2026-02-01,58,21,63,31,45,6679
2044,2026-02-01,5,7,0,5,12,0
2060,2026-02-01,42,19,11,10,12,2080
2082,2026-02-01,29,18,29,37,45,2151
2244,2026-02-01,4,6,3,5,12,585
2259,2026-02-01,7,9,1,4,12,67
2383,2026-02-01,20,15,6,5,12,1120
2529,2026-02-01,6,10,2,4,12,134
2554,2026-02-01,29,16,84,51,60,34595
2555,2026-02-01,60,21,44,31,45,10169
2575,2026-02-01,35,20,2,7,12,123
2608,2026-02-01,17,14,9,25,45,389
2620,2026-02-01,55,19,11,43,60,437
2698,2026-02-01,8,12,31,12,45,5819
2705,2026-02-01,49,20,39,57,60,13749
2713,2026-02-01,21,14,3,3,12,190
2754,2026-02-01,73,21,3,26,28,1362
2761,2026-02-01,53,20,7,9,12,612
2768,2026-02-01,40,18,2,40,45,171
2803,2026-02-01,19,15,41,26,45,827
2845,2026-02-01,35,18,52,35,60,3908
2899,2026-02-01,11,13,1,6,28,181
2939,2026-02-01,6,11,34,34,60,7422
3054,2026-02-01,63,21,4,11,12,457
3171,2026-02-01,9,9,28,38,60,7722
3225,2026-02-01,71,22,4,11,12,771
3262,2026-02-01,24,15,21,11,28,1181
3263,2026-02-01,23,20,3,2,28,744
3285,2026-02-01,73,22,67,57,60,18732
3295,2026-02-01,58,22,67,26,28,3828
3297,2026-02-01,7,8,1,4,12,147
3344,2026-02-01,66,22,9,25,28,2860
3421,2026-02-01,78,22,18,54,60,4730
3422,2026-02-01,40,18,14,22,28,761
3470,2026-02-01,16,15,7,2,12,1321
3583,2026-02-01,69,21,2,10,12,421
3656,2026-02-01,29,18,7,4,12,494
3669,2026-02-01,7,12,6,12,28,210
3805,2026-02-01,25,17,21,25,60,527
3835,2026-02-01,66,20,12,12,28,2026
3840,2026-02-01,64,21,4,10,12,815
3958,2026-02-01,37,19,8,4,12,765
3966,2026-02-01,42,18,8,9,12,1415
4019,2026-02-01,0,0,31,2,45,3597
4049,2026-02-01,32,17,3,31,45,508
4108,2026-02-01,36,18,40,54,60,6593
4197,2026-02-01,6,8,15,13,60,512
4281,2026-02-01,12,12,12,8,28,1765
4306,2026-02-01,12,12,4,17,28,588
4376,2026-02-01,34,18,7,10,12,103
4453,2026-02-01,43,19,25,33,45,5643
4520,2026-02-01,71,21,8,11,12,1510
4534,2026-02-01,47,20,3,36,45,576
4562,2026-02-01,30,15,8,6,12,1286
4576,2026-02-01,23,16,5,20,28,508
4613,2026-02-01,7,8,3,4,28,251
4626,2026-02-01,5,9,24,16,45,3905
4654,2026-02-01,5,8,24,17,45,4380
4719,2026-02-01,19,16,49,16,60,3012
4759,2026-02-01,70,22,5,24,28,1176
4788,2026-02-01,50,22,27,40,45,6571
4796,2026-02-01,34,20,4,9,12,1530
4810,2026-02-01,56,21,33,40,45,8223
4819,2026-02-01,18,17,136,14,60,17267
4858,2026-02-01,6,11,3,4,12,179
4922,2026-02-01,21,16,6,20,28,266
4953,2026-02-01,8,10,39,6,45,2369
4988,2026-02-01,5,7,10,7,45,436
5009,2026-02-01,15,14,6,3,12,824
5023,2026-02-01,33,17,10,10,12,757
5036,2026-02-01,4,5,12,8,60,166
5046,2026-02-01,28,19,23,34,45,6305
5161,2026-02-01,18,12,8,6,12,146
5199,2026-02-01,8,11,3,10,28,190
5215,2026-02-01,4,7,6,14,60,473
5217,2026-02-01,17,12,10,5,12,598
5255,2026-02-01,39,20,30,24,28,2486
5329,2026-02-01,22,17,88,32,60,10113
5367,2026-02-01,38,20,53,44,60,3249
5370,2026-02-01,10,15,26,14,60,777
5398,2026-02-01,24,14,31,10,28,3566
5411,2026-02-01,54,22,68,43,45,13136
5428,2026-02-01,48,21,11,27,28,1546
5468,2026-02-01,60,22,7,24,28,1322
5513,2026-02-01,51,20,34,52,60,1559
5535,2026-02-01,5,7,13,13,60,2187
5566,2026-02-01,12,12,3,7,28,334
5589,2026-02-01,63,21,17,25,28,3453
5610,2026-02-01,5,8,17,27,60,1368
5614,2026-02-01,8,13,16,3,45,611
5657,2026-02-01,23,15,0,9,12,0
5659,2026-02-01,13,14,11,32,45,922
5678,2026-02-01,1,2,0,4,45,0
5717,2026-02-01,52,22,25,40,45,3332
5747,2026-02-01,2,3,5,2,45,267
5749,2026-02-01,65,21,4,23,28,393
5754,2026-02-01,13,12,2,10,12,282
5786,2026-02-01,59,22,4,25,28,338
5855,2026-02-01,6,6,8,7,12,540
5985,2026-02-01,71,22,5,11,12,992
6051,2026-02-01,15,12,9,6,12,1078
6058,2026-02-01,42,21,9,22,28,1431
6092,2026-02-01,31,17,41,26,45,4960
6096,2026-02-01,59,21,10,26,45,1785
6100,2026-02-01,46,21,24,43,45,1477
6117,2026-02-01,5,8,33,12,45,2420
6134,2026-02-01,40,17,4,9,12,720
6149,2026-02-01,17,14,52,9,45,3985
6209,2026-02-01,2,3,7,3,12,596
6250,2026-02-01,14,12,5,4,12,428
6293,2026-02-01,9,11,35,20,45,2850
6298,2026-02-01,38,19,10,11,28,4951
6312,2026-02-01,42,19,10,10,12,1644
6317,2026-02-01,18,16,2,5,12,519
6330,2026-02-01,12,12,2,7,12,284
6359,2026-02-01,9,9,1,5,12,96
6362,2026-02-01,75,21,4,11,12,623
6392,2026-02-01,3,4,13,13,60,1342
6483,2026-02-01,2,3,5,1,12,487
6487,2026-02-01,39,17,4,8,12,933
6505,2026-02-01,38,18,3,12,28,335
6514,2026-02-01,3,4,2,1,28,30
6515,2026-02-01,2,4,1,3,28,43
6529,2026-02-01,80,22,77,51,60,15530
6545,2026-02-01,41,20,19,34,45,1910
6557,2026-02-01,5,7,40,18,60,2173
6633,2026-02-01,27,15,6,9,12,1085
6653,2026-02-01,20,15,11,39,45,1358
6669,2026-02-01,28,17,5,10,12,443
6670,2026-02-01,14,15,25,34,60,2288
6687,2026-02-01,21,15,2,5,12,529
6693,2026-02-01,9,11,19,36,60,4537
6744,2026-02-01,6,8,13,23,45,1169
6781,2026-02-01,10,10,3,8,28,302
6786,2026-02-01,6,12,17,17,45,632
6814,2026-02-01,60,21,8,8,12,1737
6909,2026-02-01,7,9,3,7,28,354
6937,2026-02-01,64,22,9,11,12,617
6981,2026-02-01,8,12,29,20,60,186
6997,2026-02-01,31,16,3,5,12,1175
7039,2026-02-01,57,21,11,25,28,658
7058,2026-02-01,36,19,46,23,28,8883
7071,2026-02-01,55,21,5,29,45,184
7225,2026-02-01,36,21,29,36,45,7971
7227,2026-02-01,32,19,15,18,28,1150
7280,2026-02-01,18,12,17,29,60,1159
7319,2026-02-01,45,21,6,10,12,1985
7342,2026-02-01,59,19,13,41,45,6359
7357,2026-02-01,17,14,6,7,28,109
7359,2026-02-01,49,21,2,25,28,299
7407,2026-02-01,4,5,38,26,60,4472
7429,2026-02-01,20,13,167,11,60,26624
7430,2026-02-01,9,11,3,4,12,104
7486,2026-02-01,10,12,5,9,12,921
7497,2026-02-01,67,22,57,27,28,2192
7498,2026-02-01,13,13,19,8,28,5129
7526,2026-02-01,74,22,186,43,45,45014
7609,2026-02-01,76,22,53,38,45,2003
7663,2026-02-01,21,14,18,47,60,1278
7710,2026-02-01,6,9,11,13,45,603
7806,2026-02-01,34,19,10,24,28,1721
7979,2026-02-01,21,14,100,33,60,17116
8004,2026-02-01,11,14,22,17,60,3897
8013,2026-02-01,23,15,5,36,45,550
8039,2026-02-01,5,6,2,16,28,202
8085,2026-02-01,64,21,10,26,28,1394
8107,2026-02-01,25,18,26,20,28,10741
8179,2026-02-01,26,15,35,20,28,1989
8186,2026-02-01,49,20,48,27,45,5648
8236,2026-02-01,73,20,2,26,28,325
8339,2026-02-01,5,5,26,29,45,5468
8340,2026-02-01,38,18,10,8,12,636
8359,2026-02-01,8,9,27,25,60,3076
8377,2026-02-01,77,22,6,11,12,716
8392,2026-02-01,56,22,8,11,12,1062
8400,2026-02-01,6,8,2,3,12,328
8424,2026-02-01,43,22,2,11,12,241
8642,2026-02-01,34,16,8,22,28,1313
8646,2026-02-01,6,9,2,3,12,104
8712,2026-02-01,33,21,4,18,28,142
8727,2026-02-01,5,7,7,6,28,362
8775,2026-02-01,29,16,1,6,12,332
8799,2026-02-01,5,8,8,15,28,68
8844,2026-02-01,52,19,11,25,28,1416
8874,2026-02-01,5,7,33,7,28,4894
8895,2026-02-01,52,21,126,42,60,9482
8924,2026-02-01,78,22,3,19,28,485
8982,2026-02-01,21,16,43,27,60,13067
9050,2026-02-01,70,22,10,11,12,3690
9057,2026-02-01,7,7,4,3,12,197
9083,2026-02-01,52,18,4,11,12,801
9104,2026-02-01,7,14,2,17,28,58
9112,2026-02-01,39,18,61,25,28,10782
9141,2026-02-01,8,9,2,20,28,255
9157,2026-02-01,60,20,13,24,28,3753
9229,2026-02-01,24,15,51,31,45,2472
9269,2026-02-01,3,4,3,3,12,133
9272,2026-02-01,37,18,2,10,12,305
9313,2026-02-01,23,14,1,10,28,88
9365,2026-02-01,22,15,28,27,45,10192
9399,2026-02-01,23,14,3,8,12,664
9434,2026-02-01,26,17,3,22,28,118
9465,2026-02-01,51,21,11,11,12,1469
9477,2026-02-01,3,5,7,16,60,444
9505,2026-02-01,13,12,42,26,45,4289
9518,2026-02-01,2,3,6,2,28,394
9557,2026-02-01,4,6,30,32,45,3668
9562,2026-02-01,8,11,30,18,45,5169
9565,2026-02-01,14,14,41,7,28,4310
9636,2026-02-01,25,13,17,12,28,3927
9694,2026-02-01,21,15,39,29,45,3116
9703,2026-02-01,22,18,19,19,60,2626
9720,2026-02-01,10,12,7,9,12,527
9724,2026-02-01,40,21,43,24,28,1834
9768,2026-02-01,28,17,30,15,45,3686
9836,2026-02-01,23,16,43,25,45,1152
9855,2026-02-01,65,20,27,35,45,2568
9866,2026-02-01,12,12,9,6,12,6530
9913,2026-02-01,36,17,1,24,28,204
9947,2026-02-01,27,17,10,9,28,1042
9995,2026-02-01,32,20,42,22,45,5028
10006,2026-02-01,64,22,63,25,45,22930
10160,2026-02-01,10,11,2,5,12,292
10214,2026-02-01,34,19,2,10,12,464
10246,2026-02-01,34,19,4,9,12,319
10268,2026-02-01,53,20,15,41,45,2172
10289,2026-02-01,14,13,35,25,45,11978
10299,2026-02-01,53,21,114,57,60,38027
10304,2026-02-01,54,21,12,11,12,301
10316,2026-02-01,43,19,55,16,45,9738
10322,2026-02-01,36,18,8,5,12,1009
10330,2026-02-01,53,22,172,43,45,32351
10376,2026-02-01,33,15,3,23,28,264
10429,2026-02-01,52,20,66,26,45,12980
10432,2026-02-01,60,21,2,5,12,353
10457,2026-02-01,37,20,3,9,12,66
10490,2026-02-01,33,17,3,11,12,186
10516,2026-02-01,52,21,7,23,28,2479
10529,2026-02-01,70,22,13,27,28,2379
10539,2026-02-01,6,11,18,12,28,3557
10578,2026-02-01,46,21,47,42,45,3957
10591,2026-02-01,51,22,9,11,12,1047
10606,2026-02-01,1,1,5,7,45,352
10704,2026-02-01,6,8,3,1,12,211
10745,2026-02-01,31,15,4,9,12,834
10771,2026-02-01,30,16,32,17,45,4869
10776,2026-02-01,4,6,0,2,12,0
10780,2026-02-01,34,18,6,20,28,524
10808,2026-02-01,29,18,4,4,12,655
10855,2026-02-01,3,3,1,16,28,48
10883,2026-02-01,13,10,70,35,60,30493
10941,2026-02-01,27,15,16,42,45,585
10973,2026-02-01,3,4,23,4,28,3539
10974,2026-02-01,27,15,24,21,45,2351
11021,2026-02-01,42,20,3,8,12,176
11068,2026-02-01,3,5,4,3,28,494
11117,2026-02-01,39,20,206,35,45,33214
11188,2026-02-01,3,5,3,12,28,143
11225,2026-02-01,59,20,6,27,28,270
11261,2026-02-01,6,7,3,10,28,410
11277,2026-02-01,54,22,87,57,60,27658
11348,2026-02-01,28,19,3,7,12,184
11410,2026-02-01,30,20,8,5,12,683
11425,2026-02-01,14,12,10,30,45,1530
11457,2026-02-01,71,21,8,27,28,502
11474,2026-02-01,69,22,11,11,12,3096
11496,2026-02-01,45,18,2,18,28,331
11499,2026-02-01,34,19,3,18,28,497
11527,2026-02-01,28,18,3,22,28,211
11639,2026-02-01,48,20,5,6,12,548
11650,2026-02-01,43,20,23,34,60,13811
11662,2026-02-01,1,1,0,8,28,0
11789,2026-02-01,30,19,47,55,60,6452
11833,2026-02-01,43,20,4,11,12,506
11861,2026-02-01,35,19,6,11,12,1186
11877,2026-02-01,20,13,8,5,12,1237
11883,2026-02-01,48,21,53,28,45,5777
11941,2026-02-01,32,19,34,24,28,3717
12008,2026-02-01,62,22,3,11,12,180
12050,2026-02-01,63,21,5,26,28,358
12095,2026-02-01,38,20,40,38,45,5257
12103,2026-02-01,26,14,52,17,45,8383
12136,2026-02-01,41,20,11,11,12,1011
12148,2026-02-01,3,4,1,1,12,102
12176,2026-02-01,73,22,41,39,45,7389
12218,2026-02-01,30,18,11,7,12,1135
12239,2026-02-01,23,19,11,8,12,1720
12244,2026-02-01,77,22,7,26,28,724
12276,2026-02-01,78,22,5,11,12,13
12321,2026-02-01,18,14,35,30,45,11199
12357,2026-02-01,68,22,46,43,45,7516
12358,2026-02-01,28,16,6,9,28,1105
12375,2026-02-01,19,17,43,42,60,3494
12392,2026-02-01,11,13,3,3,12,443
12436,2026-02-01,8,9,4,22,28,220
12473,2026-02-01,40,18,1,21,28,43
12586,2026-02-01,60,22,2,24,28,246
12587,2026-02-01,29,20,43,14,45,12479
12588,2026-02-01,19,14,8,7,12,1227
12590,2026-02-01,46,21,101,51,60,22513
12592,2026-02-01,48,22,9,9,12,1503
12602,2026-02-01,24,18,1,3,12,113
12617,2026-02-01,47,20,63,48,60,1639
12673,2026-02-01,25,15,19,9,28,2739
12693,2026-02-01,0,0,0,1,12,0
12728,2026-02-01,45,22,49,43,45,6405
12734,2026-02-01,35,18,51,21,28,2958
12772,2026-02-01,40,20,2,17,28,216
12819,2026-02-01,57,20,3,25,28,218
12832,2026-02-01,4,5,7,2,12,603
12867,2026-02-01,11,11,6,11,28,710
12923,2026-02-01,18,12,25,14,45,1053
12931,2026-02-01,5,10,4,3,28,592
12951,2026-02-01,26,19,93,49,60,3452
12962,2026-02-01,16,14,32,15,28,6941
12990,2026-02-01,47,20,2,7,12,140
13010,2026-02-01,54,22,79,43,45,35244
13113,2026-02-01,18,14,2,18,28,721
13155,2026-02-01,68,22,2,11,12,216
13213,2026-02-01,11,12,19,16,45,2387
13215,2026-02-01,46,19,10,26,28,1283
13230,2026-02-01,44,22,2,24,28,515
13240,2026-02-01,63,21,39,23,28,8007
13254,2026-02-01,69,20,9,27,28,2566
13308,2026-02-01,16,13,4,9,12,2014
13325,2026-02-01,1,1,0,2,12,0
13412,2026-02-01,10,11,1,7,12,236
13422,2026-02-01,6,10,45,5,60,8030
13468,2026-02-01,45,18,4,22,28,941
13481,2026-02-01,18,12,8,6,28,2727
13513,2026-02-01,3,5,4,6,28,134
13539,2026-02-01,17,15,17,19,60,3704
13552,2026-02-01,13,12,3,7,28,378
13562,2026-02-01,3,5,1,2,12,26
13575,2026-02-01,37,21,16,22,60,2980
13592,2026-02-01,33,20,91,53,60,3591
13618,2026-02-01,28,18,1,15,28,60
13637,2026-02-01,6,7,5,5,28,440
13647,2026-02-01,56,21,3,23,28,548
13704,2026-02-01,3,3,1,1,12,71
13766,2026-02-01,14,15,6,7,12,919
13806,2026-02-01,21,15,9,24,60,418
13885,2026-02-01,61,22,64,25,28,158
13892,2026-02-01,28,17,138,27,45,24754
13997,2026-02-01,13,12,3,4,12,333
14004,2026-02-01,41,19,43,26,28,5526
14020,2026-02-01,46,20,3,13,28,209
14225,2026-02-01,29,20,11,6,12,882
14249,2026-02-01,46,21,2,19,28,566
14270,2026-02-01,18,16,48,19,60,4254
14271,2026-02-01,59,19,8,11,12,1799
14279,2026-02-01,28,17,59,42,45,9430
14289,2026-02-01,44,20,31,32,60,1753
14309,2026-02-01,1,2,1,6,12,12
14362,2026-02-01,31,17,5,8,12,693
14388,2026-02-01,28,17,5,10,12,506
14393,2026-02-01,5,6,1,5,12,47
14532,2026-02-01,20,17,33,31,60,1467
14549,2026-02-01,12,11,4,23,45,888
14642,2026-02-01,26,17,1,12,45,40
14674,2026-02-01,23,15,90,38,60,1870
14690,2026-02-01,2,3,68,6,60,3910
14706,2026-02-01,72,21,25,26,28,4043
14732,2026-02-01,54,21,6,22,28,391
14743,2026-02-01,55,20,4,24,28,111
14778,2026-02-01,2,4,2,10,45,97
14803,2026-02-01,50,20,13,7,12,485
14827,2026-02-01,37,19,4,25,28,1163
14837,2026-02-01,55,22,22,38,45,1261
14970,2026-02-01,46,21,2,22,28,217
15049,2026-02-01,62,20,8,10,12,803
15186,2026-02-01,67,20,3,17,28,288
15189,2026-02-01,67,22,8,11,12,2626
15193,2026-02-01,13,14,15,4,28,3306
15195,2026-02-01,0,0,1,6,45,76
15207,2026-02-01,35,19,6,22,28,865
15256,2026-02-01,2,4,4,1,12,1128
15315,2026-02-01,58,21,8,11,12,2794
15368,2026-02-01,29,19,2,5,12,218
15380,2026-02-01,68,21,5,43,45,1396
15389,2026-02-01,30,17,4,9,12,669
15412,2026-02-01,9,10,12,10,28,1506
15472,2026-02-01,10,9,3,5,28,90
15508,2026-02-01,2,3,2,7,45,42
15612,2026-02-01,24,16,5,1,12,1309
15628,2026-02-01,2,3,12,7,45,1291
15639,2026-02-01,60,21,10,11,12,1804
15642,2026-02-01,4,5,2,20,28,109
15694,2026-02-01,45,22,4,8,12,457
15774,2026-02-01,16,13,10,33,45,575
15791,2026-02-01,16,12,1,7,12,153
15858,2026-02-01,46,19,11,10,12,2159
15909,2026-02-01,56,21,76,43,45,3243
16009,2026-02-01,58,21,46,43,45,4304
16036,2026-02-01,12,12,10,22,45,877
16048,2026-02-01,26,19,6,10,12,1191
16073,2026-02-01,46,21,61,43,45,17825
16131,2026-02-01,35,21,55,35,45,23279
16241,2026-02-01,16,15,4,8,12,856
16280,2026-02-01,72,22,11,27,28,1366
16284,2026-02-01,3,4,20,13,45,468
16348,2026-02-01,26,15,35,25,28,3388
16353,2026-02-01,57,19,6,10,12,1472
16381,2026-02-01,28,15,5,11,12,999
16405,2026-02-01,16,13,71,23,60,11045
16487,2026-02-01,15,11,79,31,60,9516
16664,2026-02-01,37,19,4,17,28,226
16705,2026-02-01,13,11,3,9,12,233
16712,2026-02-01,1,2,18,10,60,2734
16769,2026-02-01,9,10,21,7,45,1251
16799,2026-02-01,37,20,4,11,12,972
16832,2026-02-01,51,19,3,27,28,738
16883,2026-02-01,63,21,6,11,12,985
16905,2026-02-01,6,7,5,7,12,1097
16933,2026-02-01,36,21,119,41,45,4866
16963,2026-02-01,34,20,21,37,45,5944
16996,2026-02-01,6,8,2,21,45,138
17010,2026-02-01,4,6,3,8,12,92
17072,2026-02-01,41,17,41,25,45,13582
17095,2026-02-01,37,19,28,24,60,2049
17147,2026-02-01,39,20,42,12,28,1092
17352,2026-02-01,69,22,8,8,12,1839
17368,2026-02-01,28,19,6,17,28,679
17378,2026-02-01,3,5,42,13,60,2058
17430,2026-02-01,77,21,169,54,60,29025
17432,2026-02-01,33,19,20,26,45,2834
17555,2026-02-01,37,19,33,21,28,9422
17565,2026-02-01,44,21,43,27,45,946
17606,2026-02-01,48,20,7,12,28,1908
17648,2026-02-01,7,10,2,8,12,108
17710,2026-02-01,27,18,10,22,28,2224
17724,2026-02-01,40,20,1,17,28,50
17745,2026-02-01,81,22,164,57,60,20689
17774,2026-02-01,11,9,92,35,60,2699
17794,2026-02-01,12,9,12,10,28,2297
17800,2026-02-01,49,22,22,43,45,599
17818,2026-02-01,59,21,10,16,28,879
17819,2026-02-01,30,16,4,16,28,482
17838,2026-02-01,59,22,12,27,28,2671
17862,2026-02-01,8,8,11,15,28,2320
17920,2026-02-01,1,1,3,6,60,320
17923,2026-02-01,77,21,12,11,12,1380
17929,2026-02-01,9,9,10,27,60,2309
17960,2026-02-01,29,17,8,7,12,1460
17974,2026-02-01,16,14,9,9,12,780
17993,2026-02-01,78,22,43,51,60,1191
17998,2026-02-01,60,20,10,11,12,405
18009,2026-02-01,23,15,53,41,45,2086
18013,2026-02-01,24,18,4,6,12,307
18050,2026-02-01,14,13,1,13,28,110
18057,2026-02-01,49,21,8,26,28,5183
18088,2026-02-01,16,14,6,13,28,1092
18104,2026-02-01,8,10,12,6,45,949
18130,2026-02-01,53,21,60,31,45,10573
18148,2026-02-01,51,21,88,36,45,24979
18211,2026-02-01,9,11,3,16,28,239
18219,2026-02-01,50,19,25,43,45,5794
18303,2026-02-01,21,17,8,30,45,1184
18307,2026-02-01,45,19,56,20,45,3786
18349,2026-02-01,31,17,4,8,12,1073
18516,2026-02-01,20,18,2,7,12,638
18605,2026-02-01,12,14,4,12,45,86
18606,2026-02-01,54,22,9,11,12,1042
18662,2026-02-01,59,21,8,9,12,2654
18682,2026-02-01,13,14,37,10,28,3075
18710,2026-02-01,72,22,6,27,28,228
18720,2026-02-01,76,22,10,37,45,2071
18732,2026-02-01,26,17,1,7,12,76
18752,2026-02-01,5,8,22,10,60,2088
18783,2026-02-01,11,12,1,7,28,239
18808,2026-02-01,43,21,5,11,12,2312
18811,2026-02-01,68,21,2,36,45,976
18861,2026-02-01,33,17,5,6,12,343
18887,2026-02-01,60,21,65,44,60,13846
18901,2026-02-01,14,13,21,19,28,3938
18902,2026-02-01,41,21,45,24,28,13197
18914,2026-02-01,23,15,7,3,12,1279
18943,2026-02-01,1,1,3,3,12,713
18997,2026-02-01,19,16,7,20,28,773
19002,2026-02-01,49,21,65,39,45,19849
19036,2026-02-01,16,13,33,40,60,7833
19079,2026-02-01,74,22,40,26,28,6621
19095,2026-02-01,15,12,7,14,28,595
19107,2026-02-01,6,9,3,5,12,426
19198,2026-02-01,6,8,6,7,28,109
19468,2026-02-01,15,14,7,4,12,703
19491,2026-02-01,6,7,4,1,12,155
19508,2026-02-01,11,12,4,14,28,441
19560,2026-02-01,44,19,13,9,12,1246
19563,2026-02-01,36,21,3,10,12,1055
19676,2026-02-01,35,17,16,42,45,2709
19729,2026-02-01,28,17,11,21,28,247
19746,2026-02-01,59,22,17,27,28,2104
19769,2026-02-01,55,22,12,11,12,1752
19777,2026-02-01,40,18,6,10,12,400
19794,2026-02-01,12,13,6,7,28,505
19811,2026-02-01,62,21,4,27,28,986
19926,2026-02-01,4,7,1,9,45,66
19943,2026-02-01,58,21,138,43,45,22658
20071,2026-02-01,64,22,10,11,12,1855
20082,2026-02-01,8,12,48,5,45,2577
20131,2026-02-01,38,20,2,13,28,102
20162,2026-02-01,48,19,37,40,45,5268
20218,2026-02-01,1,2,0,1,12,0
20288,2026-02-01,29,16,101,38,45,15195
20296,2026-02-01,70,22,14,10,12,3905
20335,2026-02-01,39,20,4,17,28,1180
20357,2026-02-01,57,22,71,53,60,27510
20391,2026-02-01,38,19,22,24,28,1910
20402,2026-02-01,60,22,25,24,28,3336
20457,2026-02-01,48,21,4,27,28,619
20480,2026-02-01,29,15,4,23,28,84
20493,2026-02-01,65,22,7,27,28,925
20516,2026-02-01,80,22,8,27,28,456
20574,2026-02-01,18,10,2,23,28,299
20595,2026-02-01,41,18,5,8,12,790
20597,2026-02-01,2,4,2,4,12,99
20677,2026-02-01,24,17,42,36,45,7291
20686,2026-02-01,17,14,64,42,60,7942
20711,2026-02-01,66,21,109,57,60,37117
20797,2026-02-01,16,12,4,7,12,899
20821,2026-02-01,68,21,26,41,60,2430
20940,2026-02-01,58,21,6,10,12,838
20947,2026-02-01,59,22,4,11,12,365
20987,2026-02-01,56,21,6,11,12,922
20992,2026-02-01,12,11,4,10,12,667
21026,2026-02-01,37,17,5,7,12,474
21126,2026-02-01,34,17,3,7,28,407
21146,2026-02-01,72,21,3,11,12,1162
21156,2026-02-01,37,20,10,43,45,953
21170,2026-02-01,13,14,2,9,12,157
21189,2026-02-01,26,17,3,11,12,612
21277,2026-02-01,69,22,12,23,28,1221
21287,2026-02-01,25,19,2,23,28,343
21288,2026-02-01,75,21,13,11,12,1199
21504,2026-02-01,9,9,5,18,28,663
21512,2026-02-01,47,22,2,10,12,465
21526,2026-02-01,13,10,8,16,28,377
21542,2026-02-01,11,12,5,6,12,132
21561,2026-02-01,29,18,4,6,12,333
21682,2026-02-01,39,20,56,35,45,6715
21751,2026-02-01,9,11,9,31,45,719
21783,2026-02-01,37,19,5,21,28,600
21823,2026-02-01,63,22,7,11,12,1284
22031,2026-02-01,41,21,37,27,28,3201
22041,2026-02-01,81,22,3,26,28,694
22106,2026-02-01,23,17,2,11,28,141
22110,2026-02-01,65,22,4,6,12,2413
22139,2026-02-01,19,16,2,5,12,421
22154,2026-02-01,53,22,9,11,12,1138
22215,2026-02-01,13,15,4,5,12,134
22217,2026-02-01,66,22,12,25,28,3289
22290,2026-02-01,61,19,18,41,45,2066
22291,2026-02-01,2,4,0,3,28,0
22293,2026-02-01,65,22,66,40,45,6727
22297,2026-02-01,56,21,13,36,45,1098
22340,2026-02-01,55,22,12,23,28,4488
22343,2026-02-01,65,22,11,34,45,1529
22350,2026-02-01,16,12,14,20,60,3285
22372,2026-02-01,9,11,6,4,12,520
22416,2026-02-01,40,18,12,24,28,2806
22475,2026-02-01,5,8,5,10,28,989
22485,2026-02-01,61,22,18,26,28,1753
22487,2026-02-01,25,17,1,17,28,222
22492,2026-02-01,1,1,7,3,45,181
22541,2026-02-01,15,13,4,5,12,248
22573,2026-02-01,62,20,11,27,28,2677
22593,2026-02-01,1,1,0,1,12,0
22599,2026-02-01,41,21,3,11,12,973
22603,2026-02-01,27,16,164,55,60,26111
22605,2026-02-01,16,15,2,7,12,157
22662,2026-02-01,77,22,7,42,45,170
22676,2026-02-01,25,19,3,10,28,350
22710,2026-02-01,48,20,2,6,12,717
22756,2026-02-01,38,17,2,9,12,184
22768,2026-02-01,56,20,10,24,28,2579
22825,2026-02-01,27,17,13,50,60,1968
22836,2026-02-01,53,22,8,27,28,1878
22914,2026-02-01,9,11,3,9,12,583
22915,2026-02-01,42,19,5,11,12,207
22949,2026-02-01,15,14,29,40,60,1925
22999,2026-02-01,52,22,57,43,45,8100
23108,2026-02-01,6,10,1,10,28,82
23130,2026-02-01,7,8,19,12,45,4157
23169,2026-02-01,18,13,5,5,12,1563
23219,2026-02-01,8,9,2,3,28,41
23338,2026-02-01,2,3,28,20,60,1108
23467,2026-02-01,26,15,23,24,45,4744
23469,2026-02-01,64,22,150,56,60,8119
23484,2026-02-01,22,15,10,11,28,1177
23490,2026-02-01,47,19,10,7,12,1509
23508,2026-02-01,39,18,3,32,45,550
23512,2026-02-01,28,17,7,11,28,1495
23518,2026-02-01,53,22,188,43,60,4195
23538,2026-02-01,9,10,2,4,12,756
23713,2026-02-01,47,22,27,12,45,2326
23757,2026-02-01,73,22,2,11,12,40
23892,2026-02-01,18,12,2,5,12,331
23931,2026-02-01,66,21,56,27,28,7054
23959,2026-02-01,28,15,5,11,12,1212
24011,2026-02-01,51,21,4,17,28,477
24061,2026-02-01,4,6,1,13,28,88
24087,2026-02-01,8,9,1,22,45,76
24117,2026-02-01,51,22,8,25,28,2412
24199,2026-02-01,37,18,13,40,45,2836
24244,2026-02-01,24,16,12,38,45,512
24261,2026-02-01,9,12,31,12,45,5470
24298,2026-02-01,19,15,20,18,45,2365
24468,2026-02-01,21,15,27,21,28,2140
24484,2026-02-01,71,22,3,25,28,1389
24530,2026-02-01,60,20,11,11,12,1689
24563,2026-02-01,33,19,6,10,12,360
24595,2026-02-01,16,15,9,3,12,955
24630,2026-02-01,7,9,4,19,28,254
24703,2026-02-01,30,15,3,13,28,221
24712,2026-02-01,47,22,33,42,45,10760
24733,2026-02-01,34,19,12,23,28,3472
24772,2026-02-01,34,21,4,11,12,1908
24829,2026-02-01,11,11,6,16,28,1421
24838,2026-02-01,6,9,2,3,12,574
24845,2026-02-01,38,17,6,8,12,1826
24848,2026-02-01,42,19,11,9,12,895
24880,2026-02-01,56,22,2,10,12,100
24948,2026-02-01,65,22,13,11,12,3575
24957,2026-02-01,23,16,42,12,28,4053
24976,2026-02-01,5,7,1,4,12,42
25035,2026-02-01,18,13,6,9,12,789
25075,2026-02-01,60,19,138,57,60,20448
25138,2026-02-01,46,19,48,21,28,5569
25145,2026-02-01,30,15,6,11,12,236
25235,2026-02-01,16,11,3,20,28,532
25247,2026-02-01,74,22,3,11,12,908
25256,2026-02-01,54,22,52,40,45,7669
25274,2026-02-01,21,15,33,46,60,12990
25308,2026-02-01,3,6,44,7,45,6569
25319,2026-02-01,50,22,3,8,12,600
25330,2026-02-01,7,9,1,2,12,65
25336,2026-02-01,35,19,4,7,12,980
25380,2026-02-01,25,17,1,24,28,293
25448,2026-02-01,69,22,12,27,28,603
25560,2026-02-01,39,19,3,24,28,235
25577,2026-02-01,7,9,36,50,60,4279
25586,2026-02-01,6,7,2,7,12,299
25613,2026-02-01,69,22,61,43,45,10887
25666,2026-02-01,56,19,34,48,60,980
25679,2026-02-01,23,16,57,24,45,8994
25686,2026-02-01,8,11,3,5,12,82
25687,2026-02-01,45,20,4,21,28,848
25694,2026-02-01,18,12,18,23,28,4666
25759,2026-02-01,4,5,1,3,12,97
25818,2026-02-01,17,14,33,18,45,4701
25858,2026-02-01,6,10,5,4,12,585
25909,2026-02-01,53,21,5,11,12,175
25919,2026-02-01,34,17,27,23,28,1177
25920,2026-02-01,42,19,9,9,12,182
25951,2026-02-01,32,21,1,26,28,107
25988,2026-02-01,59,22,4,10,12,807
26035,2026-02-01,5,8,12,10,45,447
26042,2026-02-01,61,20,11,11,12,7362
26147,2026-02-01,36,17,10,24,45,972
26243,2026-02-01,45,21,5,14,28,537
26260,2026-02-01,4,6,2,2,12,130
26277,2026-02-01,57,19,61,31,45,10234
26312,2026-02-01,6,8,15,5,28,1351
26445,2026-02-01,45,20,8,21,28,2182
26507,2026-02-01,27,16,3,7,12,729
26521,2026-02-01,30,18,3,5,12,262
26568,2026-02-01,31,17,147,39,45,3618
26592,2026-02-01,42,17,3,23,28,901
26659,2026-02-01,29,16,6,19,28,1187
26664,2026-02-01,44,20,99,38,45,22538
26685,2026-02-01,67,22,3,7,12,261
26714,2026-02-01,23,16,30,13,28,7056
26734,2026-02-01,0,0,13,2,28,879
26744,2026-02-01,65,20,55,13,45,7994
26817,2026-02-01,24,13,52,12,28,7918
26835,2026-02-01,10,11,43,26,60,8726
26865,2026-02-01,18,16,35,48,60,9705
26878,2026-02-01,4,6,3,2,12,124
26911,2026-02-01,41,21,3,9,12,560
26965,2026-02-01,22,16,92,27,60,10892
27087,2026-02-01,9,9,5,2,12,148
27133,2026-02-01,60,19,11,22,28,5638
27248,2026-02-01,43,22,32,38,45,2739
27277,2026-02-01,33,21,2,5,12,322
27315,2026-02-01,33,18,6,8,12,662
27322,2026-02-01,19,13,29,13,45,4139
27337,2026-02-01,51,22,25,57,60,5748
27381,2026-02-01,62,22,8,11,12,106
27387,2026-02-01,45,21,41,54,60,3823
27392,2026-02-01,2,4,2,7,12,325
27422,2026-02-01,5,7,2,5,12,115
27489,2026-02-01,69,20,18,43,45,1769
27545,2026-02-01,62,21,4,11,12,1862
27558,2026-02-01,74,22,9,11,12,357
27588,2026-02-01,49,20,3,23,45,55
27689,2026-02-01,44,22,11,24,28,2531
27708,2026-02-01,51,22,108,57,60,18887
27750,2026-02-01,6,9,1,3,12,122
27778,2026-02-01,53,22,23,33,45,3514
27791,2026-02-01,28,19,37,35,45,3650
27834,2026-02-01,60,22,41,40,45,9733
27940,2026-02-01,33,18,3,20,28,303
27963,2026-02-01,40,17,2,17,28,172
27998,2026-02-01,81,22,22,41,45,4599
28017,2026-02-01,18,14,8,6,12,793
28082,2026-02-01,68,22,7,15,28,1128
28136,2026-02-01,66,22,9,11,12,392
28203,2026-02-01,33,16,11,21,28,1013
28234,2026-02-01,52,21,7,34,45,1051
28239,2026-02-01,60,22,5,25,28,740
28276,2026-02-01,30,16,6,24,28,635
28278,2026-02-01,22,14,21,36,45,2718
28284,2026-02-01,21,15,57,22,60,13331
28370,2026-02-01,13,13,15,30,45,1742
28382,2026-02-01,74,22,29,26,28,5119
28397,2026-02-01,61,21,63,27,45,23119
28412,2026-02-01,54,20,8,9,12,2004
28440,2026-02-01,33,16,3,7,12,392
28453,2026-02-01,11,13,6,8,12,548
28485,2026-02-01,3,5,30,5,60,2476
28508,2026-02-01,80,22,11,10,12,1448
28572,2026-02-01,5,7,3,14,28,145
28585,2026-02-01,51,21,62,49,60,10245
28641,2026-02-01,4,6,4,5,60,243
28689,2026-02-01,24,20,1,13,45,172
28746,2026-02-01,61,22,6,43,45,3139
28826,2026-02-01,9,12,16,6,28,1463
28898,2026-02-01,1,1,3,13,60,62
28899,2026-02-01,43,20,4,28,45,139
28909,2026-02-01,2,3,1,3,12,114
28977,2026-02-01,56,22,7,25,28,1104
28987,2026-02-01,16,15,36,10,28,852
29074,2026-02-01,21,13,48,34,45,13276
29124,2026-02-01,11,9,112,29,60,10185
29141,2026-02-01,36,18,72,43,60,8091
29155,2026-02-01,17,12,16,25,28,2890
29175,2026-02-01,43,17,3,26,28,810
29218,2026-02-01,19,15,6,26,28,401
29251,2026-02-01,8,13,31,30,45,2176
29261,2026-02-01,4,5,0,1,28,0
29302,2026-02-01,15,16,100,27,45,12191
29303,2026-02-01,53,21,67,18,28,12791
29327,2026-02-01,35,17,2,6,12,434
29331,2026-02-01,5,10,2,5,12,227
29367,2026-02-01,68,21,18,25,28,8815
29499,2026-02-01,71,21,37,41,45,5156
29526,2026-02-01,8,13,4,3,12,239
29546,2026-02-01,51,22,21,43,45,2057
29667,2026-02-01,55,22,96,43,45,2991
29679,2026-02-01,42,18,6,20,28,244
29688,2026-02-01,57,22,9,11,12,1289
29721,2026-02-01,49,19,7,11,12,2550
29723,2026-02-01,10,12,2,8,12,377
29769,2026-02-01,38,20,3,5,28,192
29805,2026-02-01,59,22,3,22,28,376
29832,2026-02-01,48,21,3,27,28,182
29835,2026-02-01,61,22,11,26,28,2152
29841,2026-02-01,36,19,152,52,60,21248
29897,2026-02-01,10,11,1,5,28,58
29918,2026-02-01,13,14,5,7,12,524
29922,2026-02-01,46,20,52,53,60,8405
29926,2026-02-01,36,21,10,33,45,2555
29939,2026-02-01,11,14,4,5,12,594
29986,2026-02-01,50,22,33,30,60,8709
30111,2026-02-01,40,18,99,45,60,21343
30229,2026-02-01,68,22,155,44,60,53394
30263,2026-02-01,74,21,2,10,12,539
30344,2026-02-01,52,20,4,5,12,1995
30372,2026-02-01,2,3,35,37,60,3162
30382,2026-02-01,13,12,4,16,45,878
30410,2026-02-01,26,15,15,15,28,702
30484,2026-02-01,51,20,1,25,28,65
30489,2026-02-01,2,3,2,2,12,202
30559,2026-02-01,28,15,5,17,45,693
30593,2026-02-01,13,11,5,3,12,863
30601,2026-02-01,73,22,185,46,60,4543
30607,2026-02-01,14,11,1,7,12,69
30716,2026-02-01,22,18,2,12,28,172
30736,2026-02-01,78,22,58,41,45,5607
30738,2026-02-01,41,19,11,22,28,4911
30795,2026-02-01,76,21,8,11,12,338
30798,2026-02-01,28,16,40,17,45,5266
30800,2026-02-01,24,16,8,9,12,1309
30819,2026-02-01,54,21,103,53,60,27231
30820,2026-02-01,39,20,8,10,12,765
30839,2026-02-01,25,18,176,26,60,47642
30843,2026-02-01,29,15,2,16,28,87
30866,2026-02-01,9,13,3,2,12,518
30867,2026-02-01,41,18,5,11,12,435
30905,2026-02-01,48,21,28,27,28,2952
30920,2026-02-01,67,21,6,11,12,1169
31005,2026-02-01,18,16,1,5,28,46
31113,2026-02-01,18,14,7,8,28,574
31125,2026-02-01,19,14,1,21,45,81
31126,2026-02-01,31,17,9,18,28,1942
31160,2026-02-01,41,18,7,7,12,1681
31179,2026-02-01,72,22,8,23,28,705
31201,2026-02-01,7,12,7,10,28,990
31239,2026-02-01,12,14,29,18,60,1462
31245,2026-02-01,18,15,28,16,60,1833
31267,2026-02-01,37,20,17,31,45,2382
31286,2026-02-01,3,3,29,8,60,2196
31324,2026-02-01,40,20,7,23,28,1786
31331,2026-02-01,24,14,6,10,12,471
31348,2026-02-01,50,21,2,6,12,440
31352,2026-02-01,16,15,1,28,45,63
31359,2026-02-01,16,16,1,5,12,57
31392,2026-02-01,6,8,7,4,12,303
31417,2026-02-01,15,14,5,7,12,1058
31459,2026-02-01,34,15,68,32,45,3341
31468,2026-02-01,42,20,4,22,28,659
31544,2026-02-01,46,20,46,24,45,10395
31551,2026-02-01,63,22,6,26,28,1043
31563,2026-02-01,12,12,2,9,28,421
31595,2026-02-01,46,20,2,10,12,284
31623,2026-02-01,47,21,60,57,60,7059
31691,2026-02-01,55,22,7,9,12,260
31701,2026-02-01,28,19,7,11,12,302
31726,2026-02-01,30,18,3,9,28,11
31730,2026-02-01,59,22,14,9,12,9546
31775,2026-02-01,35,20,20,17,28,1879
31786,2026-02-01,2,3,9,10,60,462
31811,2026-02-01,43,22,8,10,12,2288
31852,2026-02-01,25,15,33,13,28,7295
31933,2026-02-01,47,20,14,52,60,1623
31969,2026-02-01,9,11,4,9,12,1501
31977,2026-02-01,15,14,12,6,28,436
31983,2026-02-01,38,20,22,32,45,7110
32003,2026-02-01,52,19,44,34,45,2866
32005,2026-02-01,13,11,6,35,45,680
32019,2026-02-01,21,14,5,10,28,1945
32021,2026-02-01,9,11,2,2,12,644
32121,2026-02-01,20,17,41,22,28,3360
32137,2026-02-01,7,11,12,4,60,627
32171,2026-02-01,71,22,24,25,28,5831
32211,2026-02-01,10,12,7,14,28,322
32258,2026-02-01,2,3,7,20,45,257
32302,2026-02-01,30,17,49,21,60,6556
32392,2026-02-01,28,18,5,9,12,29
32405,2026-02-01,14,12,3,17,28,116
32422,2026-02-01,43,20,56,36,60,5769
32430,2026-02-01,73,21,52,27,28,5841
32453,2026-02-01,52,20,3,10,12,235
32521,2026-02-01,35,21,2,8,12,218
32529,2026-02-01,27,17,4,9,12,644
32531,2026-02-01,44,21,107,40,45,6907
32536,2026-02-01,7,10,3,15,45,115
32601,2026-02-01,24,14,8,15,28,772
32617,2026-02-01,1,2,1,1,28,70
32628,2026-02-01,8,9,1,20,28,81
32670,2026-02-01,49,20,15,23,28,7775
32673,2026-02-01,53,20,10,11,12,799
32775,2026-02-01,55,21,6,31,45,2502
32811,2026-02-01,16,13,20,22,45,3289
32896,2026-02-01,63,22,146,35,60,23419
32903,2026-02-01,45,22,19,29,45,163
32920,2026-02-01,16,16,3,6,12,556
32926,2026-02-01,20,14,2,31,45,143
32935,2026-02-01,76,22,70,26,28,8705
32995,2026-02-01,73,21,14,57,60,2879
33018,2026-02-01,27,17,2,10,12,113
33021,2026-02-01,63,21,6,26,28,604
33086,2026-02-01,14,17,1,4,12,95
33130,2026-02-01,44,18,9,11,12,244
33137,2026-02-01,9,12,21,20,45,1092
33138,2026-02-01,60,22,6,11,12,1822
33202,2026-02-01,17,16,28,14,28,1016
33208,2026-02-01,7,8,7,17,60,125
33231,2026-02-01,18,15,1,16,45,90
33284,2026-02-01,38,21,2,11,12,359
33289,2026-02-01,6,8,2,3,12,242
33350,2026-02-01,37,20,3,21,28,353
33351,2026-02-01,47,18,4,14,28,1444
33372,2026-02-01,7,9,13,8,45,331
33383,2026-02-01,28,20,46,21,28,17532
33400,2026-02-01,45,20,17,26,45,1718
33450,2026-02-01,41,21,3,27,28,1162
33472,2026-02-01,70,22,84,38,45,28428
33729,2026-02-01,33,16,12,30,45,2389
33774,2026-02-01,13,14,3,6,12,287
33776,2026-02-01,19,12,5,4,12,569
33778,2026-02-01,32,16,5,11,12,996
33794,2026-02-01,80,22,65,43,45,9229
33796,2026-02-01,45,18,13,36,45,1716
33856,2026-02-01,6,10,1,11,28,153
33870,2026-02-01,2,2,19,14,60,273
33871,2026-02-01,5,6,34,19,60,3623
33919,2026-02-01,31,18,37,34,45,2057
33925,2026-02-01,17,12,3,2,12,81
33931,2026-02-01,5,8,1,9,45,68
33945,2026-02-01,47,20,26,21,28,4843
33971,2026-02-01,81,22,14,43,45,128
33975,2026-02-01,71,20,7,27,28,1922
33986,2026-02-01,20,16,117,39,60,10696
34001,2026-02-01,29,18,11,6,12,1840
34013,2026-02-01,38,19,111,19,60,4010
34038,2026-02-01,32,16,29,19,45,4172
34048,2026-02-01,26,17,8,6,12,1380
34076,2026-02-01,17,15,5,6,12,1290
34092,2026-02-01,2,2,2,3,28,427
34201,2026-02-01,13,13,3,17,28,1030
34261,2026-02-01,32,19,4,17,28,995
34265,2026-02-01,66,21,3,25,28,1131
34268,2026-02-01,9,9,1,16,28,302
34291,2026-02-01,3,5,2,16,28,143
34441,2026-02-01,5,8,11,3,28,1582
34482,2026-02-01,10,9,4,27,45,344
34499,2026-02-01,58,20,15,43,45,11730
34534,2026-02-01,51,21,4,11,12,765
34559,2026-02-01,71,22,63,23,28,10769
34615,2026-02-01,11,14,54,17,45,4730
34721,2026-02-01,41,18,44,25,28,15113
34735,2026-02-01,73,22,51,42,45,7667
34744,2026-02-01,5,7,1,12,28,251
34781,2026-02-01,42,21,3,10,28,99
34795,2026-02-01,21,16,12,7,12,798
34863,2026-02-01,30,18,4,38,45,324
34879,2026-02-01,8,10,1,13,45,4
34889,2026-02-01,45,20,6,9,12,3936
34969,2026-02-01,1,1,1,3,28,30
34988,2026-02-01,53,21,8,11,12,858
35003,2026-02-01,69,22,39,39,45,4297
35042,2026-02-01,26,16,9,9,12,1346
35046,2026-02-01,11,13,3,3,12,165
35057,2026-02-01,61,21,13,26,28,1029
35071,2026-02-01,44,22,45,22,28,3476
35096,2026-02-01,6,8,2,21,28,128
35118,2026-02-01,5,7,2,3,12,118
35136,2026-02-01,65,21,3,11,12,935
35266,2026-02-01,21,16,4,8,12,73
35343,2026-02-01,34,17,6,13,28,502
35346,2026-02-01,14,14,2,7,12,391
35411,2026-02-01,12,14,1,8,12,86
35412,2026-02-01,26,16,33,34,60,3713
35439,2026-02-01,17,13,4,9,28,732
35528,2026-02-01,38,21,2,8,12,123
35550,2026-02-01,54,19,3,11,12,196
35710,2026-02-01,44,19,4,25,28,921
35763,2026-02-01,63,20,132,38,45,24698
35815,2026-02-01,23,17,2,5,12,125
35860,2026-02-01,10,11,1,16,28,136
35912,2026-02-01,42,21,8,8,12,1273
35927,2026-02-01,8,10,5,5,12,75
35933,2026-02-01,19,11,85,10,60,13292
36017,2026-02-01,2,3,14,4,28,527
36021,2026-02-01,51,19,3,9,12,351
36072,2026-02-01,8,10,1,5,12,35
36076,2026-02-01,2,3,5,20,28,348
36077,2026-02-01,4,6,3,21,28,238
36081,2026-02-01,2,3,3,6,28,723
36158,2026-02-01,68,21,2,11,12,590
36173,2026-02-01,51,22,3,11,12,296
36196,2026-02-01,64,22,56,55,60,7471
36197,2026-02-01,41,20,9,19,28,3310
36206,2026-02-01,4,6,4,5,12,408
36413,2026-02-01,21,15,59,34,60,4896
36587,2026-02-01,8,12,4,13,28,435
36599,2026-02-01,20,15,9,14,28,650
36602,2026-02-01,37,20,71,44,60,5691
36773,2026-02-01,15,13,6,22,28,88
36783,2026-02-01,64,21,11,11,12,2913
36791,2026-02-01,54,22,6,27,28,1392
36815,2026-02-01,64,22,15,37,45,1052
36833,2026-02-01,13,14,27,20,45,7977
36886,2026-02-01,60,21,4,10,12,134
36906,2026-02-01,43,18,5,7,12,397
36920,2026-02-01,50,22,7,25,28,1209
36980,2026-02-01,35,19,38,17,28,6232
36984,2026-02-01,3,6,12,12,45,1229
36995,2026-02-01,70,21,166,55,60,14493
37105,2026-02-01,23,19,6,9,12,249
37109,2026-02-01,30,17,47,40,45,7605
37116,2026-02-01,52,20,137,57,60,9466
37134,2026-02-01,50,20,12,11,12,4269
37179,2026-02-01,27,18,7,5,12,413
37285,2026-02-01,13,13,27,15,45,6387
37335,2026-02-01,43,20,9,11,12,107
37398,2026-02-01,18,15,8,22,28,596
37419,2026-02-01,12,13,2,32,45,218
37424,2026-02-01,16,14,40,20,60,1906
37460,2026-02-01,16,13,108,47,60,8176
37476,2026-02-01,41,18,3,23,28,330
37487,2026-02-01,37,18,112,36,45,15403
37500,2026-02-01,9,12,5,16,28,359
37545,2026-02-01,31,17,2,17,28,164
37563,2026-02-01,62,21,57,42,45,12601
37605,2026-02-01,66,22,59,27,28,11743
37672,2026-02-01,5,9,36,17,28,3375
37747,2026-02-01,30,15,2,24,28,267
37748,2026-02-01,6,7,4,6,28,320
37767,2026-02-01,27,18,17,25,28,3499
37940,2026-02-01,75,21,10,27,28,2792
37982,2026-02-01,5,6,4,16,60,81
38022,2026-02-01,54,21,13,11,12,1492
38086,2026-02-01,32,17,48,32,45,11606
38095,2026-02-01,74,22,5,25,28,1419
38111,2026-02-01,48,21,5,11,12,1657
38189,2026-02-01,35,21,4,19,28,273
38197,2026-02-01,29,16,6,22,28,837
38198,2026-02-01,61,21,3,10,12,436
38211,2026-02-01,33,16,11,8,12,1288
38227,2026-02-01,29,17,3,19,28,308
38252,2026-02-01,2,3,4,5,45,784
38268,2026-02-01,31,21,4,5,12,220
38270,2026-02-01,9,11,6,22,45,368
38306,2026-02-01,54,22,9,10,12,389
38326,2026-02-01,9,11,1,10,12,116
38373,2026-02-01,10,13,3,5,28,120
38423,2026-02-01,58,22,12,25,28,1350
38452,2026-02-01,28,18,2,37,45,218
38485,2026-02-01,0,0,7,1,28,361
38612,2026-02-01,15,13,12,23,45,1864
38661,2026-02-01,25,18,6,29,45,592
38664,2026-02-01,5,8,5,7,28,1076
38677,2026-02-01,14,14,2,18,28,199
38700,2026-02-01,51,20,2,8,12,328
38728,2026-02-01,6,8,2,2,12,104
38766,2026-02-01,45,19,66,40,45,1452
38770,2026-02-01,52,22,198,57,60,10817
38775,2026-02-01,17,13,4,8,12,1714
38812,2026-02-01,4,7,2,1,12,156
38823,2026-02-01,28,16,26,23,28,3817
38848,2026-02-01,60,22,88,39,60,14785
38868,2026-02-01,24,15,73,51,60,6465
38906,2026-02-01,17,13,35,39,60,1534
38939,2026-02-01,28,17,65,37,45,14159
39017,2026-02-01,20,18,3,9,12,609
39037,2026-02-01,53,21,3,19,28,651
39040,2026-02-01,14,15,13,47,60,1670
39062,2026-02-01,6,8,6,11,28,401
39190,2026-02-01,15,13,7,30,45,755
39196,2026-02-01,14,13,2,10,12,196
39248,2026-02-01,27,17,55,26,28,13333
39346,2026-02-01,12,11,13,36,45,1012
39375,2026-02-01,10,10,39,18,28,911
39416,2026-02-01,10,10,40,36,60,4929
39486,2026-02-01,36,17,4,10,12,175
39515,2026-02-01,24,14,3,8,12,265
39535,2026-02-01,43,22,1,20,28,77
39541,2026-02-01,2,4,2,5,45,182
39666,2026-02-01,32,16,2,24,28,565
39685,2026-02-01,0,0,3,4,60,124
39715,2026-02-01,46,21,94,47,60,12134
39739,2026-02-01,57,22,13,9,12,5787
39810,2026-02-01,52,22,178,51,60,31581
39869,2026-02-01,24,18,5,4,12,746
39899,2026-02-01,2,4,3,7,12,344
39965,2026-02-01,69,22,58,38,45,5729
40017,2026-02-01,14,15,31,16,45,6247
40093,2026-02-01,36,18,2,23,28,72
40154,2026-02-01,3,5,12,11,60,527
40163,2026-02-01,15,13,8,32,60,267
40166,2026-02-01,37,19,2,37,45,169
40219,2026-02-01,70,21,4,22,28,1575
40270,2026-02-01,21,12,5,12,28,300
40485,2026-02-01,67,22,10,11,12,4890
40555,2026-02-01,39,19,57,20,28,16400
40595,2026-02-01,65,22,27,17,28,3501
40659,2026-02-01,39,20,3,9,12,418
40736,2026-02-01,33,18,21,45,60,2327
40757,2026-02-01,44,21,8,43,45,513
40809,2026-02-01,4,7,40,3,60,2657
40826,2026-02-01,70,21,11,27,28,1160
40843,2026-02-01,36,20,4,6,12,461
40849,2026-02-01,12,13,10,3,12,931
40857,2026-02-01,8,11,3,4,12,405
40892,2026-02-01,37,21,29,29,45,9419
40936,2026-02-01,68,21,4,27,28,864
41021,2026-02-01,24,16,7,9,12,337
41112,2026-02-01,49,20,5,38,45,2460
41124,2026-02-01,60,22,4,42,45,181
41128,2026-02-01,60,22,24,26,28,4503
41165,2026-02-01,16,16,17,49,60,3086
41168,2026-02-01,48,20,4,25,28,487
41180,2026-02-01,61,20,8,8,12,1752
41209,2026-02-01,21,17,15,41,45,1324
41212,2026-02-01,38,21,4,35,45,554
41289,2026-02-01,31,20,6,8,12,537
41296,2026-02-01,5,7,1,3,12,122
41324,2026-02-01,4,7,2,8,28,511
41404,2026-02-01,46,21,1,6,12,274
41475,2026-02-01,11,13,23,11,28,1701
41508,2026-02-01,27,18,4,8,12,125
41531,2026-02-01,14,13,40,45,60,3143
41542,2026-02-01,5,9,13,4,45,327
41554,2026-02-01,50,19,10,23,28,515
41601,2026-02-01,9,12,1,2,12,151
41660,2026-02-01,17,17,4,19,28,713
41686,2026-02-01,31,19,5,9,12,1383
41704,2026-02-01,47,22,1,25,28,49
41709,2026-02-01,6,8,33,8,45,2158
41717,2026-02-01,16,13,2,6,12,379
41724,2026-02-01,27,15,6,8,12,816
41740,2026-02-01,14,15,5,11,12,206
41776,2026-02-01,25,16,2,9,28,444
41834,2026-02-01,7,10,6,3,12,556
41845,2026-02-01,47,21,32,54,60,22356
41853,2026-02-01,11,10,114,31,60,5690
41859,2026-02-01,25,18,8,21,28,227
41868,2026-02-01,30,18,10,10,12,872
41869,2026-02-01,11,9,23,14,28,4253
41876,2026-02-01,58,20,80,50,60,25871
41888,2026-02-01,66,21,71,24,28,8235
41897,2026-02-01,16,15,16,33,45,5289
41946,2026-02-01,52,19,5,10,12,337
41955,2026-02-01,47,19,5,24,28,22
41956,2026-02-01,56,21,12,11,12,3351
41961,2026-02-01,50,22,8,25,28,1034
41970,2026-02-01,36,17,12,22,45,878
41985,2026-02-01,9,9,1,3,12,86
42017,2026-02-01,5,8,2,14,28,149
42058,2026-02-01,27,16,7,12,28,731
42060,2026-02-01,7,12,29,13,45,1090
42105,2026-02-01,13,12,9,8,12,2091
42111,2026-02-01,5,7,2,5,28,265
42170,2026-02-01,52,22,9,11,12,1245
42176,2026-02-01,27,18,8,5,12,2376
42196,2026-02-01,15,12,1,2,12,204
42253,2026-02-01,6,8,4,3,12,578
42264,2026-02-01,65,21,8,43,45,716
42269,2026-02-01,30,17,3,38,45,433
42382,2026-02-01,7,9,37,11,45,1001
42398,2026-02-01,16,13,118,14,60,8308
42428,2026-02-01,48,20,5,17,28,504
42446,2026-02-01,16,16,1,5,12,46
42484,2026-02-01,13,13,3,6,12,159
42536,2026-02-01,47,21,7,9,12,1044
42560,2026-02-01,4,7,75,10,60,743
42620,2026-02-01,43,19,10,9,12,964
42635,2026-02-01,10,12,1,4,12,28
42704,2026-02-01,20,17,14,20,28,1717
42719,2026-02-01,56,20,59,55,60,2644
42762,2026-02-01,62,22,12,11,12,3866
42805,2026-02-01,43,17,3,23,28,1144
42832,2026-02-01,43,22,40,42,45,1441
42868,2026-02-01,50,20,1,19,28,229
42914,2026-02-01,13,12,9,18,28,210
42955,2026-02-01,38,16,7,18,28,1922
42960,2026-02-01,4,8,4,3,12,211
43041,2026-02-01,41,18,110,42,60,11228
43162,2026-02-01,24,14,3,7,12,64
43165,2026-02-01,9,11,27,9,28,1818
43194,2026-02-01,8,8,1,9,28,47
43202,2026-02-01,51,19,15,33,45,449
43251,2026-02-01,30,20,3,17,28,408
43280,2026-02-01,1,2,3,1,28,497
43331,2026-02-01,8,12,15,14,28,562
43358,2026-02-01,28,17,42,29,45,8695
43428,2026-02-01,22,13,2,15,28,146
43444,2026-02-01,10,9,6,12,28,440
43477,2026-02-01,38,18,18,16,28,1465
43533,2026-02-01,30,16,27,13,28,6515
43540,2026-02-01,31,16,3,5,12,1032
43556,2026-02-01,4,8,2,6,12,111
43624,2026-02-01,43,20,3,11,12,526
43645,2026-02-01,5,8,1,3,12,101
43663,2026-02-01,33,18,55,17,28,18235
43665,2026-02-01,29,18,3,19,28,421
43687,2026-02-01,11,11,5,4,12,1927
43702,2026-02-01,17,12,3,9,12,226
43777,2026-02-01,5,8,15,3,45,278
43819,2026-02-01,21,14,2,31,45,202
43882,2026-02-01,29,19,4,3,12,182
44058,2026-02-01,5,6,6,6,12,1335
44132,2026-02-01,2,3,4,1,12,364
44211,2026-02-01,31,19,3,24,28,428
44258,2026-02-01,52,20,7,19,45,1098
44356,2026-02-01,11,12,6,14,28,109
44365,2026-02-01,33,22,10,10,28,1201
44430,2026-02-01,31,18,46,23,28,14567
44458,2026-02-01,43,18,22,32,60,5176
44474,2026-02-01,44,20,9,5,28,1382
44476,2026-02-01,51,21,9,25,28,3350
44484,2026-02-01,13,12,1,12,28,78
44491,2026-02-01,31,17,17,18,60,1764
44541,2026-02-01,72,20,7,11,12,28
44570,2026-02-01,2,3,14,1,60,3442
44577,2026-02-01,9,12,1,10,12,159
44611,2026-02-01,42,18,5,8,12,128
44620,2026-02-01,76,21,54,27,28,6050
44643,2026-02-01,64,22,11,11,12,1220
44670,2026-02-01,38,20,54,4,60,5787
44692,2026-02-01,42,17,63,18,45,4404
44722,2026-02-01,51,22,12,42,45,1877
44799,2026-02-01,27,18,8,18,28,1433
44851,2026-02-01,41,21,2,11,12,222
44979,2026-02-01,21,13,6,8,12,878
45066,2026-02-01,46,22,5,10,12,863
45081,2026-02-01,6,9,1,4,12,56
45151,2026-02-01,16,14,1,13,28,327
45231,2026-02-01,52,22,47,31,45,4602
45232,2026-02-01,65,20,10,41,45,861
45236,2026-02-01,7,8,1,7,12,137
45290,2026-02-01,9,10,2,16,28,181
45332,2026-02-01,15,13,3,8,12,298
45344,2026-02-01,36,17,58,25,28,7108
45395,2026-02-01,19,16,10,9,12,1191
45424,2026-02-01,35,17,3,12,28,357
45507,2026-02-01,57,22,4,22,28,1884
45541,2026-02-01,49,18,50,19,45,1508
45547,2026-02-01,45,21,3,10,28,408
45556,2026-02-01,54,20,7,43,45,1558
45588,2026-02-01,52,22,6,10,12,1498
45606,2026-02-01,18,16,24,27,45,1916
45607,2026-02-01,4,6,17,8,45,1075
45608,2026-02-01,5,6,1,2,12,46
45702,2026-02-01,27,17,3,4,12,705
45708,2026-02-01,15,14,6,6,12,165
45757,2026-02-01,48,21,9,39,45,5056
45827,2026-02-01,58,20,12,23,28,2889
45831,2026-02-01,47,20,4,9,12,1088
45909,2026-02-01,22,17,23,14,28,3593
45983,2026-02-01,40,20,80,47,60,14103
46011,2026-02-01,18,12,78,27,60,10129
46059,2026-02-01,18,15,3,8,28,522
46063,2026-02-01,56,21,56,57,60,2353
46074,2026-02-01,42,19,51,57,60,12403
46088,2026-02-01,27,16,8,19,28,2226
46114,2026-02-01,9,11,3,7,28,290
46158,2026-02-01,64,22,35,24,28,4123
46227,2026-02-01,1,1,1,1,12,213
46302,2026-02-01,78,22,30,43,45,2406
46382,2026-02-01,66,18,8,25,28,318
46452,2026-02-01,17,14,21,17,28,3322
46487,2026-02-01,25,17,6,10,12,179
46503,2026-02-01,25,15,58,43,60,4582
46607,2026-02-01,59,22,11,11,12,5657
46659,2026-02-01,51,21,5,11,12,685
46708,2026-02-01,56,22,8,25,28,1896
46731,2026-02-01,14,11,5,11,28,938
46734,2026-02-01,9,10,12,22,45,1516
46740,2026-02-01,36,17,45,17,45,10023
46772,2026-02-01,74,21,50,43,45,10877
46791,2026-02-01,4,5,1,8,28,39
46829,2026-02-01,67,21,151,41,45,35760
46847,2026-02-01,53,22,61,46,60,14414
46887,2026-02-01,6,10,1,14,28,98
46898,2026-02-01,60,22,13,10,12,4917
46903,2026-02-01,52,20,11,30,45,2149
46968,2026-02-01,67,22,12,27,28,555
47029,2026-02-01,23,15,9,9,12,1230
47036,2026-02-01,58,20,13,8,12,2018
47046,2026-02-01,44,20,63,22,28,6448
47074,2026-02-01,5,8,109,6,45,10134
47100,2026-02-01,55,21,41,10,28,4818
47208,2026-02-01,17,14,2,7,12,267
47280,2026-02-01,8,12,2,2,28,99
47297,2026-02-01,3,4,19,4,60,3472
47413,2026-02-01,67,22,3,7,12,444
47460,2026-02-01,51,22,10,21,28,2052
47514,2026-02-01,17,15,1,14,28,349
47517,2026-02-01,43,22,40,24,28,5047
47522,2026-02-01,10,11,4,4,12,539
47527,2026-02-01,21,13,7,8,28,1102
47666,2026-02-01,31,18,5,8,12,433
47675,2026-02-01,16,15,30,20,45,3076
47676,2026-02-01,22,16,19,11,28,3571
47771,2026-02-01,58,20,5,24,28,894
47832,2026-02-01,5,9,35,5,28,3035
47858,2026-02-01,57,20,134,44,60,5296
47863,2026-02-01,14,16,4,3,12,217
47874,2026-02-01,5,6,70,22,45,10438
47879,2026-02-01,2,2,15,10,45,1480
47889,2026-02-01,57,21,141,53,60,29749
47913,2026-02-01,36,17,9,5,12,2766
47922,2026-02-01,50,20,4,11,12,306
47989,2026-02-01,3,4,2,8,28,218
48050,2026-02-01,58,22,2,11,12,117
48107,2026-02-01,65,20,70,35,45,24763
48123,2026-02-01,27,15,7,9,12,175
48159,2026-02-01,49,21,7,20,28,1944
48223,2026-02-01,17,15,5,28,45,580
48299,2026-02-01,3,4,2,2,12,84
48337,2026-02-01,16,17,4,4,12,447
48355,2026-02-01,71,21,7,27,28,1082
48427,2026-02-01,20,14,6,9,12,540
48428,2026-02-01,5,7,1,19,28,47
48442,2026-02-01,25,16,4,26,45,1077
48538,2026-02-01,70,22,3,11,12,854
48567,2026-02-01,32,16,4,7,12,754
48591,2026-02-01,11,12,1,4,12,76
48593,2026-02-01,28,15,132,30,60,12222
48639,2026-02-01,54,21,5,18,28,75
48644,2026-02-01,70,22,10,11,12,873
48808,2026-02-01,49,21,58,36,45,7424
48925,2026-02-01,3,5,10,5,28,694
48989,2026-02-01,50,22,9,11,12,1014
49009,2026-02-01,49,19,11,21,28,2846
49099,2026-02-01,54,20,22,27,28,2453
49104,2026-02-01,44,20,9,11,12,3024
49130,2026-02-01,38,17,5,21,28,548
49144,2026-02-01,16,14,4,15,28,439
49168,2026-02-01,68,21,39,27,28,4386
49176,2026-02-01,34,18,8,8,12,557
49214,2026-02-01,7,9,4,6,12,504
49249,2026-02-01,62,22,78,35,45,1788
49313,2026-02-01,44,22,3,27,28,199
49323,2026-02-01,10,9,34,15,28,1743
49353,2026-02-01,77,22,38,27,28,8069
49454,2026-02-01,15,14,5,2,12,227
49489,2026-02-01,16,13,7,3,12,1962
49517,2026-02-01,3,5,24,17,45,1972
49598,2026-02-01,1,1,31,7,60,375
49606,2026-02-01,13,10,2,2,12,234
49617,2026-02-01,23,16,14,18,28,1405
49639,2026-02-01,55,21,36,42,45,8428
49642,2026-02-01,38,18,7,11,12,717
49707,2026-02-01,65,21,80,43,45,8677
49714,2026-02-01,25,15,2,19,28,330
49720,2026-02-01,46,20,11,11,12,1917
49783,2026-02-01,64,21,7,11,12,981
49791,2026-02-01,3,4,16,3,60,343
49794,2026-02-01,61,20,27,22,28,19671
49808,2026-02-01,72,21,3,10,12,809
49872,2026-02-01,6,9,3,11,28,70
49884,2026-02-01,80,22,96,43,45,21257
49913,2026-02-01,34,19,5,15,28,385
49931,2026-02-01,68,22,151,57,60,44922
49980,2026-02-01,22,13,16,36,60,930
18,2026-03-01,6,7,0,5,28,0
19,2026-03-01,57,20,9,21,28,1661
23,2026-03-01,36,19,8,23,28,2271
43,2026-03-01,32,15,84,41,45,23463
48,2026-03-01,71,22,8,11,12,3348
50,2026-03-01,33,19,8,8,12,908
58,2026-03-01,18,16,4,19,28,1316
119,2026-03-01,48,21,53,35,45,6243
155,2026-03-01,47,20,11,23,28,2974
222,2026-03-01,58,20,3,11,12,412
247,2026-03-01,74,22,10,43,45,354
259,2026-03-01,58,22,215,52,60,60123
283,2026-03-01,39,20,70,36,45,17803
290,2026-03-01,15,12,1,9,12,197
291,2026-03-01,67,22,4,10,12,472
300,2026-03-01,14,16,61,11,60,3057
308,2026-03-01,7,10,4,7,28,225
319,2026-03-01,44,20,14,50,60,2006
334,2026-03-01,71,22,60,27,28,23676
335,2026-03-01,56,19,4,10,12,1034
341,2026-03-01,31,18,29,26,45,2473
356,2026-03-01,38,19,6,4,12,955
379,2026-03-01,55,21,12,40,45,2114
460,2026-03-01,39,19,21,32,45,5016
508,2026-03-01,3,6,38,11,60,6597
531,2026-03-01,66,22,12,11,12,683
575,2026-03-01,41,21,32,36,45,4799
668,2026-03-01,31,19,1,4,12,242
685,2026-03-01,12,13,3,4,12,217
689,2026-03-01,21,17,3,24,28,551
738,2026-03-01,30,13,106,13,45,13214
855,2026-03-01,26,16,5,23,28,383
895,2026-03-01,10,12,4,6,12,527
999,2026-03-01,27,17,6,17,28,486
1001,2026-03-01,6,10,2,12,45,99
1004,2026-03-01,27,16,38,14,28,1313
1022,2026-03-01,58,21,52,26,28,11521
1048,2026-03-01,48,20,41,27,28,8772
1054,2026-03-01,17,12,3,3,12,31
1061,2026-03-01,69,19,5,11,12,1692
1073,2026-03-01,64,22,2,43,45,1282
1074,2026-03-01,18,14,7,5,12,1190
1092,2026-03-01,22,15,3,3,12,256
1107,2026-03-01,57,22,21,56,60,3739
1125,2026-03-01,57,22,4,11,12,695
1167,2026-03-01,2,3,1,6,28,109
1188,2026-03-01,2,3,1,3,12,47
1227,2026-03-01,61,22,11,11,12,6184
1237,2026-03-01,57,21,8,10,12,1596
1240,2026-03-01,28,17,7,25,45,1063
1275,2026-03-01,44,20,25,15,28,508
1314,2026-03-01,46,21,8,18,28,1032
1345,2026-03-01,41,20,158,53,60,23829
1362,2026-03-01,9,9,2,13,45,360
1385,2026-03-01,58,22,2,27,28,138
1387,2026-03-01,5,6,2,6,28,25
1402,2026-03-01,41,20,23,22,60,3680
1406,2026-03-01,32,18,62,15,28,6116
1460,2026-03-01,7,9,1,3,12,129
1806,2026-03-01,4,6,25,10,45,1146
1807,2026-03-01,56,21,25,37,60,3493
1822,2026-03-01,6,8,2,7,12,185
1917,2026-03-01,60,22,39,37,60,18655
1937,2026-03-01,3,4,5,6,45,238
1974,2026-03-01,43,18,5,22,28,1006
1983,2026-03-01,69,21,64,33,45,8252
2044,2026-03-01,6,10,0,4,12,0
2060,2026-03-01,66,22,12,10,12,981
2082,2026-03-01,26,14,29,34,45,4112
2244,2026-03-01,6,9,3,6,12,282
2259,2026-03-01,6,9,1,5,12,159
2383,2026-03-01,19,18,6,4,12,216
2529,2026-03-01,3,5,2,5,12,119
2554,2026-03-01,37,19,86,50,60,19601
2555,2026-03-01,51,20,40,26,45,7338
2575,2026-03-01,38,19,2,6,12,88
2608,2026-03-01,25,19,8,27,45,1092
2620,2026-03-01,50,20,12,39,60,2782
2668,2026-03-01,44,21,8,7,12,1132
2698,2026-03-01,4,6,23,9,45,1849
2705,2026-03-01,50,21,41,57,60,11975
2713,2026-03-01,22,14,3,2,12,161
2754,2026-03-01,67,21,3,27,28,635
2761,2026-03-01,53,22,7,10,12,871
2768,2026-03-01,48,21,3,42,45,501
2803,2026-03-01,34,18,46,33,45,7692
2845,2026-03-01,35,17,54,36,60,16356
2899,2026-03-01,4,7,1,7,28,355
2920,2026-03-01,16,14,28,32,45,3484
2939,2026-03-01,6,10,31,35,60,2103
3054,2026-03-01,81,22,4,11,12,964
3171,2026-03-01,6,9,26,32,60,1011
3225,2026-03-01,72,21,4,11,12,771
3262,2026-03-01,21,14,21,11,28,2753
3263,2026-03-01,24,15,4,3,28,468
3285,2026-03-01,50,22,61,57,60,27285
3295,2026-03-01,54,21,66,26,28,29306
3297,2026-03-01,8,12,1,5,12,66
3344,2026-03-01,77,22,8,27,28,181
3421,2026-03-01,60,22,17,49,60,1290
3422,2026-03-01,32,18,16,24,28,3837
3470,2026-03-01,14,14,8,1,12,265
3583,2026-03-01,57,22,2,10,12,380
3656,2026-03-01,28,17,8,5,12,2874
3669,2026-03-01,7,10,6,12,28,804
3805,2026-03-01,14,14,20,26,60,1672
3835,2026-03-01,49,21,12,12,28,501
3840,2026-03-01,51,21,5,10,12,1626
3958,2026-03-01,31,16,8,5,12,862
3966,2026-03-01,42,18,7,9,12,2151
4019,2026-03-01,1,1,35,2,45,863
4049,2026-03-01,35,18,4,26,45,611
4108,2026-03-01,36,19,47,53,60,4274
4197,2026-03-01,4,5,10,18,60,600
4281,2026-03-01,7,9,12,6,28,3266
4306,2026-03-01,16,14,4,17,28,755
4376,2026-03-01,25,16,7,8,12,2477
4453,2026-03-01,33,17,28,30,45,1561
4480,2026-03-01,39,17,7,18,28,516
4520,2026-03-01,55,22,9,11,12,1849
4534,2026-03-01,41,20,3,35,45,315
4562,2026-03-01,12,10,8,3,12,187
4576,2026-03-01,30,15,5,20,28,403
4613,2026-03-01,3,5,3,6,28,392
4626,2026-03-01,8,10,27,17,45,2347
4654,2026-03-01,5,8,28,15,45,7118
4719,2026-03-01,16,12,48,10,60,3878
4759,2026-03-01,61,22,6,26,28,1070
4788,2026-03-01,65,22,24,39,45,6457
4796,2026-03-01,32,17,4,7,12,86
4810,2026-03-01,49,22,33,40,45,984
4819,2026-03-01,22,17,125,16,60,12343
4858,2026-03-01,6,7,3,4,12,105
4922,2026-03-01,30,17,8,23,28,1993
4953,2026-03-01,14,14,46,5,45,1702
4988,2026-03-01,3,4,6,5,45,494
5009,2026-03-01,13,14,6,4,12,200
5023,2026-03-01,27,16,11,10,12,520
5036,2026-03-01,3,4,16,12,60,1029
5046,2026-03-01,16,16,22,33,45,5674
5161,2026-03-01,16,13,8,6,12,1161
5199,2026-03-01,5,8,3,11,28,210
5215,2026-03-01,4,6,5,11,60,112
5217,2026-03-01,22,16,11,4,12,512
5255,2026-03-01,44,20,33,24,28,7378
5329,2026-03-01,25,17,75,28,60,13585
5367,2026-03-01,37,17,55,43,60,5466
5370,2026-03-01,4,6,31,16,60,3813
5398,2026-03-01,26,15,32,13,28,2124
5411,2026-03-01,69,21,74,43,45,15794
5428,2026-03-01,74,21,12,27,28,1298
5468,2026-03-01,78,22,7,23,28,1513
5513,2026-03-01,49,20,32,54,60,11348
5535,2026-03-01,6,8,14,13,60,1299
5566,2026-03-01,9,11,3,4,28,222
5589,2026-03-01,76,21,20,26,28,4428
5610,2026-03-01,10,13,20,26,60,1373
5614,2026-03-01,6,11,13,3,45,856
5657,2026-03-01,20,15,0,8,12,0
5659,2026-03-01,14,12,12,34,45,810
5678,2026-03-01,2,2,0,3,45,0
5717,2026-03-01,50,18,24,42,45,4783
5747,2026-03-01,2,3,6,1,45,238
5749,2026-03-01,47,20,4,24,28,46
5754,2026-03-01,8,12,1,10,12,56
5786,2026-03-01,70,22,4,24,28,381
5855,2026-03-01,17,16,9,7,12,722
5985,2026-03-01,59,22,5,11,12,1577
6051,2026-03-01,20,17,8,9,12,372
6058,2026-03-01,47,17,8,22,28,1486
6092,2026-03-01,23,15,37,30,45,2750
6096,2026-03-01,49,21,10,31,45,1790
6100,2026-03-01,51,22,27,42,45,6557
6117,2026-03-01,5,7,32,15,45,1733
6134,2026-03-01,34,21,4,8,12,163
6149,2026-03-01,18,17,48,11,45,7016
6209,2026-03-01,5,9,8,3,12,388
6250,2026-03-01,16,12,5,5,12,407
6293,2026-03-01,6,9,34,21,45,7342
6298,2026-03-01,45,20,10,10,28,1150
6312,2026-03-01,51,21,10,11,12,2852
6317,2026-03-01,22,13,2,4,12,224
6330,2026-03-01,15,14,1,7,12,64
6359,2026-03-01,20,15,1,7,12,73
6362,2026-03-01,57,21,5,11,12,358
6392,2026-03-01,4,5,14,19,60,393
6483,2026-03-01,3,6,5,1,12,396
6487,2026-03-01,35,17,4,8,12,99
6505,2026-03-01,39,20,3,15,28,286
6514,2026-03-01,2,3,2,1,28,49
6515,2026-03-01,3,4,1,3,28,75
6529,2026-03-01,52,22,69,54,60,27033
6545,2026-03-01,33,21,17,35,45,2572
6557,2026-03-01,3,5,30,14,60,1718
6633,2026-03-01,27,18,7,8,12,922
6653,2026-03-01,37,18,11,40,45,3133
6669,2026-03-01,27,17,6,11,12,358
6670,2026-03-01,13,11,27,40,60,249
6687,2026-03-01,35,21,2,5,12,84
6693,2026-03-01,4,6,14,35,60,903
6744,2026-03-01,5,7,9,13,45,1161
6781,2026-03-01,11,10,4,7,28,141
6786,2026-03-01,8,9,20,20,45,2876
6814,2026-03-01,49,22,8,9,12,748
6909,2026-03-01,7,10,3,5,28,201
6937,2026-03-01,53,22,9,11,12,793
6981,2026-03-01,9,13,37,17,60,233
6997,2026-03-01,26,18,3,5,12,1171
7039,2026-03-01,64,22,12,26,28,2872
7058,2026-03-01,35,19,46,22,28,5450
7071,2026-03-01,48,21,4,28,45,757
7225,2026-03-01,53,18,28,38,45,2105
7227,2026-03-01,28,19,14,18,28,3113
7280,2026-03-01,16,12,18,27,60,2516
7319,2026-03-01,40,21,5,10,12,522
7342,2026-03-01,64,21,14,39,45,1300
7357,2026-03-01,11,13,5,4,28,504
7359,2026-03-01,65,22,2,26,28,346
7407,2026-03-01,8,9,40,24,60,3131
7429,2026-03-01,25,16,191,16,60,5039
7430,2026-03-01,4,6,3,6,12,278
7486,2026-03-01,7,9,4,9,12,784
7497,2026-03-01,62,21,58,27,28,9110
7498,2026-03-01,13,17,18,7,28,2482
7526,2026-03-01,80,22,185,43,45,7554
7609,2026-03-01,52,21,52,35,45,3843
7663,2026-03-01,33,19,21,52,60,1521
7710,2026-03-01,5,8,9,6,45,625
7806,2026-03-01,29,19,12,25,28,420
7979,2026-03-01,27,18,104,45,60,5788
8004,2026-03-01,6,8,24,24,60,1385
8013,2026-03-01,38,21,5,39,45,1261
8039,2026-03-01,7,11,3,13,28,109
8085,2026-03-01,60,22,11,26,28,2792
8107,2026-03-01,30,17,24,20,28,1162
8179,2026-03-01,24,18,38,19,28,3893
8186,2026-03-01,32,17,36,19,45,15478
8236,2026-03-01,53,22,2,27,28,370
8339,2026-03-01,11,15,26,26,45,651
8340,2026-03-01,49,20,10,9,12,794
8359,2026-03-01,7,11,23,29,60,5007
8371,2026-03-01,50,20,9,11,12,2497
8377,2026-03-01,57,21,6,11,12,449
8392,2026-03-01,63,21,8,11,12,1340
8400,2026-03-01,10,14,2,3,12,394
8424,2026-03-01,38,16,2,11,12,396
8642,2026-03-01,24,17,7,21,28,710
8646,2026-03-01,7,11,2,3,12,30
8712,2026-03-01,40,16,5,21,28,131
8727,2026-03-01,6,9,6,4,28,355
8775,2026-03-01,33,17,1,6,12,226
8799,2026-03-01,2,3,6,9,28,557
8844,2026-03-01,38,20,11,24,28,4946
8874,2026-03-01,3,4,30,6,28,1951
8895,2026-03-01,36,19,149,41,60,25347
8924,2026-03-01,74,21,2,20,28,175
8982,2026-03-01,22,15,43,23,60,9600
9050,2026-03-01,62,21,10,11,12,2060
9057,2026-03-01,12,13,4,3,12,120
9083,2026-03-01,63,22,5,11,12,1515
9104,2026-03-01,8,10,2,17,28,178
9112,2026-03-01,51,21,62,24,28,14205
9141,2026-03-01,4,6,2,21,28,258
9157,2026-03-01,47,21,12,25,28,3249
9229,2026-03-01,27,16,50,35,45,3488
9269,2026-03-01,5,7,3,2,12,103
9272,2026-03-01,41,19,2,10,12,218
9313,2026-03-01,22,15,1,13,28,128
9365,2026-03-01,32,18,32,24,45,15525
9399,2026-03-01,28,17,3,9,12,988
9434,2026-03-01,42,21,4,24,28,623
9465,2026-03-01,73,20,11,11,12,824
9477,2026-03-01,5,6,10,19,60,1072
9505,2026-03-01,12,11,44,25,45,2701
9518,2026-03-01,1,1,5,1,28,533
9557,2026-03-01,6,9,39,35,45,6191
9562,2026-03-01,14,12,31,18,45,7836
9565,2026-03-01,23,17,40,10,28,11652
9636,2026-03-01,22,13,16,17,28,1050
9694,2026-03-01,22,12,40,21,45,1345
9703,2026-03-01,23,16,20,27,60,1948
9720,2026-03-01,7,9,7,9,12,333
9724,2026-03-01,52,22,43,25,28,11426
9768,2026-03-01,28,20,32,16,45,3772
9794,2026-03-01,44,20,7,10,12,1838
9836,2026-03-01,35,19,42,24,45,2117
9855,2026-03-01,56,22,27,37,45,2346
9866,2026-03-01,11,11,7,5,12,351
9913,2026-03-01,28,17,2,24,28,271
9947,2026-03-01,36,19,11,15,28,2191
9995,2026-03-01,31,18,42,22,45,6097
10006,2026-03-01,54,21,62,30,45,18301
10160,2026-03-01,11,10,2,5,12,444
10214,2026-03-01,19,15,2,7,12,167
10246,2026-03-01,41,19,4,8,12,1450
10268,2026-03-01,50,21,17,43,45,4777
10289,2026-03-01,22,13,35,23,45,9532
10299,2026-03-01,67,22,117,57,60,5543
10304,2026-03-01,65,22,13,11,12,7252
10316,2026-03-01,44,21,52,20,45,26061
10322,2026-03-01,35,17,8,6,12,980
10330,2026-03-01,60,20,169,43,45,14007
10376,2026-03-01,40,22,4,21,28,846
10429,2026-03-01,40,20,65,23,45,14216
10432,2026-03-01,45,19,2,6,12,583
10457,2026-03-01,56,21,3,9,12,753
10490,2026-03-01,26,15,3,10,12,546
10516,2026-03-01,54,22,6,21,28,439
10529,2026-03-01,52,21,13,27,28,2160
10539,2026-03-01,2,3,15,9,28,795
10578,2026-03-01,39,21,46,42,45,5995
10591,2026-03-01,56,22,8,11,12,783
10606,2026-03-01,2,3,5,8,45,450
10704,2026-03-01,4,5,3,1,12,377
10745,2026-03-01,27,18,5,8,12,247
10771,2026-03-01,24,17,26,13,45,4564
10776,2026-03-01,1,2,0,2,12,0
10780,2026-03-01,28,16,5,19,28,710
10808,2026-03-01,25,16,4,6,12,332
10855,2026-03-01,2,4,1,18,28,49
10883,2026-03-01,14,12,54,36,60,8766
10941,2026-03-01,23,17,16,41,45,1025
10973,2026-03-01,4,6,24,4,28,3605
10974,2026-03-01,23,15,24,26,45,2116
11021,2026-03-01,39,17,3,8,12,313
11068,2026-03-01,4,7,4,2,28,290
11117,2026-03-01,41,19,193,36,45,16419
11188,2026-03-01,4,8,3,15,28,494
11225,2026-03-01,80,22,5,27,28,519
11261,2026-03-01,7,10,2,14,28,228
11277,2026-03-01,53,21,99,57,60,8117
11348,2026-03-01,30,18,2,8,12,85
11410,2026-03-01,35,18,10,5,12,2837
11414,2026-03-01,7,10,5,31,45,539
11425,2026-03-01,10,13,10,29,45,769
11457,2026-03-01,50,21,8,27,28,3710
11474,2026-03-01,51,22,13,11,12,597
11478,2026-03-01,54,22,50,18,28,2952
11496,2026-03-01,59,21,2,16,28,774
11499,2026-03-01,23,16,3,16,28,14
11527,2026-03-01,26,18,3,22,28,66
11639,2026-03-01,41,20,5,6,12,1166
11650,2026-03-01,29,15,22,35,60,1689
11662,2026-03-01,5,6,0,8,28,0
11789,2026-03-01,14,9,48,56,60,22793
11833,2026-03-01,32,17,4,11,12,449
11861,2026-03-01,24,16,7,11,12,4364
11877,2026-03-01,14,12,7,6,12,231
11883,2026-03-01,32,16,47,32,45,2701
11941,2026-03-01,36,20,34,23,28,3615
12008,2026-03-01,77,21,3,11,12,212
12050,2026-03-01,53,22,4,26,28,1145
12095,2026-03-01,53,20,42,40,45,17730
12103,2026-03-01,43,19,52,26,45,3113
12136,2026-03-01,39,21,11,11,12,996
12148,2026-03-01,1,1,1,1,12,86
12176,2026-03-01,62,22,44,40,45,10998
12218,2026-03-01,36,19,9,8,12,1491
12239,2026-03-01,24,18,10,7,12,1612
12244,2026-03-01,67,19,8,26,28,1493
12276,2026-03-01,46,19,6,11,12,874
12321,2026-03-01,24,17,34,33,45,2579
12357,2026-03-01,64,21,46,43,45,11017
12358,2026-03-01,31,19,9,9,28,781
12375,2026-03-01,15,14,35,35,60,4921
12392,2026-03-01,8,8,3,2,12,403
12436,2026-03-01,4,6,3,19,28,893
12473,2026-03-01,33,19,2,22,28,501
12586,2026-03-01,50,20,2,24,28,207
12587,2026-03-01,23,17,38,11,45,7483
12588,2026-03-01,25,15,9,6,12,1523
12590,2026-03-01,47,21,99,54,60,17620
12592,2026-03-01,50,22,9,9,12,2390
12602,2026-03-01,20,15,1,4,12,36
12617,2026-03-01,45,21,67,40,60,4048
12673,2026-03-01,26,16,21,10,28,3168
12693,2026-03-01,2,2,0,1,12,0
12728,2026-03-01,42,19,54,43,45,6257
12734,2026-03-01,25,17,49,21,28,4957
12772,2026-03-01,38,17,2,17,28,263
12819,2026-03-01,65,22,3,25,28,196
12832,2026-03-01,3,4,7,2,12,660
12867,2026-03-01,10,10,6,9,28,516
12923,2026-03-01,25,19,26,19,45,489
12931,2026-03-01,5,8,5,5,28,347
12951,2026-03-01,15,13,86,49,60,9096
12962,2026-03-01,23,19,33,13,28,8042
12990,2026-03-01,63,22,2,7,12,701
13010,2026-03-01,62,22,78,43,45,26852
13113,2026-03-01,23,17,2,15,28,232
13155,2026-03-01,68,22,2,11,12,206
13213,2026-03-01,6,9,13,20,45,1212
13215,2026-03-01,40,20,9,23,28,97
13230,2026-03-01,53,21,2,20,28,442
13240,2026-03-01,60,20,36,23,28,3861
13254,2026-03-01,53,22,8,27,28,423
13308,2026-03-01,36,19,4,9,12,319
13325,2026-03-01,1,2,0,2,12,0
13412,2026-03-01,23,16,1,7,12,69
13422,2026-03-01,2,4,35,7,60,2747
13468,2026-03-01,51,22,3,21,28,359
13481,2026-03-01,21,18,9,10,28,964
13513,2026-03-01,7,9,3,6,28,73
13539,2026-03-01,25,17,19,23,60,2073
13552,2026-03-01,8,9,3,7,28,215
13562,2026-03-01,2,3,0,2,12,0
13575,2026-03-01,30,17,15,22,60,3063
13592,2026-03-01,52,22,103,52,60,20231
13618,2026-03-01,37,17,1,18,28,266
13637,2026-03-01,4,6,5,5,28,100
13647,2026-03-01,48,22,2,25,28,396
13704,2026-03-01,2,3,1,1,12,75
13766,2026-03-01,9,10,6,6,12,493
13806,2026-03-01,22,16,8,28,60,639
13885,2026-03-01,71,22,63,25,28,19892
13892,2026-03-01,44,21,143,22,45,39970
13997,2026-03-01,13,12,3,3,12,55
14004,2026-03-01,74,22,36,26,28,3464
14020,2026-03-01,43,18,3,16,28,198
14225,2026-03-01,32,20,11,6,12,610
14249,2026-03-01,52,20,2,17,28,302
14270,2026-03-01,20,15,48,14,60,11644
14271,2026-03-01,45,19,9,11,12,796
14279,2026-03-01,41,21,57,42,45,5746
14289,2026-03-01,47,21,36,37,60,3925
14309,2026-03-01,5,6,1,4,12,160
14362,2026-03-01,37,21,5,9,12,265
14388,2026-03-01,41,21,5,9,12,817
14393,2026-03-01,7,10,1,6,12,47
14532,2026-03-01,26,17,35,29,60,9695
14549,2026-03-01,6,10,3,21,45,491
14642,2026-03-01,16,14,1,13,45,49
14674,2026-03-01,28,16,89,39,60,4076
14690,2026-03-01,2,2,54,5,60,2484
14706,2026-03-01,53,22,27,26,28,3649
14732,2026-03-01,47,19,6,24,28,328
14743,2026-03-01,53,19,4,23,28,927
14778,2026-03-01,2,2,2,8,45,96
14803,2026-03-01,53,22,12,8,12,6588
14827,2026-03-01,38,18,5,25,28,230
14837,2026-03-01,71,21,22,39,45,2884
14970,2026-03-01,52,21,2,23,28,219
15049,2026-03-01,58,20,9,9,12,1173
15186,2026-03-01,63,21,3,23,28,1603
15189,2026-03-01,65,20,9,11,12,542
15193,2026-03-01,11,12,16,5,28,772
15195,2026-03-01,0,0,1,4,45,26
15207,2026-03-01,26,17,5,19,28,156
15256,2026-03-01,1,2,3,1,12,294
15315,2026-03-01,58,19,7,11,12,603
15368,2026-03-01,26,15,2,7,12,203
15380,2026-03-01,63,22,5,43,45,748
15389,2026-03-01,37,18,4,9,12,1765
15412,2026-03-01,9,10,11,12,28,399
15472,2026-03-01,8,10,3,4,28,533
15508,2026-03-01,1,1,2,7,45,488
15612,2026-03-01,18,13,5,1,12,1493
15628,2026-03-01,6,7,9,6,45,1030
15639,2026-03-01,49,21,9,11,12,1513
15642,2026-03-01,5,7,2,16,28,116
15694,2026-03-01,37,19,4,6,12,943
15741,2026-03-01,22,16,4,5,12,487
15774,2026-03-01,9,10,8,28,45,346
15791,2026-03-01,13,10,1,7,12,139
15858,2026-03-01,66,22,12,10,12,3660
15909,2026-03-01,50,21,90,43,45,9863
15962,2026-03-01,15,13,11,5,12,2072
16009,2026-03-01,66,22,48,43,45,4699
16036,2026-03-01,8,9,11,18,45,1677
16048,2026-03-01,36,18,6,10,12,1419
16073,2026-03-01,44,22,58,43,45,5547
16131,2026-03-01,31,19,60,33,45,4537
16241,2026-03-01,17,11,4,7,12,263
16280,2026-03-01,59,22,13,27,28,1534
16284,2026-03-01,5,7,28,13,45,1045
16348,2026-03-01,27,16,34,25,28,750
16353,2026-03-01,77,21,7,10,12,988
16381,2026-03-01,28,16,4,11,12,829
16405,2026-03-01,10,10,68,24,60,8861
16487,2026-03-01,15,15,88,27,60,2245
16664,2026-03-01,38,20,3,18,28,1265
16705,2026-03-01,16,12,3,9,12,466
16712,2026-03-01,2,4,13,11,60,2135
16769,2026-03-01,7,8,17,3,45,982
16799,2026-03-01,41,22,3,11,12,743
16832,2026-03-01,67,20,3,27,28,440
16883,2026-03-01,53,22,7,11,12,548
16905,2026-03-01,6,9,5,6,12,120
16933,2026-03-01,35,16,129,42,45,29786
16963,2026-03-01,19,14,21,39,45,6233
16996,2026-03-01,9,11,2,22,45,85
17010,2026-03-01,10,14,4,9,12,376
17072,2026-03-01,44,20,43,21,45,8208
17095,2026-03-01,42,20,31,38,60,5972
17147,2026-03-01,19,14,40,9,28,6545
17352,2026-03-01,72,22,8,9,12,1996
17368,2026-03-01,28,19,7,17,28,3296
17378,2026-03-01,3,5,35,17,60,4660
17430,2026-03-01,62,22,178,56,60,32562
17432,2026-03-01,35,18,22,29,45,2272
17555,2026-03-01,41,21,37,23,28,2370
17565,2026-03-01,57,20,39,28,45,6033
17606,2026-03-01,33,18,6,13,28,939
17648,2026-03-01,1,2,2,8,12,270
17710,2026-03-01,38,19,10,22,28,1234
17724,2026-03-01,40,20,1,16,28,164
17745,2026-03-01,56,21,164,57,60,60927
17774,2026-03-01,17,16,94,38,60,11429
17794,2026-03-01,17,13,15,15,28,2240
17800,2026-03-01,67,21,23,43,45,9091
17818,2026-03-01,45,22,11,18,28,4306
17819,2026-03-01,27,16,3,15,28,319
17838,2026-03-01,51,21,13,26,28,308
17862,2026-03-01,7,9,10,17,28,813
17920,2026-03-01,3,5,3,3,60,57
17923,2026-03-01,72,21,11,11,12,5759
17929,2026-03-01,9,9,9,20,60,1018
17960,2026-03-01,29,18,8,8,12,442
17974,2026-03-01,27,19,9,9,12,1910
17993,2026-03-01,56,19,43,51,60,9031
17998,2026-03-01,53,22,10,11,12,4419
18009,2026-03-01,17,16,46,42,45,4240
18013,2026-03-01,22,17,3,4,12,720
18050,2026-03-01,18,15,1,15,28,25
18057,2026-03-01,53,22,7,26,28,515
18088,2026-03-01,25,18,6,8,28,472
18104,2026-03-01,7,11,10,5,45,638
18130,2026-03-01,76,22,69,23,45,9319
18148,2026-03-01,45,20,90,38,45,19015
18211,2026-03-01,8,8,3,14,28,256
18219,2026-03-01,51,20,26,43,45,7108
18303,2026-03-01,28,17,9,29,45,166
18307,2026-03-01,39,18,47,17,45,3836
18349,2026-03-01,49,21,3,9,12,589
18516,2026-03-01,23,16,2,6,12,158
18605,2026-03-01,17,14,4,10,45,721
18606,2026-03-01,54,21,9,11,12,2331
18662,2026-03-01,78,22,9,10,12,4475
18682,2026-03-01,15,14,33,9,28,8708
18710,2026-03-01,76,22,7,27,28,1105
18720,2026-03-01,49,20,8,40,45,5311
18732,2026-03-01,24,18,2,7,12,166
18752,2026-03-01,5,6,14,5,60,420
18783,2026-03-01,6,9,1,8,28,45
18808,2026-03-01,49,20,5,11,12,1317
18811,2026-03-01,49,20,2,35,45,259
18861,2026-03-01,38,21,4,5,12,1433
18887,2026-03-01,66,21,71,45,60,8002
18901,2026-03-01,40,20,22,21,28,597
18902,2026-03-01,30,19,47,23,28,8970
18914,2026-03-01,33,20,6,3,12,550
18943,2026-03-01,3,4,2,2,12,195
18997,2026-03-01,19,17,6,19,28,1201
19002,2026-03-01,54,21,63,40,45,4877
19036,2026-03-01,20,14,29,45,60,10788
19079,2026-03-01,81,22,44,27,28,4709
19095,2026-03-01,17,15,6,13,28,264
19107,2026-03-01,6,9,3,4,12,94
19198,2026-03-01,5,8,6,11,28,159
19221,2026-03-01,49,21,2,41,45,343
19266,2026-03-01,22,16,5,17,28,522
19468,2026-03-01,9,10,7,6,12,602
19491,2026-03-01,4,5,4,2,12,91
19508,2026-03-01,15,13,4,16,28,436
19560,2026-03-01,44,19,12,7,12,1777
19563,2026-03-01,21,14,3,9,12,213
19676,2026-03-01,35,19,18,42,45,2126
19729,2026-03-01,20,16,11,20,28,1887
19746,2026-03-01,54,22,18,27,28,968
19769,2026-03-01,80,22,13,11,12,7324
19777,2026-03-01,44,19,7,9,12,376
19794,2026-03-01,20,16,6,5,28,75
19811,2026-03-01,63,21,5,26,28,1511
19926,2026-03-01,2,3,1,8,45,65
19943,2026-03-01,57,22,150,43,45,38618
20071,2026-03-01,59,20,11,11,12,1100
20082,2026-03-01,3,5,49,9,45,1737
20131,2026-03-01,46,20,2,16,28,163
20162,2026-03-01,32,16,36,41,45,5943
20218,2026-03-01,1,1,0,1,12,0
20244,2026-03-01,66,22,54,27,28,5555
20288,2026-03-01,22,19,102,35,45,7282
20296,2026-03-01,65,22,14,10,12,7442
20335,2026-03-01,46,20,4,19,28,782
20357,2026-03-01,81,22,67,49,60,23371
20391,2026-03-01,58,21,27,26,28,7815
20402,2026-03-01,42,19,25,23,28,2880
20457,2026-03-01,72,22,3,27,28,143
20480,2026-03-01,26,15,3,22,28,237
20493,2026-03-01,61,22,8,27,28,366
20516,2026-03-01,67,22,8,26,28,1240
20574,2026-03-01,39,20,2,24,28,209
20595,2026-03-01,37,20,5,7,12,151
20597,2026-03-01,4,5,2,3,12,27
20677,2026-03-01,20,13,48,36,45,4423
20686,2026-03-01,17,14,64,49,60,4506
20711,2026-03-01,55,21,111,57,60,32542
20797,2026-03-01,15,12,4,5,12,230
20821,2026-03-01,47,20,28,47,60,1512
20940,2026-03-01,51,21,7,9,12,345
20947,2026-03-01,64,20,3,11,12,564
20987,2026-03-01,70,22,7,11,12,140
20992,2026-03-01,16,13,4,9,12,184
21026,2026-03-01,38,18,5,7,12,246
21126,2026-03-01,35,19,4,4,28,759
21146,2026-03-01,61,21,3,11,12,398
21156,2026-03-01,40,20,9,43,45,1003
21170,2026-03-01,7,8,3,9,12,103
21189,2026-03-01,32,17,3,11,12,378
21277,2026-03-01,55,22,10,25,28,1326
21287,2026-03-01,25,16,2,24,28,652
21288,2026-03-01,77,22,14,11,12,270
21504,2026-03-01,17,14,4,21,28,425
21512,2026-03-01,57,21,2,10,12,72
21526,2026-03-01,15,10,9,11,28,1729
21542,2026-03-01,8,11,5,4,12,418
21561,2026-03-01,17,13,4,8,12,556
21682,2026-03-01,53,21,54,38,45,6039
21751,2026-03-01,13,13,10,32,45,1406
21783,2026-03-01,27,18,5,21,28,373
21823,2026-03-01,58,22,7,11,12,838
22031,2026-03-01,42,21,31,27,28,2238
22041,2026-03-01,58,22,3,23,28,422
22106,2026-03-01,27,18,3,8,28,60
22110,2026-03-01,43,20,4,6,12,656
22139,2026-03-01,15,13,2,3,12,83
22154,2026-03-01,73,21,9,11,12,2153
22215,2026-03-01,9,11,3,4,12,235
22217,2026-03-01,64,21,11,26,28,930
22290,2026-03-01,55,21,19,39,45,1737
22291,2026-03-01,3,4,0,2,28,0
22293,2026-03-01,61,20,71,39,45,6371
22297,2026-03-01,51,22,14,38,45,87
22340,2026-03-01,70,21,12,23,28,4624
22343,2026-03-01,36,19,10,35,45,822
22350,2026-03-01,29,16,14,27,60,743
22372,2026-03-01,8,12,6,4,12,210
22416,2026-03-01,55,19,12,24,28,2858
22475,2026-03-01,5,7,4,8,28,287
22485,2026-03-01,54,21,19,26,28,5364
22487,2026-03-01,36,18,1,17,28,398
22492,2026-03-01,0,0,6,2,45,309
22541,2026-03-01,18,13,3,6,12,10
22573,2026-03-01,46,21,11,26,28,1828
22593,2026-03-01,2,2,0,2,12,0
22599,2026-03-01,62,20,4,11,12,345
22603,2026-03-01,30,18,153,56,60,31753
22605,2026-03-01,18,16,3,6,12,418
22662,2026-03-01,61,22,6,42,45,246
22676,2026-03-01,28,16,3,9,28,705
22710,2026-03-01,36,18,2,8,12,177
22756,2026-03-01,32,18,2,9,12,85
22768,2026-03-01,48,21,10,22,28,1553
22825,2026-03-01,27,17,15,51,60,2485
22836,2026-03-01,54,22,8,27,28,905
22914,2026-03-01,8,9,4,10,12,978
22915,2026-03-01,34,18,6,11,12,1125
22949,2026-03-01,12,16,27,37,60,3637
22999,2026-03-01,72,21,58,43,45,2319
23108,2026-03-01,6,9,0,8,28,0
23130,2026-03-01,5,9,16,16,45,889
23169,2026-03-01,26,17,4,5,12,336
23219,2026-03-01,5,8,2,7,28,39
23338,2026-03-01,0,0,28,15,60,3186
23467,2026-03-01,31,19,22,29,45,340
23469,2026-03-01,80,22,151,56,60,21695
23484,2026-03-01,14,11,12,9,28,2825
23490,2026-03-01,49,18,10,9,12,548
23508,2026-03-01,44,21,2,37,45,128
23512,2026-03-01,40,19,7,11,28,3478
23518,2026-03-01,47,21,189,48,60,42951
23538,2026-03-01,7,12,2,3,12,215
23713,2026-03-01,48,21,27,15,45,535
23757,2026-03-01,47,19,2,11,12,232
23892,2026-03-01,24,18,2,6,12,40
23931,2026-03-01,58,22,50,27,28,11845
23959,2026-03-01,27,18,4,11,12,345
24011,2026-03-01,60,21,5,22,28,2500
24061,2026-03-01,4,5,1,10,28,90
24087,2026-03-01,9,10,1,26,45,77
24117,2026-03-01,70,21,9,25,28,707
24199,2026-03-01,71,22,17,42,45,2727
24244,2026-03-01,19,13,11,32,45,1017
24261,2026-03-01,5,8,26,10,45,3945
24298,2026-03-01,10,10,19,15,45,4433
24468,2026-03-01,14,13,28,15,28,1625
24484,2026-03-01,53,22,2,26,28,470
24530,2026-03-01,51,22,10,11,12,5372
24563,2026-03-01,36,20,6,9,12,524
24595,2026-03-01,21,15,8,4,12,1706
24618,2026-03-01,74,22,70,55,60,5505
24630,2026-03-01,7,10,4,17,28,194
24703,2026-03-01,35,18,3,15,28,1015
24712,2026-03-01,36,20,28,41,45,14820
24733,2026-03-01,21,15,11,20,28,543
24772,2026-03-01,21,16,4,10,12,798
24829,2026-03-01,12,13,7,19,28,319
24838,2026-03-01,6,10,3,3,12,120
24845,2026-03-01,48,20,5,7,12,1233
24848,2026-03-01,55,20,11,9,12,1155
24880,2026-03-01,73,22,2,10,12,540
24948,2026-03-01,52,22,12,11,12,6267
24957,2026-03-01,26,19,48,14,28,10697
24976,2026-03-01,5,10,1,5,12,27
25035,2026-03-01,11,13,7,9,12,745
25075,2026-03-01,47,21,159,57,60,11879
25138,2026-03-01,31,19,47,17,28,4435
25145,2026-03-01,40,20,6,10,12,203
25235,2026-03-01,13,13,2,18,28,236
25247,2026-03-01,78,22,4,11,12,1978
25256,2026-03-01,68,20,60,40,45,12515
25274,2026-03-01,13,12,29,42,60,3397
25308,2026-03-01,6,7,37,8,45,2070
25319,2026-03-01,48,20,2,9,12,55
25330,2026-03-01,7,10,1,3,12,128
25336,2026-03-01,49,21,4,7,12,805
25380,2026-03-01,30,17,1,22,28,150
25448,2026-03-01,56,21,12,27,28,1319
25560,2026-03-01,32,18,4,23,28,332
25577,2026-03-01,14,13,40,49,60,3816
25586,2026-03-01,4,6,2,5,12,119
25613,2026-03-01,76,22,56,43,45,7021
25666,2026-03-01,44,21,33,41,60,8474
25679,2026-03-01,39,22,51,23,45,12803
25686,2026-03-01,7,11,3,6,12,445
25687,2026-03-01,43,20,4,21,28,508
25694,2026-03-01,22,14,17,23,28,2891
25696,2026-03-01,62,21,8,11,12,2082
25759,2026-03-01,2,3,1,4,12,81
25790,2026-03-01,31,16,10,37,45,818
25818,2026-03-01,18,15,34,20,45,3542
25858,2026-03-01,13,12,6,6,12,284
25909,2026-03-01,33,19,5,11,12,1162
25919,2026-03-01,29,18,31,21,28,7565
25920,2026-03-01,69,21,8,10,12,2098
25951,2026-03-01,33,15,1,26,28,214
25988,2026-03-01,56,20,4,9,12,1061
26035,2026-03-01,8,13,14,15,45,386
26042,2026-03-01,63,22,11,11,12,6346
26147,2026-03-01,40,20,12,23,45,4054
26243,2026-03-01,49,18,4,12,28,882
26260,2026-03-01,3,4,2,1,12,47
26277,2026-03-01,52,22,55,32,45,8635
26312,2026-03-01,2,3,10,2,28,643
26445,2026-03-01,37,18,9,21,28,3843
26507,2026-03-01,22,16,3,9,12,192
26521,2026-03-01,38,18,3,5,12,670
26568,2026-03-01,39,20,144,38,45,33106
26592,2026-03-01,36,19,4,21,28,840
26659,2026-03-01,30,19,6,21,28,343
26664,2026-03-01,43,19,112,41,45,3292
26685,2026-03-01,44,20,3,6,12,654
26714,2026-03-01,26,16,34,15,28,1192
26734,2026-03-01,2,4,12,3,28,1116
26744,2026-03-01,51,21,50,22,45,7207
26817,2026-03-01,18,15,55,9,28,8007
26835,2026-03-01,7,7,42,31,60,2726
26865,2026-03-01,15,13,30,43,60,1756
26878,2026-03-01,6,10,3,1,12,234
26911,2026-03-01,47,19,3,9,12,903
26965,2026-03-01,23,17,85,26,60,10648
27087,2026-03-01,10,11,5,2,12,815
27133,2026-03-01,47,19,11,22,28,2290
27248,2026-03-01,44,19,38,41,45,7822
27277,2026-03-01,25,15,2,5,12,48
27315,2026-03-01,14,10,5,6,12,592
27322,2026-03-01,19,14,25,21,45,98
27337,2026-03-01,81,22,23,57,60,2574
27381,2026-03-01,61,21,9,11,12,2276
27387,2026-03-01,30,17,40,51,60,6366
27392,2026-03-01,7,9,2,7,12,44
27422,2026-03-01,8,10,2,5,12,88
27489,2026-03-01,52,22,20,43,45,10896
27545,2026-03-01,70,21,3,11,12,641
27558,2026-03-01,76,22,10,11,12,101
27588,2026-03-01,51,21,3,25,45,632
27670,2026-03-01,6,8,2,4,12,190
27689,2026-03-01,54,18,11,23,28,285
27708,2026-03-01,67,22,113,57,60,24607
27750,2026-03-01,6,7,1,2,12,89
27778,2026-03-01,59,22,24,30,45,2496
27791,2026-03-01,22,16,34,33,45,2947
27834,2026-03-01,43,19,38,41,45,16787
27940,2026-03-01,37,20,3,23,28,451
27963,2026-03-01,34,19,2,21,28,87
27998,2026-03-01,72,22,21,42,45,6293
28017,2026-03-01,31,18,8,7,12,1042
28082,2026-03-01,60,22,8,17,28,1835
28136,2026-03-01,79,22,7,11,12,381
28203,2026-03-01,38,21,11,21,28,248
28234,2026-03-01,41,19,8,36,45,1144
28239,2026-03-01,69,22,6,25,28,973
28276,2026-03-01,31,19,5,23,28,408
28278,2026-03-01,31,18,18,34,45,1102
28284,2026-03-01,41,20,62,29,60,6259
28370,2026-03-01,23,14,16,34,45,1540
28382,2026-03-01,60,22,27,26,28,5021
28397,2026-03-01,67,22,75,28,45,9164
28412,2026-03-01,51,18,7,10,12,726
28440,2026-03-01,57,20,3,6,12,710
28453,2026-03-01,18,16,6,9,12,480
28485,2026-03-01,3,4,24,8,60,3591
28508,2026-03-01,71,22,10,10,12,692
28572,2026-03-01,7,12,3,10,28,525
28585,2026-03-01,62,22,66,49,60,16260
28641,2026-03-01,1,2,4,4,60,310
28689,2026-03-01,23,15,1,14,45,244
28746,2026-03-01,66,21,6,43,45,1559
28826,2026-03-01,10,10,15,6,28,1491
28898,2026-03-01,1,1,2,12,60,85
28899,2026-03-01,44,19,4,25,45,733
28909,2026-03-01,2,2,1,5,12,55
28977,2026-03-01,68,22,8,26,28,1274
28987,2026-03-01,11,11,39,13,28,2738
29074,2026-03-01,29,18,52,33,45,3352
29124,2026-03-01,25,17,119,32,60,17565
29141,2026-03-01,33,15,65,49,60,3901
29155,2026-03-01,16,14,17,25,28,2398
29175,2026-03-01,47,19,3,26,28,537
29218,2026-03-01,26,17,5,25,28,841
29251,2026-03-01,10,11,32,32,45,15069
29261,2026-03-01,0,0,0,1,28,0
29302,2026-03-01,17,12,116,28,45,12893
29303,2026-03-01,67,20,73,21,28,13528
29327,2026-03-01,49,22,3,8,12,344
29331,2026-03-01,7,10,2,5,12,191
29367,2026-03-01,44,19,18,24,28,2978
29404,2026-03-01,74,22,3,11,12,776
29499,2026-03-01,59,21,31,41,45,9845
29526,2026-03-01,4,7,3,3,12,154
29546,2026-03-01,51,22,25,43,45,4437
29667,2026-03-01,77,22,89,43,45,29038
29679,2026-03-01,36,20,8,21,28,343
29688,2026-03-01,68,22,8,11,12,1201
29721,2026-03-01,47,21,8,11,12,4957
29723,2026-03-01,9,12,2,8,12,106
29769,2026-03-01,21,15,4,3,28,2106
29805,2026-03-01,61,21,3,21,28,588
29832,2026-03-01,32,19,3,26,28,985
29835,2026-03-01,78,22,12,27,28,2288
29841,2026-03-01,45,20,187,51,60,35001
29897,2026-03-01,3,4,1,6,28,199
29918,2026-03-01,15,14,5,5,12,664
29922,2026-03-01,46,18,58,50,60,12941
29926,2026-03-01,56,21,11,32,45,2496
29939,2026-03-01,10,11,5,5,12,728
29955,2026-03-01,5,6,1,2,12,28
29986,2026-03-01,71,20,30,42,60,13541
30111,2026-03-01,44,20,102,43,60,38841
30229,2026-03-01,72,22,149,50,60,47173
30263,2026-03-01,73,22,2,10,12,125
30344,2026-03-01,45,20,4,6,12,1179
30372,2026-03-01,2,4,32,33,60,1417
30382,2026-03-01,6,10,3,9,45,590
30410,2026-03-01,42,20,14,14,28,1721
30484,2026-03-01,52,22,2,25,28,97
30489,2026-03-01,2,2,2,1,12,76
30559,2026-03-01,21,14,5,16,45,587
30593,2026-03-01,14,12,6,4,12,196
30601,2026-03-01,48,21,214,42,60,59383
30607,2026-03-01,14,14,1,7,12,207
30716,2026-03-01,21,15,2,15,28,545
30736,2026-03-01,55,22,58,42,45,4890
30738,2026-03-01,26,18,10,22,28,1881
30795,2026-03-01,73,22,9,11,12,996
30798,2026-03-01,26,17,46,10,45,11511
30800,2026-03-01,38,18,9,10,12,749
30819,2026-03-01,54,21,109,54,60,31188
30820,2026-03-01,44,20,8,10,12,428
30839,2026-03-01,31,21,191,36,60,29954
30843,2026-03-01,29,19,2,17,28,221
30866,2026-03-01,5,9,3,2,12,119
30867,2026-03-01,51,21,5,11,12,905
30905,2026-03-01,52,22,27,27,28,2973
30920,2026-03-01,74,22,6,10,12,897
31005,2026-03-01,9,13,1,5,28,50
31113,2026-03-01,12,12,7,7,28,1040
31125,2026-03-01,8,11,1,21,45,95
31126,2026-03-01,35,20,9,16,28,618
31160,2026-03-01,47,21,8,9,12,648
31179,2026-03-01,77,21,8,22,28,316
31201,2026-03-01,7,9,8,15,28,1243
31239,2026-03-01,7,12,27,17,60,5262
31245,2026-03-01,16,15,32,21,60,2834
31267,2026-03-01,31,20,17,37,45,8770
31286,2026-03-01,3,4,34,13,60,3962
31324,2026-03-01,59,20,6,24,28,788
31331,2026-03-01,19,13,7,10,12,588
31348,2026-03-01,46,18,2,6,12,524
31352,2026-03-01,12,13,1,26,45,38
31359,2026-03-01,11,12,1,7,12,210
31392,2026-03-01,12,14,7,3,12,757
31417,2026-03-01,15,14,4,5,12,91
31459,2026-03-01,53,21,79,33,45,16559
31468,2026-03-01,36,17,4,23,28,123
31544,2026-03-01,56,22,45,21,45,5189
31551,2026-03-01,51,22,7,25,28,664
31563,2026-03-01,12,12,2,9,28,556
31595,2026-03-01,38,20,2,9,12,487
31623,2026-03-01,61,20,57,57,60,18039
31691,2026-03-01,67,22,8,8,12,2342
31701,2026-03-01,46,21,8,11,12,1122
31726,2026-03-01,27,17,3,10,28,210
31730,2026-03-01,55,21,12,9,12,1172
31775,2026-03-01,32,20,21,20,28,14875
31786,2026-03-01,3,4,11,12,60,620
31811,2026-03-01,46,20,8,11,12,1103
31852,2026-03-01,31,17,30,13,28,6707
31933,2026-03-01,47,22,15,54,60,3373
31969,2026-03-01,12,13,4,9,12,369
31977,2026-03-01,13,12,13,6,28,888
31983,2026-03-01,33,20,20,33,45,2549
32003,2026-03-01,45,19,47,33,45,5297
32005,2026-03-01,22,15,6,37,45,302
32019,2026-03-01,18,15,5,9,28,1233
32021,2026-03-01,4,7,1,2,12,48
32121,2026-03-01,19,12,42,25,28,3721
32137,2026-03-01,10,10,13,5,60,1261
32171,2026-03-01,50,21,24,24,28,11563
32211,2026-03-01,15,12,7,15,28,474
32258,2026-03-01,3,5,7,20,45,147
32302,2026-03-01,19,15,45,19,60,5119
32392,2026-03-01,43,18,6,10,12,734
32405,2026-03-01,12,11,2,18,28,73
32422,2026-03-01,38,19,53,32,60,5531
32430,2026-03-01,74,22,53,27,28,14751
32453,2026-03-01,60,20,3,9,12,580
32521,2026-03-01,32,19,3,7,12,233
32529,2026-03-01,26,17,4,11,12,324
32531,2026-03-01,46,21,124,40,45,19446
32536,2026-03-01,6,10,3,19,45,486
32601,2026-03-01,28,18,8,15,28,2997
32617,2026-03-01,2,3,1,1,28,44
32628,2026-03-01,6,8,1,19,28,64
32670,2026-03-01,57,20,14,25,28,1276
32673,2026-03-01,37,19,10,10,12,1467
32775,2026-03-01,50,22,7,29,45,233
32811,2026-03-01,24,16,23,30,45,1735
32896,2026-03-01,76,22,141,42,60,49337
32903,2026-03-01,49,18,18,25,45,740
32920,2026-03-01,10,11,2,6,12,296
32926,2026-03-01,18,15,2,33,45,297
32935,2026-03-01,58,21,66,24,28,18042
32995,2026-03-01,65,21,15,57,60,3527
33018,2026-03-01,34,20,2,11,12,668
33021,2026-03-01,66,21,6,27,28,762
33086,2026-03-01,11,13,1,5,12,95
33130,2026-03-01,39,21,9,11,12,1090
33137,2026-03-01,7,10,21,17,45,2010
33138,2026-03-01,80,22,5,11,12,178
33202,2026-03-01,13,12,29,13,28,3061
33208,2026-03-01,2,3,6,15,60,613
33231,2026-03-01,17,13,1,12,45,188
33284,2026-03-01,43,21,2,11,12,103
33289,2026-03-01,4,6,2,3,12,54
33350,2026-03-01,47,19,3,20,28,743
33351,2026-03-01,43,17,5,16,28,1012
33372,2026-03-01,9,15,9,6,45,578
33383,2026-03-01,32,16,39,20,28,3622
33400,2026-03-01,36,17,20,22,45,2471
33450,2026-03-01,57,21,3,27,28,896
33472,2026-03-01,64,22,81,35,45,8657
33586,2026-03-01,11,10,39,9,60,6607
33723,2026-03-01,27,17,3,27,28,148
33729,2026-03-01,37,17,14,34,45,2717
33774,2026-03-01,16,14,3,6,12,337
33776,2026-03-01,19,14,4,4,12,252
33778,2026-03-01,45,20,5,11,12,857
33794,2026-03-01,52,21,72,42,45,24204
33796,2026-03-01,45,18,14,34,45,4288
33856,2026-03-01,3,5,1,10,28,115
33870,2026-03-01,1,2,25,25,60,2562
33871,2026-03-01,6,7,33,23,60,1249
33919,2026-03-01,43,21,37,38,45,9458
33925,2026-03-01,22,16,3,3,12,301
33931,2026-03-01,7,9,1,7,45,111
33945,2026-03-01,32,15,24,18,28,2030
33971,2026-03-01,54,19,15,43,45,2402
33975,2026-03-01,80,22,7,27,28,770
33986,2026-03-01,17,15,107,36,60,20266
34001,2026-03-01,18,18,10,6,12,445
34013,2026-03-01,33,22,112,24,60,14799
34038,2026-03-01,15,11,27,15,45,2260
34048,2026-03-01,45,20,7,7,12,404
34076,2026-03-01,15,13,4,5,12,505
34092,2026-03-01,2,3,1,4,28,36
34201,2026-03-01,10,9,3,15,28,543
34261,2026-03-01,24,14,4,16,28,280
34265,2026-03-01,69,21,3,27,28,96
34268,2026-03-01,3,4,1,13,28,191
34291,2026-03-01,5,6,2,14,28,115
34441,2026-03-01,0,0,10,3,28,305
34482,2026-03-01,13,14,4,33,45,478
34499,2026-03-01,69,22,15,42,45,4064
34534,2026-03-01,47,19,3,11,12,373
34559,2026-03-01,65,22,62,24,28,11599
34615,2026-03-01,10,10,56,20,45,5294
34721,2026-03-01,52,21,45,25,28,10972
34735,2026-03-01,56,20,50,43,45,5516
34744,2026-03-01,3,5,1,13,28,76
34781,2026-03-01,53,21,3,12,28,158
34795,2026-03-01,36,20,12,7,12,1366
34863,2026-03-01,31,19,4,37,45,1195
34879,2026-03-01,7,9,1,18,45,19
34889,2026-03-01,33,15,6,7,12,594
34969,2026-03-01,1,1,1,2,28,42
34988,2026-03-01,64,22,9,11,12,602
35003,2026-03-01,78,22,39,42,45,2365
35042,2026-03-01,29,18,7,9,12,1089
35046,2026-03-01,9,12,2,3,12,302
35057,2026-03-01,48,21,13,25,28,4757
35071,2026-03-01,55,22,48,23,28,11479
35096,2026-03-01,4,5,2,16,28,85
35118,2026-03-01,6,10,3,5,12,367
35136,2026-03-01,57,21,3,11,12,354
35266,2026-03-01,27,17,4,9,12,1301
35343,2026-03-01,39,22,6,15,28,284
35346,2026-03-01,14,13,3,6,12,360
35381,2026-03-01,7,10,1,13,45,121
35411,2026-03-01,14,11,1,9,12,119
35412,2026-03-01,21,15,38,33,60,6185
35439,2026-03-01,20,14,4,10,28,768
35528,2026-03-01,30,17,2,8,12,232
35550,2026-03-01,79,22,3,11,12,180
35710,2026-03-01,60,21,5,26,28,754
35763,2026-03-01,56,22,124,39,45,46457
35815,2026-03-01,30,15,2,6,12,396
35860,2026-03-01,13,16,1,18,28,62
35912,2026-03-01,36,21,8,6,12,2010
35927,2026-03-01,7,9,5,5,12,209
35933,2026-03-01,21,17,97,10,60,8067
36017,2026-03-01,2,3,15,7,28,674
36021,2026-03-01,45,21,2,9,12,446
36072,2026-03-01,16,16,1,4,12,114
36076,2026-03-01,6,7,5,17,28,529
36077,2026-03-01,3,4,2,18,28,210
36081,2026-03-01,2,3,3,4,28,248
36158,2026-03-01,50,21,2,11,12,368
36173,2026-03-01,81,22,3,11,12,388
36196,2026-03-01,63,22,57,50,60,9819
36197,2026-03-01,48,21,10,20,28,853
36206,2026-03-01,4,6,3,6,12,100
36413,2026-03-01,21,15,62,30,60,13995
36587,2026-03-01,10,10,3,15,28,166
36599,2026-03-01,16,13,10,16,28,2590
36602,2026-03-01,26,18,66,45,60,16260
36773,2026-03-01,15,11,6,21,28,1205
36783,2026-03-01,77,21,11,11,12,441
36791,2026-03-01,69,22,7,27,28,447
36815,2026-03-01,74,22,18,37,45,434
36833,2026-03-01,15,11,25,19,45,3367
36886,2026-03-01,42,21,4,10,12,855
36906,2026-03-01,45,22,5,9,12,528
36920,2026-03-01,53,22,6,26,28,269
36980,2026-03-01,23,13,37,13,28,9122
36984,2026-03-01,6,8,11,11,45,1047
36995,2026-03-01,58,22,169,55,60,15602
37105,2026-03-01,29,17,6,10,12,867
37109,2026-03-01,22,13,48,34,45,17318
37116,2026-03-01,49,19,129,57,60,17565
37134,2026-03-01,66,22,14,11,12,5599
37179,2026-03-01,26,16,7,6,12,1784
37285,2026-03-01,15,15,31,16,45,1908
37335,2026-03-01,50,21,9,11,12,560
37398,2026-03-01,9,10,7,19,28,267
37419,2026-03-01,6,10,2,26,45,149
37424,2026-03-01,18,16,39,16,60,5315
37460,2026-03-01,13,14,104,43,60,3024
37476,2026-03-01,32,18,3,22,28,581
37487,2026-03-01,38,20,123,33,45,18621
37500,2026-03-01,14,12,5,19,28,245
37545,2026-03-01,39,20,2,16,28,139
37563,2026-03-01,63,20,68,43,45,19451
37605,2026-03-01,73,21,65,27,28,4152
37672,2026-03-01,7,9,39,17,28,6358
37747,2026-03-01,20,15,2,22,28,257
37748,2026-03-01,5,6,3,6,28,226
37767,2026-03-01,49,21,17,24,28,3055
37940,2026-03-01,59,22,10,27,28,698
37982,2026-03-01,10,14,4,14,60,695
38022,2026-03-01,48,21,13,11,12,3575
38086,2026-03-01,40,18,52,35,45,4085
38095,2026-03-01,68,21,5,25,28,208
38111,2026-03-01,71,22,4,11,12,312
38189,2026-03-01,33,17,4,14,28,684
38197,2026-03-01,51,20,8,25,28,380
38198,2026-03-01,66,22,3,11,12,897
38211,2026-03-01,25,17,11,9,12,392
38227,2026-03-01,22,17,3,20,28,1015
38252,2026-03-01,5,6,5,7,45,673
38268,2026-03-01,41,20,5,6,12,871
38270,2026-03-01,10,13,4,12,45,457
38306,2026-03-01,81,22,9,10,12,2310
38326,2026-03-01,16,12,1,10,12,178
38373,2026-03-01,12,13,3,4,28,467
38423,2026-03-01,63,21,13,26,28,2766
38452,2026-03-01,45,21,2,34,45,114
38485,2026-03-01,1,2,7,1,28,663
38612,2026-03-01,10,13,10,18,45,1405
38661,2026-03-01,25,17,6,31,45,473
38664,2026-03-01,3,4,4,10,28,448
38677,2026-03-01,22,15,2,15,28,421
38700,2026-03-01,43,21,2,9,12,334
38728,2026-03-01,4,5,2,3,12,144
38766,2026-03-01,43,20,65,38,45,7637
38770,2026-03-01,72,22,182,57,60,30510
38775,2026-03-01,28,16,4,7,12,838
38812,2026-03-01,3,5,2,1,12,237
38823,2026-03-01,30,17,27,24,28,2473
38848,2026-03-01,68,22,87,45,60,11244
38868,2026-03-01,25,17,72,48,60,9542
38906,2026-03-01,22,16,36,40,60,1355
38939,2026-03-01,44,19,56,38,45,2714
39017,2026-03-01,10,11,3,7,12,531
39037,2026-03-01,64,21,3,17,28,477
39040,2026-03-01,20,17,17,46,60,1755
39062,2026-03-01,3,6,4,14,28,635
39190,2026-03-01,15,11,7,30,45,2427
39196,2026-03-01,16,15,2,10,12,48
39248,2026-03-01,22,16,61,26,28,4687
39346,2026-03-01,11,10,14,34,45,2160
39375,2026-03-01,17,15,35,18,28,2480
39416,2026-03-01,23,18,39,37,60,4129
39454,2026-03-01,22,18,104,19,60,11993
39486,2026-03-01,34,19,4,11,12,866
39515,2026-03-01,17,13,3,9,12,268
39535,2026-03-01,49,22,1,22,28,381
39541,2026-03-01,3,5,2,4,45,81
39592,2026-03-01,33,19,24,28,60,4449
39666,2026-03-01,44,20,2,23,28,157
39685,2026-03-01,1,1,4,5,60,205
39715,2026-03-01,53,21,100,46,60,7016
39739,2026-03-01,66,22,13,10,12,4087
39810,2026-03-01,51,19,191,51,60,11957
39869,2026-03-01,21,19,6,4,12,239
39899,2026-03-01,7,9,3,6,12,418
39965,2026-03-01,50,20,59,38,45,5080
40017,2026-03-01,15,13,35,16,45,8030
40026,2026-03-01,53,21,29,43,45,8806
40093,2026-03-01,39,15,2,20,28,108
40154,2026-03-01,1,1,13,9,60,487
40163,2026-03-01,16,14,7,41,60,2164
40166,2026-03-01,34,17,2,37,45,167
40219,2026-03-01,56,20,5,19,28,127
40270,2026-03-01,19,15,5,9,28,1626
40485,2026-03-01,43,18,10,11,12,3183
40555,2026-03-01,44,21,60,24,28,8077
40595,2026-03-01,57,22,26,21,28,13110
40659,2026-03-01,43,22,3,9,12,1470
40736,2026-03-01,26,17,24,45,60,1804
40757,2026-03-01,41,21,10,43,45,3039
40776,2026-03-01,80,22,2,11,12,654
40809,2026-03-01,3,6,49,4,60,4683
40826,2026-03-01,74,21,12,27,28,1004
40843,2026-03-01,34,21,4,7,12,1840
40849,2026-03-01,16,12,9,3,12,1141
40857,2026-03-01,12,11,3,6,12,316
40892,2026-03-01,41,18,27,22,45,6250
40936,2026-03-01,66,22,3,27,28,1618
41021,2026-03-01,29,19,7,10,12,951
41075,2026-03-01,25,19,0,33,45,0
41106,2026-03-01,9,10,20,21,45,131
41112,2026-03-01,35,21,5,34,45,477
41124,2026-03-01,57,20,4,42,45,620
41128,2026-03-01,58,20,24,26,28,7287
41165,2026-03-01,19,15,19,53,60,413
41168,2026-03-01,28,19,5,25,28,484
41180,2026-03-01,44,21,8,9,12,1380
41209,2026-03-01,25,18,17,41,45,978
41212,2026-03-01,43,21,5,36,45,2779
41280,2026-03-01,23,14,6,6,12,1131
41289,2026-03-01,40,18,6,7,12,1395
41296,2026-03-01,3,5,1,4,12,117
41324,2026-03-01,2,4,2,8,28,39
41404,2026-03-01,33,19,1,6,12,151
41475,2026-03-01,8,10,21,9,28,2049
41508,2026-03-01,20,13,4,8,12,207
41531,2026-03-01,23,14,42,47,60,5593
41542,2026-03-01,4,6,14,4,45,1707
41554,2026-03-01,36,20,10,23,28,559
41601,2026-03-01,7,9,1,2,12,48
41660,2026-03-01,18,15,5,21,28,721
41686,2026-03-01,35,19,4,10,12,448
41704,2026-03-01,47,20,2,26,28,318
41709,2026-03-01,5,7,30,8,45,1641
41717,2026-03-01,10,10,2,5,12,252
41724,2026-03-01,33,19,6,9,12,2169
41740,2026-03-01,11,12,4,10,12,390
41776,2026-03-01,28,16,2,13,28,355
41834,2026-03-01,9,11,6,3,12,313
41845,2026-03-01,46,22,33,51,60,1809
41853,2026-03-01,20,13,110,21,60,5949
41859,2026-03-01,50,21,9,21,28,4508
41868,2026-03-01,24,16,11,8,12,687
41869,2026-03-01,16,14,20,13,28,1009
41876,2026-03-01,55,20,69,51,60,17716
41888,2026-03-01,55,21,65,25,28,23579
41897,2026-03-01,8,9,15,29,45,685
41946,2026-03-01,39,20,5,11,12,128
41955,2026-03-01,40,20,4,25,28,888
41956,2026-03-01,81,22,10,11,12,1675
41961,2026-03-01,64,21,8,25,28,1914
41970,2026-03-01,31,18,10,24,45,1894
41985,2026-03-01,13,14,1,3,12,181
42017,2026-03-01,6,9,2,10,28,52
42058,2026-03-01,47,22,8,17,28,459
42060,2026-03-01,7,8,34,18,45,5387
42105,2026-03-01,14,12,9,9,12,397
42111,2026-03-01,5,10,2,4,28,65
42170,2026-03-01,74,22,9,11,12,1461
42176,2026-03-01,21,16,7,7,12,441
42196,2026-03-01,14,13,1,3,12,297
42253,2026-03-01,4,6,4,2,12,485
42264,2026-03-01,55,22,8,41,45,2428
42269,2026-03-01,31,17,3,39,45,1260
42382,2026-03-01,4,6,37,15,45,2286
42398,2026-03-01,26,19,111,13,60,7033
42428,2026-03-01,32,20,4,15,28,794
42446,2026-03-01,14,14,1,4,12,181
42484,2026-03-01,22,15,2,6,12,15
42536,2026-03-01,38,21,7,10,12,588
42560,2026-03-01,5,6,80,8,60,561
42620,2026-03-01,57,20,10,10,12,3098
42635,2026-03-01,15,15,2,6,12,204
42704,2026-03-01,19,15,13,18,28,4258
42719,2026-03-01,66,21,63,55,60,14018
42762,2026-03-01,57,21,12,11,12,3086
42805,2026-03-01,47,18,3,23,28,293
42832,2026-03-01,34,18,43,41,45,3863
42868,2026-03-01,45,18,2,20,28,302
42914,2026-03-01,22,17,8,19,28,496
42955,2026-03-01,33,19,8,22,28,1955
42960,2026-03-01,9,11,5,6,12,486
43041,2026-03-01,26,14,111,43,60,11331
43162,2026-03-01,28,15,3,8,12,999
43165,2026-03-01,10,12,32,11,28,3803
43194,2026-03-01,5,6,1,11,28,156
43202,2026-03-01,40,19,16,30,45,4383
43248,2026-03-01,50,22,12,10,12,1459
43251,2026-03-01,25,18,4,16,28,776
43280,2026-03-01,1,1,3,1,28,291
43331,2026-03-01,3,5,12,11,28,252
43358,2026-03-01,24,13,34,24,45,4653
43428,2026-03-01,20,14,2,15,28,70
43444,2026-03-01,14,13,6,13,28,107
43477,2026-03-01,39,18,19,17,28,3162
43533,2026-03-01,27,18,27,16,28,2395
43540,2026-03-01,25,17,2,5,12,420
43556,2026-03-01,4,6,3,8,12,446
43624,2026-03-01,40,19,3,11,12,668
43645,2026-03-01,3,6,1,2,12,44
43663,2026-03-01,35,16,64,18,28,9717
43665,2026-03-01,27,15,3,20,28,682
43687,2026-03-01,14,12,6,3,12,96
43702,2026-03-01,21,14,4,9,12,329
43777,2026-03-01,2,3,14,3,45,1749
43819,2026-03-01,34,18,2,25,45,303
43871,2026-03-01,21,15,46,42,60,3724
43882,2026-03-01,35,19,4,2,12,115
44058,2026-03-01,8,10,7,5,12,761
44132,2026-03-01,4,5,4,1,12,151
44154,2026-03-01,75,22,11,27,28,962
44211,2026-03-01,26,16,4,21,28,706
44258,2026-03-01,47,21,7,22,45,943
44356,2026-03-01,9,12,6,13,28,911
44365,2026-03-01,36,18,9,9,28,956
44430,2026-03-01,21,15,41,20,28,3086
44458,2026-03-01,33,19,23,35,60,1798
44474,2026-03-01,27,17,8,8,28,751
44476,2026-03-01,54,22,10,24,28,2686
44484,2026-03-01,5,9,1,9,28,116
44491,2026-03-01,21,12,16,18,60,1457
44541,2026-03-01,71,22,6,11,12,1140
44570,2026-03-01,3,3,13,1,60,933
44577,2026-03-01,6,7,1,10,12,74
44580,2026-03-01,38,21,15,42,60,2703
44611,2026-03-01,37,20,5,9,12,489
44620,2026-03-01,78,22,46,27,28,5866
44643,2026-03-01,68,22,11,11,12,1324
44670,2026-03-01,31,16,56,7,60,27650
44692,2026-03-01,49,21,63,23,45,6616
44722,2026-03-01,78,21,13,40,45,885
44799,2026-03-01,35,20,8,23,28,1548
44851,2026-03-01,56,21,2,11,12,229
44979,2026-03-01,13,12,6,9,12,1619
45066,2026-03-01,37,19,5,10,12,1445
45081,2026-03-01,8,11,1,4,12,18
45151,2026-03-01,30,18,1,17,28,271
45220,2026-03-01,52,22,3,11,12,1361
45231,2026-03-01,37,20,49,28,45,16868
45232,2026-03-01,45,19,8,38,45,747
45236,2026-03-01,2,3,1,4,12,157
45290,2026-03-01,9,12,2,17,28,594
45332,2026-03-01,20,15,3,9,12,336
45344,2026-03-01,33,18,52,22,28,17750
45395,2026-03-01,23,18,9,6,12,1388
45424,2026-03-01,44,20,2,15,28,283
45451,2026-03-01,44,20,38,22,28,11032
45507,2026-03-01,62,20,4,22,28,792
45541,2026-03-01,48,20,48,17,45,10016
45547,2026-03-01,39,18,4,13,28,503
45556,2026-03-01,65,22,7,43,45,1483
45588,2026-03-01,49,20,7,10,12,3818
45606,2026-03-01,25,15,23,24,45,7080
45607,2026-03-01,4,5,17,6,45,2167
45608,2026-03-01,6,8,1,2,12,31
45702,2026-03-01,32,18,3,4,12,323
45708,2026-03-01,22,16,7,8,12,716
45757,2026-03-01,46,20,10,40,45,1065
45827,2026-03-01,64,20,13,22,28,2418
45831,2026-03-01,52,20,4,7,12,636
45909,2026-03-01,20,14,24,14,28,659
45983,2026-03-01,44,21,81,47,60,5169
46011,2026-03-01,19,16,94,27,60,18703
46059,2026-03-01,16,12,3,12,28,676
46063,2026-03-01,58,22,51,57,60,14755
46074,2026-03-01,56,20,51,57,60,22556
46088,2026-03-01,32,16,8,21,28,1158
46114,2026-03-01,12,14,3,7,28,196
46158,2026-03-01,47,22,35,22,28,3435
46227,2026-03-01,2,3,1,1,12,24
46302,2026-03-01,53,20,28,43,45,728
46382,2026-03-01,67,21,9,26,28,255
46452,2026-03-01,22,14,21,14,28,4586
46487,2026-03-01,23,17,6,10,12,470
46503,2026-03-01,22,17,55,46,60,3157
46607,2026-03-01,59,21,10,11,12,457
46659,2026-03-01,68,21,5,11,12,1366
46708,2026-03-01,59,22,8,23,28,3542
46731,2026-03-01,13,15,4,12,28,1175
46734,2026-03-01,14,15,14,21,45,2125
46740,2026-03-01,33,14,44,18,45,12025
46772,2026-03-01,59,22,45,43,45,7122
46791,2026-03-01,8,11,1,8,28,88
46829,2026-03-01,78,22,151,43,45,44690
46847,2026-03-01,74,22,65,49,60,8118
46887,2026-03-01,2,4,1,12,28,45
46898,2026-03-01,62,21,12,11,12,4231
46903,2026-03-01,37,17,10,29,45,4193
46968,2026-03-01,54,21,11,27,28,1530
47029,2026-03-01,28,17,9,8,12,4229
47036,2026-03-01,40,20,11,8,12,1094
47046,2026-03-01,47,19,55,20,28,2268
47074,2026-03-01,3,6,82,6,45,14493
47100,2026-03-01,43,21,47,15,28,4507
47208,2026-03-01,14,14,1,7,12,157
47280,2026-03-01,9,9,2,5,28,185
47297,2026-03-01,2,3,16,5,60,866
47413,2026-03-01,70,19,3,7,12,495
47460,2026-03-01,48,22,10,22,28,3611
47514,2026-03-01,15,13,1,6,28,75
47517,2026-03-01,58,20,41,23,28,18171
47522,2026-03-01,8,9,3,4,12,452
47527,2026-03-01,37,17,6,6,28,649
47666,2026-03-01,37,17,5,9,12,540
47675,2026-03-01,21,16,30,26,45,3298
47676,2026-03-01,17,11,22,12,28,936
47771,2026-03-01,49,21,6,24,28,560
47832,2026-03-01,7,10,28,5,28,767
47858,2026-03-01,47,20,136,44,60,17920
47863,2026-03-01,19,14,3,5,12,36
47874,2026-03-01,6,12,78,17,45,1043
47879,2026-03-01,3,6,11,11,45,517
47889,2026-03-01,71,21,128,55,60,13793
47913,2026-03-01,48,19,10,6,12,2470
47922,2026-03-01,53,22,4,11,12,423
47989,2026-03-01,5,6,2,10,28,300
48050,2026-03-01,68,22,2,11,12,444
48107,2026-03-01,80,22,69,38,45,11085
48123,2026-03-01,16,14,6,6,12,98
48159,2026-03-01,63,22,6,18,28,249
48223,2026-03-01,26,16,5,34,45,218
48299,2026-03-01,3,4,2,1,12,119
48337,2026-03-01,15,15,4,4,12,276
48355,2026-03-01,72,22,7,27,28,995
48427,2026-03-01,21,18,5,9,12,1795
48428,2026-03-01,4,7,1,21,28,277
48442,2026-03-01,27,16,4,25,45,1788
48538,2026-03-01,53,21,3,11,12,639
48567,2026-03-01,31,19,4,8,12,222
48591,2026-03-01,5,7,1,5,12,135
48593,2026-03-01,42,18,116,38,60,10471
48639,2026-03-01,46,20,5,21,28,1623
48644,2026-03-01,69,22,11,11,12,1304
48808,2026-03-01,52,20,58,38,45,5734
48925,2026-03-01,1,2,10,4,28,1312
48989,2026-03-01,68,21,9,11,12,1607
49009,2026-03-01,57,21,11,19,28,1708
49068,2026-03-01,63,21,5,8,12,742
49099,2026-03-01,59,19,24,27,28,991
49104,2026-03-01,56,20,8,11,12,2150
49130,2026-03-01,33,20,5,17,28,260
49144,2026-03-01,19,14,4,15,28,392
49168,2026-03-01,55,22,34,27,28,12369
49176,2026-03-01,39,17,7,9,12,2952
49214,2026-03-01,11,13,3,6,12,249
49249,2026-03-01,52,20,65,34,45,20846
49313,2026-03-01,69,21,4,27,28,336
49323,2026-03-01,6,10,31,16,28,3033
49353,2026-03-01,57,22,42,27,28,5284
49454,2026-03-01,18,14,6,2,12,122
49489,2026-03-01,22,16,8,4,12,1425
49517,2026-03-01,4,7,27,13,45,2262
49598,2026-03-01,3,4,42,6,60,2932
49606,2026-03-01,18,14,2,2,12,458
49617,2026-03-01,49,22,17,15,28,3093
49639,2026-03-01,76,21,39,42,45,4486
49642,2026-03-01,46,18,8,10,12,1946
49707,2026-03-01,77,22,71,41,45,5947
49714,2026-03-01,39,19,3,21,28,355
49720,2026-03-01,34,17,10,11,12,1578
49783,2026-03-01,53,22,7,11,12,1015
49791,2026-03-01,2,3,17,4,60,232
49794,2026-03-01,46,21,30,23,28,3090
49808,2026-03-01,53,22,3,10,12,472
49872,2026-03-01,7,9,2,11,28,1
49884,2026-03-01,54,22,106,43,45,3617
49913,2026-03-01,46,17,5,13,28,113
49931,2026-03-01,65,21,173,57,60,18769
49980,2026-03-01,20,15,17,39,60,3159
18,2026-04-01,1,1,0,3,28,0
19,2026-04-01,49,19,9,20,28,849
23,2026-04-01,32,17,9,24,28,1939
43,2026-04-01,45,18,82,41,45,4329
48,2026-04-01,53,22,7,11,12,977
50,2026-04-01,37,17,8,7,12,1091
58,2026-04-01,11,9,4,19,28,745
119,2026-04-01,29,16,55,35,45,2767
155,2026-04-01,52,21,11,24,28,3111
222,2026-04-01,70,21,3,11,12,771
247,2026-04-01,71,21,9,43,45,2216
259,2026-04-01,50,21,188,56,60,45920
283,2026-04-01,62,21,64,37,45,3935
290,2026-04-01,21,16,1,7,12,191
291,2026-04-01,54,21,5,9,12,765
300,2026-04-01,7,8,50,16,60,11003
308,2026-04-01,5,7,5,8,28,626
319,2026-04-01,56,19,13,50,60,531
334,2026-04-01,57,22,69,27,28,8612
335,2026-04-01,53,20,4,9,12,712
341,2026-04-01,23,15,26,25,45,1965
356,2026-04-01,37,20,7,3,12,586
379,2026-04-01,54,22,12,34,45,3801
460,2026-04-01,29,19,22,28,45,2086
508,2026-04-01,3,4,39,8,60,2099
531,2026-04-01,73,22,12,10,12,2220
575,2026-04-01,39,19,29,36,45,2090
668,2026-04-01,26,19,1,4,12,85
685,2026-04-01,25,18,3,6,12,253
689,2026-04-01,42,20,3,24,28,168
738,2026-04-01,33,18,104,14,45,12116
855,2026-04-01,40,19,5,20,28,597
895,2026-04-01,14,14,4,4,12,680
999,2026-04-01,22,15,9,17,28,1279
1001,2026-04-01,6,8,2,13,45,120
1004,2026-04-01,21,14,37,16,28,7669
1022,2026-04-01,47,20,52,27,28,1843
1048,2026-04-01,68,21,35,27,28,1779
1054,2026-04-01,11,12,3,3,12,161
1061,2026-04-01,73,21,6,11,12,317
1073,2026-04-01,72,22,2,43,45,1284
1074,2026-04-01,13,14,7,6,12,2430
1092,2026-04-01,11,9,2,3,12,338
1107,2026-04-01,62,18,20,56,60,7237
1125,2026-04-01,71,22,5,11,12,1734
1167,2026-04-01,5,6,1,4,28,83
1188,2026-04-01,4,5,1,2,12,30
1227,2026-04-01,58,22,10,11,12,69
1237,2026-04-01,55,22,7,10,12,1539
1240,2026-04-01,32,17,7,25,45,885
1275,2026-04-01,29,19,28,12,28,1253
1314,2026-04-01,42,20,8,17,28,2557
1345,2026-04-01,34,17,130,53,60,14707
1362,2026-04-01,10,12,1,11,45,59
1385,2026-04-01,62,20,2,27,28,153
1387,2026-04-01,3,5,2,6,28,274
1402,2026-04-01,40,21,23,30,60,4074
1406,2026-04-01,30,19,52,14,28,8621
1460,2026-04-01,5,8,1,4,12,41
1806,2026-04-01,10,10,24,9,45,1792
1807,2026-04-01,59,21,28,35,60,3602
1822,2026-04-01,7,8,2,7,12,332
1917,2026-04-01,53,20,42,43,60,8725
1937,2026-04-01,1,2,5,6,45,224
1974,2026-04-01,54,20,5,23,28,303
1983,2026-04-01,70,21,63,33,45,24760
2044,2026-04-01,3,6,0,3,12,0
2060,2026-04-01,43,21,12,10,12,1407
2082,2026-04-01,27,17,29,35,45,4536
2244,2026-04-01,6,8,3,6,12,130
2259,2026-04-01,5,8,1,5,12,324
2383,2026-04-01,17,16,6,4,12,202
2529,2026-04-01,5,8,2,4,12,86
2554,2026-04-01,45,22,84,48,60,11113
2555,2026-04-01,41,20,45,28,45,2354
2575,2026-04-01,24,14,2,7,12,137
2608,2026-04-01,31,17,10,29,45,1029
2620,2026-04-01,53,20,10,46,60,4208
2668,2026-04-01,44,19,8,5,12,259
2698,2026-04-01,7,9,27,15,45,2699
2705,2026-04-01,53,22,37,55,60,8444
2713,2026-04-01,14,14,3,3,12,272
2754,2026-04-01,55,22,3,26,28,505
2761,2026-04-01,59,21,6,9,12,1134
2768,2026-04-01,39,20,3,39,45,154
2803,2026-04-01,30,18,46,30,45,9454
2845,2026-04-01,43,19,54,30,60,6276
2899,2026-04-01,4,6,1,6,28,32
2920,2026-04-01,22,14,33,34,45,2445
2939,2026-04-01,3,4,23,44,60,1386
3036,2026-04-01,75,22,30,26,28,4111
3054,2026-04-01,66,22,4,11,12,302
3171,2026-04-01,7,9,27,34,60,1776
3225,2026-04-01,53,20,4,11,12,1011
3262,2026-04-01,18,14,21,12,28,4105
3263,2026-04-01,19,14,4,3,28,650
3285,2026-04-01,68,21,68,57,60,5982
3295,2026-04-01,56,22,56,26,28,13075
3297,2026-04-01,12,11,1,5,12,137
3344,2026-04-01,51,21,9,26,28,2023
3421,2026-04-01,48,20,16,49,60,3175
3422,2026-04-01,39,22,14,22,28,1971
3470,2026-04-01,13,13,7,2,12,373
3583,2026-04-01,76,22,2,10,12,294
3656,2026-04-01,18,15,7,5,12,980
3669,2026-04-01,8,10,6,11,28,309
3685,2026-04-01,57,22,12,30,45,6169
3805,2026-04-01,22,17,21,29,60,2040
3835,2026-04-01,61,22,13,14,28,967
3840,2026-04-01,71,22,5,11,12,912
3958,2026-04-01,45,20,7,5,12,834
3966,2026-04-01,45,20,9,10,12,303
4019,2026-04-01,3,5,36,2,45,5004
4049,2026-04-01,30,20,3,30,45,167
4108,2026-04-01,51,18,40,51,60,6921
4197,2026-04-01,2,2,10,19,60,477
4281,2026-04-01,7,10,11,4,28,2645
4306,2026-04-01,20,15,5,16,28,173
4376,2026-04-01,36,19,8,9,12,1610
4453,2026-04-01,29,19,28,25,45,6929
4480,2026-04-01,22,16,7,17,28,906
4520,2026-04-01,78,22,9,11,12,1085
4534,2026-04-01,39,19,3,40,45,586
4562,2026-04-01,21,17,8,3,12,201
4576,2026-04-01,26,17,5,16,28,877
4613,2026-04-01,4,5,3,3,28,317
4626,2026-04-01,8,9,26,14,45,3688
4654,2026-04-01,10,13,25,16,45,2265
4719,2026-04-01,8,10,48,14,60,1772
4759,2026-04-01,57,22,5,25,28,404
4788,2026-04-01,67,22,28,40,45,5902
4796,2026-04-01,51,20,4,9,12,585
4810,2026-04-01,53,19,30,37,45,15092
4819,2026-04-01,23,15,128,16,60,11744
4858,2026-04-01,6,8,3,4,12,449
4922,2026-04-01,31,17,8,24,28,2117
4953,2026-04-01,6,7,37,6,45,3661
4988,2026-04-01,6,8,7,8,45,100
5009,2026-04-01,10,12,6,3,12,914
5023,2026-04-01,29,17,10,11,12,2077
5036,2026-04-01,2,4,12,10,60,656
5046,2026-04-01,15,15,21,34,45,4777
5161,2026-04-01,22,15,7,7,12,695
5199,2026-04-01,5,7,2,9,28,15
5215,2026-04-01,2,3,5,12,60,189
5217,2026-04-01,15,11,11,3,12,316
5255,2026-04-01,38,20,28,25,28,8525
5329,2026-04-01,21,15,87,27,60,17243
5367,2026-04-01,38,20,53,35,60,10785
5370,2026-04-01,5,6,28,19,60,366
5398,2026-04-01,17,13,28,8,28,3942
5411,2026-04-01,57,22,74,43,45,18953
5428,2026-04-01,77,22,12,27,28,1589
5468,2026-04-01,65,22,7,21,28,2775
5513,2026-04-01,42,17,35,54,60,3539
5535,2026-04-01,1,1,14,12,60,2251
5566,2026-04-01,7,8,3,4,28,426
5589,2026-04-01,62,22,17,26,28,1947
5610,2026-04-01,7,9,21,27,60,430
5614,2026-04-01,3,5,11,4,45,1089
5657,2026-04-01,18,16,0,9,12,0
5659,2026-04-01,9,13,11,25,45,591
5678,2026-04-01,1,1,0,5,45,0
5717,2026-04-01,39,19,23,41,45,2599
5747,2026-04-01,0,0,6,1,45,103
5749,2026-04-01,70,20,4,25,28,282
5754,2026-04-01,8,10,1,9,12,249
5786,2026-04-01,70,22,4,24,28,62
5855,2026-04-01,26,17,7,7,12,143
5985,2026-04-01,77,22,4,11,12,655
6051,2026-04-01,20,14,9,7,12,1440
6058,2026-04-01,49,20,8,22,28,196
6092,2026-04-01,28,15,45,25,45,3059
6096,2026-04-01,56,21,9,23,45,960
6100,2026-04-01,54,19,27,43,45,9371
6117,2026-04-01,6,9,35,14,45,6205
6134,2026-04-01,46,20,3,9,12,507
6149,2026-04-01,14,12,48,10,45,7845
6209,2026-04-01,4,8,9,6,12,350
6250,2026-04-01,7,10,4,4,12,517
6293,2026-04-01,7,11,31,20,45,1834
6298,2026-04-01,46,21,11,15,28,3143
6312,2026-04-01,58,22,9,10,12,594
6317,2026-04-01,13,10,2,5,12,405
6330,2026-04-01,9,8,1,5,12,42
6359,2026-04-01,19,14,1,7,12,56
6362,2026-04-01,80,22,4,11,12,140
6392,2026-04-01,3,6,9,16,60,320
6483,2026-04-01,5,7,4,1,12,445
6487,2026-04-01,30,17,4,7,12,1332
6505,2026-04-01,39,19,4,15,28,823
6514,2026-04-01,1,2,2,1,28,101
6515,2026-04-01,1,1,1,2,28,47
6529,2026-04-01,68,20,70,55,60,14658
6545,2026-04-01,36,19,18,30,45,2618
6557,2026-04-01,1,1,27,11,60,2197
6633,2026-04-01,31,17,8,8,12,1392
6653,2026-04-01,39,20,11,41,45,1209
6669,2026-04-01,26,16,6,10,12,379
6670,2026-04-01,20,13,34,41,60,4059
6687,2026-04-01,26,19,2,5,12,475
6693,2026-04-01,9,11,12,39,60,1331
6744,2026-04-01,3,4,7,10,45,1830
6781,2026-04-01,23,20,3,8,28,177
6786,2026-04-01,5,9,20,10,45,894
6814,2026-04-01,61,21,9,10,12,2874
6909,2026-04-01,7,9,3,7,28,232
6937,2026-04-01,57,22,8,11,12,227
6981,2026-04-01,7,12,37,17,60,2560
6997,2026-04-01,26,17,4,5,12,693
7039,2026-04-01,50,20,10,25,28,2295
7058,2026-04-01,31,16,44,24,28,9602
7071,2026-04-01,61,21,5,30,45,475
7225,2026-04-01,49,17,32,41,45,8938
7227,2026-04-01,36,18,14,19,28,4558
7280,2026-04-01,22,15,16,31,60,1687
7319,2026-04-01,53,22,5,10,12,276
7342,2026-04-01,55,21,13,42,45,732
7357,2026-04-01,15,14,5,6,28,302
7359,2026-04-01,68,22,2,26,28,958
7407,2026-04-01,6,11,45,27,60,11900
7429,2026-04-01,27,14,189,22,60,17510
7430,2026-04-01,4,7,3,5,12,56
7486,2026-04-01,4,7,4,7,12,298
7497,2026-04-01,59,22,55,27,28,8776
7498,2026-04-01,6,9,16,5,28,662
7526,2026-04-01,64,22,196,43,45,50281
7609,2026-04-01,64,21,56,36,45,13401
7663,2026-04-01,26,17,18,43,60,1512
7710,2026-04-01,6,8,11,13,45,2014
7806,2026-04-01,32,20,13,24,28,485
7979,2026-04-01,37,19,118,43,60,37956
8004,2026-04-01,4,5,18,22,60,837
8013,2026-04-01,24,19,5,40,45,1028
8039,2026-04-01,9,10,2,14,28,64
8085,2026-04-01,53,22,9,26,28,633
8107,2026-04-01,41,18,30,22,28,1929
8179,2026-04-01,29,19,39,21,28,6338
8186,2026-04-01,40,21,38,25,45,13413
8236,2026-04-01,81,22,2,26,28,541
8339,2026-04-01,5,8,28,31,45,1772
8340,2026-04-01,31,15,11,7,12,2117
8359,2026-04-01,6,7,19,19,60,859
8371,2026-04-01,59,21,9,11,12,3984
8377,2026-04-01,55,20,7,11,12,1321
8392,2026-04-01,67,21,7,11,12,820
8400,2026-04-01,8,10,2,4,12,363
8424,2026-04-01,63,22,2,11,12,519
8642,2026-04-01,13,9,5,20,28,694
8646,2026-04-01,7,9,2,3,12,282
8712,2026-04-01,31,17,4,17,28,1020
8727,2026-04-01,5,6,6,4,28,70
8775,2026-04-01,37,18,1,7,12,224
8799,2026-04-01,7,9,5,10,28,151
8844,2026-04-01,43,19,9,24,28,749
8874,2026-04-01,5,9,25,6,28,3736
8895,2026-04-01,51,19,147,38,60,44824
8906,2026-04-01,22,15,3,11,12,311
8924,2026-04-01,58,22,3,23,28,557
8982,2026-04-01,11,9,36,20,60,3732
9050,2026-04-01,69,22,11,11,12,2944
9057,2026-04-01,14,15,4,3,12,301
9083,2026-04-01,60,21,5,11,12,448
9104,2026-04-01,8,10,2,14,28,115
9112,2026-04-01,63,21,57,24,28,4394
9122,2026-04-01,70,21,11,11,12,3162
9141,2026-04-01,5,8,2,15,28,222
9157,2026-04-01,43,21,11,24,28,574
9229,2026-04-01,28,14,48,32,45,6417
9269,2026-04-01,5,6,3,3,12,375
9272,2026-04-01,39,17,2,10,12,170
9313,2026-04-01,19,14,1,11,28,121
9365,2026-04-01,22,16,33,30,45,3494
9399,2026-04-01,15,14,3,9,12,764
9434,2026-04-01,50,22,3,23,28,227
9465,2026-04-01,67,21,11,11,12,2161
9477,2026-04-01,4,6,7,12,60,926
9505,2026-04-01,13,14,49,31,45,18662
9518,2026-04-01,1,1,4,2,28,72
9557,2026-04-01,3,5,33,27,45,581
9562,2026-04-01,12,13,34,20,45,5996
9565,2026-04-01,11,12,42,10,28,13742
9636,2026-04-01,24,17,19,11,28,3840
9694,2026-04-01,21,16,39,23,45,4369
9703,2026-04-01,15,14,18,28,60,3702
9720,2026-04-01,7,10,7,7,12,235
9724,2026-04-01,43,19,49,26,28,26110
9768,2026-04-01,36,17,36,13,45,3606
9794,2026-04-01,48,21,7,11,12,237
9836,2026-04-01,23,16,44,18,45,732
9855,2026-04-01,47,22,25,31,45,3502
9866,2026-04-01,12,11,9,6,12,1596
9913,2026-04-01,40,19,1,24,28,453
9947,2026-04-01,33,18,10,13,28,804
9995,2026-04-01,47,20,42,27,45,5035
10006,2026-04-01,71,20,65,22,45,22402
10160,2026-04-01,8,8,1,5,12,50
10214,2026-04-01,25,18,2,9,12,247
10246,2026-04-01,41,21,4,10,12,1073
10268,2026-04-01,52,21,16,43,45,932
10289,2026-04-01,21,16,31,25,45,2094
10299,2026-04-01,67,21,109,56,60,49433
10304,2026-04-01,65,22,13,11,12,1893
10316,2026-04-01,41,21,58,18,45,26386
10322,2026-04-01,37,19,8,4,12,430
10330,2026-04-01,52,22,196,43,45,27439
10376,2026-04-01,35,20,4,21,28,457
10429,2026-04-01,36,18,63,23,45,7258
10432,2026-04-01,67,22,2,5,12,329
10457,2026-04-01,49,20,3,9,12,1010
10490,2026-04-01,19,14,3,9,12,1086
10516,2026-04-01,58,21,7,20,28,1088
10529,2026-04-01,77,21,13,27,28,6032
10539,2026-04-01,7,10,18,10,28,3855
10578,2026-04-01,49,18,43,41,45,1601
10591,2026-04-01,67,22,9,11,12,1411
10606,2026-04-01,2,2,4,6,45,93
10704,2026-04-01,4,6,2,0,12,231
10745,2026-04-01,30,18,4,6,12,278
10771,2026-04-01,30,18,31,19,45,845
10776,2026-04-01,0,0,0,2,12,0
10780,2026-04-01,30,17,6,19,28,3794
10808,2026-04-01,29,18,4,8,12,683
10855,2026-04-01,5,9,2,19,28,215
10883,2026-04-01,11,11,50,32,60,5492
10941,2026-04-01,27,15,17,42,45,2655
10973,2026-04-01,3,5,20,5,28,1068
10974,2026-04-01,19,14,21,25,45,7748
11021,2026-04-01,48,20,3,9,12,844
11068,2026-04-01,7,8,3,2,28,573
11117,2026-04-01,36,22,192,35,45,5276
11188,2026-04-01,3,4,2,14,28,60
11225,2026-04-01,63,22,6,27,28,2693
11261,2026-04-01,8,10,2,9,28,341
11277,2026-04-01,74,21,99,56,60,32470
11348,2026-04-01,32,19,3,8,12,604
11410,2026-04-01,33,19,9,4,12,330
11414,2026-04-01,4,6,5,28,45,297
11425,2026-04-01,9,11,8,25,45,874
11457,2026-04-01,51,21,8,27,28,446
11474,2026-04-01,80,22,12,11,12,6755
11478,2026-04-01,48,16,50,18,28,11941
11496,2026-04-01,48,19,1,16,28,156
11499,2026-04-01,39,19,3,18,28,520
11527,2026-04-01,9,8,3,19,28,534
11639,2026-04-01,53,19,5,8,12,1869
11650,2026-04-01,30,20,20,40,60,3633
11662,2026-04-01,3,6,0,7,28,0
11789,2026-04-01,25,15,42,53,60,9124
11833,2026-04-01,51,20,4,11,12,1510
11861,2026-04-01,29,19,6,11,12,1185
11877,2026-04-01,12,13,6,5,12,1743
11883,2026-04-01,25,17,40,28,45,2978
11941,2026-04-01,30,16,38,21,28,3485
12008,2026-04-01,68,22,3,11,12,822
12050,2026-04-01,56,22,4,26,28,399
12095,2026-04-01,42,20,39,39,45,962
12103,2026-04-01,51,20,55,26,45,5510
12136,2026-04-01,42,19,11,11,12,695
12148,2026-04-01,3,5,1,1,12,18
12176,2026-04-01,67,22,42,40,45,6706
12218,2026-04-01,51,21,12,8,12,680
12239,2026-04-01,29,17,11,7,12,1442
12244,2026-04-01,52,22,8,26,28,837
12276,2026-04-01,72,22,5,11,12,1214
12321,2026-04-01,21,15,35,31,45,6963
12357,2026-04-01,75,21,50,43,45,11921
12358,2026-04-01,35,17,9,12,28,1353
12375,2026-04-01,24,16,44,38,60,5845
12392,2026-04-01,11,12,2,2,12,184
12436,2026-04-01,5,6,2,22,28,21
12473,2026-04-01,51,21,2,21,28,299
12586,2026-04-01,36,20,2,24,28,413
12587,2026-04-01,22,14,38,11,45,1027
12588,2026-04-01,19,15,9,7,12,515
12590,2026-04-01,47,20,104,47,60,17562
12592,2026-04-01,51,19,9,8,12,541
12602,2026-04-01,26,14,1,4,12,146
12617,2026-04-01,48,20,67,48,60,9968
12673,2026-04-01,31,18,16,7,28,1242
12693,2026-04-01,0,0,0,1,12,0
12728,2026-04-01,57,21,53,43,45,8862
12734,2026-04-01,31,18,49,21,28,5662
12772,2026-04-01,43,19,2,19,28,349
12819,2026-04-01,51,21,3,24,28,1158
12832,2026-04-01,7,8,8,2,12,343
12867,2026-04-01,7,10,5,9,28,383
12923,2026-04-01,30,17,24,18,45,4376
12931,2026-04-01,8,10,5,4,28,877
12951,2026-04-01,10,9,72,50,60,3378
12962,2026-04-01,29,16,32,11,28,3412
12990,2026-04-01,62,22,2,9,12,331
13010,2026-04-01,80,22,74,43,45,8610
13113,2026-04-01,30,19,2,17,28,577
13155,2026-04-01,72,22,2,11,12,378
13213,2026-04-01,4,8,12,15,45,873
13215,2026-04-01,26,15,10,25,28,1733
13230,2026-04-01,32,19,2,23,28,280
13240,2026-04-01,53,21,40,23,28,27677
13254,2026-04-01,52,22,10,27,28,2376
13267,2026-04-01,27,19,160,35,60,18492
13308,2026-04-01,22,16,4,10,12,613
13325,2026-04-01,1,1,0,3,12,0
13412,2026-04-01,19,16,1,7,12,165
13422,2026-04-01,2,4,44,6,60,5478
13468,2026-04-01,60,22,3,19,28,276
13481,2026-04-01,15,12,8,9,28,384
13513,2026-04-01,7,11,3,7,28,350
13539,2026-04-01,16,16,19,20,60,2118
13552,2026-04-01,3,6,3,5,28,460
13562,2026-04-01,4,5,1,3,12,1
13575,2026-04-01,38,22,17,20,60,3297
13592,2026-04-01,49,20,93,54,60,9895
13618,2026-04-01,45,20,1,19,28,158
13637,2026-04-01,2,4,4,6,28,486
13647,2026-04-01,48,22,3,24,28,510
13704,2026-04-01,6,9,1,1,12,27
13766,2026-04-01,8,10,5,5,12,480
13806,2026-04-01,16,12,7,18,60,1401
13885,2026-04-01,57,21,62,26,28,7862
13892,2026-04-01,32,18,133,22,45,9497
13997,2026-04-01,10,12,3,2,12,531
14004,2026-04-01,62,22,43,27,28,763
14020,2026-04-01,45,16,2,19,28,524
14225,2026-04-01,32,19,10,7,12,851
14249,2026-04-01,41,19,2,17,28,313
14270,2026-04-01,18,14,45,18,60,1174
14271,2026-04-01,55,22,8,11,12,1743
14279,2026-04-01,39,17,60,43,45,11065
14289,2026-04-01,57,22,39,37,60,15049
14309,2026-04-01,2,2,1,5,12,100
14362,2026-04-01,44,19,5,9,12,260
14388,2026-04-01,37,18,6,9,12,2319
14393,2026-04-01,7,10,1,6,12,131
14532,2026-04-01,23,16,34,36,60,7490
14549,2026-04-01,15,16,3,16,45,882
14642,2026-04-01,22,15,1,14,45,234
14674,2026-04-01,30,21,107,38,60,19772
14690,2026-04-01,3,4,59,7,60,8113
14706,2026-04-01,79,22,27,25,28,2398
14732,2026-04-01,47,19,6,23,28,1781
14743,2026-04-01,53,21,4,23,28,96
14778,2026-04-01,1,2,1,7,45,18
14803,2026-04-01,75,22,12,9,12,1460
14827,2026-04-01,42,19,5,23,28,1818
14837,2026-04-01,54,21,21,37,45,3507
14970,2026-04-01,41,21,2,22,28,527
15049,2026-04-01,45,21,9,9,12,663
15186,2026-04-01,54,20,3,17,28,1656
15189,2026-04-01,76,21,8,11,12,1784
15193,2026-04-01,8,9,19,6,28,1000
15195,2026-04-01,1,2,1,4,45,83
15207,2026-04-01,26,19,5,21,28,1449
15256,2026-04-01,3,5,2,1,12,165
15315,2026-04-01,72,21,9,11,12,1967
15368,2026-04-01,38,21,2,6,12,324
15380,2026-04-01,61,21,4,43,45,712
15389,2026-04-01,40,18,5,9,12,1065
15412,2026-04-01,10,13,10,9,28,974
15472,2026-04-01,6,9,2,3,28,176
15508,2026-04-01,3,4,2,8,45,221
15612,2026-04-01,13,12,5,1,12,662
15628,2026-04-01,3,4,10,6,45,2801
15639,2026-04-01,65,21,10,11,12,1724
15642,2026-04-01,2,3,1,18,28,36
15694,2026-04-01,32,15,4,5,12,242
15741,2026-04-01,21,14,4,5,12,80
15774,2026-04-01,17,15,11,35,45,2375
15791,2026-04-01,16,13,1,7,12,2
15858,2026-04-01,47,21,14,10,12,1299
15909,2026-04-01,63,22,85,43,45,39863
15962,2026-04-01,31,18,11,4,12,1403
16009,2026-04-01,51,21,49,43,45,5466
16036,2026-04-01,7,9,8,21,45,727
16048,2026-04-01,46,20,6,10,12,1825
16073,2026-04-01,42,20,55,43,45,24651
16131,2026-04-01,42,20,70,38,45,47002
16241,2026-04-01,27,17,4,8,12,466
16280,2026-04-01,77,22,13,27,28,1867
16284,2026-04-01,2,2,21,10,45,1696
16348,2026-04-01,22,16,27,23,28,1151
16353,2026-04-01,69,22,5,9,12,229
16381,2026-04-01,36,20,5,11,12,1535
16405,2026-04-01,17,14,78,23,60,6748
16487,2026-04-01,21,13,85,27,60,5384
16664,2026-04-01,54,20,4,18,28,471
16705,2026-04-01,11,10,3,8,12,131
16712,2026-04-01,1,1,12,7,60,303
16769,2026-04-01,9,11,15,6,45,1322
16799,2026-04-01,33,19,3,11,12,651
16832,2026-04-01,52,20,3,27,28,289
16883,2026-04-01,71,22,7,11,12,1725
16905,2026-04-01,2,4,4,5,12,177
16933,2026-04-01,42,22,132,43,45,7991
16956,2026-04-01,32,18,47,19,28,19614
16963,2026-04-01,17,15,17,38,45,6372
16996,2026-04-01,7,9,2,14,45,158
17010,2026-04-01,8,11,3,8,12,107
17072,2026-04-01,41,18,43,23,45,3110
17095,2026-04-01,30,18,33,25,60,1199
17147,2026-04-01,24,15,36,8,28,4595
17352,2026-04-01,76,22,8,10,12,1555
17368,2026-04-01,28,16,6,18,28,659
17378,2026-04-01,3,4,34,12,60,4745
17430,2026-04-01,64,21,179,54,60,38397
17432,2026-04-01,23,17,20,25,45,3889
17555,2026-04-01,30,18,39,21,28,15677
17565,2026-04-01,38,20,47,30,45,5928
17606,2026-04-01,35,17,7,13,28,1350
17648,2026-04-01,3,5,2,7,12,217
17710,2026-04-01,43,19,10,21,28,1195
17724,2026-04-01,33,16,1,18,28,345
17745,2026-04-01,74,21,159,57,60,28189
17774,2026-04-01,16,15,101,39,60,15749
17794,2026-04-01,13,12,13,15,28,2756
17800,2026-04-01,63,21,23,43,45,5927
17818,2026-04-01,62,22,9,18,28,2301
17819,2026-04-01,25,16,3,11,28,503
17838,2026-04-01,55,22,13,26,28,3668
17862,2026-04-01,7,10,9,15,28,677
17920,2026-04-01,3,4,3,4,60,186
17923,2026-04-01,58,22,13,11,12,5243
17929,2026-04-01,9,10,10,25,60,1894
17960,2026-04-01,23,18,8,8,12,289
17974,2026-04-01,21,15,8,9,12,771
17993,2026-04-01,76,22,37,47,60,10074
17998,2026-04-01,81,22,9,11,12,4284
18009,2026-04-01,20,14,57,40,45,11733
18013,2026-04-01,14,14,3,3,12,649
18050,2026-04-01,14,11,1,17,28,180
18057,2026-04-01,67,22,7,26,28,1000
18088,2026-04-01,24,17,7,13,28,804
18104,2026-04-01,9,9,11,7,45,1127
18130,2026-04-01,65,22,71,23,45,6997
18148,2026-04-01,61,22,81,36,45,2053
18211,2026-04-01,8,10,3,16,28,61
18219,2026-04-01,45,18,24,43,45,1473
18303,2026-04-01,24,17,10,32,45,2709
18307,2026-04-01,38,18,50,20,45,7961
18349,2026-04-01,30,17,4,7,12,642
18516,2026-04-01,18,12,2,6,12,606
18605,2026-04-01,24,16,4,11,45,143
18606,2026-04-01,81,22,8,11,12,1318
18662,2026-04-01,52,21,10,10,12,2662
18682,2026-04-01,14,14,36,8,28,1869
18710,2026-04-01,75,22,6,27,28,346
18720,2026-04-01,65,21,10,40,45,2261
18732,2026-04-01,21,15,1,7,12,97
18752,2026-04-01,3,5,13,5,60,358
18783,2026-04-01,5,9,1,10,28,119
18808,2026-04-01,41,21,5,11,12,974
18811,2026-04-01,42,20,2,35,45,640
18861,2026-04-01,26,16,4,5,12,2316
18887,2026-04-01,80,22,63,43,60,16717
18901,2026-04-01,28,19,22,24,28,7740
18902,2026-04-01,39,20,41,24,28,5077
18914,2026-04-01,33,17,7,2,12,2179
18943,2026-04-01,3,5,2,2,12,33
18997,2026-04-01,15,12,6,21,28,810
19002,2026-04-01,62,22,64,40,45,11920
19036,2026-04-01,11,11,31,40,60,3806
19079,2026-04-01,49,21,38,27,28,2756
19095,2026-04-01,16,13,8,14,28,632
19107,2026-04-01,2,3,2,6,12,54
19198,2026-04-01,5,7,7,7,28,389
19221,2026-04-01,65,21,2,41,45,173
19266,2026-04-01,24,14,4,13,28,953
19444,2026-04-01,13,11,2,22,28,202
19456,2026-04-01,5,9,22,20,45,2994
19468,2026-04-01,16,13,7,6,12,453
19491,2026-04-01,5,7,4,3,12,224
19508,2026-04-01,12,14,4,16,28,954
19560,2026-04-01,30,16,13,7,12,1473
19563,2026-04-01,19,14,3,8,12,433
19676,2026-04-01,38,20,15,41,45,1608
19694,2026-04-01,6,7,1,2,12,302
19729,2026-04-01,21,14,11,17,28,1770
19746,2026-04-01,65,22,19,27,28,4949
19769,2026-04-01,68,22,12,11,12,2205
19777,2026-04-01,33,19,6,10,12,1188
19794,2026-04-01,19,14,6,9,28,581
19811,2026-04-01,53,19,4,27,28,834
19926,2026-04-01,1,1,1,12,45,190
19943,2026-04-01,63,22,165,43,45,35808
20071,2026-04-01,72,22,11,11,12,1723
20082,2026-04-01,6,10,49,9,45,9148
20131,2026-04-01,46,21,2,15,28,395
20162,2026-04-01,39,20,34,42,45,3424
20218,2026-04-01,0,0,0,1,12,0
20244,2026-04-01,61,22,56,27,28,2411
20288,2026-04-01,18,13,101,39,45,3462
20296,2026-04-01,52,21,12,9,12,3050
20335,2026-04-01,45,20,4,21,28,206
20357,2026-04-01,69,22,71,52,60,10178
20391,2026-04-01,50,20,23,25,28,8180
20402,2026-04-01,42,22,25,25,28,4599
20457,2026-04-01,63,22,4,27,28,1352
20480,2026-04-01,43,20,4,24,28,394
20493,2026-04-01,59,21,6,27,28,1158
20516,2026-04-01,59,22,7,27,28,187
20574,2026-04-01,27,17,2,24,28,252
20595,2026-04-01,54,20,6,8,12,1675
20597,2026-04-01,3,4,2,3,12,274
20677,2026-04-01,33,19,43,40,45,12157
20686,2026-04-01,18,13,63,43,60,6259
20711,2026-04-01,51,21,95,57,60,19252
20797,2026-04-01,18,16,4,5,12,635
20821,2026-04-01,60,22,28,45,60,141
20940,2026-04-01,54,22,7,10,12,375
20947,2026-04-01,75,22,4,11,12,456
20987,2026-04-01,54,22,7,11,12,132
20988,2026-04-01,7,9,3,12,28,270
20992,2026-04-01,23,13,4,10,12,417
21026,2026-04-01,36,19,5,6,12,210
21126,2026-04-01,25,16,3,5,28,279
21146,2026-04-01,76,21,3,11,12,192
21156,2026-04-01,55,19,11,43,45,3212
21170,2026-04-01,9,9,2,9,12,272
21189,2026-04-01,38,18,3,11,12,384
21277,2026-04-01,62,22,10,25,28,3132
21287,2026-04-01,27,14,2,24,28,534
21288,2026-04-01,76,22,13,10,12,5200
21504,2026-04-01,11,8,4,17,28,396
21512,2026-04-01,43,17,2,10,12,137
21526,2026-04-01,22,17,7,12,28,219
21542,2026-04-01,8,9,4,5,12,1041
21561,2026-04-01,18,14,4,7,12,271
21682,2026-04-01,34,19,51,37,45,2198
21751,2026-04-01,20,17,10,37,45,2317
21783,2026-04-01,47,21,5,22,28,2082
21823,2026-04-01,61,22,8,11,12,3444
22031,2026-04-01,55,19,33,27,28,2636
22041,2026-04-01,75,22,3,26,28,665
22106,2026-04-01,27,18,3,12,28,247
22110,2026-04-01,57,22,4,7,12,424
22139,2026-04-01,21,16,2,3,12,403
22154,2026-04-01,52,22,9,11,12,1643
22215,2026-04-01,8,10,4,4,12,676
22217,2026-04-01,40,18,12,25,28,2390
22290,2026-04-01,58,22,18,42,45,3807
22291,2026-04-01,3,6,0,3,28,0
22293,2026-04-01,65,21,73,39,45,7465
22297,2026-04-01,57,21,12,38,45,2224
22340,2026-04-01,62,22,12,25,28,9200
22343,2026-04-01,43,20,10,32,45,370
22350,2026-04-01,19,15,15,26,60,3282
22372,2026-04-01,13,14,6,4,12,157
22416,2026-04-01,46,19,12,25,28,4536
22475,2026-04-01,5,6,4,13,28,383
22485,2026-04-01,50,22,20,26,28,939
22487,2026-04-01,27,17,2,17,28,213
22492,2026-04-01,0,0,5,2,45,566
22541,2026-04-01,18,12,4,5,12,205
22573,2026-04-01,69,21,12,27,28,2827
22593,2026-04-01,0,0,0,1,12,0
22599,2026-04-01,41,18,3,11,12,348
22603,2026-04-01,38,16,124,54,60,23504
22605,2026-04-01,25,17,3,6,12,423
22662,2026-04-01,61,22,7,40,45,2648
22676,2026-04-01,19,15,3,10,28,328
22710,2026-04-01,35,21,3,7,12,96
22756,2026-04-01,34,18,2,9,12,738
22768,2026-04-01,48,21,10,23,28,2710
22825,2026-04-01,30,18,15,49,60,3115
22836,2026-04-01,65,22,8,26,28,970
22914,2026-04-01,14,15,4,10,12,583
22915,2026-04-01,45,19,5,11,12,63
22949,2026-04-01,7,10,26,29,60,4570
22999,2026-04-01,56,22,60,43,45,2860
23108,2026-04-01,5,8,0,13,28,0
23130,2026-04-01,16,12,21,16,45,1458
23169,2026-04-01,25,14,5,4,12,512
23219,2026-04-01,2,4,2,4,28,581
23338,2026-04-01,4,5,27,21,60,1432
23467,2026-04-01,22,14,24,25,45,2446
23469,2026-04-01,64,22,157,56,60,50841
23484,2026-04-01,19,16,11,9,28,1645
23490,2026-04-01,57,22,10,8,12,2637
23508,2026-04-01,51,19,3,39,45,137
23512,2026-04-01,20,15,7,8,28,811
23518,2026-04-01,43,22,184,46,60,17468
23538,2026-04-01,8,10,2,3,12,180
23713,2026-04-01,40,21,30,18,45,6911
23757,2026-04-01,66,22,2,11,12,131
23892,2026-04-01,21,14,2,5,12,45
23931,2026-04-01,67,22,51,27,28,9694
23959,2026-04-01,25,15,5,11,12,373
24011,2026-04-01,81,22,4,18,28,949
24061,2026-04-01,3,5,1,14,28,56
24087,2026-04-01,12,13,1,29,45,59
24117,2026-04-01,61,21,8,25,28,2145
24199,2026-04-01,66,21,18,43,45,3209
24244,2026-04-01,23,14,10,36,45,1371
24261,2026-04-01,11,13,32,13,45,1283
24298,2026-04-01,22,16,25,26,45,1556
24468,2026-04-01,15,12,33,18,28,15280
24484,2026-04-01,52,21,3,26,28,1034
24530,2026-04-01,61,22,10,11,12,676
24563,2026-04-01,47,19,6,10,12,365
24595,2026-04-01,24,15,8,4,12,866
24618,2026-04-01,63,21,72,53,60,13538
24630,2026-04-01,7,10,4,21,28,642
24703,2026-04-01,24,14,3,11,28,304
24712,2026-04-01,47,20,29,42,45,10068
24733,2026-04-01,25,17,10,21,28,910
24772,2026-04-01,28,16,3,10,12,908
24829,2026-04-01,15,14,6,15,28,626
24838,2026-04-01,7,10,2,3,12,102
24845,2026-04-01,41,19,5,8,12,1037
24848,2026-04-01,54,20,11,9,12,1770
24880,2026-04-01,55,21,1,10,12,260
24948,2026-04-01,78,22,13,11,12,7526
24957,2026-04-01,17,13,44,11,28,4124
24976,2026-04-01,6,7,1,6,12,59
25035,2026-04-01,16,16,7,8,12,709
25075,2026-04-01,75,21,161,57,60,57402
25138,2026-04-01,44,19,48,13,28,2115
25145,2026-04-01,32,19,6,10,12,1696
25235,2026-04-01,9,9,2,20,28,579
25247,2026-04-01,52,22,3,11,12,1203
25256,2026-04-01,73,21,62,42,45,6516
25274,2026-04-01,22,15,37,47,60,2380
25308,2026-04-01,2,3,35,6,45,4695
25319,2026-04-01,42,19,3,9,12,553
25330,2026-04-01,9,12,1,1,12,248
25336,2026-04-01,49,21,5,9,12,2227
25380,2026-04-01,25,17,1,24,28,119
25448,2026-04-01,68,22,14,27,28,2128
25560,2026-04-01,27,16,4,25,28,828
25577,2026-04-01,25,18,43,50,60,3911
25586,2026-04-01,7,9,2,5,12,233
25613,2026-04-01,71,21,62,43,45,13214
25666,2026-04-01,37,20,36,41,60,2350
25679,2026-04-01,43,20,62,26,45,6411
25686,2026-04-01,9,10,4,5,12,770
25687,2026-04-01,37,19,4,20,28,121
25694,2026-04-01,14,15,15,22,28,2931
25696,2026-04-01,61,20,8,11,12,691
25759,2026-04-01,2,2,1,3,12,62
25790,2026-04-01,55,22,12,40,45,2263
25818,2026-04-01,12,14,33,21,45,4501
25858,2026-04-01,5,6,4,4,12,334
25909,2026-04-01,43,22,5,11,12,927
25919,2026-04-01,37,20,33,22,28,3866
25920,2026-04-01,71,21,10,10,12,798
25951,2026-04-01,52,20,2,27,28,534
25988,2026-04-01,59,20,4,11,12,543
26035,2026-04-01,8,9,17,13,45,3330
26042,2026-04-01,52,22,11,11,12,2100
26147,2026-04-01,43,19,10,27,45,1428
26243,2026-04-01,52,21,3,10,28,109
26260,2026-04-01,5,6,2,1,12,74
26277,2026-04-01,36,19,60,28,45,383
26312,2026-04-01,5,7,12,4,28,2086
26445,2026-04-01,40,16,8,19,28,2371
26507,2026-04-01,16,15,3,8,12,1044
26521,2026-04-01,35,17,3,6,12,324
26568,2026-04-01,62,20,143,41,45,98140
26592,2026-04-01,58,20,4,24,28,443
26659,2026-04-01,30,18,6,22,28,252
26664,2026-04-01,54,20,111,41,45,11357
26685,2026-04-01,64,22,3,7,12,439
26714,2026-04-01,23,16,33,16,28,6549
26734,2026-04-01,1,2,11,2,28,236
26744,2026-04-01,42,20,52,20,45,12304
26817,2026-04-01,19,15,49,8,28,2159
26835,2026-04-01,8,9,35,23,60,3575
26865,2026-04-01,15,15,35,48,60,3181
26878,2026-04-01,1,2,2,1,12,194
26911,2026-04-01,46,20,3,9,12,291
26965,2026-04-01,23,15,98,25,60,12159
27087,2026-04-01,28,16,7,3,12,716
27133,2026-04-01,47,20,12,21,28,1671
27248,2026-04-01,66,21,38,38,45,13461
27277,2026-04-01,33,19,2,6,12,207
27315,2026-04-01,22,14,5,6,12,1253
27322,2026-04-01,26,16,34,13,45,10792
27337,2026-04-01,55,22,26,56,60,4014
27381,2026-04-01,67,22,9,11,12,3139
27387,2026-04-01,41,21,38,54,60,10282
27392,2026-04-01,4,5,2,7,12,44
27422,2026-04-01,6,8,2,5,12,62
27489,2026-04-01,61,22,17,43,45,9436
27545,2026-04-01,80,22,4,11,12,788
27558,2026-04-01,69,22,9,11,12,1415
27588,2026-04-01,60,21,3,22,45,540
27670,2026-04-01,6,8,3,4,12,261
27689,2026-04-01,41,18,11,24,28,3149
27708,2026-04-01,63,21,102,57,60,13888
27750,2026-04-01,2,3,1,2,12,293
27778,2026-04-01,62,20,24,35,45,1448
27791,2026-04-01,28,15,31,34,45,2024
27834,2026-04-01,40,20,43,42,45,3691
27940,2026-04-01,54,21,4,21,28,638
27963,2026-04-01,32,19,2,21,28,402
27998,2026-04-01,53,22,21,42,45,7241
28017,2026-04-01,30,17,7,6,12,998
28082,2026-04-01,69,22,7,13,28,2578
28136,2026-04-01,54,21,8,11,12,290
28203,2026-04-01,55,21,11,19,28,2197
28234,2026-04-01,31,17,6,36,45,662
28239,2026-04-01,65,22,6,25,28,1623
28276,2026-04-01,24,17,6,23,28,361
28278,2026-04-01,17,14,15,31,45,940
28284,2026-04-01,32,18,60,27,60,6328
28370,2026-04-01,20,16,15,28,45,2412
28382,2026-04-01,68,20,26,26,28,1942
28397,2026-04-01,68,22,75,27,45,11134
28412,2026-04-01,66,22,8,10,12,705
28440,2026-04-01,45,20,4,8,12,256
28453,2026-04-01,8,10,5,8,12,415
28485,2026-04-01,3,4,18,3,60,708
28508,2026-04-01,60,21,11,10,12,685
28572,2026-04-01,10,12,3,13,28,386
28585,2026-04-01,62,20,58,53,60,16610
28641,2026-04-01,1,1,5,6,60,238
28689,2026-04-01,32,19,1,11,45,178
28746,2026-04-01,54,21,5,43,45,1128
28826,2026-04-01,7,11,13,8,28,1243
28898,2026-04-01,2,2,2,11,60,84
28899,2026-04-01,39,20,4,26,45,608
28909,2026-04-01,0,0,1,3,12,15
28977,2026-04-01,68,22,8,26,28,1414
28987,2026-04-01,14,13,37,12,28,5100
29000,2026-04-01,49,19,7,9,12,215
29074,2026-04-01,16,12,38,34,45,4715
29124,2026-04-01,13,13,117,30,60,16983
29141,2026-04-01,27,13,65,48,60,4974
29155,2026-04-01,24,16,20,25,28,3259
29175,2026-04-01,45,20,3,27,28,615
29218,2026-04-01,34,19,5,25,28,121
29251,2026-04-01,14,17,34,27,45,3983
29261,2026-04-01,0,0,0,2,28,0
29302,2026-04-01,23,16,112,23,45,14943
29303,2026-04-01,50,20,73,18,28,17520
29327,2026-04-01,42,20,2,9,12,160
29331,2026-04-01,6,7,2,5,12,121
29367,2026-04-01,65,22,18,25,28,3541
29404,2026-04-01,65,21,3,11,12,493
29499,2026-04-01,71,21,35,41,45,14899
29526,2026-04-01,7,10,4,4,12,219
29546,2026-04-01,65,21,22,43,45,5660
29667,2026-04-01,64,22,95,43,45,62055
29679,2026-04-01,48,20,6,20,28,546
29688,2026-04-01,67,20,8,11,12,2836
29690,2026-04-01,52,22,8,11,12,1721
29721,2026-04-01,50,21,7,11,12,1287
29723,2026-04-01,10,11,2,9,12,675
29769,2026-04-01,22,17,3,2,28,271
29805,2026-04-01,52,20,4,23,28,834
29832,2026-04-01,42,19,3,27,28,726
29835,2026-04-01,68,20,11,26,28,578
29841,2026-04-01,36,20,151,49,60,17654
29897,2026-04-01,4,7,1,8,28,72
29918,2026-04-01,8,9,4,4,12,287
29922,2026-04-01,48,22,60,54,60,12692
29926,2026-04-01,37,21,9,32,45,60
29939,2026-04-01,9,12,4,5,12,229
29955,2026-04-01,2,3,1,2,12,22
29986,2026-04-01,60,21,30,50,60,3998
30070,2026-04-01,6,9,4,9,28,296
30111,2026-04-01,46,20,98,48,60,23752
30229,2026-04-01,69,22,148,50,60,15034
30263,2026-04-01,71,21,2,10,12,229
30344,2026-04-01,45,18,5,4,12,1231
30372,2026-04-01,2,3,36,37,60,3639
30382,2026-04-01,3,6,2,7,45,69
30410,2026-04-01,40,19,14,14,28,664
30484,2026-04-01,46,21,2,26,28,184
30489,2026-04-01,1,2,4,3,12,580
30559,2026-04-01,19,14,6,13,45,820
30593,2026-04-01,13,11,5,3,12,722
30601,2026-04-01,50,22,214,46,60,14776
30607,2026-04-01,10,11,1,8,12,160
30716,2026-04-01,21,17,2,12,28,149
30736,2026-04-01,76,21,52,41,45,25613
30738,2026-04-01,34,20,10,21,28,2430
30795,2026-04-01,73,22,9,11,12,1734
30798,2026-04-01,30,16,37,12,45,4775
30800,2026-04-01,26,18,9,9,12,426
30819,2026-04-01,78,22,92,54,60,20947
30820,2026-04-01,43,22,9,10,12,936
30839,2026-04-01,28,14,172,34,60,28727
30843,2026-04-01,39,20,2,20,28,169
30866,2026-04-01,5,8,3,3,12,39
30867,2026-04-01,39,20,5,11,12,1486
30905,2026-04-01,54,22,28,27,28,5589
30920,2026-04-01,48,21,5,11,12,462
31005,2026-04-01,9,8,1,6,28,89
31113,2026-04-01,19,14,7,5,28,2160
31125,2026-04-01,6,9,1,16,45,119
31126,2026-04-01,30,17,8,20,28,882
31160,2026-04-01,58,21,8,8,12,1412
31179,2026-04-01,69,21,9,22,28,3125
31201,2026-04-01,10,12,7,15,28,539
31239,2026-04-01,8,12,29,13,60,7443
31245,2026-04-01,18,16,32,23,60,1732
31267,2026-04-01,23,16,17,31,45,5589
31286,2026-04-01,5,8,39,17,60,517
31324,2026-04-01,63,20,7,24,28,1408
31331,2026-04-01,31,20,7,10,12,1234
31348,2026-04-01,59,21,2,7,12,260
31352,2026-04-01,13,14,1,20,45,35
31359,2026-04-01,21,17,1,7,12,53
31392,2026-04-01,8,9,8,4,12,352
31417,2026-04-01,15,12,5,5,12,535
31459,2026-04-01,46,18,83,38,45,8509
31468,2026-04-01,33,18,4,22,28,641
31544,2026-04-01,41,18,52,27,45,5930
31551,2026-04-01,51,22,8,27,28,1520
31563,2026-04-01,12,13,2,7,28,219
31595,2026-04-01,41,20,3,10,12,259
31623,2026-04-01,48,21,67,57,60,4350
31691,2026-04-01,77,21,9,9,12,2214
31701,2026-04-01,33,20,8,11,12,592
31726,2026-04-01,32,17,3,10,28,813
31730,2026-04-01,77,21,12,10,12,1045
31775,2026-04-01,42,21,18,22,28,1844
31786,2026-04-01,5,6,12,20,60,1059
31811,2026-04-01,52,19,10,11,12,234
31852,2026-04-01,29,15,33,9,28,9399
31933,2026-04-01,52,20,15,50,60,2498
31969,2026-04-01,8,11,4,9,12,621
31977,2026-04-01,6,9,11,4,28,657
31983,2026-04-01,37,20,18,31,45,1166
32003,2026-04-01,51,21,52,38,45,1711
32005,2026-04-01,18,13,6,38,45,552
32019,2026-04-01,20,13,6,9,28,487
32021,2026-04-01,4,6,1,1,12,75
32121,2026-04-01,15,11,39,24,28,4543
32137,2026-04-01,13,14,14,3,60,1030
32171,2026-04-01,64,22,28,26,28,4630
32211,2026-04-01,9,9,7,13,28,622
32258,2026-04-01,1,2,6,17,45,629
32302,2026-04-01,13,13,33,15,60,5509
32392,2026-04-01,39,16,5,9,12,474
32405,2026-04-01,11,13,2,15,28,219
32422,2026-04-01,49,21,42,29,60,10983
32430,2026-04-01,68,22,49,27,28,21307
32453,2026-04-01,50,19,2,8,12,207
32521,2026-04-01,45,20,2,7,12,81
32529,2026-04-01,31,18,5,11,12,1137
32531,2026-04-01,61,21,106,40,45,14180
32536,2026-04-01,8,9,3,17,45,222
32544,2026-04-01,4,7,4,21,28,752
32601,2026-04-01,11,9,8,16,28,1490
32617,2026-04-01,0,0,1,1,28,56
32628,2026-04-01,5,8,1,14,28,114
32670,2026-04-01,52,20,15,22,28,1879
32673,2026-04-01,65,22,11,11,12,888
32775,2026-04-01,60,20,7,29,45,915
32811,2026-04-01,24,18,20,28,45,3397
32896,2026-04-01,67,22,156,46,60,72317
32903,2026-04-01,46,21,18,29,45,1584
32920,2026-04-01,9,12,2,6,12,188
32926,2026-04-01,14,14,2,34,45,220
32935,2026-04-01,52,21,77,24,28,15097
32995,2026-04-01,63,22,13,57,60,2783
33018,2026-04-01,33,19,1,11,12,250
33021,2026-04-01,77,21,6,27,28,667
33037,2026-04-01,6,9,20,10,28,2737
33086,2026-04-01,5,8,1,6,12,74
33130,2026-04-01,28,16,8,11,12,2325
33137,2026-04-01,8,10,22,18,45,2318
33138,2026-04-01,66,22,6,11,12,1142
33202,2026-04-01,16,15,24,9,28,688
33208,2026-04-01,3,5,5,9,60,367
33231,2026-04-01,18,15,1,19,45,69
33284,2026-04-01,55,20,2,11,12,404
33289,2026-04-01,6,9,2,2,12,140
33350,2026-04-01,37,20,3,22,28,730
33351,2026-04-01,49,22,5,13,28,308
33372,2026-04-01,7,11,8,10,45,2014
33383,2026-04-01,38,20,46,21,28,2722
33400,2026-04-01,36,19,18,24,45,2612
33450,2026-04-01,55,22,3,27,28,559
33472,2026-04-01,67,22,88,37,45,19337
33586,2026-04-01,24,17,49,9,60,3505
33626,2026-04-01,42,19,52,36,45,4389
33627,2026-04-01,65,20,4,22,28,816
33723,2026-04-01,35,20,3,27,28,803
33729,2026-04-01,25,16,12,23,45,1091
33774,2026-04-01,21,14,3,7,12,129
33776,2026-04-01,18,16,4,5,12,514
33778,2026-04-01,32,18,5,11,12,452
33794,2026-04-01,80,22,72,42,45,5160
33796,2026-04-01,50,20,14,32,45,657
33856,2026-04-01,4,6,1,15,28,66
33870,2026-04-01,2,2,19,14,60,1693
33871,2026-04-01,3,5,28,21,60,991
33919,2026-04-01,30,19,34,32,45,7596
33925,2026-04-01,22,14,3,3,12,787
33931,2026-04-01,9,11,1,6,45,114
33945,2026-04-01,48,20,24,20,28,4419
33971,2026-04-01,36,18,15,42,45,531
33975,2026-04-01,78,22,7,27,28,1308
33986,2026-04-01,29,18,104,33,60,8306
34001,2026-04-01,22,15,11,6,12,1154
34013,2026-04-01,34,17,122,27,60,14251
34038,2026-04-01,24,15,32,15,45,2149
34048,2026-04-01,27,18,8,5,12,847
34076,2026-04-01,10,12,5,4,12,191
34092,2026-04-01,1,2,1,2,28,29
34201,2026-04-01,21,16,4,13,28,517
34261,2026-04-01,23,13,4,17,28,611
34265,2026-04-01,62,20,3,26,28,122
34268,2026-04-01,11,12,1,13,28,163
34291,2026-04-01,6,8,2,14,28,249
34441,2026-04-01,2,3,8,3,28,998
34482,2026-04-01,15,13,4,35,45,145
34499,2026-04-01,64,20,14,43,45,293
34505,2026-04-01,7,13,78,13,60,10487
34534,2026-04-01,37,20,4,11,12,1680
34559,2026-04-01,78,22,70,24,28,2318
34615,2026-04-01,9,13,47,17,45,3513
34721,2026-04-01,62,21,42,25,28,8937
34735,2026-04-01,81,22,58,43,45,18765
34744,2026-04-01,2,4,1,12,28,68
34781,2026-04-01,39,21,3,14,28,626
34795,2026-04-01,29,16,12,6,12,1806
34863,2026-04-01,32,18,4,32,45,196
34879,2026-04-01,8,10,1,12,45,50
34889,2026-04-01,57,20,5,8,12,1320
34955,2026-04-01,32,20,47,36,45,5745
34969,2026-04-01,1,1,1,2,28,90
34988,2026-04-01,54,20,8,11,12,1017
35003,2026-04-01,70,21,39,40,45,7974
35042,2026-04-01,26,17,9,9,12,642
35046,2026-04-01,6,11,2,4,12,215
35057,2026-04-01,66,19,13,26,28,2461
35071,2026-04-01,50,20,45,24,28,3320
35096,2026-04-01,4,7,2,19,28,38
35118,2026-04-01,8,10,3,6,12,482
35136,2026-04-01,63,22,3,11,12,1216
35266,2026-04-01,33,19,3,8,12,185
35270,2026-04-01,56,20,108,53,60,16831
35343,2026-04-01,44,22,7,14,28,727
35346,2026-04-01,26,18,3,5,12,154
35381,2026-04-01,8,10,2,13,45,420
35411,2026-04-01,15,15,1,8,12,57
35412,2026-04-01,20,15,38,30,60,7505
35439,2026-04-01,22,18,3,9,28,626
35528,2026-04-01,49,21,2,8,12,352
35550,2026-04-01,53,21,3,11,12,873
35710,2026-04-01,41,18,4,27,28,760
35763,2026-04-01,53,20,146,42,45,8811
35815,2026-04-01,25,14,2,7,12,102
35860,2026-04-01,9,10,1,20,28,267
35912,2026-04-01,47,19,9,7,12,606
35927,2026-04-01,6,9,6,6,12,283
35933,2026-04-01,23,16,83,10,60,8122
36017,2026-04-01,5,6,19,6,28,1491
36021,2026-04-01,44,20,3,7,12,708
36072,2026-04-01,11,11,2,6,12,189
36076,2026-04-01,5,7,5,16,28,331
36077,2026-04-01,2,4,3,19,28,181
36081,2026-04-01,6,9,3,6,28,344
36117,2026-04-01,50,21,29,43,45,3198
36158,2026-04-01,65,20,2,11,12,110
36173,2026-04-01,51,22,3,11,12,663
36196,2026-04-01,75,21,52,52,60,3864
36197,2026-04-01,39,20,10,23,28,1647
36206,2026-04-01,7,10,3,5,12,75
36240,2026-04-01,18,12,4,3,12,672
36351,2026-04-01,53,22,6,10,12,854
36413,2026-04-01,19,12,66,32,60,5721
36587,2026-04-01,6,9,3,15,28,329
36599,2026-04-01,30,17,10,15,28,2086
36602,2026-04-01,29,20,71,51,60,12523
36773,2026-04-01,25,17,6,21,28,359
36783,2026-04-01,72,21,10,11,12,2172
36791,2026-04-01,62,22,6,27,28,1373
36815,2026-04-01,72,22,16,39,45,1240
36833,2026-04-01,17,13,23,20,45,1433
36886,2026-04-01,52,21,4,10,12,768
36906,2026-04-01,40,19,5,7,12,1371
36920,2026-04-01,58,21,7,25,28,1040
36980,2026-04-01,45,18,40,20,28,6573
36984,2026-04-01,9,11,9,15,45,690
36995,2026-04-01,52,22,144,55,60,40354
37105,2026-04-01,21,15,6,11,12,3476
37109,2026-04-01,16,14,43,35,45,8972
37116,2026-04-01,38,20,143,56,60,4000
37134,2026-04-01,64,22,14,11,12,1945
37179,2026-04-01,15,12,7,6,12,326
37285,2026-04-01,21,14,31,17,45,2480
37335,2026-04-01,79,22,10,11,12,1241
37398,2026-04-01,17,14,7,23,28,282
37419,2026-04-01,8,8,3,32,45,278
37424,2026-04-01,27,17,46,29,60,4581
37460,2026-04-01,16,15,122,46,60,7994
37476,2026-04-01,29,20,3,21,28,40
37487,2026-04-01,44,20,119,34,45,10986
37500,2026-04-01,12,12,5,18,28,155
37545,2026-04-01,40,19,3,19,28,1411
37563,2026-04-01,46,21,62,43,45,21663
37605,2026-04-01,76,22,64,27,28,9008
37672,2026-04-01,6,8,42,14,28,2193
37747,2026-04-01,36,19,1,23,28,220
37748,2026-04-01,4,6,3,5,28,389
37767,2026-04-01,32,21,17,23,28,5267
37940,2026-04-01,62,22,10,27,28,521
37982,2026-04-01,5,7,4,14,60,350
38022,2026-04-01,71,22,13,11,12,1349
38086,2026-04-01,49,21,65,38,45,16934
38095,2026-04-01,58,21,6,26,28,801
38111,2026-04-01,58,19,4,11,12,250
38189,2026-04-01,28,15,4,15,28,243
38197,2026-04-01,34,18,8,25,28,732
38198,2026-04-01,66,22,3,11,12,859
38211,2026-04-01,30,18,10,10,12,701
38227,2026-04-01,19,15,3,18,28,83
38252,2026-04-01,3,5,5,6,45,504
38268,2026-04-01,47,21,5,6,12,235
38270,2026-04-01,7,10,4,14,45,243
38306,2026-04-01,66,21,9,8,12,381
38326,2026-04-01,7,8,1,9,12,73
38367,2026-04-01,2,4,16,4,28,2787
38373,2026-04-01,12,14,3,8,28,165
38423,2026-04-01,79,22,13,25,28,932
38452,2026-04-01,32,17,2,32,45,273
38485,2026-04-01,1,2,6,1,28,338
38612,2026-04-01,15,13,10,23,45,1174
38661,2026-04-01,34,16,6,33,45,848
38664,2026-04-01,6,12,5,9,28,381
38677,2026-04-01,12,11,2,15,28,384
38700,2026-04-01,52,21,2,9,12,591
38728,2026-04-01,3,5,2,3,12,13
38766,2026-04-01,36,20,69,39,45,26425
38770,2026-04-01,60,22,203,57,60,26920
38775,2026-04-01,20,15,4,8,12,480
38812,2026-04-01,6,8,3,1,12,133
38823,2026-04-01,24,16,25,24,28,4060
38848,2026-04-01,73,22,86,43,60,21478
38868,2026-04-01,41,19,80,54,60,7457
38906,2026-04-01,19,13,39,36,60,4847
38939,2026-04-01,42,20,57,37,45,12112
39017,2026-04-01,13,13,3,7,12,70
39037,2026-04-01,56,19,2,18,28,460
39040,2026-04-01,20,13,16,50,60,3408
39062,2026-04-01,3,3,3,7,28,312
39135,2026-04-01,36,20,14,41,45,733
39190,2026-04-01,19,15,6,29,45,99
39196,2026-04-01,8,8,2,10,12,235
39248,2026-04-01,37,18,61,26,28,5109
39346,2026-04-01,17,14,15,33,45,3918
39375,2026-04-01,11,13,36,18,28,3118
39416,2026-04-01,16,14,40,34,60,1738
39454,2026-04-01,29,17,120,24,60,13474
39486,2026-04-01,22,15,4,11,12,757
39515,2026-04-01,26,19,3,8,12,266
39535,2026-04-01,50,19,1,23,28,145
39541,2026-04-01,4,6,1,2,45,67
39592,2026-04-01,28,15,24,39,60,9360
39666,2026-04-01,43,21,2,25,28,253
39685,2026-04-01,3,4,4,5,60,339
39715,2026-04-01,42,19,96,47,60,11452
39739,2026-04-01,62,21,12,8,12,381
39810,2026-04-01,48,20,201,47,60,20455
39869,2026-04-01,26,18,6,3,12,528
39896,2026-04-01,23,17,4,10,28,485
39899,2026-04-01,3,6,2,5,12,220
39965,2026-04-01,73,21,61,36,45,10215
39980,2026-04-01,44,20,70,57,60,5129
40017,2026-04-01,16,13,34,23,45,2661
40026,2026-04-01,50,22,27,43,45,2969
40093,2026-04-01,39,17,3,23,28,214
40154,2026-04-01,2,3,16,9,60,1601
40163,2026-04-01,19,16,8,38,60,288
40166,2026-04-01,28,17,2,36,45,277
40219,2026-04-01,65,20,4,22,28,262
40270,2026-04-01,18,15,5,16,28,1173
40330,2026-04-01,24,15,6,11,28,369
40485,2026-04-01,67,21,9,11,12,1399
40544,2026-04-01,5,8,16,9,60,1138
40555,2026-04-01,59,20,58,22,28,23638
40595,2026-04-01,51,20,26,20,28,6426
40659,2026-04-01,66,21,3,10,12,590
40736,2026-04-01,36,21,23,45,60,4611
40757,2026-04-01,60,20,10,43,45,1234
40776,2026-04-01,68,21,2,11,12,773
40809,2026-04-01,7,9,40,3,60,3827
40826,2026-04-01,52,21,12,27,28,4079
40843,2026-04-01,23,16,4,6,12,649
40849,2026-04-01,29,19,10,4,12,1250
40857,2026-04-01,11,10,3,6,12,141
40892,2026-04-01,34,20,24,30,45,1054
40936,2026-04-01,57,22,3,27,28,779
41021,2026-04-01,33,14,8,11,12,975
41075,2026-04-01,26,16,0,34,45,0
41106,2026-04-01,8,11,23,18,45,2602
41112,2026-04-01,30,18,5,33,45,720
41124,2026-04-01,65,21,4,42,45,525
41128,2026-04-01,70,22,23,26,28,3817
41165,2026-04-01,11,11,16,48,60,2124
41168,2026-04-01,35,19,5,25,28,822
41180,2026-04-01,51,21,10,9,12,1630
41209,2026-04-01,34,18,17,40,45,304
41212,2026-04-01,37,20,5,37,45,1913
41280,2026-04-01,24,15,7,7,12,784
41289,2026-04-01,26,15,5,5,12,2223
41296,2026-04-01,8,11,1,3,12,88
41324,2026-04-01,5,8,2,7,28,204
41404,2026-04-01,36,19,1,6,12,273
41475,2026-04-01,4,7,16,5,28,1324
41508,2026-04-01,21,14,5,8,12,1062
41531,2026-04-01,25,18,45,48,60,5008
41542,2026-04-01,5,8,12,6,45,1835
41554,2026-04-01,33,20,11,21,28,4191
41601,2026-04-01,5,6,1,2,12,66
41660,2026-04-01,20,13,4,19,28,404
41686,2026-04-01,38,21,4,10,12,658
41704,2026-04-01,67,21,1,24,28,181
41709,2026-04-01,4,8,32,10,45,3803
41717,2026-04-01,15,13,2,8,12,456
41724,2026-04-01,18,14,6,8,12,1372
41740,2026-04-01,10,15,5,11,12,574
41776,2026-04-01,28,19,2,12,28,221
41834,2026-04-01,8,9,5,3,12,43
41845,2026-04-01,41,21,33,45,60,2430
41853,2026-04-01,17,15,126,28,60,9438
41859,2026-04-01,56,20,9,22,28,801
41868,2026-04-01,52,22,13,10,12,1676
41869,2026-04-01,14,13,22,11,28,6171
41876,2026-04-01,62,22,82,54,60,4874
41888,2026-04-01,66,22,72,25,28,3606
41897,2026-04-01,7,9,15,29,45,497
41946,2026-04-01,60,20,6,11,12,929
41955,2026-04-01,61,22,6,26,28,1551
41956,2026-04-01,77,22,11,11,12,2964
41961,2026-04-01,54,22,9,25,28,2295
41970,2026-04-01,25,22,10,25,45,1947
41985,2026-04-01,6,8,1,3,12,55
42017,2026-04-01,4,5,2,11,28,570
42058,2026-04-01,31,18,8,17,28,2261
42060,2026-04-01,9,11,28,12,45,1141
42105,2026-04-01,13,13,10,9,12,446
42111,2026-04-01,6,9,2,4,28,383
42170,2026-04-01,63,22,9,11,12,944
42176,2026-04-01,18,15,7,5,12,1495
42196,2026-04-01,16,13,1,3,12,78
42253,2026-04-01,3,4,4,2,12,287
42264,2026-04-01,73,22,8,42,45,950
42269,2026-04-01,47,19,4,37,45,286
42382,2026-04-01,5,7,36,12,45,3236
42398,2026-04-01,14,13,110,10,60,5076
42428,2026-04-01,35,19,4,13,28,918
42446,2026-04-01,11,11,2,5,12,229
42484,2026-04-01,11,10,2,5,12,334
42536,2026-04-01,45,18,8,10,12,1223
42560,2026-04-01,5,9,79,10,60,1996
42620,2026-04-01,52,21,9,9,12,1621
42635,2026-04-01,13,13,1,7,12,110
42704,2026-04-01,17,15,13,19,28,232
42719,2026-04-01,67,21,62,57,60,19447
42762,2026-04-01,61,22,13,11,12,1090
42805,2026-04-01,34,19,3,23,28,438
42832,2026-04-01,45,18,36,41,45,7271
42868,2026-04-01,58,22,1,16,28,96
42887,2026-04-01,72,22,13,27,28,1182
42914,2026-04-01,14,10,8,17,28,1318
42955,2026-04-01,32,19,7,20,28,151
42960,2026-04-01,12,13,5,7,12,1143
42962,2026-04-01,2,2,1,4,12,35
43041,2026-04-01,29,14,126,46,60,27923
43162,2026-04-01,19,16,3,6,12,351
43165,2026-04-01,13,13,34,8,28,2653
43194,2026-04-01,13,11,2,16,28,349
43202,2026-04-01,47,21,16,33,45,9222
43248,2026-04-01,67,21,11,10,12,2447
43251,2026-04-01,29,19,4,17,28,875
43280,2026-04-01,0,0,3,1,28,109
43331,2026-04-01,2,4,14,12,28,790
43358,2026-04-01,30,17,42,31,45,3291
43428,2026-04-01,22,16,2,12,28,380
43444,2026-04-01,13,16,6,12,28,326
43477,2026-04-01,49,19,16,17,28,1394
43533,2026-04-01,52,21,35,16,28,2395
43540,2026-04-01,32,20,2,7,12,245
43556,2026-04-01,9,11,2,7,12,822
43624,2026-04-01,44,20,4,11,12,333
43645,2026-04-01,5,9,1,1,12,86
43663,2026-04-01,37,19,54,13,28,13226
43665,2026-04-01,40,19,3,22,28,542
43687,2026-04-01,11,11,5,4,12,594
43702,2026-04-01,16,13,4,8,12,619
43777,2026-04-01,3,6,15,3,45,567
43819,2026-04-01,29,19,3,30,45,612
43871,2026-04-01,23,17,45,42,60,4303
43882,2026-04-01,30,18,4,2,12,810
44058,2026-04-01,12,17,7,5,12,315
44132,2026-04-01,3,5,3,1,12,240
44154,2026-04-01,57,22,13,27,28,2585
44211,2026-04-01,34,20,4,24,28,502
44225,2026-04-01,21,13,31,31,45,2664
44258,2026-04-01,38,19,7,23,45,2130
44356,2026-04-01,7,7,6,15,28,527
44365,2026-04-01,24,15,11,14,28,1352
44430,2026-04-01,31,15,41,21,28,7065
44458,2026-04-01,24,17,19,32,60,1564
44474,2026-04-01,34,18,8,7,28,255
44476,2026-04-01,74,21,10,25,28,391
44484,2026-04-01,10,12,1,11,28,206
44491,2026-04-01,39,19,17,26,60,2292
44541,2026-04-01,72,22,7,11,12,1258
44570,2026-04-01,3,5,13,1,60,405
44577,2026-04-01,11,13,1,10,12,43
44580,2026-04-01,38,20,12,35,60,854
44611,2026-04-01,56,20,6,9,12,1846
44620,2026-04-01,61,21,54,27,28,2753
44643,2026-04-01,71,21,12,11,12,2420
44670,2026-04-01,21,15,52,6,60,1202
44692,2026-04-01,46,20,64,20,45,16561
44722,2026-04-01,53,21,12,40,45,1018
44799,2026-04-01,39,16,8,19,28,1877
44851,2026-04-01,37,20,2,11,12,577
44979,2026-04-01,20,17,5,8,12,271
45066,2026-04-01,35,20,4,8,12,849
45081,2026-04-01,10,13,1,6,12,75
45151,2026-04-01,34,18,1,16,28,166
45220,2026-04-01,34,17,3,11,12,397
45231,2026-04-01,56,21,47,33,45,5078
45232,2026-04-01,54,22,8,39,45,1132
45236,2026-04-01,1,2,1,3,12,11
45290,2026-04-01,8,10,2,14,28,32
45332,2026-04-01,13,10,3,9,12,311
45344,2026-04-01,41,21,57,23,28,10136
45395,2026-04-01,31,17,11,9,12,647
45424,2026-04-01,38,17,2,18,28,282
45451,2026-04-01,38,20,30,21,28,7319
45507,2026-04-01,67,22,3,22,28,500
45541,2026-04-01,42,20,53,14,45,15876
45547,2026-04-01,37,18,3,8,28,101
45556,2026-04-01,74,22,7,43,45,1240
45588,2026-04-01,52,20,7,10,12,3415
45606,2026-04-01,17,14,22,23,45,3301
45607,2026-04-01,6,7,16,4,45,2864
45608,2026-04-01,6,7,1,2,12,108
45702,2026-04-01,20,14,3,5,12,35
45708,2026-04-01,24,19,6,7,12,198
45757,2026-04-01,55,20,9,40,45,868
45827,2026-04-01,49,21,12,24,28,1395
45831,2026-04-01,42,17,4,10,12,890
45909,2026-04-01,16,14,25,16,28,2589
45983,2026-04-01,31,17,81,47,60,8433
46011,2026-04-01,22,15,79,27,60,3042
46059,2026-04-01,33,19,3,8,28,544
46063,2026-04-01,56,22,62,57,60,6613
46074,2026-04-01,42,20,47,57,60,14007
46088,2026-04-01,36,18,8,20,28,1633
46114,2026-04-01,10,11,2,7,28,62
46158,2026-04-01,52,19,41,23,28,11851
46227,2026-04-01,0,0,1,1,12,100
46302,2026-04-01,73,20,27,43,45,5753
46382,2026-04-01,60,22,9,25,28,609
46452,2026-04-01,24,17,22,19,28,4191
46487,2026-04-01,25,17,7,10,12,655
46503,2026-04-01,18,15,65,51,60,3408
46607,2026-04-01,53,21,12,11,12,1234
46659,2026-04-01,63,21,5,11,12,677
46708,2026-04-01,53,21,7,23,28,3255
46731,2026-04-01,8,9,4,8,28,425
46734,2026-04-01,10,13,14,28,45,309
46740,2026-04-01,44,20,46,20,45,6524
46772,2026-04-01,65,21,44,43,45,17825
46791,2026-04-01,4,6,1,5,28,93
46829,2026-04-01,78,22,154,43,45,23548
46847,2026-04-01,78,22,61,50,60,21261
46887,2026-04-01,5,7,1,14,28,185
46898,2026-04-01,62,19,12,10,12,712
46903,2026-04-01,47,19,11,27,45,4076
46968,2026-04-01,52,20,13,27,28,473
47029,2026-04-01,24,15,10,9,12,424
47036,2026-04-01,73,22,12,7,12,137
47046,2026-04-01,46,21,58,23,28,9145
47074,2026-04-01,6,9,82,3,45,4808
47100,2026-04-01,57,19,41,12,28,5566
47208,2026-04-01,32,18,2,8,12,25
47280,2026-04-01,7,8,2,1,28,46
47297,2026-04-01,1,1,13,4,60,65
47413,2026-04-01,66,21,3,8,12,1066
47460,2026-04-01,50,20,9,23,28,2291
47514,2026-04-01,10,10,1,6,28,161
47517,2026-04-01,62,22,41,24,28,9459
47522,2026-04-01,7,10,3,3,12,172
47527,2026-04-01,43,21,6,10,28,1398
47666,2026-04-01,36,19,5,7,12,879
47675,2026-04-01,39,20,35,25,45,5451
47676,2026-04-01,34,18,21,13,28,2203
47771,2026-04-01,52,20,6,25,28,1155
47832,2026-04-01,9,11,29,3,28,2184
47858,2026-04-01,74,22,164,38,60,16030
47863,2026-04-01,18,15,4,5,12,868
47874,2026-04-01,14,13,82,23,45,12012
47879,2026-04-01,2,3,10,13,45,219
47889,2026-04-01,47,21,128,55,60,15996
47913,2026-04-01,44,21,11,4,12,2629
47922,2026-04-01,68,20,5,11,12,926
47989,2026-04-01,5,8,3,11,28,141
48050,2026-04-01,54,22,2,11,12,565
48107,2026-04-01,73,21,70,37,45,15623
48123,2026-04-01,19,15,6,7,12,1441
48159,2026-04-01,69,22,7,21,28,2110
48223,2026-04-01,18,14,5,35,45,631
48299,2026-04-01,3,4,2,1,12,445
48337,2026-04-01,23,17,4,4,12,551
48355,2026-04-01,61,21,8,27,28,1045
48427,2026-04-01,13,13,4,8,12,344
48428,2026-04-01,6,12,1,20,28,179
48442,2026-04-01,14,12,4,25,45,927
48538,2026-04-01,57,22,3,11,12,583
48567,2026-04-01,25,15,3,6,12,626
48591,2026-04-01,7,10,0,5,12,0
48593,2026-04-01,46,21,115,36,60,13278
48639,2026-04-01,54,21,5,21,28,953
48644,2026-04-01,54,22,10,11,12,1884
48808,2026-04-01,44,21,55,38,45,16681
48925,2026-04-01,4,5,9,3,28,2103
48989,2026-04-01,49,20,11,11,12,2134
49009,2026-04-01,56,20,12,24,28,2198
49068,2026-04-01,57,21,5,8,12,257
49099,2026-04-01,60,22,28,27,28,4512
49104,2026-04-01,60,21,8,11,12,1240
49130,2026-04-01,35,16,5,18,28,1312
49144,2026-04-01,20,16,4,15,28,655
49168,2026-04-01,54,20,37,27,28,9032
49176,2026-04-01,33,16,8,9,12,1596
49214,2026-04-01,5,6,3,5,12,183
49249,2026-04-01,67,22,78,35,45,22914
49313,2026-04-01,47,21,3,27,28,483
49323,2026-04-01,5,7,26,12,28,3468
49353,2026-04-01,66,22,38,27,28,739
49454,2026-04-01,20,15,6,3,12,492
49489,2026-04-01,22,15,6,4,12,350
49517,2026-04-01,3,4,20,12,45,1205
49598,2026-04-01,4,6,45,8,60,3072
49606,2026-04-01,22,15,2,2,12,173
49617,2026-04-01,41,19,17,19,28,1886
49639,2026-04-01,79,22,40,42,45,3692
49642,2026-04-01,45,19,8,11,12,2419
49707,2026-04-01,77,22,85,42,45,26086
49714,2026-04-01,34,17,3,23,28,430
49720,2026-04-01,46,22,11,11,12,1836
49783,2026-04-01,53,21,8,11,12,307
49791,2026-04-01,3,4,14,2,60,728
49794,2026-04-01,68,20,28,24,28,9882
49808,2026-04-01,52,22,3,10,12,564
49872,2026-04-01,3,5,3,12,28,494
49884,2026-04-01,62,22,98,42,45,16829
49913,2026-04-01,49,17,5,13,28,1074
49931,2026-04-01,71,22,152,57,60,15526
49980,2026-04-01,25,14,19,44,60,4974
18,2026-05-01,2,4,0,2,28,0
19,2026-05-01,62,22,8,20,28,757
23,2026-05-01,43,18,8,23,28,2132
43,2026-05-01,43,18,79,39,45,14997
48,2026-05-01,72,22,7,11,12,773
50,2026-05-01,41,21,8,8,12,1250
58,2026-05-01,8,11,4,17,28,544
119,2026-05-01,47,20,60,34,45,17842
155,2026-05-01,45,18,11,24,28,2449
222,2026-05-01,51,22,3,11,12,808
247,2026-05-01,52,22,11,43,45,1890
259,2026-05-01,72,21,182,54,60,39831
283,2026-05-01,47,22,76,38,45,3656
290,2026-05-01,33,18,1,9,12,88
291,2026-05-01,75,21,5,10,12,306
300,2026-05-01,5,9,45,11,60,11309
308,2026-05-01,6,8,4,7,28,306
319,2026-05-01,40,20,14,54,60,3716
334,2026-05-01,70,22,59,27,28,10647
335,2026-05-01,58,19,4,9,12,1448
341,2026-05-01,22,18,26,30,45,2659
356,2026-05-01,36,18,7,5,12,1463
378,2026-05-01,26,19,6,6,12,2236
379,2026-05-01,68,22,11,40,45,3195
460,2026-05-01,36,20,24,33,45,418
508,2026-05-01,3,4,28,7,60,1747
531,2026-05-01,71,20,12,11,12,804
575,2026-05-01,35,19,25,31,45,1952
668,2026-05-01,25,14,1,6,12,58
685,2026-05-01,21,13,4,6,12,217
689,2026-05-01,20,15,3,23,28,661
738,2026-05-01,29,16,88,15,45,3179
855,2026-05-01,27,18,5,21,28,1286
874,2026-05-01,42,21,45,31,45,20753
895,2026-05-01,19,15,4,5,12,667
999,2026-05-01,23,14,9,15,28,583
1001,2026-05-01,5,7,2,14,45,228
1004,2026-05-01,13,12,35,12,28,5440
1022,2026-05-01,60,21,61,26,28,19141
1048,2026-05-01,77,22,41,27,28,13551
1054,2026-05-01,19,13,3,3,12,404
1061,2026-05-01,67,22,6,11,12,2118
1073,2026-05-01,73,22,2,43,45,209
1074,2026-05-01,25,19,7,6,12,781
1092,2026-05-01,11,11,2,4,12,348
1107,2026-05-01,58,21,20,54,60,3777
1125,2026-05-01,64,22,5,11,12,185
1167,2026-05-01,2,4,1,4,28,188
1188,2026-05-01,5,6,1,3,12,90
1227,2026-05-01,70,22,11,11,12,2223
1237,2026-05-01,40,19,7,10,12,157
1240,2026-05-01,26,16,6,25,45,548
1275,2026-05-01,37,17,28,16,28,6386
1314,2026-05-01,49,21,9,23,28,2324
1345,2026-05-01,19,15,121,51,60,27846
1362,2026-05-01,11,13,1,12,45,266
1385,2026-05-01,66,22,2,27,28,602
1387,2026-05-01,2,3,2,6,28,463
1402,2026-05-01,46,21,21,22,60,5045
1406,2026-05-01,37,18,56,17,28,7321
1460,2026-05-01,7,8,1,4,12,38
1806,2026-05-01,11,14,28,12,45,10733
1807,2026-05-01,44,18,29,37,60,2426
1822,2026-05-01,8,12,2,9,12,98
1917,2026-05-01,66,22,44,45,60,3114
1937,2026-05-01,3,4,4,7,45,196
1974,2026-05-01,42,20,5,24,28,209
1983,2026-05-01,57,22,57,35,45,28982
2044,2026-05-01,6,7,0,3,12,0
2060,2026-05-01,49,19,11,10,12,1903
2082,2026-05-01,25,16,28,35,45,2971
2244,2026-05-01,6,7,3,5,12,201
2259,2026-05-01,14,13,1,4,12,308
2383,2026-05-01,16,15,6,6,12,1236
2529,2026-05-01,5,7,2,4,12,289
2554,2026-05-01,46,20,81,47,60,9680
2555,2026-05-01,46,22,44,29,45,2633
2575,2026-05-01,17,15,2,7,12,223
2608,2026-05-01,29,17,10,34,45,2841
2620,2026-05-01,67,21,12,50,60,4385
2668,2026-05-01,36,19,7,4,12,551
2698,2026-05-01,10,11,31,9,45,6241
2705,2026-05-01,60,22,40,57,60,16824
2713,2026-05-01,25,17,3,4,12,249
2754,2026-05-01,76,22,3,26,28,293
2761,2026-05-01,73,21,6,10,12,947
2768,2026-05-01,36,19,2,41,45,82
2803,2026-05-01,32,15,52,34,45,7928
2845,2026-05-01,30,14,51,30,60,11911
2899,2026-05-01,7,9,1,4,28,197
2920,2026-05-01,21,16,30,36,45,5884
2939,2026-05-01,2,4,23,33,60,922
3036,2026-05-01,60,22,27,25,28,1470
3054,2026-05-01,56,22,4,11,12,196
3166,2026-05-01,21,16,35,21,60,10290
3171,2026-05-01,7,9,23,33,60,1170
3225,2026-05-01,74,20,4,11,12,290
3262,2026-05-01,23,15,24,14,28,2785
3263,2026-05-01,13,11,4,3,28,275
3285,2026-05-01,67,21,69,57,60,21226
3295,2026-05-01,69,22,64,26,28,15199
3297,2026-05-01,9,10,1,5,12,117
3344,2026-05-01,53,22,10,26,28,339
3421,2026-05-01,53,22,17,49,60,1814
3422,2026-05-01,55,21,15,23,28,3395
3470,2026-05-01,8,11,6,1,12,443
3583,2026-05-01,71,21,2,10,12,391
3656,2026-05-01,18,13,7,4,12,1157
3669,2026-05-01,7,9,5,15,28,399
3685,2026-05-01,52,19,10,26,45,226
3805,2026-05-01,16,15,21,24,60,1196
3835,2026-05-01,52,21,13,16,28,634
3840,2026-05-01,46,19,5,11,12,945
3958,2026-05-01,33,21,8,5,12,4850
3966,2026-05-01,47,19,8,10,12,2347
4019,2026-05-01,2,3,39,3,45,1618
4049,2026-05-01,31,18,3,24,45,518
4108,2026-05-01,58,21,40,52,60,9598
4192,2026-05-01,4,5,5,7,45,143
4197,2026-05-01,3,4,13,14,60,3824
4281,2026-05-01,4,5,9,3,28,1996
4306,2026-05-01,23,18,4,19,28,703
4376,2026-05-01,43,19,7,10,12,656
4453,2026-05-01,35,19,24,29,45,249
4480,2026-05-01,28,19,6,18,28,412
4520,2026-05-01,67,21,9,11,12,1162
4534,2026-05-01,57,21,3,39,45,318
4562,2026-05-01,19,14,8,3,12,1525
4576,2026-05-01,36,19,5,23,28,1119
4613,2026-05-01,4,5,2,3,28,94
4626,2026-05-01,5,9,22,10,45,812
4654,2026-05-01,5,10,22,18,45,566
4719,2026-05-01,16,17,47,11,60,10188
4759,2026-05-01,48,21,5,27,28,166
4788,2026-05-01,56,21,28,39,45,13729
4796,2026-05-01,35,18,4,9,12,568
4810,2026-05-01,55,20,30,36,45,3105
4819,2026-05-01,18,15,145,18,60,7526
4858,2026-05-01,8,13,2,3,12,729
4922,2026-05-01,38,18,8,23,28,1002
4953,2026-05-01,9,12,38,9,45,1338
4988,2026-05-01,1,2,7,9,45,19
5009,2026-05-01,17,13,7,3,12,994
5023,2026-05-01,22,18,11,10,12,1808
5036,2026-05-01,3,5,9,8,60,173
5046,2026-05-01,12,10,23,36,45,5640
5161,2026-05-01,22,14,8,6,12,1323
5199,2026-05-01,3,5,2,6,28,136
5215,2026-05-01,0,0,4,9,60,211
5217,2026-05-01,18,16,12,5,12,1129
5255,2026-05-01,41,22,29,24,28,706
5329,2026-05-01,34,21,87,30,60,5487
5367,2026-05-01,29,16,56,36,60,9663
5370,2026-05-01,9,12,27,16,60,3074
5398,2026-05-01,30,18,33,9,28,6346
5411,2026-05-01,54,22,67,43,45,17618
5428,2026-05-01,49,21,11,27,28,936
5468,2026-05-01,66,21,7,22,28,2530
5513,2026-05-01,44,20,38,52,60,9951
5535,2026-05-01,7,9,12,12,60,579
5566,2026-05-01,7,9,2,3,28,154
5589,2026-05-01,61,20,17,26,28,4236
5610,2026-05-01,5,6,20,31,60,1761
5614,2026-05-01,2,4,8,3,45,13
5657,2026-05-01,18,14,1,8,12,115
5659,2026-05-01,3,4,11,34,45,1328
5678,2026-05-01,1,1,0,6,45,0
5717,2026-05-01,56,22,25,43,45,3171
5747,2026-05-01,1,1,6,2,45,441
5749,2026-05-01,50,21,4,25,28,766
5754,2026-05-01,9,12,2,10,12,88
5786,2026-05-01,69,21,4,26,28,644
5855,2026-05-01,16,16,8,6,12,524
5985,2026-05-01,78,22,5,11,12,391
6051,2026-05-01,19,15,8,8,12,291
6058,2026-05-01,28,17,9,22,28,1705
6092,2026-05-01,17,16,38,25,45,7266
6096,2026-05-01,46,20,9,25,45,2814
6100,2026-05-01,77,22,29,43,45,5756
6117,2026-05-01,6,11,30,14,45,1112
6134,2026-05-01,29,16,4,9,12,642
6149,2026-05-01,19,16,50,12,45,8404
6209,2026-05-01,3,5,9,5,12,611
6250,2026-05-01,7,11,3,3,12,252
6293,2026-05-01,9,9,36,16,45,1371
6298,2026-05-01,48,19,10,14,28,786
6312,2026-05-01,43,21,9,10,12,2538
6317,2026-05-01,22,16,3,5,12,914
6330,2026-05-01,11,10,2,6,12,80
6359,2026-05-01,24,18,1,6,12,68
6362,2026-05-01,71,22,5,11,12,1258
6392,2026-05-01,3,5,9,17,60,2047
6483,2026-05-01,6,7,5,1,12,121
6487,2026-05-01,48,21,4,8,12,211
6505,2026-05-01,55,20,4,19,28,219
6514,2026-05-01,0,0,2,1,28,7
6515,2026-05-01,3,4,1,3,28,28
6529,2026-05-01,73,22,71,57,60,14720
6545,2026-05-01,21,14,16,33,45,6343
6557,2026-05-01,2,3,27,11,60,2253
6633,2026-05-01,34,19,7,8,12,397
6653,2026-05-01,55,21,11,42,45,1162
6669,2026-05-01,22,17,6,10,12,2250
6670,2026-05-01,20,14,38,44,60,9951
6687,2026-05-01,25,16,2,5,12,76
6693,2026-05-01,3,4,10,34,60,1472
6744,2026-05-01,5,9,7,11,45,611
6781,2026-05-01,19,16,4,7,28,774
6786,2026-05-01,7,8,20,9,45,1297
6814,2026-05-01,76,22,10,10,12,499
6909,2026-05-01,9,11,3,6,28,238
6937,2026-05-01,68,22,8,11,12,3208
6981,2026-05-01,7,10,31,18,60,4692
6997,2026-05-01,39,20,4,3,12,190
7039,2026-05-01,74,21,11,25,28,4433
7058,2026-05-01,36,16,49,24,28,11971
7071,2026-05-01,49,21,5,31,45,1747
7225,2026-05-01,52,20,31,39,45,9942
7227,2026-05-01,27,18,15,20,28,3601
7280,2026-05-01,17,15,21,26,60,1554
7319,2026-05-01,50,22,5,10,12,295
7342,2026-05-01,65,20,16,41,45,2284
7357,2026-05-01,13,12,5,7,28,1145
7359,2026-05-01,72,22,2,26,28,194
7407,2026-05-01,6,9,45,28,60,2532
7429,2026-05-01,26,16,173,21,60,22506
7430,2026-05-01,10,13,3,6,12,206
7486,2026-05-01,7,9,5,8,12,542
7497,2026-05-01,63,21,60,27,28,12480
7498,2026-05-01,11,13,15,5,28,161
7526,2026-05-01,61,22,195,43,45,65776
7609,2026-05-01,65,22,65,38,45,4313
7663,2026-05-01,21,14,19,44,60,3126
7710,2026-05-01,2,3,9,11,45,1445
7806,2026-05-01,44,21,13,22,28,744
7979,2026-05-01,44,20,115,44,60,9641
8004,2026-05-01,7,9,16,20,60,464
8013,2026-05-01,30,15,5,41,45,382
8039,2026-05-01,11,12,2,14,28,280
8085,2026-05-01,52,21,9,26,28,2417
8107,2026-05-01,36,20,35,23,28,8146
8179,2026-05-01,27,16,39,22,28,7050
8186,2026-05-01,39,20,43,28,45,7740
8236,2026-05-01,79,22,2,27,28,169
8339,2026-05-01,7,11,29,28,45,3048
8340,2026-05-01,48,19,10,8,12,555
8359,2026-05-01,3,5,17,19,60,144
8371,2026-05-01,72,22,10,11,12,1212
8377,2026-05-01,54,22,6,11,12,787
8392,2026-05-01,66,22,8,11,12,3663
8400,2026-05-01,7,11,2,4,12,264
8424,2026-05-01,57,20,2,11,12,868
8642,2026-05-01,32,19,7,21,28,830
8646,2026-05-01,9,11,2,4,12,263
8712,2026-05-01,34,17,4,17,28,1073
8727,2026-05-01,6,11,7,5,28,450
8775,2026-05-01,38,16,1,8,12,287
8799,2026-05-01,5,7,6,13,28,28
8844,2026-05-01,32,21,10,23,28,266
8874,2026-05-01,4,6,28,6,28,1271
8895,2026-05-01,65,22,147,45,60,17796
8906,2026-05-01,17,15,3,10,12,263
8924,2026-05-01,60,21,3,22,28,428
8982,2026-05-01,14,15,36,18,60,2773
9050,2026-05-01,64,20,10,11,12,3848
9057,2026-05-01,9,11,3,2,12,325
9083,2026-05-01,58,21,5,11,12,1908
9104,2026-05-01,8,12,2,15,28,57
9112,2026-05-01,58,20,68,24,28,4837
9122,2026-05-01,63,22,10,11,12,1433
9141,2026-05-01,7,13,2,16,28,202
9157,2026-05-01,50,19,11,22,28,533
9229,2026-05-01,24,15,52,35,45,3536
9269,2026-05-01,6,7,4,3,12,181
9272,2026-05-01,47,21,2,11,12,75
9313,2026-05-01,32,19,1,11,28,123
9365,2026-05-01,30,17,32,29,45,5587
9399,2026-05-01,20,13,3,8,12,702
9434,2026-05-01,32,18,4,22,28,1549
9465,2026-05-01,58,21,10,11,12,994
9477,2026-05-01,5,7,7,15,60,790
9505,2026-05-01,10,10,53,25,45,3307
9518,2026-05-01,2,3,4,1,28,346
9557,2026-05-01,7,9,32,30,45,337
9562,2026-05-01,12,14,33,23,45,8350
9565,2026-05-01,22,15,43,9,28,3537
9636,2026-05-01,24,17,17,12,28,840
9694,2026-05-01,23,17,33,20,45,2412
9703,2026-05-01,23,17,19,22,60,2906
9720,2026-05-01,7,9,5,7,12,731
9724,2026-05-01,52,21,47,26,28,11124
9768,2026-05-01,35,16,35,16,45,3790
9794,2026-05-01,45,21,7,11,12,593
9836,2026-05-01,24,18,46,26,45,4117
9855,2026-05-01,76,21,25,39,45,3078
9866,2026-05-01,12,13,7,4,12,401
9913,2026-05-01,29,18,1,25,28,369
9947,2026-05-01,40,18,10,14,28,932
9995,2026-05-01,43,19,42,28,45,5960
10006,2026-05-01,58,22,70,26,45,8947
10160,2026-05-01,10,11,2,4,12,375
10214,2026-05-01,32,18,2,9,12,427
10238,2026-05-01,1,1,4,3,45,279
10246,2026-05-01,29,17,4,9,12,724
10268,2026-05-01,48,21,17,43,45,2383
10289,2026-05-01,16,11,33,26,45,179
10299,2026-05-01,50,22,122,57,60,3968
10304,2026-05-01,60,22,11,11,12,2092
10316,2026-05-01,49,19,54,17,45,14911
10322,2026-05-01,43,19,10,6,12,549
10330,2026-05-01,71,22,170,43,45,44608
10376,2026-05-01,38,19,4,24,28,521
10429,2026-05-01,39,22,57,28,45,11654
10432,2026-05-01,62,20,2,6,12,193
10457,2026-05-01,47,19,4,9,12,196
10490,2026-05-01,21,17,3,11,12,295
10516,2026-05-01,37,20,7,22,28,529
10529,2026-05-01,59,20,14,27,28,4550
10539,2026-05-01,5,6,16,8,28,1083
10578,2026-05-01,36,20,44,42,45,12005
10591,2026-05-01,57,22,9,11,12,2200
10606,2026-05-01,2,3,5,6,45,373
10704,2026-05-01,1,2,2,1,12,134
10745,2026-05-01,26,14,4,7,12,439
10771,2026-05-01,22,16,31,21,45,4325
10776,2026-05-01,2,3,0,2,12,0
10780,2026-05-01,33,18,5,21,28,635
10808,2026-05-01,32,19,4,5,12,899
10855,2026-05-01,4,7,1,13,28,50
10883,2026-05-01,5,9,43,21,60,5854
10941,2026-05-01,33,17,21,42,45,5420
10973,2026-05-01,4,5,18,4,28,3174
10974,2026-05-01,24,17,21,28,45,2514
11021,2026-05-01,45,20,2,9,12,940
11068,2026-05-01,4,5,3,2,28,360
11117,2026-05-01,31,17,188,29,45,34007
11188,2026-05-01,3,5,3,14,28,374
11225,2026-05-01,57,22,6,27,28,1064
11261,2026-05-01,3,4,2,7,28,117
11277,2026-05-01,59,22,103,55,60,6327
11348,2026-05-01,42,19,2,8,12,1076
11410,2026-05-01,27,15,9,4,12,1006
11414,2026-05-01,9,10,5,28,45,521
11425,2026-05-01,6,11,7,25,45,349
11457,2026-05-01,58,21,8,27,28,962
11474,2026-05-01,53,21,13,11,12,2298
11478,2026-05-01,63,21,49,19,28,2473
11496,2026-05-01,38,18,2,19,28,772
11499,2026-05-01,20,11,2,18,28,463
11527,2026-05-01,12,12,2,21,28,109
11639,2026-05-01,52,18,5,8,12,1590
11650,2026-05-01,28,18,22,36,60,598
11662,2026-05-01,1,1,0,7,28,0
11789,2026-05-01,26,17,45,54,60,4242
11833,2026-05-01,40,21,4,11,12,84
11861,2026-05-01,40,18,7,11,12,545
11877,2026-05-01,10,9,5,6,12,665
11883,2026-05-01,41,18,50,28,45,4893
11941,2026-05-01,31,18,40,23,28,3869
12008,2026-05-01,77,22,3,11,12,584
12050,2026-05-01,77,22,4,26,28,33
12095,2026-05-01,68,22,39,41,45,4403
12103,2026-05-01,54,21,54,19,45,11825
12136,2026-05-01,53,20,10,11,12,833
12148,2026-05-01,2,3,1,1,12,237
12176,2026-05-01,69,22,47,42,45,11102
12218,2026-05-01,48,21,11,8,12,2235
12239,2026-05-01,32,19,11,6,12,2284
12244,2026-05-01,81,22,7,26,28,599
12276,2026-05-01,53,21,6,11,12,1014
12321,2026-05-01,33,20,37,30,45,5675
12357,2026-05-01,54,22,53,43,45,2847
12358,2026-05-01,45,20,10,14,28,2328
12375,2026-05-01,31,18,43,35,60,7393
12392,2026-05-01,4,7,2,2,12,247
12436,2026-05-01,4,7,2,17,28,230
12473,2026-05-01,38,20,1,23,28,102
12586,2026-05-01,54,19,2,24,28,28
12587,2026-05-01,25,16,41,13,45,2129
12588,2026-05-01,23,13,8,6,12,1077
12590,2026-05-01,40,16,98,50,60,12791
12592,2026-05-01,55,21,10,9,12,1975
12602,2026-05-01,29,16,1,6,12,223
12617,2026-05-01,37,18,59,46,60,13482
12673,2026-05-01,22,15,20,6,28,1202
12693,2026-05-01,1,1,0,1,12,0
12720,2026-05-01,1,1,3,2,28,267
12728,2026-05-01,35,20,51,42,45,4986
12734,2026-05-01,27,19,56,22,28,5167
12772,2026-05-01,23,17,1,14,28,120
12819,2026-05-01,76,22,3,25,28,809
12832,2026-05-01,7,11,6,1,12,146
12867,2026-05-01,5,9,5,10,28,207
12923,2026-05-01,28,17,22,17,45,7261
12931,2026-05-01,5,9,5,4,28,239
12951,2026-05-01,19,14,76,50,60,12655
12962,2026-05-01,24,16,34,16,28,2988
12990,2026-05-01,52,21,2,7,12,559
13010,2026-05-01,75,21,79,43,45,6634
13113,2026-05-01,23,16,2,15,28,494
13155,2026-05-01,60,22,2,11,12,571
13213,2026-05-01,7,10,14,17,45,1589
13215,2026-05-01,42,22,9,23,28,2384
13230,2026-05-01,55,22,3,24,28,315
13240,2026-05-01,64,21,36,24,28,1161
13254,2026-05-01,75,22,10,27,28,2592
13267,2026-05-01,25,15,133,35,60,34359
13308,2026-05-01,30,17,4,10,12,697
13325,2026-05-01,1,1,0,2,12,0
13412,2026-05-01,14,10,1,6,12,113
13422,2026-05-01,5,8,44,10,60,1144
13468,2026-05-01,67,22,3,23,28,285
13481,2026-05-01,32,17,10,9,28,1271
13513,2026-05-01,5,6,3,6,28,265
13539,2026-05-01,18,12,22,25,60,818
13552,2026-05-01,6,8,3,7,28,83
13562,2026-05-01,4,7,1,2,12,105
13575,2026-05-01,50,20,17,21,60,2428
13592,2026-05-01,37,18,87,54,60,18390
13618,2026-05-01,33,19,1,18,28,105
13637,2026-05-01,3,3,3,3,28,60
13647,2026-05-01,79,22,3,25,28,67
13704,2026-05-01,5,6,1,1,12,173
13766,2026-05-01,12,11,5,4,12,452
13806,2026-05-01,9,9,6,20,60,590
13885,2026-05-01,60,22,68,25,28,34607
13892,2026-05-01,26,18,144,22,45,39174
13997,2026-05-01,9,11,2,3,12,424
14004,2026-05-01,73,21,39,27,28,14946
14020,2026-05-01,31,19,3,14,28,154
14225,2026-05-01,29,15,12,7,12,836
14249,2026-05-01,35,20,2,18,28,84
14270,2026-05-01,13,13,49,18,60,2035
14271,2026-05-01,52,20,8,11,12,2239
14279,2026-05-01,48,21,64,43,45,6752
14289,2026-05-01,40,19,39,38,60,8154
14309,2026-05-01,2,2,1,4,12,31
14312,2026-05-01,2,3,0,3,28,0
14362,2026-05-01,39,18,5,10,12,1109
14388,2026-05-01,58,21,5,9,12,390
14393,2026-05-01,2,3,1,4,12,93
14532,2026-05-01,30,15,41,39,60,17751
14549,2026-05-01,11,9,4,29,45,382
14642,2026-05-01,32,18,1,15,45,101
14674,2026-05-01,14,14,83,37,60,25205
14690,2026-05-01,1,2,46,7,60,3250
14706,2026-05-01,58,21,28,25,28,964
14732,2026-05-01,49,22,5,23,28,1777
14743,2026-05-01,38,20,5,23,28,1401
14778,2026-05-01,2,4,2,13,45,194
14803,2026-05-01,61,22,14,10,12,1633
14827,2026-05-01,38,19,5,26,28,277
14837,2026-05-01,51,22,20,36,45,573
14970,2026-05-01,46,17,2,23,28,297
15049,2026-05-01,51,21,9,9,12,1745
15186,2026-05-01,62,19,3,20,28,1327
15189,2026-05-01,54,21,8,11,12,2204
15193,2026-05-01,13,12,18,6,28,2030
15195,2026-05-01,0,0,1,3,45,64
15207,2026-05-01,27,17,6,23,28,368
15256,2026-05-01,1,1,1,0,12,67
15315,2026-05-01,61,21,7,11,12,1059
15368,2026-05-01,21,16,2,7,12,150
15380,2026-05-01,60,21,5,43,45,797
15389,2026-05-01,35,21,5,9,12,1859
15412,2026-05-01,9,10,13,13,28,730
15472,2026-05-01,12,15,3,6,28,114
15508,2026-05-01,1,2,2,9,45,49
15612,2026-05-01,15,14,4,1,12,1077
15628,2026-05-01,6,8,6,5,45,258
15639,2026-05-01,67,22,10,11,12,812
15642,2026-05-01,5,6,1,14,28,102
15694,2026-05-01,36,16,4,6,12,291
15741,2026-05-01,15,14,4,5,12,921
15774,2026-05-01,8,9,9,36,45,1050
15791,2026-05-01,13,15,1,7,12,184
15858,2026-05-01,69,22,11,11,12,2125
15909,2026-05-01,81,22,87,43,45,23310
15962,2026-05-01,23,14,11,6,12,1794
16009,2026-05-01,49,21,52,43,45,4662
16036,2026-05-01,8,8,9,19,45,1054
16048,2026-05-01,28,16,6,10,12,122
16073,2026-05-01,53,21,62,43,45,16832
16131,2026-05-01,50,20,70,36,45,13557
16241,2026-05-01,12,12,4,7,12,600
16280,2026-05-01,62,22,11,27,28,883
16284,2026-05-01,2,3,19,18,45,1005
16348,2026-05-01,19,16,29,25,28,5099
16353,2026-05-01,58,21,7,10,12,2117
16381,2026-05-01,34,17,5,11,12,188
16405,2026-05-01,17,13,84,31,60,15120
16487,2026-05-01,16,13,83,29,60,6878
16664,2026-05-01,50,21,4,20,28,1535
16705,2026-05-01,14,11,3,8,12,197
16712,2026-05-01,1,1,10,6,60,525
16769,2026-05-01,10,13,18,6,45,3583
16799,2026-05-01,44,21,3,11,12,485
16832,2026-05-01,59,22,3,27,28,296
16883,2026-05-01,60,21,8,11,12,1773
16905,2026-05-01,5,6,4,6,12,59
16933,2026-05-01,46,20,131,43,45,25815
16956,2026-05-01,28,16,49,17,28,3845
16963,2026-05-01,13,10,19,35,45,5534
16996,2026-05-01,3,5,2,17,45,193
17010,2026-05-01,4,7,3,9,12,839
17072,2026-05-01,42,21,42,28,45,2008
17095,2026-05-01,25,18,31,24,60,7188
17147,2026-05-01,18,13,40,13,28,7409
17352,2026-05-01,69,21,8,10,12,531
17368,2026-05-01,35,19,7,13,28,413
17378,2026-05-01,3,4,31,12,60,2977
17430,2026-05-01,55,22,172,55,60,30160
17432,2026-05-01,9,10,19,21,45,1967
17555,2026-05-01,31,19,38,23,28,11892
17565,2026-05-01,39,19,42,27,45,3182
17606,2026-05-01,22,12,5,12,28,430
17648,2026-05-01,0,0,2,7,12,19
17710,2026-05-01,43,20,10,21,28,1485
17724,2026-05-01,26,15,1,17,28,29
17745,2026-05-01,79,22,172,57,60,24577
17774,2026-05-01,8,11,81,31,60,5983
17794,2026-05-01,25,15,15,18,28,1960
17800,2026-05-01,69,22,24,43,45,3947
17818,2026-05-01,56,20,10,19,28,3694
17819,2026-05-01,28,17,3,12,28,322
17838,2026-05-01,78,22,13,26,28,2857
17862,2026-05-01,4,8,8,14,28,725
17920,2026-05-01,2,3,4,4,60,296
17923,2026-05-01,54,22,12,11,12,5971
17929,2026-05-01,7,9,9,23,60,448
17960,2026-05-01,32,17,7,7,12,619
17974,2026-05-01,11,10,8,10,12,526
17993,2026-05-01,62,22,42,48,60,6541
17998,2026-05-01,51,22,9,11,12,847
18009,2026-05-01,24,19,56,40,45,16548
18013,2026-05-01,22,15,3,6,12,888
18050,2026-05-01,15,12,1,13,28,63
18057,2026-05-01,54,20,8,26,28,2628
18088,2026-05-01,35,18,7,11,28,2486
18104,2026-05-01,8,14,9,3,45,1109
18130,2026-05-01,55,21,71,23,45,10223
18148,2026-05-01,51,21,85,34,45,15042
18211,2026-05-01,6,9,3,15,28,352
18219,2026-05-01,64,21,25,43,45,4971
18303,2026-05-01,38,19,10,28,45,630
18307,2026-05-01,43,20,47,19,45,12274
18349,2026-05-01,25,16,4,7,12,674
18516,2026-05-01,17,14,2,6,12,155
18605,2026-05-01,21,15,5,13,45,543
18606,2026-05-01,74,22,8,11,12,1861
18662,2026-05-01,71,22,10,10,12,1697
18682,2026-05-01,17,12,34,12,28,9491
18710,2026-05-01,51,20,6,27,28,2366
18720,2026-05-01,58,22,9,40,45,959
18732,2026-05-01,19,13,1,6,12,186
18752,2026-05-01,3,4,10,3,60,1426
18783,2026-05-01,6,8,1,7,28,46
18808,2026-05-01,42,19,6,11,12,1265
18811,2026-05-01,46,21,2,35,45,328
18861,2026-05-01,36,19,4,5,12,299
18887,2026-05-01,72,22,71,39,60,2010
18901,2026-05-01,37,19,20,23,28,4647
18902,2026-05-01,34,20,36,22,28,5665
18914,2026-05-01,24,18,7,2,12,1056
18943,2026-05-01,3,5,1,1,12,144
18997,2026-05-01,14,13,7,19,28,656
19002,2026-05-01,56,21,59,40,45,4045
19036,2026-05-01,12,10,30,43,60,2669
19079,2026-05-01,58,22,41,27,28,39905
19095,2026-05-01,17,13,7,16,28,234
19107,2026-05-01,4,7,2,4,12,140
19198,2026-05-01,5,9,7,9,28,1102
19221,2026-05-01,47,20,2,42,45,322
19266,2026-05-01,25,19,4,10,28,488
19444,2026-05-01,12,13,2,21,28,84
19456,2026-05-01,5,9,16,14,45,617
19468,2026-05-01,19,14,8,7,12,863
19491,2026-05-01,3,4,4,3,12,461
19508,2026-05-01,18,16,5,19,28,721
19560,2026-05-01,50,19,11,8,12,1284
19563,2026-05-01,15,12,2,9,12,119
19676,2026-05-01,41,21,18,42,45,4724
19694,2026-05-01,5,7,1,2,12,27
19729,2026-05-01,25,18,12,19,28,1101
19746,2026-05-01,78,22,19,27,28,2612
19769,2026-05-01,53,22,13,11,12,1417
19777,2026-05-01,36,18,7,10,12,1487
19794,2026-05-01,13,10,6,6,28,370
19811,2026-05-01,70,22,4,27,28,800
19926,2026-05-01,1,2,0,9,45,0
19943,2026-05-01,63,22,163,43,45,7586
20071,2026-05-01,75,21,11,11,12,2649
20082,2026-05-01,5,9,61,10,45,4948
20131,2026-05-01,36,18,2,14,28,231
20162,2026-05-01,36,18,36,38,45,4464
20218,2026-05-01,0,0,0,1,12,0
20244,2026-05-01,65,22,57,27,28,10264
20288,2026-05-01,26,16,98,34,45,8358
20296,2026-05-01,77,22,13,9,12,388
20335,2026-05-01,35,19,4,19,28,310
20357,2026-05-01,60,20,68,53,60,18594
20391,2026-05-01,35,18,22,24,28,2077
20402,2026-05-01,59,20,26,25,28,5687
20457,2026-05-01,56,21,4,27,28,502
20480,2026-05-01,21,15,4,23,28,421
20493,2026-05-01,59,21,7,27,28,1954
20516,2026-05-01,50,22,7,27,28,208
20574,2026-05-01,29,21,2,24,28,425
20595,2026-05-01,33,18,5,7,12,715
20597,2026-05-01,3,3,2,2,12,20
20677,2026-05-01,25,16,47,37,45,1773
20686,2026-05-01,25,19,65,46,60,10328
20711,2026-05-01,71,20,97,57,60,14421
20797,2026-05-01,12,9,4,6,12,471
20821,2026-05-01,50,21,24,53,60,6184
20940,2026-05-01,60,20,7,10,12,500
20947,2026-05-01,78,21,4,11,12,781
20987,2026-05-01,72,22,6,11,12,306
20988,2026-05-01,5,9,3,13,28,202
20992,2026-05-01,21,15,4,10,12,593
21026,2026-05-01,18,16,4,5,12,620
21126,2026-05-01,25,17,3,6,28,50
21146,2026-05-01,56,22,2,11,12,74
21156,2026-05-01,56,22,11,43,45,2128
21170,2026-05-01,7,10,2,9,12,404
21189,2026-05-01,37,19,3,11,12,396
21277,2026-05-01,79,22,10,25,28,2141
21287,2026-05-01,30,17,2,26,28,194
21288,2026-05-01,71,22,13,11,12,2010
21504,2026-05-01,16,14,4,21,28,567
21512,2026-05-01,57,21,2,10,12,467
21526,2026-05-01,20,15,8,14,28,1767
21542,2026-05-01,5,8,4,5,12,903
21561,2026-05-01,14,12,5,6,12,178
21682,2026-05-01,34,19,52,36,45,4977
21751,2026-05-01,13,13,10,36,45,1046
21783,2026-05-01,50,22,5,23,28,737
21823,2026-05-01,76,22,7,11,12,1371
22031,2026-05-01,42,20,32,27,28,3730
22041,2026-05-01,73,22,3,26,28,367
22106,2026-05-01,28,18,3,10,28,910
22110,2026-05-01,55,21,4,6,12,491
22139,2026-05-01,26,16,3,6,12,479
22154,2026-05-01,61,21,10,11,12,2468
22215,2026-05-01,8,11,3,4,12,380
22217,2026-05-01,62,22,12,25,28,3777
22290,2026-05-01,56,21,19,38,45,6422
22291,2026-05-01,3,5,0,2,28,0
22293,2026-05-01,65,21,62,38,45,13846
22297,2026-05-01,62,22,12,41,45,654
22340,2026-05-01,81,22,13,24,28,2477
22343,2026-05-01,33,19,10,33,45,2299
22350,2026-05-01,25,16,12,25,60,549
22372,2026-05-01,10,12,6,4,12,478
22416,2026-05-01,48,21,11,23,28,2987
22447,2026-05-01,73,22,26,39,45,1102
22475,2026-05-01,2,3,4,8,28,205
22485,2026-05-01,46,21,19,26,28,3462
22487,2026-05-01,32,17,2,16,28,412
22492,2026-05-01,2,3,6,3,45,83
22541,2026-05-01,19,14,4,5,12,1166
22573,2026-05-01,60,22,12,27,28,3406
22593,2026-05-01,3,4,0,1,12,0
22599,2026-05-01,43,21,3,11,12,242
22603,2026-05-01,33,17,136,54,60,38980
22605,2026-05-01,15,13,3,7,12,250
22662,2026-05-01,73,22,6,40,45,1113
22676,2026-05-01,20,17,3,12,28,198
22710,2026-05-01,38,21,3,7,12,140
22756,2026-05-01,24,19,2,6,12,440
22768,2026-05-01,60,21,10,23,28,1569
22825,2026-05-01,40,20,15,55,60,1394
22836,2026-05-01,62,22,8,27,28,1944
22914,2026-05-01,17,13,4,9,12,329
22915,2026-05-01,52,20,5,11,12,1683
22949,2026-05-01,14,14,27,37,60,5099
22999,2026-05-01,73,21,56,43,45,30382
23108,2026-05-01,6,8,0,6,28,0
23130,2026-05-01,25,20,24,22,45,1391
23169,2026-05-01,25,16,5,3,12,922
23219,2026-05-01,7,12,2,6,28,119
23338,2026-05-01,0,0,31,11,60,1917
23467,2026-05-01,34,20,24,27,45,2164
23469,2026-05-01,74,22,131,55,60,45919
23484,2026-05-01,29,15,11,12,28,2600
23490,2026-05-01,58,21,12,8,12,559
23508,2026-05-01,48,18,3,33,45,889
23512,2026-05-01,37,19,7,10,28,855
23518,2026-05-01,49,21,195,35,60,22504
23538,2026-05-01,4,8,2,3,12,151
23713,2026-05-01,36,19,28,13,45,6775
23757,2026-05-01,70,22,2,11,12,213
23892,2026-05-01,15,11,2,6,12,219
23931,2026-05-01,64,22,52,27,28,7565
23959,2026-05-01,33,18,4,11,12,108
24011,2026-05-01,61,22,5,20,28,1358
24061,2026-05-01,2,4,1,14,28,201
24087,2026-05-01,13,14,1,27,45,129
24117,2026-05-01,71,20,8,23,28,5108
24180,2026-05-01,18,18,4,5,12,500
24199,2026-05-01,50,22,16,43,45,1319
24222,2026-05-01,1,1,6,4,60,182
24244,2026-05-01,13,14,9,32,45,347
24261,2026-05-01,8,10,33,9,45,3907
24298,2026-05-01,21,15,23,16,45,1296
24468,2026-05-01,24,16,32,19,28,2842
24484,2026-05-01,60,21,3,26,28,186
24530,2026-05-01,77,22,10,11,12,922
24563,2026-05-01,36,21,6,9,12,737
24595,2026-05-01,22,17,8,4,12,728
24618,2026-05-01,58,22,80,53,60,26912
24630,2026-05-01,7,11,4,19,28,444
24703,2026-05-01,34,17,3,14,28,484
24712,2026-05-01,43,21,28,41,45,4310
24733,2026-05-01,30,19,10,22,28,1114
24772,2026-05-01,18,13,3,10,12,312
24829,2026-05-01,11,9,7,18,28,1031
24838,2026-05-01,6,9,2,3,12,19
24845,2026-05-01,32,19,5,8,12,112
24848,2026-05-01,65,22,10,9,12,2097
24880,2026-05-01,76,21,2,10,12,255
24948,2026-05-01,75,21,13,11,12,4924
24957,2026-05-01,27,17,39,12,28,8795
24976,2026-05-01,2,4,1,4,12,26
25035,2026-05-01,15,13,7,9,12,948
25075,2026-05-01,57,21,156,57,60,85775
25138,2026-05-01,39,19,48,17,28,9591
25145,2026-05-01,33,19,6,10,12,1848
25235,2026-05-01,7,9,1,14,28,10
25247,2026-05-01,63,22,4,11,12,229
25256,2026-05-01,75,22,59,43,45,10048
25274,2026-05-01,22,14,39,46,60,4239
25308,2026-05-01,2,3,40,9,45,2981
25319,2026-05-01,45,19,3,9,12,434
25328,2026-05-01,4,5,8,15,60,172
25330,2026-05-01,4,8,1,1,12,76
25336,2026-05-01,64,21,5,10,12,571
25380,2026-05-01,27,16,1,22,28,222
25448,2026-05-01,72,21,14,26,28,5049
25560,2026-05-01,34,20,5,25,28,464
25577,2026-05-01,12,12,42,52,60,5539
25586,2026-05-01,7,9,2,3,12,37
25613,2026-05-01,54,22,59,43,45,2540
25666,2026-05-01,37,19,33,45,60,5695
25679,2026-05-01,42,21,57,29,45,3392
25686,2026-05-01,8,12,4,5,12,412
25687,2026-05-01,28,17,4,19,28,317
25694,2026-05-01,7,8,13,20,28,917
25696,2026-05-01,72,22,7,11,12,1235
25759,2026-05-01,3,4,1,3,12,52
25790,2026-05-01,50,19,11,36,45,779
25818,2026-05-01,18,16,31,22,45,2354
25858,2026-05-01,8,9,3,4,12,305
25909,2026-05-01,50,22,6,11,12,604
25919,2026-05-01,51,21,30,22,28,3126
25920,2026-05-01,51,22,11,10,12,269
25951,2026-05-01,36,18,2,27,28,257
25988,2026-05-01,56,21,4,11,12,957
26035,2026-05-01,10,13,15,12,45,642
26042,2026-05-01,61,21,10,11,12,1116
26147,2026-05-01,34,18,12,32,45,905
26243,2026-05-01,34,19,4,9,28,649
26260,2026-05-01,5,10,2,1,12,281
26277,2026-05-01,59,21,64,32,45,10997
26312,2026-05-01,4,6,10,2,28,251
26445,2026-05-01,40,17,9,17,28,1177
26507,2026-05-01,18,16,3,8,12,178
26521,2026-05-01,33,17,3,4,12,1283
26568,2026-05-01,54,20,161,41,45,54966
26592,2026-05-01,37,18,4,23,28,313
26659,2026-05-01,25,17,6,19,28,286
26664,2026-05-01,49,19,123,41,45,28776
26685,2026-05-01,59,21,3,8,12,229
26714,2026-05-01,32,17,31,15,28,1867
26734,2026-05-01,1,1,10,2,28,250
26744,2026-05-01,55,19,59,15,45,5509
26817,2026-05-01,23,15,51,8,28,1994
26835,2026-05-01,2,3,32,31,60,2277
26865,2026-05-01,10,12,33,49,60,417
26878,2026-05-01,3,5,2,1,12,123
26911,2026-05-01,52,20,3,9,12,360
26965,2026-05-01,22,15,95,23,60,13079
27087,2026-05-01,26,18,6,2,12,458
27133,2026-05-01,48,21,11,18,28,1347
27248,2026-05-01,49,22,39,41,45,6765
27277,2026-05-01,45,21,3,6,12,1090
27315,2026-05-01,15,13,5,5,12,573
27322,2026-05-01,25,16,32,16,45,2951
27337,2026-05-01,74,22,24,56,60,3916
27373,2026-05-01,5,6,0,1,12,0
27381,2026-05-01,56,22,8,11,12,1091
27387,2026-05-01,50,22,44,52,60,10332
27392,2026-05-01,4,6,1,5,12,65
27422,2026-05-01,4,6,1,6,12,112
27489,2026-05-01,71,22,19,43,45,5089
27545,2026-05-01,63,20,3,11,12,258
27558,2026-05-01,51,22,10,11,12,2059
27588,2026-05-01,42,18,3,27,45,483
27670,2026-05-01,6,8,3,5,12,138
27689,2026-05-01,72,21,10,25,28,536
27708,2026-05-01,63,22,98,57,60,34537
27750,2026-05-01,6,9,1,2,12,190
27778,2026-05-01,68,20,24,34,45,7775
27791,2026-05-01,19,15,25,25,45,4573
27834,2026-05-01,54,19,50,42,45,7582
27940,2026-05-01,35,20,3,24,28,220
27963,2026-05-01,29,18,2,20,28,620
27998,2026-05-01,71,22,24,41,45,6915
28017,2026-05-01,23,19,8,6,12,3085
28082,2026-05-01,48,20,8,16,28,439
28136,2026-05-01,66,21,8,11,12,1353
28203,2026-05-01,34,20,12,19,28,5580
28234,2026-05-01,37,19,8,39,45,1219
28239,2026-05-01,64,20,5,25,28,1688
28276,2026-05-01,20,13,5,23,28,1365
28278,2026-05-01,24,16,16,30,45,2420
28284,2026-05-01,32,15,52,31,60,13902
28370,2026-05-01,14,13,17,25,45,1682
28382,2026-05-01,69,22,30,25,28,6768
28397,2026-05-01,72,21,72,24,45,28892
28412,2026-05-01,42,18,9,10,12,854
28440,2026-05-01,39,20,4,8,12,839
28453,2026-05-01,10,10,5,9,12,504
28485,2026-05-01,0,0,13,5,60,652
28508,2026-05-01,81,22,11,10,12,849
28546,2026-05-01,32,16,23,38,45,1229
28551,2026-05-01,22,16,5,9,12,947
28572,2026-05-01,4,7,3,12,28,329
28585,2026-05-01,64,20,63,51,60,10350
28641,2026-05-01,1,1,4,4,60,298
28689,2026-05-01,30,18,1,17,45,52
28746,2026-05-01,58,21,5,43,45,1094
28826,2026-05-01,11,12,16,6,28,736
28898,2026-05-01,1,2,1,15,60,98
28899,2026-05-01,42,20,5,29,45,295
28909,2026-05-01,3,5,1,2,12,50
28977,2026-05-01,70,21,8,26,28,2817
28987,2026-05-01,9,10,37,11,28,5992
29000,2026-05-01,52,19,8,10,12,1118
29074,2026-05-01,23,15,42,34,45,2902
29124,2026-05-01,6,9,84,26,60,23891
29141,2026-05-01,33,16,67,50,60,11629
29155,2026-05-01,29,17,21,25,28,5020
29175,2026-05-01,45,21,4,27,28,326
29218,2026-05-01,19,15,5,25,28,1255
29251,2026-05-01,11,11,32,32,45,5049
29261,2026-05-01,1,2,0,1,28,0
29302,2026-05-01,22,12,112,25,45,19285
29303,2026-05-01,54,22,76,18,28,15801
29327,2026-05-01,32,15,3,9,12,650
29331,2026-05-01,5,8,2,5,12,294
29367,2026-05-01,50,22,18,25,28,5247
29404,2026-05-01,64,22,3,11,12,435
29499,2026-05-01,68,21,37,42,45,16449
29520,2026-05-01,3,4,0,13,28,0
29526,2026-05-01,5,7,4,3,12,24
29546,2026-05-01,66,22,23,43,45,6125
29667,2026-05-01,58,21,99,43,45,24033
29679,2026-05-01,32,20,6,20,28,1371
29688,2026-05-01,50,19,9,11,12,2368
29690,2026-05-01,52,20,8,11,12,1331
29721,2026-05-01,57,21,8,11,12,282
29723,2026-05-01,9,12,2,9,12,171
29769,2026-05-01,24,17,4,4,28,247
29805,2026-05-01,65,21,4,24,28,426
29832,2026-05-01,42,21,3,27,28,105
29835,2026-05-01,52,22,11,26,28,2842
29841,2026-05-01,47,19,182,46,60,13871
29897,2026-05-01,6,8,1,7,28,96
29918,2026-05-01,6,8,4,5,12,852
29922,2026-05-01,51,22,54,54,60,13440
29926,2026-05-01,55,21,11,34,45,1954
29939,2026-05-01,5,9,4,4,12,360
29955,2026-05-01,2,4,0,3,12,0
29986,2026-05-01,56,22,34,49,60,3163
30070,2026-05-01,6,7,3,9,28,215
30111,2026-05-01,38,19,104,44,60,8872
30229,2026-05-01,54,21,160,50,60,45686
30263,2026-05-01,66,22,2,11,12,367
30318,2026-05-01,32,19,139,29,60,38050
30344,2026-05-01,35,18,5,6,12,1102
30372,2026-05-01,5,6,43,36,60,5245
30382,2026-05-01,5,9,2,8,45,142
30410,2026-05-01,30,17,14,15,28,2701
30484,2026-05-01,55,21,2,26,28,454
30489,2026-05-01,1,1,3,2,12,154
30559,2026-05-01,15,14,5,10,45,2394
30593,2026-05-01,18,17,6,5,12,1089
30601,2026-05-01,49,22,212,48,60,26913
30607,2026-05-01,13,10,1,8,12,159
30716,2026-05-01,19,16,2,12,28,155
30736,2026-05-01,60,22,55,42,45,6913
30738,2026-05-01,38,18,11,21,28,3582
30795,2026-05-01,71,21,9,11,12,2699
30798,2026-05-01,22,14,35,12,45,1915
30800,2026-05-01,37,19,8,10,12,72
30819,2026-05-01,71,22,105,56,60,5873
30820,2026-05-01,39,19,9,11,12,1017
30839,2026-05-01,40,20,186,36,60,28937
30843,2026-05-01,20,13,2,18,28,209
30866,2026-05-01,6,10,3,2,12,504
30867,2026-05-01,32,18,5,11,12,691
30905,2026-05-01,57,22,27,27,28,4799
30920,2026-05-01,52,22,5,11,12,490
31005,2026-05-01,7,10,1,4,28,319
31051,2026-05-01,7,8,2,9,12,400
31113,2026-05-01,18,17,7,5,28,899
31125,2026-05-01,5,8,1,17,45,89
31126,2026-05-01,38,20,8,12,28,2210
31158,2026-05-01,5,9,6,6,12,416
31160,2026-05-01,40,18,7,8,12,532
31179,2026-05-01,65,21,8,22,28,690
31201,2026-05-01,9,12,8,14,28,1331
31239,2026-05-01,7,8,27,15,60,2246
31245,2026-05-01,16,16,33,25,60,10369
31267,2026-05-01,27,16,16,34,45,1161
31286,2026-05-01,1,2,36,13,60,1450
31324,2026-05-01,51,20,6,22,28,1463
31331,2026-05-01,39,18,7,11,12,2010
31348,2026-05-01,55,21,2,6,12,547
31352,2026-05-01,17,13,1,34,45,341
31359,2026-05-01,17,12,1,5,12,87
31392,2026-05-01,12,12,7,3,12,1016
31417,2026-05-01,18,15,4,6,12,296
31459,2026-05-01,43,20,79,37,45,37268
31468,2026-05-01,18,14,4,20,28,241
31544,2026-05-01,45,21,49,24,45,12051
31551,2026-05-01,69,22,7,27,28,1982
31563,2026-05-01,10,11,2,7,28,336
31595,2026-05-01,45,18,2,10,12,215
31623,2026-05-01,64,22,60,57,60,18614
31691,2026-05-01,57,21,9,10,12,2060
31701,2026-05-01,29,17,7,11,12,784
31726,2026-05-01,36,19,3,10,28,198
31730,2026-05-01,65,20,13,10,12,2599
31775,2026-05-01,43,17,22,24,28,4834
31786,2026-05-01,5,7,16,21,60,1088
31811,2026-05-01,70,21,9,11,12,1117
31852,2026-05-01,33,17,32,14,28,2339
31933,2026-05-01,36,19,13,49,60,400
31969,2026-05-01,5,6,3,8,12,76
31977,2026-05-01,9,12,12,4,28,146
31983,2026-05-01,42,19,22,29,45,8302
32003,2026-05-01,67,21,53,39,45,8944
32005,2026-05-01,17,14,6,38,45,94
32019,2026-05-01,21,16,5,9,28,501
32021,2026-05-01,6,9,1,3,12,145
32121,2026-05-01,15,13,37,24,28,9502
32137,2026-05-01,7,8,11,3,60,324
32171,2026-05-01,77,21,28,27,28,8628
32211,2026-05-01,8,10,7,13,28,322
32258,2026-05-01,3,6,6,13,45,373
32302,2026-05-01,24,18,39,13,60,7066
32392,2026-05-01,33,19,6,9,12,459
32405,2026-05-01,10,11,2,17,28,381
32422,2026-05-01,24,17,39,33,60,4465
32430,2026-05-01,77,21,46,27,28,4875
32453,2026-05-01,42,20,3,9,12,1380
32521,2026-05-01,39,17,3,7,12,77
32529,2026-05-01,35,17,5,11,12,860
32531,2026-05-01,39,19,118,37,45,35202
32536,2026-05-01,8,10,4,23,45,504
32544,2026-05-01,4,7,4,18,28,380
32601,2026-05-01,34,19,7,18,28,1227
32617,2026-05-01,1,2,1,1,28,95
32628,2026-05-01,8,9,1,16,28,69
32670,2026-05-01,58,20,16,25,28,5615
32673,2026-05-01,73,21,10,11,12,361
32775,2026-05-01,42,21,6,27,45,122
32811,2026-05-01,23,19,19,20,45,1264
32896,2026-05-01,57,21,140,51,60,30515
32903,2026-05-01,54,22,19,31,45,2123
32920,2026-05-01,6,9,2,4,12,33
32926,2026-05-01,14,13,2,38,45,267
32935,2026-05-01,52,20,66,23,28,17666
32995,2026-05-01,79,22,15,57,60,3949
33018,2026-05-01,51,20,2,10,12,430
33021,2026-05-01,57,22,6,27,28,164
33037,2026-05-01,3,5,16,11,28,941
33086,2026-05-01,6,8,1,4,12,190
33130,2026-05-01,30,18,7,11,12,714
33137,2026-05-01,6,8,20,21,45,4154
33138,2026-05-01,69,22,6,11,12,269
33202,2026-05-01,12,12,22,12,28,1265
33208,2026-05-01,3,5,5,11,60,146
33231,2026-05-01,23,19,1,18,45,65
33280,2026-05-01,2,3,15,4,45,1853
33284,2026-05-01,43,21,3,11,12,504
33289,2026-05-01,6,9,3,3,12,797
33350,2026-05-01,57,22,3,21,28,569
33351,2026-05-01,51,19,5,17,28,349
33372,2026-05-01,3,5,6,4,45,478
33383,2026-05-01,41,18,46,21,28,11466
33400,2026-05-01,35,16,17,30,45,1601
33450,2026-05-01,59,22,4,27,28,440
33472,2026-05-01,56,21,93,38,45,11912
33586,2026-05-01,23,19,54,8,60,2845
33626,2026-05-01,34,16,51,35,45,6167
33627,2026-05-01,56,21,5,23,28,879
33723,2026-05-01,40,19,3,27,28,931
33729,2026-05-01,23,14,10,24,45,5990
33774,2026-05-01,18,14,3,5,12,301
33776,2026-05-01,9,9,4,3,12,692
33778,2026-05-01,35,21,5,10,12,403
33794,2026-05-01,54,22,62,43,45,12707
33796,2026-05-01,40,21,13,30,45,4425
33856,2026-05-01,2,2,1,9,28,52
33870,2026-05-01,1,1,19,20,60,4604
33871,2026-05-01,5,7,23,11,60,1081
33919,2026-05-01,40,19,42,34,45,3787
33925,2026-05-01,29,18,4,2,12,1335
33928,2026-05-01,55,21,3,27,28,435
33931,2026-05-01,6,7,1,9,45,137
33945,2026-05-01,41,21,29,20,28,14192
33971,2026-05-01,69,21,15,43,45,1538
33975,2026-05-01,71,21,7,27,28,389
33986,2026-05-01,28,16,115,43,60,9266
34001,2026-05-01,19,15,9,4,12,2076
34013,2026-05-01,30,19,126,22,60,17383
34038,2026-05-01,29,16,32,17,45,3877
34048,2026-05-01,25,18,6,6,12,657
34076,2026-05-01,18,14,4,5,12,436
34092,2026-05-01,0,0,1,3,28,22
34201,2026-05-01,21,14,4,16,28,563
34261,2026-05-01,30,19,4,22,28,393
34265,2026-05-01,65,21,3,25,28,430
34268,2026-05-01,10,9,1,14,28,125
34291,2026-05-01,4,7,1,15,28,63
34441,2026-05-01,1,2,8,3,28,172
34482,2026-05-01,14,13,4,35,45,165
34499,2026-05-01,60,20,17,41,45,380
34505,2026-05-01,8,10,69,11,60,2034
34534,2026-05-01,46,22,4,11,12,134
34559,2026-05-01,61,22,63,26,28,18070
34615,2026-05-01,4,5,47,12,45,9144
34721,2026-05-01,76,21,41,26,28,13121
34735,2026-05-01,68,22,51,42,45,5159
34744,2026-05-01,2,4,1,9,28,79
34781,2026-05-01,41,21,3,14,28,1521
34795,2026-05-01,29,19,12,7,12,1062
34863,2026-05-01,33,18,4,38,45,2529
34879,2026-05-01,6,8,1,16,45,93
34889,2026-05-01,52,20,6,9,12,720
34955,2026-05-01,29,19,39,31,45,6423
34969,2026-05-01,1,2,1,2,28,85
34988,2026-05-01,68,22,8,11,12,1690
35003,2026-05-01,49,21,39,42,45,430
35042,2026-05-01,31,19,9,9,12,241
35046,2026-05-01,6,7,3,4,12,179
35057,2026-05-01,54,22,13,25,28,4329
35071,2026-05-01,52,22,47,23,28,10654
35096,2026-05-01,5,6,1,18,28,10
35118,2026-05-01,9,11,3,5,12,261
35136,2026-05-01,59,21,3,11,12,1614
35266,2026-05-01,29,16,4,9,12,807
35270,2026-05-01,77,21,110,50,60,5624
35343,2026-05-01,44,21,7,16,28,1844
35346,2026-05-01,25,17,3,7,12,675
35381,2026-05-01,7,9,2,12,45,132
35411,2026-05-01,11,10,1,9,12,191
35412,2026-05-01,35,18,39,25,60,12389
35439,2026-05-01,11,12,3,7,28,636
35528,2026-05-01,33,19,2,9,12,578
35550,2026-05-01,54,22,3,11,12,54
35710,2026-05-01,47,20,5,27,28,1366
35763,2026-05-01,51,21,142,40,45,3330
35815,2026-05-01,26,17,2,6,12,280
35860,2026-05-01,17,13,1,18,28,135
35912,2026-05-01,45,20,8,8,12,2277
35927,2026-05-01,12,13,6,5,12,413
35933,2026-05-01,9,9,68,9,60,12155
36017,2026-05-01,5,7,19,8,28,1595
36021,2026-05-01,57,21,2,7,12,460
36072,2026-05-01,18,15,2,5,12,716
36076,2026-05-01,3,4,6,20,28,362
36077,2026-05-01,4,6,3,21,28,470
36081,2026-05-01,5,7,4,7,28,427
36117,2026-05-01,58,22,31,43,45,4645
36158,2026-05-01,52,22,2,11,12,187
36173,2026-05-01,70,22,3,11,12,941
36196,2026-05-01,55,22,54,53,60,8542
36197,2026-05-01,64,21,10,21,28,837
36206,2026-05-01,4,7,3,5,12,155
36240,2026-05-01,30,19,5,3,12,979
36351,2026-05-01,61,20,6,9,12,3193
36413,2026-05-01,30,18,71,30,60,51438
36587,2026-05-01,6,8,3,15,28,562
36599,2026-05-01,25,17,10,15,28,812
36602,2026-05-01,25,19,67,45,60,5976
36773,2026-05-01,18,15,6,22,28,551
36783,2026-05-01,56,22,10,11,12,2548
36791,2026-05-01,80,22,6,27,28,624
36815,2026-05-01,59,21,17,38,45,2045
36833,2026-05-01,12,9,24,21,45,2301
36886,2026-05-01,43,20,5,10,12,524
36906,2026-05-01,53,21,4,7,12,49
36920,2026-05-01,49,20,6,26,28,378
36980,2026-05-01,42,21,41,19,28,6924
36984,2026-05-01,6,9,9,11,45,1522
36995,2026-05-01,63,21,169,56,60,20940
37105,2026-05-01,23,15,6,11,12,1159
37109,2026-05-01,21,14,42,38,45,2845
37116,2026-05-01,39,19,158,57,60,11593
37134,2026-05-01,63,22,14,11,12,1715
37179,2026-05-01,16,12,7,7,12,931
37285,2026-05-01,16,13,25,14,45,4808
37335,2026-05-01,76,22,10,11,12,1230
37398,2026-05-01,23,15,9,22,28,935
37419,2026-05-01,5,7,2,31,45,112
37424,2026-05-01,19,12,44,25,60,6876
37460,2026-05-01,19,13,118,38,60,15557
37476,2026-05-01,24,18,3,21,28,579
37487,2026-05-01,29,17,100,34,45,7264
37500,2026-05-01,22,16,5,16,28,517
37545,2026-05-01,77,22,3,22,28,333
37563,2026-05-01,44,19,56,42,45,24703
37605,2026-05-01,56,22,61,26,28,13908
37672,2026-05-01,5,7,44,16,28,943
37747,2026-05-01,24,16,2,20,28,213
37748,2026-05-01,7,8,3,7,28,121
37767,2026-05-01,28,20,15,22,28,2499
37940,2026-05-01,58,22,10,27,28,1424
37982,2026-05-01,10,11,5,18,60,554
38022,2026-05-01,52,21,12,11,12,299
38086,2026-05-01,48,21,60,39,45,9071
38095,2026-05-01,79,22,6,26,28,837
38111,2026-05-01,62,22,4,11,12,304
38189,2026-05-01,27,18,3,16,28,633
38197,2026-05-01,40,20,8,24,28,2182
38198,2026-05-01,53,22,3,10,12,200
38211,2026-05-01,37,20,12,9,12,1124
38227,2026-05-01,11,12,3,18,28,65
38252,2026-05-01,6,8,5,6,45,331
38268,2026-05-01,37,20,5,6,12,253
38270,2026-05-01,4,7,5,15,45,116
38306,2026-05-01,52,20,10,10,12,1880
38326,2026-05-01,12,12,1,9,12,26
38367,2026-05-01,5,6,17,4,28,4224
38373,2026-05-01,14,15,4,10,28,715
38423,2026-05-01,72,21,13,27,28,1882
38452,2026-05-01,46,20,3,36,45,261
38485,2026-05-01,1,1,7,1,28,407
38612,2026-05-01,15,13,11,19,45,1799
38661,2026-05-01,39,19,6,32,45,1749
38664,2026-05-01,4,7,3,8,28,355
38677,2026-05-01,11,10,2,18,28,112
38700,2026-05-01,50,19,2,9,12,798
38728,2026-05-01,4,6,2,3,12,156
38766,2026-05-01,36,18,76,38,45,13984
38770,2026-05-01,65,22,210,57,60,22868
38775,2026-05-01,28,19,4,7,12,514
38812,2026-05-01,5,9,3,2,12,683
38823,2026-05-01,27,15,26,23,28,4129
38848,2026-05-01,75,22,89,43,60,6853
38868,2026-05-01,30,18,88,55,60,32388
38906,2026-05-01,20,17,37,36,60,3202
38939,2026-05-01,39,19,64,37,45,1837
39017,2026-05-01,10,10,2,6,12,252
39037,2026-05-01,63,22,3,18,28,170
39040,2026-05-01,16,15,15,47,60,1575
39062,2026-05-01,5,7,2,5,28,185
39135,2026-05-01,48,21,13,41,45,2962
39190,2026-05-01,13,11,7,27,45,1086
39196,2026-05-01,12,11,2,10,12,513
39248,2026-05-01,31,21,59,27,28,5652
39346,2026-05-01,8,10,13,33,45,2241
39375,2026-05-01,13,15,41,16,28,1496
39416,2026-05-01,17,14,45,34,60,1217
39454,2026-05-01,26,16,105,25,60,39636
39486,2026-05-01,26,18,4,9,12,465
39515,2026-05-01,23,19,3,9,12,414
39535,2026-05-01,56,18,1,21,28,348
39541,2026-05-01,6,9,1,2,45,58
39592,2026-05-01,40,22,23,37,60,1732
39666,2026-05-01,42,20,2,23,28,443
39685,2026-05-01,1,1,4,4,60,383
39715,2026-05-01,44,20,93,48,60,13811
39739,2026-05-01,53,20,11,10,12,1140
39810,2026-05-01,61,22,184,53,60,3831
39869,2026-05-01,22,15,6,3,12,873
39896,2026-05-01,18,14,4,11,28,947
39899,2026-05-01,4,7,3,6,12,294
39965,2026-05-01,66,21,57,40,45,36944
39980,2026-05-01,50,21,72,57,60,1604
40017,2026-05-01,13,13,28,20,45,3413
40026,2026-05-01,64,22,29,43,45,3497
40093,2026-05-01,41,19,3,22,28,542
40154,2026-05-01,3,4,14,13,60,1595
40163,2026-05-01,19,13,7,38,60,703
40166,2026-05-01,43,20,2,41,45,412
40219,2026-05-01,77,22,5,21,28,372
40270,2026-05-01,33,20,5,15,28,750
40330,2026-05-01,24,15,5,10,28,592
40485,2026-05-01,61,22,9,11,12,1125
40544,2026-05-01,9,14,16,7,60,2611
40555,2026-05-01,65,21,58,22,28,26515
40595,2026-05-01,50,21,25,17,28,5248
40659,2026-05-01,60,21,3,10,12,585
40736,2026-05-01,29,20,25,50,60,11016
40757,2026-05-01,72,22,9,43,45,1140
40776,2026-05-01,62,20,2,11,12,468
40809,2026-05-01,2,2,25,3,60,1547
40826,2026-05-01,51,21,13,27,28,2106
40843,2026-05-01,26,17,3,6,12,415
40849,2026-05-01,24,16,11,4,12,922
40857,2026-05-01,9,13,3,5,12,682
40882,2026-05-01,28,17,2,9,12,601
40892,2026-05-01,49,20,25,28,45,6564
40936,2026-05-01,74,22,4,27,28,1577
41021,2026-05-01,50,21,7,10,12,2340
41075,2026-05-01,15,11,0,34,45,0
41106,2026-05-01,8,10,23,27,45,4763
41112,2026-05-01,39,18,6,34,45,80
41124,2026-05-01,68,22,4,41,45,1834
41128,2026-05-01,63,22,28,26,28,13258
41165,2026-05-01,32,18,23,54,60,6320
41168,2026-05-01,34,18,5,26,28,936
41180,2026-05-01,53,19,9,10,12,2498
41209,2026-05-01,23,16,16,38,45,3870
41212,2026-05-01,42,22,5,35,45,808
41280,2026-05-01,14,11,6,5,12,176
41289,2026-05-01,36,17,6,6,12,945
41296,2026-05-01,3,5,1,3,12,162
41324,2026-05-01,5,9,3,6,28,145
41404,2026-05-01,44,20,1,5,12,527
41475,2026-05-01,1,2,14,8,28,1305
41508,2026-05-01,17,15,4,8,12,539
41531,2026-05-01,20,14,46,47,60,1804
41542,2026-05-01,3,4,11,2,45,1516
41554,2026-05-01,37,21,11,24,28,681
41601,2026-05-01,9,12,1,2,12,44
41660,2026-05-01,10,11,4,14,28,123
41686,2026-05-01,49,22,4,9,12,335
41704,2026-05-01,49,21,2,26,28,98
41709,2026-05-01,5,8,32,8,45,3965
41717,2026-05-01,3,5,1,4,12,7
41724,2026-05-01,25,16,6,8,12,1998
41740,2026-05-01,8,10,4,10,12,503
41776,2026-05-01,30,20,2,13,28,464
41834,2026-05-01,5,6,4,3,12,688
41845,2026-05-01,51,18,28,51,60,4144
41853,2026-05-01,23,15,121,35,60,30100
41859,2026-05-01,53,20,9,21,28,1327
41868,2026-05-01,39,19,13,10,12,1285
41869,2026-05-01,19,15,23,11,28,3983
41876,2026-05-01,60,22,81,54,60,12563
41888,2026-05-01,48,21,64,24,28,8124
41897,2026-05-01,7,9,13,29,45,864
41946,2026-05-01,52,21,5,11,12,447
41955,2026-05-01,41,21,4,24,28,1447
41956,2026-05-01,76,21,11,11,12,893
41961,2026-05-01,48,21,8,26,28,239
41970,2026-05-01,19,13,9,22,45,719
41985,2026-05-01,3,5,1,1,12,69
42017,2026-05-01,2,4,2,11,28,433
42058,2026-05-01,27,16,9,17,28,1983
42060,2026-05-01,6,9,30,18,45,1062
42105,2026-05-01,11,13,9,9,12,1115
42111,2026-05-01,5,6,1,4,28,101
42170,2026-05-01,74,22,9,11,12,959
42176,2026-05-01,21,16,6,6,12,1546
42196,2026-05-01,7,7,1,2,12,95
42253,2026-05-01,2,4,2,1,12,74
42264,2026-05-01,52,22,9,43,45,2005
42269,2026-05-01,43,21,4,39,45,165
42342,2026-05-01,7,9,5,23,28,870
42382,2026-05-01,9,13,37,10,45,4862
42398,2026-05-01,10,10,106,13,60,9376
42428,2026-05-01,33,16,4,14,28,577
42446,2026-05-01,8,10,1,5,12,284
42484,2026-05-01,12,13,2,4,12,282
42536,2026-05-01,53,22,7,9,12,1195
42560,2026-05-01,7,10,90,10,60,40980
42606,2026-05-01,24,16,1,7,12,60
42620,2026-05-01,63,21,11,10,12,2893
42635,2026-05-01,26,16,2,8,12,154
42704,2026-05-01,18,18,12,18,28,3081
42719,2026-05-01,66,20,61,57,60,5325
42762,2026-05-01,61,22,13,11,12,5792
42805,2026-05-01,43,21,3,23,28,348
42832,2026-05-01,45,19,38,41,45,12912
42868,2026-05-01,49,21,1,18,28,274
42887,2026-05-01,64,22,13,27,28,1936
42914,2026-05-01,7,8,8,15,28,890
42955,2026-05-01,38,19,6,16,28,1634
42960,2026-05-01,16,12,6,6,12,767
42962,2026-05-01,5,6,1,3,12,131
43041,2026-05-01,32,21,117,39,60,18981
43162,2026-05-01,24,15,3,8,12,139
43165,2026-05-01,21,15,35,10,28,1492
43194,2026-05-01,13,13,2,13,28,119
43202,2026-05-01,47,20,16,37,45,4271
43248,2026-05-01,67,21,12,10,12,1429
43251,2026-05-01,47,19,6,24,28,758
43280,2026-05-01,2,3,3,1,28,227
43331,2026-05-01,5,9,13,10,28,932
43358,2026-05-01,30,19,41,32,45,7705
43428,2026-05-01,15,16,2,9,28,309
43444,2026-05-01,10,9,6,13,28,203
43477,2026-05-01,34,18,19,18,28,654
43533,2026-05-01,34,18,32,16,28,9741
43540,2026-05-01,41,20,3,6,12,363
43556,2026-05-01,12,12,3,8,12,312
43624,2026-05-01,41,21,3,10,12,136
43645,2026-05-01,4,6,1,1,12,127
43663,2026-05-01,36,19,57,19,28,20371
43665,2026-05-01,31,18,3,18,28,716
43687,2026-05-01,14,14,5,4,12,502
43702,2026-05-01,19,14,4,8,12,141
43777,2026-05-01,2,3,11,1,45,1033
43819,2026-05-01,34,20,3,30,45,665
43871,2026-05-01,33,18,41,44,60,10074
43882,2026-05-01,27,18,4,4,12,124
44058,2026-05-01,13,11,6,6,12,569
44132,2026-05-01,4,6,4,1,12,698
44154,2026-05-01,77,21,12,27,28,4207
44211,2026-05-01,24,17,4,22,28,768
44225,2026-05-01,21,16,33,29,45,11598
44258,2026-05-01,47,21,8,21,45,147
44356,2026-05-01,15,15,5,14,28,1850
44365,2026-05-01,35,19,10,10,28,4291
44430,2026-05-01,33,20,46,22,28,3688
44453,2026-05-01,33,17,3,23,45,378
44458,2026-05-01,33,19,18,33,60,8270
44474,2026-05-01,40,16,7,10,28,1176
44476,2026-05-01,63,22,10,25,28,721
44484,2026-05-01,6,9,1,6,28,124
44491,2026-05-01,31,20,17,20,60,1342
44541,2026-05-01,60,20,7,11,12,1771
44570,2026-05-01,3,5,16,1,60,1220
44577,2026-05-01,11,13,1,10,12,194
44580,2026-05-01,21,14,15,34,60,1689
44611,2026-05-01,35,17,5,7,12,1109
44620,2026-05-01,62,21,52,27,28,23200
44643,2026-05-01,76,22,10,11,12,274
44670,2026-05-01,32,20,58,8,60,783
44692,2026-05-01,27,13,56,26,45,7378
44722,2026-05-01,51,22,13,42,45,2269
44799,2026-05-01,48,19,8,23,28,1698
44851,2026-05-01,44,20,2,11,12,123
44979,2026-05-01,10,10,5,9,12,334
45066,2026-05-01,51,22,5,10,12,2625
45081,2026-05-01,16,14,2,6,12,374
45151,2026-05-01,40,18,1,20,28,155
45220,2026-05-01,53,20,3,11,12,1696
45231,2026-05-01,47,22,48,31,45,11171
45232,2026-05-01,59,20,8,38,45,1850
45236,2026-05-01,1,1,0,3,12,0
45290,2026-05-01,7,10,2,13,28,340
45332,2026-05-01,16,15,3,9,12,398
45344,2026-05-01,27,15,60,22,28,13069
45395,2026-05-01,33,20,12,8,12,2127
45424,2026-05-01,34,18,3,17,28,750
45451,2026-05-01,38,16,37,19,28,4120
45507,2026-05-01,60,21,4,24,28,302
45509,2026-05-01,30,20,84,29,60,10479
45541,2026-05-01,54,21,58,19,45,11721
45547,2026-05-01,28,19,3,11,28,427
45556,2026-05-01,63,20,6,43,45,633
45588,2026-05-01,68,22,7,10,12,2104
45606,2026-05-01,22,16,20,20,45,1268
45607,2026-05-01,4,6,11,6,45,166
45608,2026-05-01,5,6,1,4,12,130
45638,2026-05-01,62,22,48,41,45,27024
45702,2026-05-01,25,17,3,6,12,431
45708,2026-05-01,12,12,7,7,12,465
45757,2026-05-01,55,21,9,40,45,7019
45827,2026-05-01,45,20,13,22,28,4452
45831,2026-05-01,48,18,5,7,12,613
45909,2026-05-01,26,14,25,12,28,6000
45983,2026-05-01,39,20,78,52,60,7750
46011,2026-05-01,21,13,84,28,60,24110
46059,2026-05-01,38,22,3,12,28,462
46063,2026-05-01,69,22,54,57,60,19691
46074,2026-05-01,51,19,46,57,60,2668
46088,2026-05-01,31,19,8,21,28,679
46114,2026-05-01,9,11,3,8,28,258
46158,2026-05-01,41,18,41,19,28,6786
46227,2026-05-01,0,0,1,1,12,11
46302,2026-05-01,68,22,28,40,45,6400
46382,2026-05-01,72,22,9,26,28,3470
46452,2026-05-01,30,18,23,20,28,2422
46487,2026-05-01,30,16,7,10,12,681
46503,2026-05-01,27,18,50,42,60,9192
46607,2026-05-01,74,22,12,11,12,613
46659,2026-05-01,65,22,5,10,12,919
46708,2026-05-01,66,22,8,24,28,3039
46731,2026-05-01,7,10,3,10,28,339
46734,2026-05-01,5,8,11,17,45,2182
46740,2026-05-01,44,20,51,21,45,10880
46772,2026-05-01,55,21,50,43,45,2388
46791,2026-05-01,2,3,1,7,28,48
46829,2026-05-01,50,22,162,43,45,60556
46847,2026-05-01,54,21,55,53,60,16689
46887,2026-05-01,5,6,1,13,28,18
46898,2026-05-01,60,21,12,10,12,739
46903,2026-05-01,41,20,11,29,45,1096
46968,2026-05-01,58,22,12,27,28,3990
47029,2026-05-01,18,16,8,8,12,892
47036,2026-05-01,55,20,12,7,12,337
47046,2026-05-01,45,20,54,20,28,5345
47074,2026-05-01,2,3,72,5,45,2728
47100,2026-05-01,62,20,42,12,28,3299
47208,2026-05-01,33,16,2,8,12,288
47280,2026-05-01,3,4,1,2,28,17
47297,2026-05-01,1,1,10,3,60,360
47391,2026-05-01,17,15,4,7,12,791
47413,2026-05-01,77,21,4,9,12,318
47460,2026-05-01,42,20,10,24,28,1508
47514,2026-05-01,22,16,1,10,28,37
47517,2026-05-01,49,20,44,25,28,7559
47522,2026-05-01,8,10,3,4,12,131
47527,2026-05-01,45,19,6,14,28,704
47666,2026-05-01,31,16,5,8,12,460
47675,2026-05-01,26,16,36,29,45,2458
47676,2026-05-01,24,15,23,15,28,2118
47771,2026-05-01,66,21,6,25,28,576
47832,2026-05-01,2,3,28,4,28,3127
47858,2026-05-01,45,22,156,39,60,34021
47863,2026-05-01,17,15,3,5,12,149
47872,2026-05-01,49,21,11,28,45,1359
47874,2026-05-01,15,12,90,23,45,12938
47879,2026-05-01,1,2,11,9,45,275
47889,2026-05-01,47,19,151,53,60,10741
47913,2026-05-01,53,21,12,6,12,1672
47922,2026-05-01,63,21,5,11,12,540
47989,2026-05-01,5,8,3,10,28,231
48026,2026-05-01,6,8,34,14,45,2373
48050,2026-05-01,54,22,2,11,12,867
48107,2026-05-01,70,21,76,37,45,3816
48123,2026-05-01,24,15,6,8,12,206
48159,2026-05-01,81,22,7,23,28,804
48223,2026-05-01,26,17,5,34,45,197
48299,2026-05-01,4,6,2,2,12,286
48337,2026-05-01,11,10,4,3,12,263
48355,2026-05-01,50,22,7,27,28,2350
48384,2026-05-01,48,22,126,43,45,36488
48427,2026-05-01,9,10,4,7,12,447
48428,2026-05-01,6,10,1,21,28,136
48442,2026-05-01,23,16,3,27,45,751
48538,2026-05-01,75,22,3,11,12,721
48567,2026-05-01,13,12,3,7,12,578
48591,2026-05-01,10,12,0,5,12,0
48593,2026-05-01,34,19,117,38,60,6988
48639,2026-05-01,51,20,6,21,28,902
48644,2026-05-01,67,22,9,11,12,1217
48808,2026-05-01,60,22,57,38,45,6266
48925,2026-05-01,1,2,7,3,28,924
48989,2026-05-01,55,21,9,11,12,3424
49009,2026-05-01,42,20,11,22,28,3070
49068,2026-05-01,48,21,6,9,12,1158
49099,2026-05-01,64,21,25,27,28,5742
49104,2026-05-01,63,20,8,11,12,805
49130,2026-05-01,35,20,5,17,28,971
49144,2026-05-01,13,11,4,17,28,770
49168,2026-05-01,62,22,41,27,28,2008
49176,2026-05-01,39,17,8,9,12,763
49214,2026-05-01,4,6,3,4,12,161
49249,2026-05-01,57,22,74,35,45,17434
49313,2026-05-01,63,21,3,27,28,370
49323,2026-05-01,3,4,23,12,28,1291
49353,2026-05-01,62,21,45,27,28,4372
49454,2026-05-01,20,14,6,3,12,388
49489,2026-05-01,29,15,8,3,12,2083
49517,2026-05-01,3,4,25,8,45,1681
49598,2026-05-01,4,5,46,9,60,295
49606,2026-05-01,20,12,2,2,12,173
49617,2026-05-01,47,20,15,20,28,1457
49639,2026-05-01,66,21,37,43,45,4394
49642,2026-05-01,45,21,7,11,12,1065
49707,2026-05-01,77,21,75,42,45,15027
49714,2026-05-01,34,21,2,22,28,132
49720,2026-05-01,31,20,10,10,12,1940
49783,2026-05-01,66,20,8,11,12,981
49791,2026-05-01,2,4,10,2,60,1509
49794,2026-05-01,49,21,28,22,28,13828
49808,2026-05-01,56,21,3,11,12,290
49872,2026-05-01,7,9,3,13,28,658
49884,2026-05-01,60,22,95,43,45,11692
49913,2026-05-01,44,21,6,14,28,1607
49931,2026-05-01,57,21,174,57,60,14436
49980,2026-05-01,14,13,19,37,60,1885
18,2026-06-01,4,5,0,3,28,0
19,2026-06-01,37,20,9,18,28,3972
23,2026-06-01,31,18,9,25,28,1343
43,2026-06-01,65,22,83,42,45,11106
48,2026-06-01,62,21,7,11,12,939
50,2026-06-01,28,18,8,7,12,334
58,2026-06-01,4,8,3,16,28,210
119,2026-06-01,29,19,50,32,45,8758
155,2026-06-01,52,19,12,24,28,2812
222,2026-06-01,73,21,3,11,12,758
247,2026-06-01,63,22,9,43,45,642
259,2026-06-01,77,21,197,54,60,30128
283,2026-06-01,52,20,73,35,45,9574
290,2026-06-01,20,19,1,7,12,102
291,2026-06-01,67,22,4,9,12,697
300,2026-06-01,5,7,36,5,60,1088
308,2026-06-01,6,9,4,6,28,168
319,2026-06-01,67,22,15,54,60,3461
334,2026-06-01,53,22,70,27,28,21995
335,2026-06-01,43,20,4,8,12,1140
341,2026-06-01,9,10,20,28,45,2107
356,2026-06-01,43,20,7,3,12,1232
378,2026-06-01,26,15,7,7,12,402
379,2026-06-01,63,22,12,41,45,656
460,2026-06-01,30,20,21,32,45,2900
508,2026-06-01,3,4,31,9,60,3599
531,2026-06-01,64,21,11,11,12,800
575,2026-06-01,24,13,25,34,45,5111
668,2026-06-01,28,16,1,5,12,59
685,2026-06-01,26,20,4,7,12,183
689,2026-06-01,24,15,3,24,28,372
738,2026-06-01,32,18,109,16,45,31470
855,2026-06-01,19,15,5,21,28,952
874,2026-06-01,32,19,51,33,45,13877
895,2026-06-01,13,12,4,7,12,967
999,2026-06-01,17,13,8,13,28,1539
1001,2026-06-01,7,11,2,8,45,153
1004,2026-06-01,19,12,40,14,28,5495
1022,2026-06-01,56,22,59,26,28,2092
1048,2026-06-01,52,20,38,27,28,3812
1054,2026-06-01,17,13,3,2,12,74
1061,2026-06-01,57,21,5,11,12,688
1073,2026-06-01,73,22,2,43,45,161
1074,2026-06-01,30,19,8,7,12,224
1092,2026-06-01,15,11,2,3,12,135
1107,2026-06-01,74,21,21,56,60,3482
1125,2026-06-01,61,22,4,11,12,217
1167,2026-06-01,1,2,0,3,28,0
1188,2026-06-01,6,7,1,2,12,11
1227,2026-06-01,53,22,11,11,12,1574
1237,2026-06-01,46,20,8,10,12,1989
1240,2026-06-01,26,18,7,19,45,652
1275,2026-06-01,38,21,29,15,28,5163
1314,2026-06-01,58,20,9,23,28,379
1345,2026-06-01,28,15,142,48,60,22609
1362,2026-06-01,15,15,2,16,45,270
1385,2026-06-01,56,22,2,27,28,234
1387,2026-06-01,3,4,2,7,28,33
1402,2026-06-01,47,18,22,17,60,2865
1406,2026-06-01,31,16,52,19,28,9534
1460,2026-06-01,4,6,1,3,12,42
1489,2026-06-01,45,21,6,30,45,1607
1806,2026-06-01,8,8,27,11,45,3811
1807,2026-06-01,47,20,27,38,60,6314
1822,2026-06-01,8,11,2,8,12,269
1917,2026-06-01,71,22,43,50,60,4182
1937,2026-06-01,2,3,5,6,45,220
1974,2026-06-01,44,21,5,24,28,855
1983,2026-06-01,54,21,57,36,45,11485
2044,2026-06-01,7,11,0,5,12,0
2060,2026-06-01,50,21,10,11,12,756
2082,2026-06-01,22,14,28,36,45,4837
2244,2026-06-01,17,18,3,7,12,600
2259,2026-06-01,11,10,1,5,12,62
2383,2026-06-01,23,15,8,6,12,893
2529,2026-06-01,6,9,2,4,12,495
2554,2026-06-01,35,19,85,52,60,13719
2555,2026-06-01,52,22,47,23,45,3174
2575,2026-06-01,25,18,2,7,12,150
2608,2026-06-01,34,17,10,35,45,711
2620,2026-06-01,62,21,12,46,60,11095
2668,2026-06-01,23,14,7,6,12,1621
2698,2026-06-01,10,13,30,17,45,1643
2705,2026-06-01,70,20,42,57,60,10550
2713,2026-06-01,21,17,4,3,12,1560
2754,2026-06-01,72,22,3,26,28,433
2761,2026-06-01,73,22,6,10,12,107
2768,2026-06-01,28,17,3,40,45,192
2803,2026-06-01,35,20,53,34,45,7650
2845,2026-06-01,32,16,61,29,60,9270
2899,2026-06-01,8,14,2,5,28,60
2920,2026-06-01,22,13,36,37,45,10210
2939,2026-06-01,7,9,25,29,60,893
3036,2026-06-01,47,20,31,27,28,2025
3054,2026-06-01,51,22,4,11,12,1242
3166,2026-06-01,34,20,35,24,60,1304
3171,2026-06-01,5,7,18,36,60,1498
3225,2026-06-01,71,22,3,11,12,701
3262,2026-06-01,15,13,24,12,28,8419
3263,2026-06-01,26,17,4,3,28,207
3285,2026-06-01,54,21,58,55,60,2362
3295,2026-06-01,73,21,61,26,28,3743
3297,2026-06-01,8,11,1,5,12,89
3344,2026-06-01,65,22,8,26,28,1717
3421,2026-06-01,59,22,17,53,60,1775
3422,2026-06-01,39,21,16,23,28,1958
3470,2026-06-01,5,10,5,1,12,417
3583,2026-06-01,71,22,2,10,12,571
3656,2026-06-01,10,10,7,4,12,356
3669,2026-06-01,4,6,5,12,28,291
3685,2026-06-01,47,19,12,34,45,4400
3805,2026-06-01,18,16,22,17,60,1789
3835,2026-06-01,65,22,14,18,28,3802
3840,2026-06-01,74,22,4,11,12,186
3958,2026-06-01,48,21,8,6,12,794
3966,2026-06-01,52,19,8,10,12,834
4019,2026-06-01,2,3,48,6,45,4896
4049,2026-06-01,22,15,3,27,45,213
4108,2026-06-01,54,18,48,54,60,7123
4192,2026-06-01,1,2,3,5,45,84
4197,2026-06-01,4,6,11,15,60,742
4281,2026-06-01,8,11,9,3,28,949
4306,2026-06-01,11,13,4,18,28,386
4376,2026-06-01,33,18,7,10,12,2420
4453,2026-06-01,31,18,27,31,45,4276
4480,2026-06-01,28,17,6,20,28,169
4520,2026-06-01,80,22,9,11,12,628
4534,2026-06-01,50,18,3,38,45,360
4562,2026-06-01,18,14,8,3,12,1039
4576,2026-06-01,25,15,5,19,28,880
4613,2026-06-01,3,4,3,3,28,170
4626,2026-06-01,4,6,23,12,45,3085
4654,2026-06-01,8,10,22,15,45,1749
4719,2026-06-01,6,7,40,14,60,4989
4759,2026-06-01,74,22,6,26,28,411
4788,2026-06-01,79,22,27,39,45,12420
4796,2026-06-01,42,18,4,9,12,854
4810,2026-06-01,48,21,29,39,45,2988
4819,2026-06-01,28,16,140,15,60,11820
4858,2026-06-01,3,5,3,4,12,618
4922,2026-06-01,28,16,8,23,28,886
4953,2026-06-01,7,11,36,4,45,1804
4988,2026-06-01,3,5,5,6,45,309
5009,2026-06-01,15,12,6,4,12,828
5023,2026-06-01,24,15,10,10,12,1294
5036,2026-06-01,2,3,8,9,60,375
5046,2026-06-01,15,11,21,34,45,3427
5161,2026-06-01,21,16,8,7,12,1453
5199,2026-06-01,5,7,2,10,28,247
5215,2026-06-01,1,2,3,10,60,346
5217,2026-06-01,26,15,12,6,12,1117
5255,2026-06-01,50,21,30,25,28,5864
5329,2026-06-01,24,14,91,27,60,22195
5367,2026-06-01,34,18,48,32,60,4026
5370,2026-06-01,3,5,20,15,60,385
5398,2026-06-01,18,15,31,9,28,9933
5411,2026-06-01,76,22,66,43,45,4024
5428,2026-06-01,72,22,12,27,28,303
5468,2026-06-01,55,22,7,24,28,2830
5513,2026-06-01,58,20,33,54,60,6843
5535,2026-06-01,2,3,13,11,60,1177
5566,2026-06-01,7,12,2,5,28,396
5589,2026-06-01,69,22,19,26,28,3534
5610,2026-06-01,4,7,19,30,60,914
5614,2026-06-01,3,4,6,2,45,507
5657,2026-06-01,13,14,0,7,12,0
5659,2026-06-01,10,14,11,34,45,557
5678,2026-06-01,0,0,0,3,45,0
5717,2026-06-01,53,20,25,43,45,2326
5747,2026-06-01,1,1,6,1,45,175
5749,2026-06-01,73,20,4,25,28,414
5754,2026-06-01,6,10,2,9,12,258
5786,2026-06-01,64,22,5,26,28,686
5855,2026-06-01,19,16,7,8,12,3091
5985,2026-06-01,60,22,5,11,12,749
6051,2026-06-01,26,16,9,9,12,936
6058,2026-06-01,33,18,9,23,28,1602
6092,2026-06-01,24,16,35,24,45,4421
6096,2026-06-01,56,21,9,26,45,280
6100,2026-06-01,62,21,26,43,45,3623
6117,2026-06-01,1,2,30,15,45,1356
6134,2026-06-01,32,16,4,9,12,394
6149,2026-06-01,12,10,48,11,45,13392
6209,2026-06-01,8,10,8,4,12,799
6250,2026-06-01,6,9,4,4,12,126
6293,2026-06-01,7,11,37,18,45,973
6298,2026-06-01,40,18,11,16,28,3283
6312,2026-06-01,54,20,9,10,12,582
6317,2026-06-01,19,14,3,5,12,855
6330,2026-06-01,5,8,1,4,12,173
6359,2026-06-01,18,12,1,5,12,51
6362,2026-06-01,70,22,4,11,12,1908
6392,2026-06-01,5,6,9,17,60,505
6483,2026-06-01,6,9,6,1,12,365
6487,2026-06-01,42,21,5,9,12,271
6505,2026-06-01,42,19,4,18,28,370
6514,2026-06-01,0,0,1,1,28,129
6515,2026-06-01,0,0,1,2,28,50
6529,2026-06-01,52,22,77,55,60,44292
6545,2026-06-01,35,15,19,37,45,3924
6557,2026-06-01,5,6,23,12,60,8303
6633,2026-06-01,34,21,7,8,12,2501
6653,2026-06-01,46,18,13,42,45,4161
6669,2026-06-01,36,19,6,11,12,551
6670,2026-06-01,25,18,33,46,60,6438
6687,2026-06-01,31,16,2,6,12,319
6693,2026-06-01,4,5,9,32,60,1763
6744,2026-06-01,2,3,7,14,45,1014
6781,2026-06-01,35,19,4,7,28,1828
6786,2026-06-01,3,5,15,12,45,2389
6814,2026-06-01,57,22,9,10,12,1429
6909,2026-06-01,6,6,3,6,28,63
6937,2026-06-01,58,22,9,11,12,1349
6981,2026-06-01,5,8,26,22,60,3462
6997,2026-06-01,32,18,4,5,12,573
7039,2026-06-01,59,22,12,26,28,476
7058,2026-06-01,41,22,49,23,28,11781
7071,2026-06-01,60,21,4,30,45,360
7225,2026-06-01,51,18,31,41,45,4073
7227,2026-06-01,41,19,15,22,28,2064
7280,2026-06-01,9,10,14,21,60,519
7319,2026-06-01,52,20,5,10,12,307
7342,2026-06-01,49,22,15,40,45,7288
7357,2026-06-01,9,10,4,7,28,377
7359,2026-06-01,80,22,2,26,28,692
7407,2026-06-01,7,10,45,34,60,1211
7429,2026-06-01,38,18,201,27,60,15706
7430,2026-06-01,11,13,3,7,12,540
7486,2026-06-01,11,12,5,9,12,577
7497,2026-06-01,59,22,53,27,28,5740
7498,2026-06-01,6,10,14,5,28,1652
7526,2026-06-01,65,20,192,43,45,19963
7609,2026-06-01,50,21,56,39,45,4285
7663,2026-06-01,24,16,21,46,60,393
7710,2026-06-01,8,10,9,11,45,313
7806,2026-06-01,47,21,13,25,28,4432
7979,2026-06-01,34,17,107,48,60,24267
8004,2026-06-01,3,5,17,20,60,496
8013,2026-06-01,24,17,5,40,45,1119
8039,2026-06-01,16,13,2,19,28,433
8085,2026-06-01,50,18,11,27,28,934
8107,2026-06-01,37,18,32,23,28,3446
8179,2026-06-01,30,17,39,19,28,6145
8186,2026-06-01,48,22,43,25,45,1867
8236,2026-06-01,59,21,2,26,28,182
8339,2026-06-01,8,12,25,26,45,1661
8340,2026-06-01,54,21,10,9,12,2754
8359,2026-06-01,2,4,17,20,60,639
8371,2026-06-01,69,21,10,11,12,736
8377,2026-06-01,81,22,7,11,12,429
8392,2026-06-01,60,22,7,11,12,680
8400,2026-06-01,4,7,2,4,12,139
8424,2026-06-01,49,19,2,11,12,371
8642,2026-06-01,20,14,6,21,28,813
8646,2026-06-01,11,12,2,4,12,55
8712,2026-06-01,39,17,4,17,28,453
8727,2026-06-01,5,7,5,4,28,956
8775,2026-06-01,43,18,1,8,12,387
8799,2026-06-01,4,6,5,8,28,337
8844,2026-06-01,40,19,10,23,28,854
8874,2026-06-01,6,8,23,4,28,3847
8895,2026-06-01,60,20,140,46,60,7069
8906,2026-06-01,18,15,4,11,12,275
8924,2026-06-01,70,22,3,24,28,636
8980,2026-06-01,16,16,54,25,45,7185
8982,2026-06-01,12,10,35,23,60,3992
9050,2026-06-01,55,22,10,11,12,3573
9057,2026-06-01,13,13,4,3,12,287
9083,2026-06-01,46,18,5,11,12,716
9104,2026-06-01,11,10,2,16,28,74
9112,2026-06-01,56,21,61,23,28,17134
9122,2026-06-01,54,22,10,11,12,1316
9141,2026-06-01,6,7,2,18,28,77
9157,2026-06-01,36,19,11,23,28,4624
9229,2026-06-01,42,21,47,34,45,1676
9269,2026-06-01,6,9,4,3,12,111
9272,2026-06-01,53,22,2,11,12,137
9313,2026-06-01,17,12,1,9,28,34
9365,2026-06-01,25,17,29,27,45,1687
9399,2026-06-01,17,13,2,8,12,234
9434,2026-06-01,55,21,3,25,28,788
9465,2026-06-01,74,22,11,11,12,1956
9477,2026-06-01,2,2,7,8,60,1352
9505,2026-06-01,17,15,51,25,45,15676
9518,2026-06-01,0,0,4,1,28,83
9557,2026-06-01,2,4,37,36,45,5019
9562,2026-06-01,14,14,26,24,45,561
9565,2026-06-01,23,17,46,12,28,3324
9636,2026-06-01,22,16,16,14,28,464
9694,2026-06-01,22,17,36,23,45,6430
9703,2026-06-01,16,16,18,22,60,424
9720,2026-06-01,5,7,6,8,12,470
9724,2026-06-01,54,21,42,25,28,8811
9768,2026-06-01,39,19,39,18,45,556
9794,2026-06-01,58,22,7,11,12,1319
9803,2026-06-01,2,3,1,5,28,22
9836,2026-06-01,31,19,49,24,45,2256
9855,2026-06-01,68,22,23,39,45,9421
9866,2026-06-01,12,11,7,6,12,181
9913,2026-06-01,41,21,1,25,28,119
9947,2026-06-01,42,18,9,14,28,344
9995,2026-06-01,42,20,40,27,45,2986
10006,2026-06-01,56,22,68,27,45,7971
10160,2026-06-01,17,17,2,3,12,261
10214,2026-06-01,32,17,2,10,12,341
10238,2026-06-01,0,0,4,5,45,81
10246,2026-06-01,39,19,3,9,12,345
10268,2026-06-01,50,22,18,43,45,4619
10289,2026-06-01,25,18,35,27,45,1914
10299,2026-06-01,63,20,114,56,60,5141
10304,2026-06-01,68,20,11,11,12,386
10316,2026-06-01,38,21,52,20,45,13045
10322,2026-06-01,55,21,10,7,12,375
10330,2026-06-01,65,22,190,43,45,13040
10376,2026-06-01,37,18,4,20,28,243
10429,2026-06-01,25,17,64,24,45,9258
10432,2026-06-01,57,21,2,8,12,249
10457,2026-06-01,60,21,4,9,12,235
10490,2026-06-01,37,18,4,11,12,1320
10516,2026-06-01,56,21,7,19,28,2072
10529,2026-06-01,61,22,13,27,28,1973
10539,2026-06-01,4,5,15,11,28,345
10578,2026-06-01,50,20,45,41,45,3456
10591,2026-06-01,68,22,10,11,12,1100
10606,2026-06-01,3,4,7,10,45,340
10704,2026-06-01,2,2,2,0,12,5
10745,2026-06-01,23,13,4,7,12,1319
10771,2026-06-01,33,16,27,17,45,950
10776,2026-06-01,0,0,0,2,12,0
10780,2026-06-01,33,18,5,22,28,655
10808,2026-06-01,41,19,4,6,12,594
10855,2026-06-01,5,6,2,19,28,411
10883,2026-06-01,10,14,47,25,60,3973
10941,2026-06-01,35,17,22,42,45,2846
10973,2026-06-01,4,5,17,5,28,824
10974,2026-06-01,25,15,23,23,45,4004
11021,2026-06-01,49,21,2,9,12,843
11068,2026-06-01,7,8,4,3,28,226
11117,2026-06-01,34,17,176,31,45,40399
11188,2026-06-01,2,3,2,10,28,200
11225,2026-06-01,80,22,5,27,28,1173
11261,2026-06-01,4,6,1,7,28,42
11277,2026-06-01,76,22,101,56,60,3163
11348,2026-06-01,26,18,2,7,12,405
11410,2026-06-01,29,20,9,4,12,1372
11414,2026-06-01,8,9,5,32,45,728
11425,2026-06-01,6,9,4,15,45,316
11457,2026-06-01,80,22,8,27,28,490
11474,2026-06-01,77,21,11,11,12,1138
11478,2026-06-01,40,17,49,19,28,987
11496,2026-06-01,46,19,1,16,28,143
11499,2026-06-01,34,16,3,18,28,102
11527,2026-06-01,13,10,2,19,28,61
11639,2026-06-01,49,20,5,6,12,1293
11650,2026-06-01,56,22,23,38,60,6949
11662,2026-06-01,2,2,0,6,28,0
11789,2026-06-01,18,16,42,53,60,4862
11833,2026-06-01,29,18,4,11,12,762
11861,2026-06-01,28,18,6,11,12,670
11877,2026-06-01,9,13,5,4,12,502
11883,2026-06-01,36,17,53,34,45,1734
11941,2026-06-01,42,19,36,23,28,1235
12008,2026-06-01,51,22,3,11,12,214
12050,2026-06-01,69,21,4,26,28,739
12095,2026-06-01,51,21,42,40,45,7887
12103,2026-06-01,36,19,49,28,45,16227
12136,2026-06-01,53,22,12,11,12,1307
12148,2026-06-01,4,5,1,1,12,60
12176,2026-06-01,65,22,43,43,45,10216
12218,2026-06-01,38,17,10,9,12,1184
12239,2026-06-01,31,20,10,7,12,2771
12244,2026-06-01,51,22,8,26,28,462
12276,2026-06-01,75,21,5,11,12,1287
12321,2026-06-01,27,18,33,32,45,9213
12357,2026-06-01,53,21,47,43,45,5653
12358,2026-06-01,49,21,12,13,28,2573
12375,2026-06-01,24,17,42,40,60,6994
12392,2026-06-01,9,11,2,2,12,246
12436,2026-06-01,5,6,2,14,28,127
12473,2026-06-01,46,20,2,23,28,485
12586,2026-06-01,46,21,2,24,28,304
12587,2026-06-01,33,18,37,15,45,1023
12588,2026-06-01,36,19,9,7,12,710
12590,2026-06-01,37,19,101,51,60,20153
12592,2026-06-01,61,21,9,10,12,514
12602,2026-06-01,22,15,1,4,12,291
12617,2026-06-01,57,22,70,46,60,9773
12673,2026-06-01,22,14,18,10,28,1399
12693,2026-06-01,2,3,0,1,12,0
12720,2026-06-01,2,3,3,2,28,315
12728,2026-06-01,43,21,54,42,45,14360
12734,2026-06-01,32,16,53,21,28,10426
12772,2026-06-01,22,17,2,11,28,198
12819,2026-06-01,74,21,3,25,28,495
12832,2026-06-01,8,10,8,3,12,538
12867,2026-06-01,5,7,6,10,28,913
12923,2026-06-01,26,15,24,14,45,5931
12931,2026-06-01,4,7,4,5,28,82
12951,2026-06-01,13,11,70,47,60,10390
12962,2026-06-01,24,14,33,14,28,1379
12990,2026-06-01,59,22,3,9,12,552
13010,2026-06-01,66,22,80,43,45,18779
13113,2026-06-01,27,16,2,17,28,310
13155,2026-06-01,80,22,2,11,12,223
13213,2026-06-01,11,11,18,18,45,1754
13215,2026-06-01,27,18,9,23,28,1943
13230,2026-06-01,46,21,2,24,28,128
13240,2026-06-01,57,20,42,22,28,3238
13254,2026-06-01,57,22,9,27,28,783
13267,2026-06-01,27,16,146,46,60,30294
13308,2026-06-01,18,12,4,9,12,95
13325,2026-06-01,0,0,0,2,12,0
13412,2026-06-01,6,9,1,6,12,77
13422,2026-06-01,3,4,46,7,60,2141
13468,2026-06-01,55,21,4,22,28,1424
13481,2026-06-01,43,20,9,12,28,1853
13513,2026-06-01,5,7,3,7,28,77
13539,2026-06-01,14,10,21,18,60,1584
13552,2026-06-01,9,10,3,8,28,577
13562,2026-06-01,4,7,1,2,12,22
13575,2026-06-01,39,22,19,28,60,6875
13592,2026-06-01,39,19,88,54,60,14774
13618,2026-06-01,40,19,1,18,28,142
13637,2026-06-01,1,2,3,3,28,545
13647,2026-06-01,48,21,3,24,28,743
13704,2026-06-01,2,3,1,1,12,50
13766,2026-06-01,10,12,6,5,12,168
13806,2026-06-01,12,13,5,15,60,245
13885,2026-06-01,64,19,62,25,28,7367
13892,2026-06-01,41,20,137,24,45,32553
13997,2026-06-01,9,12,2,3,12,84
14004,2026-06-01,55,21,39,26,28,1892
14020,2026-06-01,47,20,3,14,28,247
14225,2026-06-01,45,20,12,10,12,1936
14249,2026-06-01,28,19,2,17,28,847
14270,2026-06-01,22,14,51,16,60,2981
14271,2026-06-01,47,22,8,11,12,2145
14279,2026-06-01,68,22,58,43,45,10226
14289,2026-06-01,42,18,36,34,60,16294
14309,2026-06-01,2,2,1,3,12,89
14312,2026-06-01,0,0,0,4,28,0
14362,2026-06-01,50,20,5,10,12,220
14388,2026-06-01,57,19,6,10,12,1374
14393,2026-06-01,4,7,1,7,12,37
14532,2026-06-01,28,19,43,41,60,8835
14549,2026-06-01,12,11,4,17,45,133
14642,2026-06-01,20,14,1,15,45,74
14674,2026-06-01,21,17,106,43,60,4433
14690,2026-06-01,1,1,57,7,60,464
14706,2026-06-01,66,21,26,25,28,2666
14732,2026-06-01,36,20,6,22,28,848
14743,2026-06-01,51,19,5,23,28,1034
14778,2026-06-01,1,1,1,6,45,37
14803,2026-06-01,64,21,13,9,12,4486
14827,2026-06-01,30,17,5,24,28,1879
14837,2026-06-01,72,22,21,40,45,670
14970,2026-06-01,50,20,2,24,28,725
14977,2026-06-01,2,2,1,3,12,190
15049,2026-06-01,49,19,9,6,12,275
15186,2026-06-01,58,22,3,18,28,983
15189,2026-06-01,66,21,8,11,12,274
15193,2026-06-01,15,10,26,5,28,3024
15195,2026-06-01,1,1,1,4,45,126
15207,2026-06-01,36,18,7,25,28,1008
15256,2026-06-01,1,1,1,0,12,11
15315,2026-06-01,56,19,7,11,12,1393
15368,2026-06-01,39,21,2,7,12,128
15380,2026-06-01,68,22,5,43,45,618
15389,2026-06-01,37,20,5,9,12,799
15412,2026-06-01,12,12,12,15,28,553
15472,2026-06-01,12,11,3,6,28,371
15508,2026-06-01,1,1,1,6,45,43
15612,2026-06-01,17,13,4,1,12,420
15628,2026-06-01,3,3,6,4,45,405
15639,2026-06-01,56,21,10,11,12,519
15642,2026-06-01,3,5,1,16,28,152
15694,2026-06-01,36,19,4,6,12,627
15741,2026-06-01,24,16,4,5,12,405
15774,2026-06-01,12,12,9,35,45,3685
15791,2026-06-01,14,14,1,7,12,253
15858,2026-06-01,50,20,13,10,12,2744
15909,2026-06-01,68,21,89,43,45,11206
15962,2026-06-01,24,15,12,5,12,3400
16009,2026-06-01,61,22,46,43,45,2645
16036,2026-06-01,6,7,9,19,45,1795
16048,2026-06-01,40,20,7,10,12,802
16073,2026-06-01,74,21,66,43,45,22507
16131,2026-06-01,44,19,75,39,45,22901
16241,2026-06-01,13,13,3,6,12,486
16280,2026-06-01,64,22,12,27,28,2857
16284,2026-06-01,3,4,16,13,45,959
16348,2026-06-01,32,18,34,25,28,1276
16353,2026-06-01,60,22,6,10,12,578
16381,2026-06-01,21,13,4,11,12,505
16405,2026-06-01,19,17,81,33,60,17235
16487,2026-06-01,21,18,90,27,60,5792
16664,2026-06-01,50,21,3,20,28,774
16705,2026-06-01,12,11,3,9,12,142
16712,2026-06-01,1,2,9,6,60,306
16769,2026-06-01,10,12,16,8,45,912
16799,2026-06-01,29,17,3,11,12,359
16832,2026-06-01,54,22,3,27,28,351
16883,2026-06-01,65,20,8,11,12,1050
16905,2026-06-01,3,6,4,6,12,177
16933,2026-06-01,49,19,163,43,45,95065
16956,2026-06-01,21,14,45,14,28,10008
16963,2026-06-01,18,14,21,38,45,3298
16996,2026-06-01,4,6,2,15,45,496
17010,2026-06-01,4,7,2,7,12,102
17072,2026-06-01,43,19,45,30,45,2459
17095,2026-06-01,25,16,32,31,60,8783
17147,2026-06-01,23,17,40,8,28,4218
17352,2026-06-01,73,22,8,9,12,846
17368,2026-06-01,29,16,6,17,28,1771
17378,2026-06-01,2,2,40,7,60,2310
17430,2026-06-01,52,21,177,54,60,8991
17432,2026-06-01,7,9,15,21,45,2994
17555,2026-06-01,36,19,39,19,28,3246
17565,2026-06-01,44,21,42,25,45,9102
17606,2026-06-01,36,18,6,16,28,2598
17648,2026-06-01,3,4,2,8,12,157
17710,2026-06-01,49,22,11,24,28,1644
17724,2026-06-01,29,19,1,17,28,289
17745,2026-06-01,49,20,153,57,60,27803
17774,2026-06-01,9,10,78,37,60,10778
17794,2026-06-01,34,18,16,16,28,1333
17800,2026-06-01,52,21,22,43,45,2589
17818,2026-06-01,51,18,11,20,28,885
17819,2026-06-01,37,20,4,12,28,440
17838,2026-06-01,71,22,12,27,28,997
17862,2026-06-01,6,8,8,14,28,981
17920,2026-06-01,5,7,4,4,60,204
17923,2026-06-01,64,22,12,11,12,859
17929,2026-06-01,7,11,7,15,60,1057
17960,2026-06-01,26,17,8,9,12,892
17974,2026-06-01,12,13,8,8,12,745
17993,2026-06-01,53,22,37,45,60,5332
17998,2026-06-01,70,22,11,11,12,1287
18009,2026-06-01,29,17,61,42,45,9726
18013,2026-06-01,20,15,3,4,12,202
18050,2026-06-01,21,15,1,15,28,49
18057,2026-06-01,48,19,7,26,28,4159
18088,2026-06-01,32,16,8,15,28,3103
18104,2026-06-01,8,10,10,5,45,766
18130,2026-06-01,72,21,71,20,45,18693
18148,2026-06-01,56,22,91,35,45,18493
18211,2026-06-01,9,12,3,12,28,370
18219,2026-06-01,55,20,23,43,45,7180
18303,2026-06-01,33,16,10,32,45,436
18307,2026-06-01,36,16,48,22,45,11297
18349,2026-06-01,20,15,3,8,12,225
18516,2026-06-01,14,14,2,7,12,551
18605,2026-06-01,20,16,4,12,45,814
18606,2026-06-01,75,21,8,11,12,654
18662,2026-06-01,56,22,10,10,12,2098
18682,2026-06-01,18,14,33,10,28,5216
18710,2026-06-01,48,21,7,27,28,1083
18720,2026-06-01,57,22,10,39,45,624
18732,2026-06-01,21,13,1,7,12,312
18752,2026-06-01,3,4,11,6,60,826
18783,2026-06-01,3,5,1,7,28,60
18808,2026-06-01,55,21,6,11,12,659
18811,2026-06-01,46,21,2,33,45,733
18861,2026-06-01,29,17,4,6,12,353
18887,2026-06-01,78,22,69,41,60,11588
18901,2026-06-01,43,19,25,24,28,8751
18902,2026-06-01,23,16,35,22,28,11264
18914,2026-06-01,20,14,6,3,12,1021
18943,2026-06-01,1,1,1,1,12,52
18997,2026-06-01,25,15,7,21,28,472
19002,2026-06-01,45,21,69,40,45,6143
19036,2026-06-01,14,15,29,41,60,2137
19073,2026-06-01,66,22,12,40,45,3472
19079,2026-06-01,61,22,44,27,28,6883
19095,2026-06-01,16,14,8,16,28,429
19107,2026-06-01,1,2,1,3,12,103
19198,2026-06-01,4,6,6,10,28,316
19221,2026-06-01,51,20,2,39,45,190
19266,2026-06-01,15,13,4,12,28,223
19444,2026-06-01,21,15,2,23,28,190
19456,2026-06-01,4,5,11,13,45,907
19468,2026-06-01,26,16,7,8,12,1235
19491,2026-06-01,3,4,4,2,12,636
19508,2026-06-01,22,16,5,18,28,381
19560,2026-06-01,41,21,12,8,12,3846
19563,2026-06-01,16,11,3,8,12,783
19676,2026-06-01,20,11,16,42,45,1357
19694,2026-06-01,3,4,1,2,12,95
19729,2026-06-01,18,12,11,17,28,3265
19746,2026-06-01,78,22,20,27,28,5676
19769,2026-06-01,62,21,13,11,12,2835
19777,2026-06-01,47,19,7,10,12,654
19794,2026-06-01,18,15,6,7,28,341
19811,2026-06-01,53,22,5,27,28,363
19926,2026-06-01,1,2,0,5,45,0
19943,2026-06-01,74,22,138,43,45,22437
20071,2026-06-01,49,21,11,11,12,1585
20082,2026-06-01,9,11,64,14,45,7753
20131,2026-06-01,34,18,2,16,28,41
20162,2026-06-01,37,21,38,37,45,3405
20218,2026-06-01,0,0,0,1,12,0
20244,2026-06-01,60,22,60,27,28,6201
20288,2026-06-01,33,19,89,37,45,10026
20296,2026-06-01,71,21,12,10,12,907
20335,2026-06-01,35,18,4,14,28,450
20357,2026-06-01,59,22,66,51,60,12370
20391,2026-06-01,53,20,25,25,28,6328
20402,2026-06-01,44,21,24,25,28,2913
20457,2026-06-01,66,21,4,27,28,162
20480,2026-06-01,41,17,4,25,28,599
20493,2026-06-01,52,21,7,27,28,1339
20516,2026-06-01,76,22,8,27,28,2558
20574,2026-06-01,33,17,2,23,28,261
20595,2026-06-01,51,19,5,7,12,1851
20597,2026-06-01,5,7,2,3,12,78
20677,2026-06-01,32,17,47,37,45,3838
20686,2026-06-01,19,18,65,45,60,4850
20711,2026-06-01,66,22,93,57,60,12688
20797,2026-06-01,5,6,4,4,12,395
20821,2026-06-01,74,22,25,53,60,2204
20940,2026-06-01,56,22,7,11,12,1938
20947,2026-06-01,75,22,4,11,12,1059
20987,2026-06-01,63,22,6,11,12,137
20988,2026-06-01,5,6,2,9,28,75
20992,2026-06-01,22,16,3,8,12,617
21026,2026-06-01,28,17,4,4,12,183
21126,2026-06-01,19,14,3,5,28,100
21146,2026-06-01,57,22,3,11,12,100
21156,2026-06-01,66,22,12,43,45,1237
21170,2026-06-01,8,15,2,9,12,137
21189,2026-06-01,34,18,3,11,12,465
21277,2026-06-01,53,21,12,25,28,2618
21287,2026-06-01,33,15,2,24,28,401
21288,2026-06-01,56,21,13,10,12,1632
21504,2026-06-01,22,16,4,22,28,375
21512,2026-06-01,50,20,2,10,12,526
21526,2026-06-01,16,12,8,11,28,921
21542,2026-06-01,10,10,4,4,12,542
21561,2026-06-01,24,18,4,8,12,1033
21608,2026-06-01,2,4,4,3,12,415
21682,2026-06-01,32,16,51,38,45,3774
21751,2026-06-01,19,13,10,38,45,922
21783,2026-06-01,35,20,5,22,28,548
21823,2026-06-01,66,21,7,11,12,859
22031,2026-06-01,42,21,33,27,28,5373
22041,2026-06-01,75,22,3,26,28,884
22106,2026-06-01,22,17,3,9,28,723
22110,2026-06-01,71,20,4,7,12,259
22139,2026-06-01,21,17,3,5,12,300
22154,2026-06-01,72,22,10,11,12,208
22199,2026-06-01,1,1,0,1,12,0
22215,2026-06-01,8,9,3,4,12,398
22217,2026-06-01,63,20,11,25,28,1200
22290,2026-06-01,51,20,20,42,45,1977
22291,2026-06-01,1,1,0,2,28,0
22293,2026-06-01,58,22,62,39,45,6260
22297,2026-06-01,63,22,12,35,45,842
22340,2026-06-01,59,22,13,25,28,1404
22343,2026-06-01,42,21,10,29,45,2512
22350,2026-06-01,25,18,13,23,60,1207
22372,2026-06-01,9,12,5,4,12,486
22416,2026-06-01,56,20,13,26,28,1526
22447,2026-06-01,52,20,27,38,45,1982
22475,2026-06-01,2,3,4,7,28,415
22485,2026-06-01,61,21,20,26,28,5746
22487,2026-06-01,28,19,2,18,28,382
22492,2026-06-01,1,1,5,2,45,424
22541,2026-06-01,17,14,4,5,12,117
22573,2026-06-01,65,20,12,27,28,1155
22593,2026-06-01,1,2,0,1,12,0
22599,2026-06-01,54,20,3,11,12,154
22603,2026-06-01,51,22,157,55,60,23531
22605,2026-06-01,12,10,3,6,12,540
22662,2026-06-01,67,22,7,40,45,502
22676,2026-06-01,29,17,3,11,28,586
22710,2026-06-01,54,21,2,7,12,491
22756,2026-06-01,21,16,2,6,12,160
22768,2026-06-01,67,22,10,25,28,2278
22825,2026-06-01,33,20,15,54,60,201
22836,2026-06-01,81,22,8,27,28,2816
22914,2026-06-01,9,7,4,10,12,926
22915,2026-06-01,58,20,5,11,12,1024
22949,2026-06-01,15,16,30,43,60,4489
22999,2026-06-01,67,22,58,43,45,6935
23108,2026-06-01,3,6,0,9,28,0
23130,2026-06-01,13,14,22,16,45,586
23169,2026-06-01,25,17,6,5,12,1405
23219,2026-06-01,6,9,2,5,28,84
23338,2026-06-01,5,6,27,14,60,4301
23467,2026-06-01,29,20,21,28,45,630
23469,2026-06-01,67,20,147,56,60,61243
23484,2026-06-01,36,18,11,13,28,733
23490,2026-06-01,54,18,10,9,12,1047
23508,2026-06-01,49,21,3,36,45,177
23512,2026-06-01,25,18,7,11,28,785
23518,2026-06-01,38,20,177,41,60,16103
23538,2026-06-01,4,7,2,3,12,59
23713,2026-06-01,52,19,27,19,45,3185
23757,2026-06-01,79,22,2,10,12,298
23892,2026-06-01,25,14,2,7,12,239
23924,2026-06-01,5,7,29,17,45,1274
23931,2026-06-01,49,21,52,27,28,7012
23959,2026-06-01,29,16,5,11,12,707
24011,2026-06-01,56,22,5,23,28,690
24061,2026-06-01,3,4,1,12,28,242
24087,2026-06-01,10,11,1,25,45,204
24117,2026-06-01,56,22,8,24,28,1576
24180,2026-06-01,19,13,5,6,12,211
24199,2026-06-01,55,21,17,43,45,2377
24222,2026-06-01,0,0,6,4,60,192
24244,2026-06-01,11,11,9,29,45,608
24261,2026-06-01,5,6,32,15,45,482
24298,2026-06-01,14,13,21,12,45,1534
24468,2026-06-01,27,21,34,18,28,4319
24478,2026-06-01,1,1,1,6,45,111
24484,2026-06-01,80,22,3,27,28,754
24530,2026-06-01,62,20,11,11,12,3732
24563,2026-06-01,44,22,6,9,12,1066
24595,2026-06-01,17,14,8,5,12,504
24618,2026-06-01,49,21,71,46,60,7490
24630,2026-06-01,6,7,5,20,28,789
24703,2026-06-01,39,19,3,14,28,159
24712,2026-06-01,43,21,27,43,45,3034
24733,2026-06-01,43,20,12,23,28,2615
24772,2026-06-01,16,15,3,10,12,565
24829,2026-06-01,14,11,7,18,28,588
24838,2026-06-01,8,10,2,4,12,354
24845,2026-06-01,25,18,5,7,12,709
24848,2026-06-01,69,22,11,10,12,5397
24880,2026-06-01,55,21,2,11,12,553
24948,2026-06-01,70,21,13,11,12,1560
24957,2026-06-01,30,16,51,11,28,9788
24976,2026-06-01,6,9,1,5,12,33
25035,2026-06-01,16,12,6,9,12,601
25075,2026-06-01,69,22,153,57,60,41444
25138,2026-06-01,33,20,45,20,28,6759
25145,2026-06-01,34,21,6,11,12,1508
25235,2026-06-01,6,7,1,12,28,85
25247,2026-06-01,52,22,4,11,12,807
25256,2026-06-01,72,22,57,43,45,7605
25274,2026-06-01,16,14,32,47,60,6340
25308,2026-06-01,4,7,43,8,45,3398
25319,2026-06-01,61,22,3,10,12,1437
25328,2026-06-01,3,6,6,8,60,934
25330,2026-06-01,9,11,1,1,12,33
25336,2026-06-01,48,22,5,9,12,718
25380,2026-06-01,35,17,1,23,28,203
25448,2026-06-01,67,22,12,27,28,3979
25560,2026-06-01,35,19,5,26,28,239
25577,2026-06-01,10,9,41,52,60,3294
25586,2026-06-01,1,1,1,5,12,18
25613,2026-06-01,66,21,59,43,45,17782
25666,2026-06-01,37,19,35,42,60,4003
25679,2026-06-01,48,19,68,31,45,19803
25686,2026-06-01,6,8,3,7,12,445
25687,2026-06-01,40,18,4,21,28,849
25694,2026-06-01,7,12,11,17,28,538
25696,2026-06-01,55,22,7,11,12,1344
25759,2026-06-01,1,2,1,3,12,158
25790,2026-06-01,48,19,11,38,45,706
25818,2026-06-01,14,14,30,19,45,5328
25858,2026-06-01,6,9,4,3,12,244
25909,2026-06-01,67,22,5,11,12,2002
25919,2026-06-01,47,20,27,21,28,3932
25920,2026-06-01,57,22,10,11,12,952
25951,2026-06-01,46,20,2,27,28,339
25988,2026-06-01,47,20,4,11,12,231
26035,2026-06-01,12,11,17,14,45,837
26042,2026-06-01,33,18,11,11,12,2404
26147,2026-06-01,40,21,12,25,45,1558
26243,2026-06-01,39,20,4,15,28,406
26260,2026-06-01,1,2,1,1,12,76
26277,2026-06-01,41,18,55,30,45,5268
26312,2026-06-01,2,3,8,2,28,436
26445,2026-06-01,56,21,7,22,28,1115
26507,2026-06-01,31,19,3,7,12,334
26521,2026-06-01,33,21,3,5,12,506
26568,2026-06-01,56,19,149,42,45,34152
26592,2026-06-01,55,20,3,21,28,888
26659,2026-06-01,22,16,6,20,28,1189
26664,2026-06-01,44,19,122,42,45,29581
26685,2026-06-01,55,21,3,6,12,338
26714,2026-06-01,40,20,37,16,28,9621
26734,2026-06-01,1,1,10,2,28,115
26744,2026-06-01,41,20,59,15,45,5141
26817,2026-06-01,22,19,45,9,28,5168
26835,2026-06-01,2,4,28,24,60,3506
26865,2026-06-01,8,9,31,44,60,1906
26878,2026-06-01,3,4,2,1,12,133
26911,2026-06-01,39,22,3,9,12,194
26965,2026-06-01,26,14,111,30,60,8741
27087,2026-06-01,22,17,5,2,12,443
27133,2026-06-01,50,20,12,18,28,543
27248,2026-06-01,64,21,38,40,45,17048
27277,2026-06-01,54,22,2,5,12,170
27292,2026-06-01,6,8,2,10,28,195
27315,2026-06-01,25,15,6,7,12,665
27322,2026-06-01,22,15,30,22,45,8455
27337,2026-06-01,69,22,24,57,60,3635
27373,2026-06-01,1,2,0,1,12,0
27381,2026-06-01,60,21,8,11,12,2869
27387,2026-06-01,56,19,38,55,60,1689
27392,2026-06-01,3,6,1,5,12,46
27422,2026-06-01,2,3,1,4,12,55
27489,2026-06-01,53,22,19,43,45,2289
27545,2026-06-01,69,22,4,11,12,1279
27558,2026-06-01,56,22,9,11,12,710
27588,2026-06-01,46,20,3,26,45,452
27670,2026-06-01,14,13,4,5,12,1176
27689,2026-06-01,64,22,11,24,28,1616
27708,2026-06-01,80,22,98,57,60,23373
27750,2026-06-01,3,5,1,2,12,29
27778,2026-06-01,58,22,23,37,45,264
27791,2026-06-01,15,13,27,28,45,8853
27834,2026-06-01,42,19,46,42,45,3825
27940,2026-06-01,43,21,4,21,28,390
27963,2026-06-01,41,17,2,17,28,455
27998,2026-06-01,52,22,21,42,45,6033
28017,2026-06-01,30,19,8,6,12,774
28082,2026-06-01,57,21,8,13,28,2221
28136,2026-06-01,71,22,8,11,12,1051
28203,2026-06-01,34,18,12,22,28,1607
28234,2026-06-01,42,20,7,36,45,97
28239,2026-06-01,71,22,5,26,28,1256
28276,2026-06-01,17,16,5,24,28,181
28278,2026-06-01,17,12,16,34,45,675
28284,2026-06-01,40,20,56,35,60,16344
28370,2026-06-01,14,14,12,26,45,1405
28382,2026-06-01,69,22,30,26,28,7140
28397,2026-06-01,73,22,68,32,45,18025
28412,2026-06-01,58,21,8,10,12,451
28440,2026-06-01,56,22,4,8,12,489
28453,2026-06-01,10,11,5,9,12,333
28485,2026-06-01,1,1,12,2,60,1148
28508,2026-06-01,59,21,10,10,12,1330
28546,2026-06-01,24,17,25,36,45,4690
28551,2026-06-01,39,19,5,9,12,336
28572,2026-06-01,4,6,2,13,28,254
28585,2026-06-01,51,21,58,53,60,27385
28641,2026-06-01,2,3,3,5,60,302
28689,2026-06-01,30,17,1,16,45,42
28746,2026-06-01,72,21,6,43,45,1863
28826,2026-06-01,2,3,13,6,28,1570
28898,2026-06-01,1,2,1,10,60,29
28899,2026-06-01,41,22,4,27,45,565
28909,2026-06-01,1,2,1,3,12,120
28977,2026-06-01,56,20,8,26,28,1701
28987,2026-06-01,9,8,43,14,28,4350
29000,2026-06-01,63,22,10,11,12,3323
29074,2026-06-01,17,15,51,36,45,2841
29124,2026-06-01,6,9,77,17,60,5727
29141,2026-06-01,35,20,65,46,60,8602
29155,2026-06-01,17,13,23,25,28,8339
29175,2026-06-01,43,18,4,25,28,1986
29218,2026-06-01,35,20,5,24,28,2236
29251,2026-06-01,8,10,31,26,45,1017
29261,2026-06-01,1,1,0,2,28,0
29302,2026-06-01,25,17,124,29,45,22285
29303,2026-06-01,66,22,71,21,28,20924
29327,2026-06-01,49,20,3,9,12,383
29331,2026-06-01,15,13,2,6,12,329
29367,2026-06-01,65,22,19,24,28,1382
29404,2026-06-01,54,22,3,11,12,127
29499,2026-06-01,57,20,35,42,45,2876
29520,2026-06-01,2,3,0,17,28,0
29526,2026-06-01,5,7,4,3,12,219
29546,2026-06-01,73,20,22,43,45,5489
29667,2026-06-01,77,22,98,43,45,46184
29679,2026-06-01,34,17,7,20,28,1444
29688,2026-06-01,75,21,8,11,12,1157
29690,2026-06-01,58,20,8,11,12,759
29721,2026-06-01,45,18,7,11,12,1314
29723,2026-06-01,10,14,2,5,12,1350
29769,2026-06-01,32,19,3,3,28,122
29805,2026-06-01,47,20,4,24,28,734
29832,2026-06-01,31,21,2,27,28,26
29835,2026-06-01,59,21,11,26,28,3913
29841,2026-06-01,40,20,185,51,60,45988
29897,2026-06-01,7,8,1,8,28,29
29918,2026-06-01,11,13,4,6,12,457
29922,2026-06-01,58,21,55,51,60,10455
29926,2026-06-01,46,20,11,32,45,1979
29939,2026-06-01,5,6,4,5,12,204
29955,2026-06-01,1,2,1,2,12,83
29986,2026-06-01,54,22,31,44,60,3713
30070,2026-06-01,5,7,3,8,28,254
30111,2026-06-01,46,19,101,51,60,26378
30229,2026-06-01,53,22,178,50,60,53581
30263,2026-06-01,68,22,2,11,12,757
30318,2026-06-01,31,19,122,25,60,45683
30344,2026-06-01,38,19,4,7,12,1661
30372,2026-06-01,5,6,46,34,60,2011
30382,2026-06-01,4,6,2,8,45,194
30410,2026-06-01,35,20,15,14,28,2420
30484,2026-06-01,74,22,1,26,28,84
30489,2026-06-01,2,3,3,1,12,243
30559,2026-06-01,12,12,5,18,45,738
30593,2026-06-01,23,16,7,4,12,164
30601,2026-06-01,53,22,193,49,60,28007
30607,2026-06-01,11,12,1,7,12,142
30716,2026-06-01,17,11,2,12,28,289
30736,2026-06-01,50,21,53,43,45,12799
30738,2026-06-01,25,16,10,24,28,1915
30795,2026-06-01,62,21,9,11,12,3073
30798,2026-06-01,19,15,37,13,45,5206
30800,2026-06-01,32,17,8,10,12,320
30819,2026-06-01,62,21,111,55,60,24471
30820,2026-06-01,56,20,10,11,12,1464
30839,2026-06-01,44,19,173,37,60,32800
30843,2026-06-01,31,19,2,15,28,248
30866,2026-06-01,7,10,3,2,12,29
30867,2026-06-01,40,18,6,11,12,1038
30905,2026-06-01,52,22,24,27,28,3663
30920,2026-06-01,78,22,6,10,12,878
31005,2026-06-01,13,11,1,5,28,69
31051,2026-06-01,10,14,2,10,12,92
31113,2026-06-01,19,17,7,7,28,638
31125,2026-06-01,8,11,1,20,45,72
31126,2026-06-01,37,17,9,15,28,3130
31158,2026-06-01,8,10,6,6,12,480
31160,2026-06-01,47,20,7,8,12,641
31179,2026-06-01,73,22,9,21,28,843
31201,2026-06-01,10,15,8,16,28,702
31239,2026-06-01,2,3,25,16,60,328
31245,2026-06-01,15,14,34,24,60,13728
31267,2026-06-01,22,18,15,26,45,549
31286,2026-06-01,2,4,33,12,60,2197
31324,2026-06-01,63,22,6,23,28,1465
31331,2026-06-01,47,18,8,11,12,888
31348,2026-06-01,44,17,2,5,12,102
31352,2026-06-01,12,13,1,25,45,75
31359,2026-06-01,16,12,1,6,12,155
31392,2026-06-01,12,14,6,3,12,710
31417,2026-06-01,17,14,5,6,12,435
31459,2026-06-01,52,22,79,35,45,8362
31468,2026-06-01,19,18,4,21,28,1303
31544,2026-06-01,42,22,53,23,45,13926
31551,2026-06-01,66,21,8,27,28,1819
31563,2026-06-01,9,11,2,7,28,399
31595,2026-06-01,50,21,2,10,12,279
31623,2026-06-01,65,21,62,57,60,7323
31626,2026-06-01,46,20,32,17,45,8073
31691,2026-06-01,71,22,8,9,12,510
31701,2026-06-01,37,16,8,11,12,1767
31726,2026-06-01,43,19,4,13,28,711
31730,2026-06-01,52,21,14,10,12,4262
31775,2026-06-01,40,18,19,23,28,3123
31786,2026-06-01,4,5,15,22,60,2909
31811,2026-06-01,62,20,10,11,12,1278
31852,2026-06-01,28,15,30,10,28,9549
31933,2026-06-01,51,22,14,51,60,1211
31969,2026-06-01,5,9,3,6,12,43
31977,2026-06-01,5,6,12,4,28,2654
31983,2026-06-01,39,21,24,36,45,4918
32003,2026-06-01,48,20,52,39,45,22614
32005,2026-06-01,18,11,6,36,45,1655
32019,2026-06-01,31,18,5,14,28,267
32021,2026-06-01,4,5,1,2,12,185
32121,2026-06-01,15,16,37,22,28,1747
32137,2026-06-01,5,8,14,4,60,1403
32171,2026-06-01,76,21,27,26,28,3522
32211,2026-06-01,16,17,8,15,28,233
32258,2026-06-01,2,4,5,13,45,317
32302,2026-06-01,25,19,44,18,60,5733
32392,2026-06-01,46,18,6,10,12,656
32405,2026-06-01,7,10,2,15,28,56
32422,2026-06-01,28,17,41,27,60,4262
32430,2026-06-01,51,20,48,27,28,1272
32453,2026-06-01,52,20,3,10,12,364
32521,2026-06-01,50,20,2,7,12,133
32529,2026-06-01,33,18,5,11,12,536
32531,2026-06-01,56,22,114,35,45,3435
32536,2026-06-01,12,10,4,19,45,313
32544,2026-06-01,5,7,5,20,28,106
32601,2026-06-01,26,18,8,18,28,1137
32617,2026-06-01,0,0,1,1,28,114
32628,2026-06-01,8,14,1,19,28,58
32670,2026-06-01,45,21,17,25,28,3311
32673,2026-06-01,49,21,12,11,12,2790
32775,2026-06-01,47,20,6,25,45,511
32811,2026-06-01,27,15,22,25,45,2945
32896,2026-06-01,76,22,141,52,60,15050
32903,2026-06-01,63,22,18,36,45,6546
32920,2026-06-01,8,10,2,6,12,313
32926,2026-06-01,23,15,2,38,45,360
32935,2026-06-01,57,22,79,26,28,11793
32995,2026-06-01,67,22,15,56,60,3740
33018,2026-06-01,47,18,2,10,12,445
33021,2026-06-01,69,21,6,27,28,72
33032,2026-06-01,1,1,7,3,28,620
33037,2026-06-01,5,9,21,12,28,4080
33086,2026-06-01,17,16,1,4,12,200
33130,2026-06-01,53,20,8,11,12,3633
33137,2026-06-01,2,4,19,16,45,434
33138,2026-06-01,54,22,6,11,12,538
33202,2026-06-01,7,10,20,9,28,1245
33208,2026-06-01,2,3,5,11,60,355
33231,2026-06-01,14,14,1,18,45,79
33280,2026-06-01,1,1,13,3,45,1522
33284,2026-06-01,56,21,3,11,12,1262
33289,2026-06-01,5,9,3,5,12,260
33350,2026-06-01,58,22,3,20,28,776
33351,2026-06-01,55,21,5,16,28,559
33372,2026-06-01,7,9,6,5,45,102
33383,2026-06-01,42,20,47,22,28,14651
33400,2026-06-01,42,19,19,28,45,4066
33450,2026-06-01,61,22,4,27,28,2034
33472,2026-06-01,57,21,89,36,45,36755
33586,2026-06-01,27,15,61,10,60,7912
33626,2026-06-01,45,21,54,36,45,3089
33627,2026-06-01,59,20,5,21,28,2161
33723,2026-06-01,38,18,2,27,28,150
33729,2026-06-01,28,16,12,26,45,719
33774,2026-06-01,13,13,3,5,12,339
33776,2026-06-01,8,12,3,3,12,119
33778,2026-06-01,27,16,5,10,12,1684
33794,2026-06-01,62,22,63,43,45,18833
33796,2026-06-01,55,21,12,31,45,386
33856,2026-06-01,2,3,1,11,28,45
33870,2026-06-01,3,4,19,14,60,3079
33871,2026-06-01,2,3,23,12,60,2099
33919,2026-06-01,19,16,32,35,45,9376
33925,2026-06-01,33,18,3,5,12,14
33928,2026-06-01,70,21,3,27,28,384
33931,2026-06-01,8,10,1,7,45,108
33945,2026-06-01,46,21,29,23,28,10464
33971,2026-06-01,63,22,14,43,45,7270
33975,2026-06-01,55,22,8,27,28,1207
33986,2026-06-01,24,15,111,38,60,21416
33997,2026-06-01,46,22,13,18,28,1715
34001,2026-06-01,12,10,10,5,12,1076
34013,2026-06-01,45,18,121,30,60,30299
34038,2026-06-01,20,15,32,22,45,2852
34048,2026-06-01,30,18,7,6,12,588
34076,2026-06-01,18,13,5,7,12,817
34092,2026-06-01,2,3,1,1,28,65
34201,2026-06-01,15,11,3,14,28,222
34261,2026-06-01,48,21,5,20,28,557
34265,2026-06-01,56,22,3,27,28,294
34268,2026-06-01,11,10,1,14,28,162
34291,2026-06-01,2,4,1,11,28,48
34441,2026-06-01,2,3,9,3,28,859
34482,2026-06-01,18,17,4,37,45,538
34499,2026-06-01,52,22,18,43,45,6235
34505,2026-06-01,5,10,75,10,60,10104
34534,2026-06-01,46,21,4,11,12,947
34559,2026-06-01,59,22,71,24,28,8114
34615,2026-06-01,8,10,55,12,45,5730
34721,2026-06-01,74,21,41,26,28,4675
34735,2026-06-01,56,22,54,43,45,6248
34744,2026-06-01,4,5,1,10,28,40
34781,2026-06-01,45,20,3,16,28,759
34795,2026-06-01,45,20,14,8,12,1097
34863,2026-06-01,43,20,4,39,45,1667
34879,2026-06-01,5,8,1,15,45,74
34889,2026-06-01,59,20,6,9,12,1244
34955,2026-06-01,31,19,45,31,45,946
34969,2026-06-01,2,2,1,2,28,100
34988,2026-06-01,64,22,9,11,12,1531
35003,2026-06-01,49,20,34,41,45,7029
35042,2026-06-01,38,19,10,10,12,1579
35046,2026-06-01,8,10,2,3,12,193
35057,2026-06-01,65,22,13,25,28,322
35071,2026-06-01,56,20,47,24,28,13311
35096,2026-06-01,3,4,1,16,28,57
35118,2026-06-01,4,5,2,5,12,47
35136,2026-06-01,63,21,3,11,12,35
35266,2026-06-01,22,14,4,8,12,1385
35270,2026-06-01,58,22,132,55,60,24733
35343,2026-06-01,44,18,7,14,28,984
35346,2026-06-01,18,13,3,7,12,361
35381,2026-06-01,6,8,1,8,45,192
35411,2026-06-01,16,14,1,8,12,37
35412,2026-06-01,19,14,32,30,60,6106
35439,2026-06-01,26,16,4,11,28,571
35528,2026-06-01,46,18,2,10,12,316
35550,2026-06-01,56,22,3,11,12,175
35710,2026-06-01,44,21,4,25,28,1194
35732,2026-06-01,65,22,3,11,28,63
35763,2026-06-01,50,21,154,41,45,11145
35815,2026-06-01,37,18,2,5,12,125
35860,2026-06-01,12,12,1,20,28,198
35912,2026-06-01,59,19,9,8,12,2368
35927,2026-06-01,15,14,6,6,12,368
35933,2026-06-01,9,10,76,8,60,15619
36017,2026-06-01,2,4,22,8,28,1531
36021,2026-06-01,41,21,3,9,12,806
36072,2026-06-01,12,13,1,5,12,115
36076,2026-06-01,6,7,6,20,28,1418
36077,2026-06-01,4,6,3,15,28,198
36081,2026-06-01,8,10,4,6,28,374
36117,2026-06-01,66,21,30,43,45,4482
36158,2026-06-01,57,22,2,11,12,149
36173,2026-06-01,75,22,2,11,12,185
36196,2026-06-01,55,22,55,54,60,3288
36197,2026-06-01,45,21,9,22,28,3445
36206,2026-06-01,5,8,3,5,12,183
36240,2026-06-01,27,20,5,4,12,758
36351,2026-06-01,55,22,6,9,12,2762
36413,2026-06-01,25,15,66,34,60,30510
36587,2026-06-01,4,6,2,10,28,133
36599,2026-06-01,19,14,10,18,28,291
36602,2026-06-01,31,17,72,42,60,6229
36773,2026-06-01,20,14,6,22,28,688
36783,2026-06-01,63,22,11,11,12,3038
36791,2026-06-01,76,22,6,26,28,595
36815,2026-06-01,67,21,15,33,45,539
36833,2026-06-01,26,16,29,26,45,1224
36886,2026-06-01,56,21,5,11,12,246
36906,2026-06-01,53,19,4,6,12,1989
36920,2026-06-01,73,20,6,26,28,898
36980,2026-06-01,51,21,35,19,28,7640
36984,2026-06-01,3,5,10,14,45,868
36995,2026-06-01,67,22,157,55,60,15990
37105,2026-06-01,33,21,7,11,12,2857
37109,2026-06-01,13,14,39,36,45,2660
37116,2026-06-01,44,21,160,57,60,36051
37134,2026-06-01,56,22,13,11,12,2004
37179,2026-06-01,16,13,7,6,12,1159
37285,2026-06-01,9,11,30,17,45,4809
37335,2026-06-01,53,22,9,11,12,1739
37398,2026-06-01,26,17,7,24,28,521
37419,2026-06-01,7,10,2,31,45,85
37424,2026-06-01,17,14,51,25,60,8200
37460,2026-06-01,17,16,119,46,60,7564
37476,2026-06-01,23,14,3,17,28,465
37487,2026-06-01,37,19,112,35,45,25369
37500,2026-06-01,11,10,5,20,28,89
37545,2026-06-01,49,22,3,18,28,330
37563,2026-06-01,41,16,65,42,45,19307
37605,2026-06-01,44,19,60,27,28,11606
37672,2026-06-01,9,10,46,17,28,5033
37747,2026-06-01,27,19,2,24,28,115
37748,2026-06-01,5,7,3,6,28,222
37767,2026-06-01,27,16,17,24,28,4194
37940,2026-06-01,75,21,11,27,28,4727
37982,2026-06-01,7,10,4,15,60,193
38022,2026-06-01,70,22,13,11,12,670
38086,2026-06-01,47,21,65,37,45,30420
38095,2026-06-01,60,22,5,27,28,1009
38111,2026-06-01,74,21,4,11,12,341
38189,2026-06-01,19,13,3,16,28,191
38197,2026-06-01,59,22,9,26,28,1012
38198,2026-06-01,74,22,3,10,12,618
38211,2026-06-01,29,15,11,10,12,1671
38227,2026-06-01,9,13,3,15,28,400
38252,2026-06-01,4,6,4,9,45,534
38268,2026-06-01,43,20,5,5,12,782
38270,2026-06-01,3,5,5,11,45,576
38306,2026-06-01,65,22,11,10,12,2519
38326,2026-06-01,14,15,1,8,12,120
38367,2026-06-01,4,7,18,5,28,197
38373,2026-06-01,7,11,3,5,28,358
38423,2026-06-01,57,21,13,25,28,2087
38452,2026-06-01,44,19,3,38,45,776
38480,2026-06-01,6,8,1,3,12,119
38485,2026-06-01,2,3,6,1,28,232
38612,2026-06-01,21,15,12,21,45,968
38661,2026-06-01,33,17,7,34,45,2051
38664,2026-06-01,3,4,3,5,28,322
38677,2026-06-01,11,12,2,12,28,341
38700,2026-06-01,47,20,3,10,12,532
38728,2026-06-01,2,3,1,3,12,65
38766,2026-06-01,39,18,71,39,45,4407
38770,2026-06-01,80,22,189,57,60,18993
38775,2026-06-01,22,16,4,9,12,497
38812,2026-06-01,10,13,3,1,12,294
38823,2026-06-01,37,18,26,23,28,3039
38848,2026-06-01,61,20,90,34,60,9647
38868,2026-06-01,38,17,85,54,60,4350
38906,2026-06-01,21,14,39,35,60,3490
38939,2026-06-01,28,19,59,38,45,1177
39017,2026-06-01,12,13,2,6,12,94
39037,2026-06-01,53,22,3,18,28,87
39040,2026-06-01,18,15,13,44,60,1624
39062,2026-06-01,2,3,2,7,28,73
39135,2026-06-01,33,15,13,39,45,5220
39190,2026-06-01,12,9,7,26,45,928
39196,2026-06-01,16,14,2,9,12,320
39248,2026-06-01,39,19,66,26,28,15121
39346,2026-06-01,14,12,13,32,45,2182
39375,2026-06-01,10,9,34,16,28,798
39416,2026-06-01,18,15,42,37,60,4788
39454,2026-06-01,27,17,123,24,60,13480
39486,2026-06-01,33,20,4,9,12,567
39515,2026-06-01,25,19,3,7,12,473
39535,2026-06-01,68,22,2,24,28,392
39541,2026-06-01,1,1,1,3,45,188
39592,2026-06-01,27,14,25,34,60,1798
39666,2026-06-01,46,17,2,24,28,410
39685,2026-06-01,1,1,4,4,60,154
39715,2026-06-01,56,21,86,49,60,11085
39739,2026-06-01,45,20,12,9,12,1094
39810,2026-06-01,49,22,194,50,60,59250
39869,2026-06-01,15,14,5,3,12,940
39896,2026-06-01,19,15,4,13,28,1015
39899,2026-06-01,4,5,2,7,12,49
39965,2026-06-01,53,22,58,40,45,22296
39980,2026-06-01,65,20,69,57,60,18212
40017,2026-06-01,11,13,28,14,45,4886
40026,2026-06-01,75,21,30,43,45,3248
40093,2026-06-01,48,21,2,24,28,174
40154,2026-06-01,2,3,14,11,60,700
40163,2026-06-01,16,16,7,36,60,654
40166,2026-06-01,50,21,2,42,45,667
40219,2026-06-01,55,22,4,21,28,953
40270,2026-06-01,25,15,5,10,28,1003
40330,2026-06-01,26,18,6,11,28,207
40485,2026-06-01,54,22,9,11,12,951
40544,2026-06-01,7,11,13,7,60,487
40555,2026-06-01,54,20,63,24,28,43910
40595,2026-06-01,45,21,28,18,28,2424
40659,2026-06-01,49,22,3,10,12,260
40736,2026-06-01,34,19,27,42,60,731
40757,2026-06-01,48,21,9,43,45,5443
40776,2026-06-01,68,21,2,11,12,208
40809,2026-06-01,4,7,20,2,60,1803
40826,2026-06-01,55,21,11,26,28,1267
40843,2026-06-01,35,19,3,6,12,222
40849,2026-06-01,20,16,9,4,12,702
40857,2026-06-01,12,12,2,5,12,199
40882,2026-06-01,53,20,2,9,12,435
40892,2026-06-01,44,20,27,30,45,11552
40936,2026-06-01,59,22,4,27,28,853
41021,2026-06-01,33,18,7,10,12,905
41075,2026-06-01,17,14,0,32,45,0
41106,2026-06-01,11,13,20,22,45,2068
41112,2026-06-01,36,22,5,35,45,509
41124,2026-06-01,50,18,4,42,45,718
41128,2026-06-01,65,22,25,26,28,5643
41165,2026-06-01,23,13,23,54,60,959
41168,2026-06-01,42,21,5,26,28,826
41180,2026-06-01,53,22,10,9,12,53
41209,2026-06-01,28,19,17,38,45,1099
41212,2026-06-01,58,22,5,39,45,1859
41280,2026-06-01,7,7,5,5,12,1071
41289,2026-06-01,48,20,6,6,12,1275
41296,2026-06-01,6,10,1,3,12,94
41324,2026-06-01,6,11,3,7,28,382
41404,2026-06-01,35,19,1,6,12,115
41475,2026-06-01,3,5,15,6,28,1112
41508,2026-06-01,17,14,4,8,12,460
41531,2026-06-01,30,18,45,47,60,1890
41542,2026-06-01,3,4,10,2,45,327
41554,2026-06-01,55,21,10,22,28,3364
41601,2026-06-01,7,10,1,1,12,17
41660,2026-06-01,12,13,4,18,28,167
41686,2026-06-01,55,20,4,10,12,1777
41704,2026-06-01,41,20,1,25,28,74
41709,2026-06-01,4,6,29,5,45,1804
41717,2026-06-01,5,7,1,3,12,70
41724,2026-06-01,24,17,6,10,12,1044
41740,2026-06-01,8,11,5,10,12,870
41776,2026-06-01,30,17,2,14,28,351
41834,2026-06-01,6,9,5,3,12,445
41845,2026-06-01,48,21,28,52,60,677
41853,2026-06-01,17,11,124,28,60,8851
41859,2026-06-01,38,20,9,23,28,2019
41868,2026-06-01,39,19,13,9,12,1787
41869,2026-06-01,9,12,22,15,28,3033
41876,2026-06-01,50,22,83,54,60,25270
41888,2026-06-01,67,22,67,25,28,33221
41897,2026-06-01,8,10,12,25,45,434
41946,2026-06-01,48,22,5,11,12,815
41955,2026-06-01,44,21,4,26,28,718
41956,2026-06-01,62,22,12,11,12,4284
41961,2026-06-01,74,22,9,26,28,1378
41970,2026-06-01,22,14,9,17,45,1200
41985,2026-06-01,4,7,1,2,12,56
42017,2026-06-01,7,10,2,8,28,122
42058,2026-06-01,40,21,9,15,28,1090
42060,2026-06-01,4,5,29,13,45,4895
42105,2026-06-01,11,11,10,8,12,166
42111,2026-06-01,4,5,1,5,28,176
42170,2026-06-01,57,22,9,11,12,606
42176,2026-06-01,25,20,7,5,12,1896
42196,2026-06-01,11,13,1,2,12,29
42253,2026-06-01,2,3,2,1,12,185
42264,2026-06-01,52,22,8,43,45,1716
42269,2026-06-01,40,19,4,37,45,1780
42342,2026-06-01,4,7,4,24,28,112
42382,2026-06-01,7,10,34,15,45,8213
42398,2026-06-01,12,13,93,11,60,8896
42428,2026-06-01,41,19,4,16,28,1584
42446,2026-06-01,11,14,1,6,12,50
42484,2026-06-01,7,7,2,5,12,120
42536,2026-06-01,45,22,7,10,12,878
42560,2026-06-01,10,10,97,12,60,34111
42606,2026-06-01,27,15,1,8,12,303
42620,2026-06-01,53,20,9,10,12,3139
42635,2026-06-01,15,11,2,7,12,233
42704,2026-06-01,9,11,11,15,28,393
42719,2026-06-01,75,21,68,57,60,4359
42762,2026-06-01,74,22,14,11,12,3613
42805,2026-06-01,46,20,3,25,28,75
42832,2026-06-01,43,20,37,41,45,1891
42868,2026-06-01,54,22,1,20,28,92
42887,2026-06-01,66,22,13,27,28,371
42914,2026-06-01,10,13,6,16,28,1114
42955,2026-06-01,39,21,7,17,28,288
42960,2026-06-01,27,18,6,7,12,619
42962,2026-06-01,3,4,1,3,12,53
43041,2026-06-01,33,17,109,38,60,8156
43162,2026-06-01,19,15,3,8,12,962
43165,2026-06-01,11,10,35,11,28,2478
43194,2026-06-01,14,14,2,14,28,130
43202,2026-06-01,57,20,18,37,45,7742
43203,2026-06-01,1,1,1,1,12,43
43248,2026-06-01,58,21,12,11,12,2356
43251,2026-06-01,46,21,6,22,28,184
43280,2026-06-01,3,4,3,1,28,239
43331,2026-06-01,2,3,13,9,28,2417
43358,2026-06-01,25,18,39,33,45,7461
43428,2026-06-01,7,8,2,10,28,78
43444,2026-06-01,9,10,6,13,28,347
43477,2026-06-01,48,20,18,17,28,6091
43533,2026-06-01,34,17,35,19,28,8043
43540,2026-06-01,44,21,3,6,12,860
43556,2026-06-01,8,9,3,7,12,203
43624,2026-06-01,38,22,4,11,12,684
43645,2026-06-01,7,9,1,1,12,15
43663,2026-06-01,48,22,70,19,28,8329
43665,2026-06-01,36,19,3,18,28,130
43687,2026-06-01,11,13,5,4,12,122
43702,2026-06-01,18,13,5,9,12,623
43777,2026-06-01,1,1,12,2,45,1461
43819,2026-06-01,34,18,2,32,45,207
43871,2026-06-01,32,18,40,50,60,2773
43882,2026-06-01,30,16,5,3,12,505
44058,2026-06-01,9,10,6,6,12,1159
44132,2026-06-01,2,3,3,1,12,188
44154,2026-06-01,58,21,12,27,28,6517
44211,2026-06-01,25,16,4,24,28,1181
44225,2026-06-01,26,14,31,31,45,3655
44258,2026-06-01,40,20,7,19,45,3125
44356,2026-06-01,8,10,5,11,28,731
44365,2026-06-01,38,17,11,12,28,1120
44430,2026-06-01,35,20,48,21,28,4190
44453,2026-06-01,34,18,3,23,45,696
44458,2026-06-01,25,16,20,35,60,2455
44474,2026-06-01,27,15,7,11,28,565
44476,2026-06-01,72,22,8,24,28,960
44484,2026-06-01,8,13,1,5,28,30
44491,2026-06-01,25,16,18,25,60,1256
44541,2026-06-01,63,21,6,11,12,1120
44570,2026-06-01,5,7,18,1,60,506
44577,2026-06-01,9,10,1,10,12,254
44580,2026-06-01,23,13,15,40,60,456
44611,2026-06-01,27,18,5,8,12,1298
44620,2026-06-01,68,22,51,27,28,10825
44643,2026-06-01,61,22,10,11,12,370
44670,2026-06-01,24,16,48,9,60,7698
44692,2026-06-01,50,22,60,21,45,9149
44722,2026-06-01,58,22,14,40,45,4363
44799,2026-06-01,36,20,10,20,28,1548
44851,2026-06-01,48,22,2,11,12,425
44979,2026-06-01,7,10,5,7,12,441
45066,2026-06-01,46,19,5,10,12,1421
45081,2026-06-01,20,16,2,8,12,682
45151,2026-06-01,31,18,1,17,28,69
45220,2026-06-01,44,20,2,11,12,600
45231,2026-06-01,55,20,48,30,45,8972
45232,2026-06-01,51,21,9,36,45,2707
45236,2026-06-01,0,0,0,3,12,0
45290,2026-06-01,7,9,3,14,28,736
45332,2026-06-01,17,12,3,9,12,54
45344,2026-06-01,36,21,54,24,28,29725
45395,2026-06-01,33,17,10,8,12,1646
45424,2026-06-01,30,18,3,15,28,1468
45451,2026-06-01,32,19,35,20,28,5528
45507,2026-06-01,46,22,3,21,28,1138
45509,2026-06-01,37,19,96,32,60,14793
45541,2026-06-01,52,20,51,18,45,7699
45547,2026-06-01,34,18,3,14,28,988
45556,2026-06-01,58,21,6,43,45,2525
45588,2026-06-01,52,21,7,10,12,1477
45606,2026-06-01,20,16,20,17,45,3739
45607,2026-06-01,1,2,13,4,45,976
45608,2026-06-01,4,8,1,2,12,125
45638,2026-06-01,77,22,42,42,45,16886
45702,2026-06-01,25,16,3,4,12,321
45708,2026-06-01,10,11,6,5,12,71
45757,2026-06-01,53,20,10,38,45,2293
45827,2026-06-01,61,22,14,24,28,2134
45831,2026-06-01,39,20,4,9,12,943
45909,2026-06-01,28,18,23,13,28,5255
45983,2026-06-01,35,16,85,42,60,8141
46011,2026-06-01,20,14,85,32,60,10265
46059,2026-06-01,21,13,3,8,28,515
46063,2026-06-01,76,22,53,57,60,3733
46074,2026-06-01,44,20,51,57,60,14363
46088,2026-06-01,45,19,9,21,28,2860
46114,2026-06-01,14,14,3,10,28,361
46158,2026-06-01,48,21,37,20,28,862
46214,2026-06-01,0,0,0,1,12,0
46227,2026-06-01,0,0,1,2,12,100
46302,2026-06-01,72,20,26,42,45,1447
46382,2026-06-01,72,22,10,27,28,318
46452,2026-06-01,42,20,31,21,28,2052
46487,2026-06-01,40,17,8,11,12,2437
46503,2026-06-01,16,15,47,43,60,9632
46607,2026-06-01,80,22,11,11,12,1202
46659,2026-06-01,56,21,5,11,12,237
46708,2026-06-01,50,22,7,25,28,355
46731,2026-06-01,8,13,3,8,28,488
46734,2026-06-01,6,8,8,16,45,1204
46740,2026-06-01,38,19,41,13,45,5928
46772,2026-06-01,76,22,43,43,45,2397
46791,2026-06-01,4,7,1,7,28,75
46829,2026-06-01,74,22,157,43,45,7423
46847,2026-06-01,71,21,65,50,60,5411
46887,2026-06-01,1,2,1,9,28,68
46898,2026-06-01,62,20,12,11,12,3777
46903,2026-06-01,59,21,12,33,45,1449
46968,2026-06-01,50,21,11,27,28,760
47029,2026-06-01,25,16,9,8,12,920
47036,2026-06-01,53,19,12,7,12,1784
47046,2026-06-01,39,21,64,23,28,3441
47074,2026-06-01,5,8,81,4,45,6803
47100,2026-06-01,68,22,42,9,28,5420
47208,2026-06-01,28,19,2,8,12,235
47280,2026-06-01,6,7,2,2,28,111
47297,2026-06-01,0,0,7,1,60,91
47391,2026-06-01,20,14,5,9,12,324
47413,2026-06-01,68,22,4,10,12,762
47460,2026-06-01,42,20,9,21,28,1989
47514,2026-06-01,13,12,1,6,28,212
47517,2026-06-01,59,22,37,25,28,2672
47522,2026-06-01,8,10,3,3,12,189
47527,2026-06-01,32,19,7,6,28,1134
47666,2026-06-01,31,16,5,8,12,102
47675,2026-06-01,41,20,37,27,45,8374
47676,2026-06-01,24,12,24,13,28,5496
47771,2026-06-01,56,21,5,25,28,451
47832,2026-06-01,4,6,26,3,28,3829
47858,2026-06-01,47,20,162,36,60,68594
47863,2026-06-01,22,14,3,6,12,157
47872,2026-06-01,45,18,11,21,45,573
47874,2026-06-01,21,17,96,24,45,2248
47879,2026-06-01,0,0,12,10,45,122
47889,2026-06-01,63,22,129,55,60,12239
47913,2026-06-01,53,20,11,9,12,405
47922,2026-06-01,45,21,5,11,12,1569
47989,2026-06-01,5,7,3,14,28,16
48026,2026-06-01,3,4,39,11,45,7927
48050,2026-06-01,51,21,2,11,12,582
48107,2026-06-01,67,22,69,37,45,14615
48123,2026-06-01,18,16,7,8,12,2183
48159,2026-06-01,75,21,8,20,28,290
48223,2026-06-01,21,16,5,35,45,278
48299,2026-06-01,2,4,2,2,12,118
48337,2026-06-01,13,12,3,2,12,337
48355,2026-06-01,78,22,8,27,28,691
48384,2026-06-01,51,21,126,42,45,14829
48427,2026-06-01,16,16,5,9,12,157
48428,2026-06-01,3,6,1,21,28,186
48442,2026-06-01,20,15,3,21,45,169
48538,2026-06-01,53,22,3,11,12,150
48567,2026-06-01,12,12,3,6,12,1033
48591,2026-06-01,6,11,0,4,12,0
48593,2026-06-01,30,17,109,32,60,9979
48639,2026-06-01,49,22,6,20,28,1383
48644,2026-06-01,65,22,11,11,12,832
48808,2026-06-01,61,22,59,38,45,25071
48925,2026-06-01,2,3,7,2,28,542
48989,2026-06-01,59,19,11,11,12,1254
49009,2026-06-01,48,20,12,24,28,1420
49068,2026-06-01,50,18,6,9,12,265
49099,2026-06-01,64,22,23,27,28,2437
49104,2026-06-01,57,21,7,11,12,2017
49130,2026-06-01,34,18,5,19,28,281
49144,2026-06-01,19,14,4,14,28,393
49168,2026-06-01,46,21,41,27,28,8147
49176,2026-06-01,40,20,8,10,12,1991
49214,2026-06-01,3,4,2,4,12,170
49249,2026-06-01,76,22,69,29,45,15837
49313,2026-06-01,56,21,3,27,28,341
49323,2026-06-01,4,6,19,11,28,1173
49353,2026-06-01,60,21,44,27,28,5277
49358,2026-06-01,28,19,130,20,60,25093
49454,2026-06-01,24,19,6,2,12,447
49489,2026-06-01,28,16,7,4,12,557
49517,2026-06-01,3,4,20,9,45,796
49598,2026-06-01,4,6,40,8,60,1526
49606,2026-06-01,23,16,2,3,12,417
49617,2026-06-01,30,18,15,19,28,1164
49639,2026-06-01,58,22,35,43,45,13497
49642,2026-06-01,52,21,6,10,12,1114
49707,2026-06-01,75,21,76,43,45,6280
49714,2026-06-01,47,22,2,21,28,402
49720,2026-06-01,39,22,10,10,12,404
49783,2026-06-01,69,21,8,11,12,1108
49791,2026-06-01,0,0,11,2,60,1584
49794,2026-06-01,63,21,33,23,28,3420
49808,2026-06-01,71,22,3,11,12,84
49872,2026-06-01,4,6,3,13,28,201
49884,2026-06-01,59,22,95,43,45,21934
49913,2026-06-01,52,18,5,14,28,266
49931,2026-06-01,74,22,165,57,60,13003
49980,2026-06-01,24,13,19,36,60,825
